{"gap": {"type": "relative", "arguments": {"name": "GAP -296091488377847865", "modelCrop": "WC", "rate": 250.0, "apply_every_n_years": 1, "number_of_applications": 2, "interval": 14, "model_specific_data": {}, "bbch": 31, "season": 0}}, "compound": {"molarMass": 300.0, "water_solubility": 0.022385330136437728, "vapor_pressure": 5.058411121888763e-06, "reference_temperature": 20.0, "koc": 2244.3351641498266, "freundlich": 0.9770704980928255, "dt50": {"system": 6.0, "soil": 204.31206630134682, "surfaceWater": 6.0, "sediment": 6.0}, "plant_uptake": 0.0, "name": "Compound 6469504693657808083", "model_specific_data": {}, "metabolites": [{"formation_fraction": 0.2, "metabolite": {"molarMass": 300.0, "water_solubility": 0.005276505954417699, "vapor_pressure": 1.5945783014612847e-08, "reference_temperature": 20.0, "koc": 86.73981914733092, "freundlich": 1.171618972546922, "dt50": {"system": 6.0, "soil": 159.5155319966208, "surfaceWater": 6.0, "sediment": 6.0}, "plant_uptake": 0.5, "name": "Compound 6619562121252565407", "model_specific_data": {}, "metabolites": []}}]}}