{"gap": {"type": "relative", "arguments": {"name": "GAP -296091488377847865", "modelCrop": "WC", "rate": 250.0, "apply_every_n_years": 1, "number_of_applications": 2, "interval": 14, "model_specific_data": {}, "bbch": 31, "season": 0}}, "compound": {"molarMass": 300.0, "water_solubility": 0.14673337520628912, "vapor_pressure": 0.007695117207732321, "reference_temperature": 20.0, "koc": 1228.2481401868115, "freundlich": 1.1559906753868283, "dt50": {"system": 6.0, "soil": 160.46331780168026, "surfaceWater": 6.0, "sediment": 6.0}, "plant_uptake": 0.0, "name": "Compound 1703948503074580122", "model_specific_data": {}, "metabolites": [{"formation_fraction": 0.2, "metabolite": {"molarMass": 300.0, "water_solubility": 0.002893494220317897, "vapor_pressure": 5.2055122112509126e-05, "reference_temperature": 20.0, "koc": 117.65313835942726, "freundlich": 1.153968876553249, "dt50": {"system": 6.0, "soil": 3.4201075698003023, "surfaceWater": 6.0, "sediment": 6.0}, "plant_uptake": 0.5, "name": "Compound 7675811448150572879", "model_specific_data": {}, "metabolites": []}}]}}