{"gap": {"type": "relative", "arguments": {"name": "GAP -296091488377847865", "modelCrop": "WC", "rate": 250.0, "apply_every_n_years": 1, "number_of_applications": 2, "interval": 14, "model_specific_data": {}, "bbch": 31, "season": 0}}, "compound": {"molarMass": 300.0, "water_solubility": 21.26849057796495, "vapor_pressure": 9.198600871779635e-05, "reference_temperature": 20.0, "koc": 4149.164123572701, "freundlich": 0.8078917347447011, "dt50": {"system": 6.0, "soil": 177.41298275540316, "surfaceWater": 6.0, "sediment": 6.0}, "plant_uptake": 0.0, "name": "Compound 3472581293575453288", "model_specific_data": {}, "metabolites": [{"formation_fraction": 0.2, "metabolite": {"molarMass": 300.0, "water_solubility": 0.11363734735872899, "vapor_pressure": 0.00016861331979025942, "reference_temperature": 20.0, "koc": 48.196661345335315, "freundlich": 0.9679015779297043, "dt50": {"system": 6.0, "soil": 48.88134174025967, "surfaceWater": 6.0, "sediment": 6.0}, "plant_uptake": 0.5, "name": "Compound 5523653221265477743", "model_specific_data": {}, "metabolites": []}}]}}