{"gap": {"type": "relative", "arguments": {"name": "GAP -296091488377847865", "modelCrop": "WC", "rate": 250.0, "apply_every_n_years": 1, "number_of_applications": 2, "interval": 14, "model_specific_data": {}, "bbch": 31, "season": 0}}, "compound": {"molarMass": 300.0, "water_solubility": 0.004792417288102091, "vapor_pressure": 1.7225919679899784e-07, "reference_temperature": 20.0, "koc": 143.00402451210905, "freundlich": 0.8746306543500295, "dt50": {"system": 6.0, "soil": 90.08071539005549, "surfaceWater": 6.0, "sediment": 6.0}, "plant_uptake": 0.0, "name": "Compound 2505558116073481441", "model_specific_data": {}, "metabolites": [{"formation_fraction": 0.2, "metabolite": {"molarMass": 300.0, "water_solubility": 0.001900751152230215, "vapor_pressure": 4.823614796979469e-06, "reference_temperature": 20.0, "koc": 282.9622869465556, "freundlich": 0.7828309922483355, "dt50": {"system": 6.0, "soil": 95.96126953783812, "surfaceWater": 6.0, "sediment": 6.0}, "plant_uptake": 0.5, "name": "Compound 4332723939960507195", "model_specific_data": {}, "metabolites": []}}]}}