{"gap": {"type": "relative", "arguments": {"name": "GAP -296091488377847865", "modelCrop": "WC", "rate": 250.0, "apply_every_n_years": 1, "number_of_applications": 2, "interval": 14, "model_specific_data": {}, "bbch": 31, "season": 0}}, "compound": {"molarMass": 300.0, "water_solubility": 0.0035702420123806694, "vapor_pressure": 2.7196278916355524e-06, "reference_temperature": 20.0, "koc": 407.6747843987298, "freundlich": 1.0206851248409148, "dt50": {"system": 6.0, "soil": 277.51172158109927, "surfaceWater": 6.0, "sediment": 6.0}, "plant_uptake": 0.0, "name": "Compound -303734856378707780", "model_specific_data": {}, "metabolites": [{"formation_fraction": 0.2, "metabolite": {"molarMass": 300.0, "water_solubility": 0.011188408643146845, "vapor_pressure": 3.5288312988155874e-07, "reference_temperature": 20.0, "koc": 135.3915478754965, "freundlich": 0.9040161120099162, "dt50": {"system": 6.0, "soil": 246.67291399840187, "surfaceWater": 6.0, "sediment": 6.0}, "plant_uptake": 0.5, "name": "Compound -5330357315395165666", "model_specific_data": {}, "metabolites": []}}]}}