{"gap": {"type": "relative", "arguments": {"name": "GAP -296091488377847865", "modelCrop": "WC", "rate": 250.0, "apply_every_n_years": 1, "number_of_applications": 2, "interval": 14, "model_specific_data": {}, "bbch": 31, "season": 0}}, "compound": {"molarMass": 300.0, "water_solubility": 0.006436013336080114, "vapor_pressure": 0.00024049083988155826, "reference_temperature": 20.0, "koc": 160.7374304705223, "freundlich": 1.02697190287388, "dt50": {"system": 6.0, "soil": 19.564785533486813, "surfaceWater": 6.0, "sediment": 6.0}, "plant_uptake": 0.0, "name": "Compound 4974678955461142766", "model_specific_data": {}, "metabolites": [{"formation_fraction": 0.2, "metabolite": {"molarMass": 300.0, "water_solubility": 0.11818076666278966, "vapor_pressure": 1.9135668261646784e-06, "reference_temperature": 20.0, "koc": 122.2781769735365, "freundlich": 1.1327636738010345, "dt50": {"system": 6.0, "soil": 99.62271899622662, "surfaceWater": 6.0, "sediment": 6.0}, "plant_uptake": 0.5, "name": "Compound 2477704778492358608", "model_specific_data": {}, "metabolites": []}}]}}