{"gap": {"type": "relative", "arguments": {"name": "GAP -296091488377847865", "modelCrop": "WC", "rate": 250.0, "apply_every_n_years": 1, "number_of_applications": 2, "interval": 14, "model_specific_data": {}, "bbch": 31, "season": 0}}, "compound": {"molarMass": 300.0, "water_solubility": 0.03151097569722521, "vapor_pressure": 3.8004296692125576e-07, "reference_temperature": 20.0, "koc": 1271.8926022209828, "freundlich": 1.0138889497254928, "dt50": {"system": 6.0, "soil": 24.894571243545258, "surfaceWater": 6.0, "sediment": 6.0}, "plant_uptake": 0.0, "name": "Compound -3606244533687723310", "model_specific_data": {}, "metabolites": [{"formation_fraction": 0.2, "metabolite": {"molarMass": 300.0, "water_solubility": 0.028198171686652784, "vapor_pressure": 0.15884828645591545, "reference_temperature": 20.0, "koc": 272.5179857975905, "freundlich": 0.9088194603548562, "dt50": {"system": 6.0, "soil": 33.75023869216593, "surfaceWater": 6.0, "sediment": 6.0}, "plant_uptake": 0.5, "name": "Compound 2913459192444451240", "model_specific_data": {}, "metabolites": []}}]}}