{"gap": {"type": "relative", "arguments": {"name": "GAP -296091488377847865", "modelCrop": "WC", "rate": 250.0, "apply_every_n_years": 1, "number_of_applications": 2, "interval": 14, "model_specific_data": {}, "bbch": 31, "season": 0}}, "compound": {"molarMass": 300.0, "water_solubility": 0.000993028034203378, "vapor_pressure": 1.1726423051674272e-07, "reference_temperature": 20.0, "koc": 1248.1519334195634, "freundlich": 0.8838106821365118, "dt50": {"system": 6.0, "soil": 299.7408396653821, "surfaceWater": 6.0, "sediment": 6.0}, "plant_uptake": 0.0, "name": "Compound -1544602550481786979", "model_specific_data": {}, "metabolites": [{"formation_fraction": 0.2, "metabolite": {"molarMass": 300.0, "water_solubility": 0.0018783976032207262, "vapor_pressure": 0.00014596891489205877, "reference_temperature": 20.0, "koc": 25.332480215062553, "freundlich": 0.9561276069553222, "dt50": {"system": 6.0, "soil": 164.8240042953685, "surfaceWater": 6.0, "sediment": 6.0}, "plant_uptake": 0.5, "name": "Compound -5852230897790124127", "model_specific_data": {}, "metabolites": []}}]}}