{"gap": {"type": "relative", "arguments": {"name": "GAP -296091488377847865", "modelCrop": "WC", "rate": 250.0, "apply_every_n_years": 1, "number_of_applications": 2, "interval": 14, "model_specific_data": {}, "bbch": 31, "season": 0}}, "compound": {"molarMass": 300.0, "water_solubility": 0.1483160163288507, "vapor_pressure": 0.019000602715865778, "reference_temperature": 20.0, "koc": 10.022783499777205, "freundlich": 0.8793467789382241, "dt50": {"system": 6.0, "soil": 103.55890596968091, "surfaceWater": 6.0, "sediment": 6.0}, "plant_uptake": 0.0, "name": "Compound -6607384181012612922", "model_specific_data": {}, "metabolites": [{"formation_fraction": 0.2, "metabolite": {"molarMass": 300.0, "water_solubility": 0.10632434261223073, "vapor_pressure": 1.757438824938796e-06, "reference_temperature": 20.0, "koc": 588.5364945859686, "freundlich": 0.9823963709796422, "dt50": {"system": 6.0, "soil": 183.09575554040146, "surfaceWater": 6.0, "sediment": 6.0}, "plant_uptake": 0.5, "name": "Compound -7138245488949024645", "model_specific_data": {}, "metabolites": []}}]}}