{"gap": {"type": "relative", "arguments": {"name": "GAP -296091488377847865", "modelCrop": "WC", "rate": 250.0, "apply_every_n_years": 1, "number_of_applications": 2, "interval": 14, "model_specific_data": {}, "bbch": 31, "season": 0}}, "compound": {"molarMass": 300.0, "water_solubility": 0.02409274916479103, "vapor_pressure": 6.267831570253498e-08, "reference_temperature": 20.0, "koc": 111.32246627698521, "freundlich": 0.9659635180043551, "dt50": {"system": 6.0, "soil": 279.2716474518308, "surfaceWater": 6.0, "sediment": 6.0}, "plant_uptake": 0.0, "name": "Compound 291097473527123120", "model_specific_data": {}, "metabolites": [{"formation_fraction": 0.2, "metabolite": {"molarMass": 300.0, "water_solubility": 0.0011234379611477707, "vapor_pressure": 0.0007454064362830019, "reference_temperature": 20.0, "koc": 127.526230831469, "freundlich": 1.0230503267867428, "dt50": {"system": 6.0, "soil": 214.69989320572657, "surfaceWater": 6.0, "sediment": 6.0}, "plant_uptake": 0.5, "name": "Compound -1739392376343287537", "model_specific_data": {}, "metabolites": []}}]}}