{"gap": {"type": "relative", "arguments": {"name": "GAP -296091488377847865", "modelCrop": "WC", "rate": 250.0, "apply_every_n_years": 1, "number_of_applications": 2, "interval": 14, "model_specific_data": {}, "bbch": 31, "season": 0}}, "compound": {"molarMass": 300.0, "water_solubility": 0.03574116131437808, "vapor_pressure": 5.680957205307206e-06, "reference_temperature": 20.0, "koc": 54.59802134536144, "freundlich": 1.009160849408143, "dt50": {"system": 6.0, "soil": 116.45324701578396, "surfaceWater": 6.0, "sediment": 6.0}, "plant_uptake": 0.0, "name": "Compound 3315160427154173584", "model_specific_data": {}, "metabolites": [{"formation_fraction": 0.2, "metabolite": {"molarMass": 300.0, "water_solubility": 0.005357966083605911, "vapor_pressure": 2.1461383268744404e-06, "reference_temperature": 20.0, "koc": 10.500199913663984, "freundlich": 0.9120726821444624, "dt50": {"system": 6.0, "soil": 138.11708305193517, "surfaceWater": 6.0, "sediment": 6.0}, "plant_uptake": 0.5, "name": "Compound -362792516202402192", "model_specific_data": {}, "metabolites": []}}]}}