{"gap": {"type": "relative", "arguments": {"name": "GAP -296091488377847865", "modelCrop": "WC", "rate": 250.0, "apply_every_n_years": 1, "number_of_applications": 2, "interval": 14, "model_specific_data": {}, "bbch": 31, "season": 0}}, "compound": {"molarMass": 300.0, "water_solubility": 0.05350422901182196, "vapor_pressure": 1.4482498185985493e-06, "reference_temperature": 20.0, "koc": 65.47189510751512, "freundlich": 0.8893018600947281, "dt50": {"system": 6.0, "soil": 207.9354631486005, "surfaceWater": 6.0, "sediment": 6.0}, "plant_uptake": 0.0, "name": "Compound -5853687455065495063", "model_specific_data": {}, "metabolites": [{"formation_fraction": 0.2, "metabolite": {"molarMass": 300.0, "water_solubility": 0.0021787103769944204, "vapor_pressure": 4.391019331986319e-06, "reference_temperature": 20.0, "koc": 890.4449784239207, "freundlich": 0.796554768374787, "dt50": {"system": 6.0, "soil": 184.399320621989, "surfaceWater": 6.0, "sediment": 6.0}, "plant_uptake": 0.5, "name": "Compound 1563112816743030685", "model_specific_data": {}, "metabolites": []}}]}}