{"gap": {"type": "relative", "arguments": {"name": "GAP -296091488377847865", "modelCrop": "WC", "rate": 250.0, "apply_every_n_years": 1, "number_of_applications": 2, "interval": 14, "model_specific_data": {}, "bbch": 31, "season": 0}}, "compound": {"molarMass": 300.0, "water_solubility": 0.1406077286380142, "vapor_pressure": 4.694382845607583e-05, "reference_temperature": 20.0, "koc": 409.3882474307063, "freundlich": 0.8656424291673842, "dt50": {"system": 6.0, "soil": 192.32530860145482, "surfaceWater": 6.0, "sediment": 6.0}, "plant_uptake": 0.0, "name": "Compound -290654299934086266", "model_specific_data": {}, "metabolites": [{"formation_fraction": 0.2, "metabolite": {"molarMass": 300.0, "water_solubility": 1.0503145685954267, "vapor_pressure": 1.7606170983731856e-05, "reference_temperature": 20.0, "koc": 39.77713059829173, "freundlich": 1.1286972887286668, "dt50": {"system": 6.0, "soil": 237.32089279845675, "surfaceWater": 6.0, "sediment": 6.0}, "plant_uptake": 0.5, "name": "Compound 1759272075963956028", "model_specific_data": {}, "metabolites": []}}]}}