{"gap": {"type": "relative", "arguments": {"name": "GAP -296091488377847865", "modelCrop": "WC", "rate": 250.0, "apply_every_n_years": 1, "number_of_applications": 2, "interval": 14, "model_specific_data": {}, "bbch": 31, "season": 0}}, "compound": {"molarMass": 300.0, "water_solubility": 0.10380843525037668, "vapor_pressure": 8.60715999155334e-06, "reference_temperature": 20.0, "koc": 203.7454896556879, "freundlich": 0.7912771800462577, "dt50": {"system": 6.0, "soil": 273.9838765789007, "surfaceWater": 6.0, "sediment": 6.0}, "plant_uptake": 0.0, "name": "Compound 2480675643597021609", "model_specific_data": {}, "metabolites": [{"formation_fraction": 0.2, "metabolite": {"molarMass": 300.0, "water_solubility": 0.007915799361451441, "vapor_pressure": 7.758012257947966e-08, "reference_temperature": 20.0, "koc": 46.30253297513753, "freundlich": 1.0628099869130858, "dt50": {"system": 6.0, "soil": 81.25096539211326, "surfaceWater": 6.0, "sediment": 6.0}, "plant_uptake": 0.5, "name": "Compound 5342298444222799210", "model_specific_data": {}, "metabolites": []}}]}}