{"gap": {"type": "relative", "arguments": {"name": "GAP -296091488377847865", "modelCrop": "WC", "rate": 250.0, "apply_every_n_years": 1, "number_of_applications": 2, "interval": 14, "model_specific_data": {}, "bbch": 31, "season": 0}}, "compound": {"molarMass": 300.0, "water_solubility": 0.03588948977188651, "vapor_pressure": 0.0004005661690242672, "reference_temperature": 20.0, "koc": 21.555526917151482, "freundlich": 0.7487122988993045, "dt50": {"system": 6.0, "soil": 234.7544939988668, "surfaceWater": 6.0, "sediment": 6.0}, "plant_uptake": 0.0, "name": "Compound -4565768806954910530", "model_specific_data": {}, "metabolites": [{"formation_fraction": 0.2, "metabolite": {"molarMass": 300.0, "water_solubility": 4.326678795373431e-05, "vapor_pressure": 1.9040125612948758e-05, "reference_temperature": 20.0, "koc": 66.25052043652774, "freundlich": 1.1225360105542048, "dt50": {"system": 6.0, "soil": 21.49719361532859, "surfaceWater": 6.0, "sediment": 6.0}, "plant_uptake": 0.5, "name": "Compound -7361568034032841446", "model_specific_data": {}, "metabolites": []}}]}}