{"gap": {"type": "relative", "arguments": {"name": "GAP -296091488377847865", "modelCrop": "WC", "rate": 250.0, "apply_every_n_years": 1, "number_of_applications": 2, "interval": 14, "model_specific_data": {}, "bbch": 31, "season": 0}}, "compound": {"molarMass": 300.0, "water_solubility": 0.9904358006499331, "vapor_pressure": 0.0007096879277374241, "reference_temperature": 20.0, "koc": 105.90595278486033, "freundlich": 0.7145610097967574, "dt50": {"system": 6.0, "soil": 54.914906605487005, "surfaceWater": 6.0, "sediment": 6.0}, "plant_uptake": 0.0, "name": "Compound -3628591462061892100", "model_specific_data": {}, "metabolites": [{"formation_fraction": 0.2, "metabolite": {"molarMass": 300.0, "water_solubility": 0.04014544467547754, "vapor_pressure": 8.669773400777304e-06, "reference_temperature": 20.0, "koc": 24.761458242743206, "freundlich": 0.7760222841090105, "dt50": {"system": 6.0, "soil": 143.1150490642199, "surfaceWater": 6.0, "sediment": 6.0}, "plant_uptake": 0.5, "name": "Compound -3790524592112880173", "model_specific_data": {}, "metabolites": []}}]}}