{"gap": {"type": "relative", "arguments": {"name": "GAP -296091488377847865", "modelCrop": "WC", "rate": 250.0, "apply_every_n_years": 1, "number_of_applications": 2, "interval": 14, "model_specific_data": {}, "bbch": 31, "season": 0}}, "compound": {"molarMass": 300.0, "water_solubility": 0.11248635800104834, "vapor_pressure": 8.612921051684224e-08, "reference_temperature": 20.0, "koc": 109.85415236239791, "freundlich": 1.090953786030608, "dt50": {"system": 6.0, "soil": 145.52196808483873, "surfaceWater": 6.0, "sediment": 6.0}, "plant_uptake": 0.0, "name": "Compound 3324321566051181834", "model_specific_data": {}, "metabolites": [{"formation_fraction": 0.2, "metabolite": {"molarMass": 300.0, "water_solubility": 0.09506454697561831, "vapor_pressure": 3.6940333972937456e-05, "reference_temperature": 20.0, "koc": 4591.756179576527, "freundlich": 0.952573784075518, "dt50": {"system": 6.0, "soil": 18.303590384922202, "surfaceWater": 6.0, "sediment": 6.0}, "plant_uptake": 0.5, "name": "Compound 209601453947036452", "model_specific_data": {}, "metabolites": []}}]}}