{"gap": {"type": "relative", "arguments": {"name": "GAP -296091488377847865", "modelCrop": "WC", "rate": 250.0, "apply_every_n_years": 1, "number_of_applications": 2, "interval": 14, "model_specific_data": {}, "bbch": 31, "season": 0}}, "compound": {"molarMass": 300.0, "water_solubility": 0.0044229199432160495, "vapor_pressure": 0.0019245669581298651, "reference_temperature": 20.0, "koc": 35.57322288945136, "freundlich": 0.9774620044041336, "dt50": {"system": 6.0, "soil": 175.92597241156545, "surfaceWater": 6.0, "sediment": 6.0}, "plant_uptake": 0.0, "name": "Compound -5632676744452926938", "model_specific_data": {}, "metabolites": [{"formation_fraction": 0.2, "metabolite": {"molarMass": 300.0, "water_solubility": 0.007896660437658966, "vapor_pressure": 1.365448571828348e-05, "reference_temperature": 20.0, "koc": 56.20426295174785, "freundlich": 0.9455473257550329, "dt50": {"system": 6.0, "soil": 14.297645285340977, "surfaceWater": 6.0, "sediment": 6.0}, "plant_uptake": 0.5, "name": "Compound 5382715987639235439", "model_specific_data": {}, "metabolites": []}}]}}