{"gap": {"type": "relative", "arguments": {"name": "GAP -296091488377847865", "modelCrop": "WC", "rate": 250.0, "apply_every_n_years": 1, "number_of_applications": 2, "interval": 14, "model_specific_data": {}, "bbch": 31, "season": 0}}, "compound": {"molarMass": 300.0, "water_solubility": 0.0578791586892725, "vapor_pressure": 7.940316762444644e-06, "reference_temperature": 20.0, "koc": 270.14208651193957, "freundlich": 1.0651257041857292, "dt50": {"system": 6.0, "soil": 127.19287578669147, "surfaceWater": 6.0, "sediment": 6.0}, "plant_uptake": 0.0, "name": "Compound 8687461037821445360", "model_specific_data": {}, "metabolites": [{"formation_fraction": 0.2, "metabolite": {"molarMass": 300.0, "water_solubility": 0.004626564170684334, "vapor_pressure": 7.218892323104243e-07, "reference_temperature": 20.0, "koc": 4545.722215386875, "freundlich": 0.8395374779769715, "dt50": {"system": 6.0, "soil": 270.9879682406891, "surfaceWater": 6.0, "sediment": 6.0}, "plant_uptake": 0.5, "name": "Compound -3082933630638495381", "model_specific_data": {}, "metabolites": []}}]}}