{"gap": {"type": "relative", "arguments": {"name": "GAP -296091488377847865", "modelCrop": "WC", "rate": 250.0, "apply_every_n_years": 1, "number_of_applications": 2, "interval": 14, "model_specific_data": {}, "bbch": 31, "season": 0}}, "compound": {"molarMass": 300.0, "water_solubility": 0.05831289392078489, "vapor_pressure": 9.414878765019138e-07, "reference_temperature": 20.0, "koc": 14.76450112438428, "freundlich": 0.7794470423738225, "dt50": {"system": 6.0, "soil": 43.246726054565094, "surfaceWater": 6.0, "sediment": 6.0}, "plant_uptake": 0.0, "name": "Compound -381025302491716413", "model_specific_data": {}, "metabolites": [{"formation_fraction": 0.2, "metabolite": {"molarMass": 300.0, "water_solubility": 0.012963014408649725, "vapor_pressure": 7.3384861873783655e-06, "reference_temperature": 20.0, "koc": 80.9030349881961, "freundlich": 1.1668632225935511, "dt50": {"system": 6.0, "soil": 134.13161168564375, "surfaceWater": 6.0, "sediment": 6.0}, "plant_uptake": 0.5, "name": "Compound -8902103179576390647", "model_specific_data": {}, "metabolites": []}}]}}