{"gap": {"type": "relative", "arguments": {"name": "GAP -296091488377847865", "modelCrop": "WC", "rate": 250.0, "apply_every_n_years": 1, "number_of_applications": 2, "interval": 14, "model_specific_data": {}, "bbch": 31, "season": 0}}, "compound": {"molarMass": 300.0, "water_solubility": 0.33945406408045153, "vapor_pressure": 0.00013635325147968923, "reference_temperature": 20.0, "koc": 4086.348975110576, "freundlich": 0.8001324627925902, "dt50": {"system": 6.0, "soil": 235.42603151539433, "surfaceWater": 6.0, "sediment": 6.0}, "plant_uptake": 0.0, "name": "Compound 5399872943520981510", "model_specific_data": {}, "metabolites": [{"formation_fraction": 0.2, "metabolite": {"molarMass": 300.0, "water_solubility": 2.8575728081483756, "vapor_pressure": 4.475614315409792e-07, "reference_temperature": 20.0, "koc": 4235.86012376537, "freundlich": 1.1780393426096598, "dt50": {"system": 6.0, "soil": 174.34695913293825, "surfaceWater": 6.0, "sediment": 6.0}, "plant_uptake": 0.5, "name": "Compound 5988232810034358869", "model_specific_data": {}, "metabolites": []}}]}}