{"gap": {"type": "relative", "arguments": {"name": "GAP -296091488377847865", "modelCrop": "WC", "rate": 250.0, "apply_every_n_years": 1, "number_of_applications": 2, "interval": 14, "model_specific_data": {}, "bbch": 31, "season": 0}}, "compound": {"molarMass": 300.0, "water_solubility": 0.004231960550957598, "vapor_pressure": 0.000187274759507827, "reference_temperature": 20.0, "koc": 1000.2500818301714, "freundlich": 0.9144325160553743, "dt50": {"system": 6.0, "soil": 144.92965183949482, "surfaceWater": 6.0, "sediment": 6.0}, "plant_uptake": 0.0, "name": "Compound 4386658155891719621", "model_specific_data": {}, "metabolites": [{"formation_fraction": 0.2, "metabolite": {"molarMass": 300.0, "water_solubility": 0.009365177051460484, "vapor_pressure": 0.00426674485723134, "reference_temperature": 20.0, "koc": 4276.623874500318, "freundlich": 0.8049469250407052, "dt50": {"system": 6.0, "soil": 38.24535319868514, "surfaceWater": 6.0, "sediment": 6.0}, "plant_uptake": 0.5, "name": "Compound 3697028179431528161", "model_specific_data": {}, "metabolites": []}}]}}