{"gap": {"type": "relative", "arguments": {"name": "GAP -296091488377847865", "modelCrop": "WC", "rate": 250.0, "apply_every_n_years": 1, "number_of_applications": 2, "interval": 14, "model_specific_data": {}, "bbch": 31, "season": 0}}, "compound": {"molarMass": 300.0, "water_solubility": 0.008363666227176728, "vapor_pressure": 3.0118633262349945e-06, "reference_temperature": 20.0, "koc": 29.89889039957829, "freundlich": 1.177485387015213, "dt50": {"system": 6.0, "soil": 54.37406922275251, "surfaceWater": 6.0, "sediment": 6.0}, "plant_uptake": 0.0, "name": "Compound 6435354986536562294", "model_specific_data": {}, "metabolites": [{"formation_fraction": 0.2, "metabolite": {"molarMass": 300.0, "water_solubility": 0.0027945670956358954, "vapor_pressure": 3.2948909013273913e-06, "reference_temperature": 20.0, "koc": 73.16193586089963, "freundlich": 0.7797021885519411, "dt50": {"system": 6.0, "soil": 175.73051341724334, "surfaceWater": 6.0, "sediment": 6.0}, "plant_uptake": 0.5, "name": "Compound 5330557153400761450", "model_specific_data": {}, "metabolites": []}}]}}