{"gap": {"type": "relative", "arguments": {"name": "GAP -296091488377847865", "modelCrop": "WC", "rate": 250.0, "apply_every_n_years": 1, "number_of_applications": 2, "interval": 14, "model_specific_data": {}, "bbch": 31, "season": 0}}, "compound": {"molarMass": 300.0, "water_solubility": 0.04193624491712269, "vapor_pressure": 2.433049266499473e-07, "reference_temperature": 20.0, "koc": 28.12925476583783, "freundlich": 0.8238926008475354, "dt50": {"system": 6.0, "soil": 116.7500721049603, "surfaceWater": 6.0, "sediment": 6.0}, "plant_uptake": 0.0, "name": "Compound 7965159142809805715", "model_specific_data": {}, "metabolites": [{"formation_fraction": 0.2, "metabolite": {"molarMass": 300.0, "water_solubility": 0.0007006973068439786, "vapor_pressure": 5.291392377625287e-07, "reference_temperature": 20.0, "koc": 227.95691111276187, "freundlich": 0.8769359314697851, "dt50": {"system": 6.0, "soil": 77.24589880150249, "surfaceWater": 6.0, "sediment": 6.0}, "plant_uptake": 0.5, "name": "Compound 1054528038277229730", "model_specific_data": {}, "metabolites": []}}]}}