{"gap": {"type": "relative", "arguments": {"name": "GAP -296091488377847865", "modelCrop": "WC", "rate": 250.0, "apply_every_n_years": 1, "number_of_applications": 2, "interval": 14, "model_specific_data": {}, "bbch": 31, "season": 0}}, "compound": {"molarMass": 300.0, "water_solubility": 1.8803585212268779, "vapor_pressure": 0.0035352736446509487, "reference_temperature": 20.0, "koc": 921.9471519014241, "freundlich": 0.8947629200137563, "dt50": {"system": 6.0, "soil": 233.32413101302132, "surfaceWater": 6.0, "sediment": 6.0}, "plant_uptake": 0.0, "name": "Compound 1120573159271581636", "model_specific_data": {}, "metabolites": [{"formation_fraction": 0.2, "metabolite": {"molarMass": 300.0, "water_solubility": 0.2406429441084163, "vapor_pressure": 0.00012817260248904416, "reference_temperature": 20.0, "koc": 493.1607040492111, "freundlich": 0.7197023354690993, "dt50": {"system": 6.0, "soil": 54.54298460685497, "surfaceWater": 6.0, "sediment": 6.0}, "plant_uptake": 0.5, "name": "Compound 2798250149502541550", "model_specific_data": {}, "metabolites": []}}]}}