{"gap": {"type": "relative", "arguments": {"name": "GAP -296091488377847865", "modelCrop": "WC", "rate": 250.0, "apply_every_n_years": 1, "number_of_applications": 2, "interval": 14, "model_specific_data": {}, "bbch": 31, "season": 0}}, "compound": {"molarMass": 300.0, "water_solubility": 0.309437288514209, "vapor_pressure": 3.5222495764683696e-05, "reference_temperature": 20.0, "koc": 2683.937278987049, "freundlich": 0.7975406073042582, "dt50": {"system": 6.0, "soil": 229.62861399986545, "surfaceWater": 6.0, "sediment": 6.0}, "plant_uptake": 0.0, "name": "Compound 1484457030131013864", "model_specific_data": {}, "metabolites": [{"formation_fraction": 0.2, "metabolite": {"molarMass": 300.0, "water_solubility": 0.0034646455363166293, "vapor_pressure": 0.032925035566851876, "reference_temperature": 20.0, "koc": 268.5723991942738, "freundlich": 0.8657919999304018, "dt50": {"system": 6.0, "soil": 160.88491207862194, "surfaceWater": 6.0, "sediment": 6.0}, "plant_uptake": 0.5, "name": "Compound 8060091053334871070", "model_specific_data": {}, "metabolites": []}}]}}