{"gap": {"type": "relative", "arguments": {"name": "GAP -296091488377847865", "modelCrop": "WC", "rate": 250.0, "apply_every_n_years": 1, "number_of_applications": 2, "interval": 14, "model_specific_data": {}, "bbch": 31, "season": 0}}, "compound": {"molarMass": 300.0, "water_solubility": 1.4479904401767032, "vapor_pressure": 8.069743785181592e-05, "reference_temperature": 20.0, "koc": 1194.7345632578802, "freundlich": 0.9614547269543781, "dt50": {"system": 6.0, "soil": 84.67169172634843, "surfaceWater": 6.0, "sediment": 6.0}, "plant_uptake": 0.0, "name": "Compound -7475643357216702895", "model_specific_data": {}, "metabolites": [{"formation_fraction": 0.2, "metabolite": {"molarMass": 300.0, "water_solubility": 0.009453969798434818, "vapor_pressure": 1.1296751718492649e-06, "reference_temperature": 20.0, "koc": 1380.9716736976175, "freundlich": 0.7586437354804465, "dt50": {"system": 6.0, "soil": 251.77923227199068, "surfaceWater": 6.0, "sediment": 6.0}, "plant_uptake": 0.5, "name": "Compound 7221401422373459804", "model_specific_data": {}, "metabolites": []}}]}}