{"gap": {"type": "relative", "arguments": {"name": "GAP -296091488377847865", "modelCrop": "WC", "rate": 250.0, "apply_every_n_years": 1, "number_of_applications": 2, "interval": 14, "model_specific_data": {}, "bbch": 31, "season": 0}}, "compound": {"molarMass": 300.0, "water_solubility": 0.0011977838465763184, "vapor_pressure": 2.3614268975942354e-05, "reference_temperature": 20.0, "koc": 22.99339682315144, "freundlich": 1.046523708134883, "dt50": {"system": 6.0, "soil": 165.22843427234434, "surfaceWater": 6.0, "sediment": 6.0}, "plant_uptake": 0.0, "name": "Compound -3932250912056760779", "model_specific_data": {}, "metabolites": [{"formation_fraction": 0.2, "metabolite": {"molarMass": 300.0, "water_solubility": 0.0018065438192129025, "vapor_pressure": 1.010961851247093e-07, "reference_temperature": 20.0, "koc": 1113.0643265332017, "freundlich": 1.0998003717153277, "dt50": {"system": 6.0, "soil": 92.73097023163086, "surfaceWater": 6.0, "sediment": 6.0}, "plant_uptake": 0.5, "name": "Compound 5133144477750966174", "model_specific_data": {}, "metabolites": []}}]}}