{"gap": {"type": "relative", "arguments": {"name": "GAP -296091488377847865", "modelCrop": "WC", "rate": 250.0, "apply_every_n_years": 1, "number_of_applications": 2, "interval": 14, "model_specific_data": {}, "bbch": 31, "season": 0}}, "compound": {"molarMass": 300.0, "water_solubility": 0.20590585827951458, "vapor_pressure": 0.00019340436928303313, "reference_temperature": 20.0, "koc": 1676.7560821212337, "freundlich": 1.1518514715073236, "dt50": {"system": 6.0, "soil": 186.29663520347057, "surfaceWater": 6.0, "sediment": 6.0}, "plant_uptake": 0.0, "name": "Compound -422875688134776261", "model_specific_data": {}, "metabolites": [{"formation_fraction": 0.2, "metabolite": {"molarMass": 300.0, "water_solubility": 0.0012093342306324294, "vapor_pressure": 6.106151635203133e-07, "reference_temperature": 20.0, "koc": 362.348257193774, "freundlich": 0.9549109593709708, "dt50": {"system": 6.0, "soil": 123.18533293873088, "surfaceWater": 6.0, "sediment": 6.0}, "plant_uptake": 0.5, "name": "Compound -1519308238223398601", "model_specific_data": {}, "metabolites": []}}]}}