{"gap": {"type": "relative", "arguments": {"name": "GAP -296091488377847865", "modelCrop": "WC", "rate": 250.0, "apply_every_n_years": 1, "number_of_applications": 2, "interval": 14, "model_specific_data": {}, "bbch": 31, "season": 0}}, "compound": {"molarMass": 300.0, "water_solubility": 0.009575764984556466, "vapor_pressure": 1.1723669210918949e-05, "reference_temperature": 20.0, "koc": 442.14004656962396, "freundlich": 1.0864685221319574, "dt50": {"system": 6.0, "soil": 26.845790099134724, "surfaceWater": 6.0, "sediment": 6.0}, "plant_uptake": 0.0, "name": "Compound -1689052361943334740", "model_specific_data": {}, "metabolites": [{"formation_fraction": 0.2, "metabolite": {"molarMass": 300.0, "water_solubility": 0.010694457258597979, "vapor_pressure": 0.00019316041052214257, "reference_temperature": 20.0, "koc": 442.819473953286, "freundlich": 1.1538535687987561, "dt50": {"system": 6.0, "soil": 299.14398471906907, "surfaceWater": 6.0, "sediment": 6.0}, "plant_uptake": 0.5, "name": "Compound 2417075137260938742", "model_specific_data": {}, "metabolites": []}}]}}