{"gap": {"type": "relative", "arguments": {"name": "GAP -296091488377847865", "modelCrop": "WC", "rate": 250.0, "apply_every_n_years": 1, "number_of_applications": 2, "interval": 14, "model_specific_data": {}, "bbch": 31, "season": 0}}, "compound": {"molarMass": 300.0, "water_solubility": 0.0008619117784231446, "vapor_pressure": 7.487065152287616e-06, "reference_temperature": 20.0, "koc": 967.0297866571233, "freundlich": 0.8802372112174501, "dt50": {"system": 6.0, "soil": 37.53826134076861, "surfaceWater": 6.0, "sediment": 6.0}, "plant_uptake": 0.0, "name": "Compound 6871303205542432429", "model_specific_data": {}, "metabolites": [{"formation_fraction": 0.2, "metabolite": {"molarMass": 300.0, "water_solubility": 0.005184363775395528, "vapor_pressure": 2.6874116787064e-05, "reference_temperature": 20.0, "koc": 59.984123814641286, "freundlich": 0.7023026043366575, "dt50": {"system": 6.0, "soil": 103.22348974793871, "surfaceWater": 6.0, "sediment": 6.0}, "plant_uptake": 0.5, "name": "Compound 7526103920657992286", "model_specific_data": {}, "metabolites": []}}]}}