{"gap": {"type": "relative", "arguments": {"name": "GAP -296091488377847865", "modelCrop": "WC", "rate": 250.0, "apply_every_n_years": 1, "number_of_applications": 2, "interval": 14, "model_specific_data": {}, "bbch": 31, "season": 0}}, "compound": {"molarMass": 300.0, "water_solubility": 0.0031273411259872207, "vapor_pressure": 0.0005434008045700446, "reference_temperature": 20.0, "koc": 1111.2299674390692, "freundlich": 0.9857812507165447, "dt50": {"system": 6.0, "soil": 34.49495005997646, "surfaceWater": 6.0, "sediment": 6.0}, "plant_uptake": 0.0, "name": "Compound -6045437887951832904", "model_specific_data": {}, "metabolites": [{"formation_fraction": 0.2, "metabolite": {"molarMass": 300.0, "water_solubility": 0.09196727799170702, "vapor_pressure": 4.467332207736443e-07, "reference_temperature": 20.0, "koc": 3981.1462081823624, "freundlich": 0.8941643016162617, "dt50": {"system": 6.0, "soil": 88.30018841042647, "surfaceWater": 6.0, "sediment": 6.0}, "plant_uptake": 0.5, "name": "Compound -4895741298136488752", "model_specific_data": {}, "metabolites": []}}]}}