{"gap": {"type": "relative", "arguments": {"name": "GAP -296091488377847865", "modelCrop": "WC", "rate": 250.0, "apply_every_n_years": 1, "number_of_applications": 2, "interval": 14, "model_specific_data": {}, "bbch": 31, "season": 0}}, "compound": {"molarMass": 300.0, "water_solubility": 0.053262601626077384, "vapor_pressure": 9.31030714771475e-06, "reference_temperature": 20.0, "koc": 174.1544722929231, "freundlich": 0.9168577097326722, "dt50": {"system": 6.0, "soil": 226.08436048571983, "surfaceWater": 6.0, "sediment": 6.0}, "plant_uptake": 0.0, "name": "Compound 3659286222464214071", "model_specific_data": {}, "metabolites": [{"formation_fraction": 0.2, "metabolite": {"molarMass": 300.0, "water_solubility": 0.48886082676805337, "vapor_pressure": 5.374080375366299e-07, "reference_temperature": 20.0, "koc": 79.24641161848189, "freundlich": 0.9758360516196829, "dt50": {"system": 6.0, "soil": 30.42637487494463, "surfaceWater": 6.0, "sediment": 6.0}, "plant_uptake": 0.5, "name": "Compound -500829710916135991", "model_specific_data": {}, "metabolites": []}}]}}