{"gap": {"type": "relative", "arguments": {"name": "GAP -296091488377847865", "modelCrop": "WC", "rate": 250.0, "apply_every_n_years": 1, "number_of_applications": 2, "interval": 14, "model_specific_data": {}, "bbch": 31, "season": 0}}, "compound": {"molarMass": 300.0, "water_solubility": 0.4032892849491296, "vapor_pressure": 3.2899081032712223e-07, "reference_temperature": 20.0, "koc": 36.93081448414481, "freundlich": 0.7467946156479257, "dt50": {"system": 6.0, "soil": 16.22710768298515, "surfaceWater": 6.0, "sediment": 6.0}, "plant_uptake": 0.0, "name": "Compound 6941845047317385044", "model_specific_data": {}, "metabolites": [{"formation_fraction": 0.2, "metabolite": {"molarMass": 300.0, "water_solubility": 0.0005297838121810682, "vapor_pressure": 6.058998137753201e-06, "reference_temperature": 20.0, "koc": 1413.980420292179, "freundlich": 1.0779517436720862, "dt50": {"system": 6.0, "soil": 296.8727744341982, "surfaceWater": 6.0, "sediment": 6.0}, "plant_uptake": 0.5, "name": "Compound -8599260259927091134", "model_specific_data": {}, "metabolites": []}}]}}