{"gap": {"type": "relative", "arguments": {"name": "GAP -296091488377847865", "modelCrop": "WC", "rate": 250.0, "apply_every_n_years": 1, "number_of_applications": 2, "interval": 14, "model_specific_data": {}, "bbch": 31, "season": 0}}, "compound": {"molarMass": 300.0, "water_solubility": 0.009492761262846513, "vapor_pressure": 1.5726060781284406e-05, "reference_temperature": 20.0, "koc": 3981.0342710468312, "freundlich": 0.9653626844903618, "dt50": {"system": 6.0, "soil": 212.70256110543036, "surfaceWater": 6.0, "sediment": 6.0}, "plant_uptake": 0.0, "name": "Compound 76085661423475293", "model_specific_data": {}, "metabolites": [{"formation_fraction": 0.2, "metabolite": {"molarMass": 300.0, "water_solubility": 0.09385764088305949, "vapor_pressure": 0.001090191504923941, "reference_temperature": 20.0, "koc": 1934.2433895683637, "freundlich": 1.1995917669397644, "dt50": {"system": 6.0, "soil": 74.4398916430776, "surfaceWater": 6.0, "sediment": 6.0}, "plant_uptake": 0.5, "name": "Compound 4140426258007075188", "model_specific_data": {}, "metabolites": []}}]}}