{"gap": {"type": "relative", "arguments": {"name": "GAP -296091488377847865", "modelCrop": "WC", "rate": 250.0, "apply_every_n_years": 1, "number_of_applications": 2, "interval": 14, "model_specific_data": {}, "bbch": 31, "season": 0}}, "compound": {"molarMass": 300.0, "water_solubility": 0.002789923142488128, "vapor_pressure": 2.694279321895293e-06, "reference_temperature": 20.0, "koc": 348.8098429171659, "freundlich": 0.7818637334286695, "dt50": {"system": 6.0, "soil": 224.641581507692, "surfaceWater": 6.0, "sediment": 6.0}, "plant_uptake": 0.0, "name": "Compound -2169110690970477253", "model_specific_data": {}, "metabolites": [{"formation_fraction": 0.2, "metabolite": {"molarMass": 300.0, "water_solubility": 0.3659863362445767, "vapor_pressure": 6.88936367615737e-05, "reference_temperature": 20.0, "koc": 192.69807982620122, "freundlich": 1.186752556460132, "dt50": {"system": 6.0, "soil": 31.91823988560578, "surfaceWater": 6.0, "sediment": 6.0}, "plant_uptake": 0.5, "name": "Compound 2432107726950295491", "model_specific_data": {}, "metabolites": []}}]}}