{"gap": {"type": "relative", "arguments": {"name": "GAP -296091488377847865", "modelCrop": "WC", "rate": 250.0, "apply_every_n_years": 1, "number_of_applications": 2, "interval": 14, "model_specific_data": {}, "bbch": 31, "season": 0}}, "compound": {"molarMass": 300.0, "water_solubility": 0.28334032850930446, "vapor_pressure": 0.0002776685065298517, "reference_temperature": 20.0, "koc": 359.94479794142444, "freundlich": 0.8919034404130077, "dt50": {"system": 6.0, "soil": 177.39714282186563, "surfaceWater": 6.0, "sediment": 6.0}, "plant_uptake": 0.0, "name": "Compound 6417985824107614404", "model_specific_data": {}, "metabolites": [{"formation_fraction": 0.2, "metabolite": {"molarMass": 300.0, "water_solubility": 0.0002441203363564199, "vapor_pressure": 1.8861155101779406e-06, "reference_temperature": 20.0, "koc": 503.07009267847167, "freundlich": 1.0555275018233377, "dt50": {"system": 6.0, "soil": 197.35120215994846, "surfaceWater": 6.0, "sediment": 6.0}, "plant_uptake": 0.5, "name": "Compound 7903201878836237911", "model_specific_data": {}, "metabolites": []}}]}}