{"gap": {"type": "relative", "arguments": {"name": "GAP -296091488377847865", "modelCrop": "WC", "rate": 250.0, "apply_every_n_years": 1, "number_of_applications": 2, "interval": 14, "model_specific_data": {}, "bbch": 31, "season": 0}}, "compound": {"molarMass": 300.0, "water_solubility": 0.09221636148859101, "vapor_pressure": 1.7478494798531016e-07, "reference_temperature": 20.0, "koc": 328.1586688586719, "freundlich": 0.8215905844512408, "dt50": {"system": 6.0, "soil": 223.62042173405607, "surfaceWater": 6.0, "sediment": 6.0}, "plant_uptake": 0.0, "name": "Compound 722520139442860544", "model_specific_data": {}, "metabolites": [{"formation_fraction": 0.2, "metabolite": {"molarMass": 300.0, "water_solubility": 0.0013797301515260994, "vapor_pressure": 1.4260278157291293e-06, "reference_temperature": 20.0, "koc": 111.95797453502973, "freundlich": 0.7504721803709347, "dt50": {"system": 6.0, "soil": 74.46881844232624, "surfaceWater": 6.0, "sediment": 6.0}, "plant_uptake": 0.5, "name": "Compound -914521728572699202", "model_specific_data": {}, "metabolites": []}}]}}