{"gap": {"type": "relative", "arguments": {"name": "GAP -296091488377847865", "modelCrop": "WC", "rate": 250.0, "apply_every_n_years": 1, "number_of_applications": 2, "interval": 14, "model_specific_data": {}, "bbch": 31, "season": 0}}, "compound": {"molarMass": 300.0, "water_solubility": 0.02980211274887753, "vapor_pressure": 0.0008321263510572113, "reference_temperature": 20.0, "koc": 10.570894358448925, "freundlich": 0.7842011062262328, "dt50": {"system": 6.0, "soil": 212.21132303845627, "surfaceWater": 6.0, "sediment": 6.0}, "plant_uptake": 0.0, "name": "Compound 3158452919789535369", "model_specific_data": {}, "metabolites": [{"formation_fraction": 0.2, "metabolite": {"molarMass": 300.0, "water_solubility": 0.036263785359736615, "vapor_pressure": 1.487248386863337e-07, "reference_temperature": 20.0, "koc": 213.78584716720366, "freundlich": 1.1461026994753507, "dt50": {"system": 6.0, "soil": 243.20348507371574, "surfaceWater": 6.0, "sediment": 6.0}, "plant_uptake": 0.5, "name": "Compound 4175955868495963337", "model_specific_data": {}, "metabolites": []}}]}}