{"gap": {"type": "relative", "arguments": {"name": "GAP -296091488377847865", "modelCrop": "WC", "rate": 250.0, "apply_every_n_years": 1, "number_of_applications": 2, "interval": 14, "model_specific_data": {}, "bbch": 31, "season": 0}}, "compound": {"molarMass": 300.0, "water_solubility": 0.11783659683837518, "vapor_pressure": 3.1111308602540856e-08, "reference_temperature": 20.0, "koc": 53.355474224198126, "freundlich": 0.7829299748279231, "dt50": {"system": 6.0, "soil": 175.2644572790689, "surfaceWater": 6.0, "sediment": 6.0}, "plant_uptake": 0.0, "name": "Compound -2561679727502359841", "model_specific_data": {}, "metabolites": [{"formation_fraction": 0.2, "metabolite": {"molarMass": 300.0, "water_solubility": 0.00016966929212679417, "vapor_pressure": 5.075686742156478e-08, "reference_temperature": 20.0, "koc": 850.3716428957991, "freundlich": 1.0780151909502407, "dt50": {"system": 6.0, "soil": 236.00104613281442, "surfaceWater": 6.0, "sediment": 6.0}, "plant_uptake": 0.5, "name": "Compound -7911021295128389267", "model_specific_data": {}, "metabolites": []}}]}}