{"gap": {"type": "relative", "arguments": {"name": "GAP -296091488377847865", "modelCrop": "WC", "rate": 250.0, "apply_every_n_years": 1, "number_of_applications": 2, "interval": 14, "model_specific_data": {}, "bbch": 31, "season": 0}}, "compound": {"molarMass": 300.0, "water_solubility": 0.00012676836913269612, "vapor_pressure": 0.00011524295828750751, "reference_temperature": 20.0, "koc": 89.55874378930041, "freundlich": 0.9244347016529992, "dt50": {"system": 6.0, "soil": 255.36859707404312, "surfaceWater": 6.0, "sediment": 6.0}, "plant_uptake": 0.0, "name": "Compound 6604167457051832218", "model_specific_data": {}, "metabolites": [{"formation_fraction": 0.2, "metabolite": {"molarMass": 300.0, "water_solubility": 0.0057175763084456365, "vapor_pressure": 3.290956032243694e-07, "reference_temperature": 20.0, "koc": 1853.8806594441503, "freundlich": 1.158530733582138, "dt50": {"system": 6.0, "soil": 220.57928634558002, "surfaceWater": 6.0, "sediment": 6.0}, "plant_uptake": 0.5, "name": "Compound -1223092409460447404", "model_specific_data": {}, "metabolites": []}}]}}