{"gap": {"type": "relative", "arguments": {"name": "GAP -296091488377847865", "modelCrop": "WC", "rate": 250.0, "apply_every_n_years": 1, "number_of_applications": 2, "interval": 14, "model_specific_data": {}, "bbch": 31, "season": 0}}, "compound": {"molarMass": 300.0, "water_solubility": 0.012763834458360818, "vapor_pressure": 3.335756931243591e-06, "reference_temperature": 20.0, "koc": 671.4468677519964, "freundlich": 0.8375372676715879, "dt50": {"system": 6.0, "soil": 198.38637235921752, "surfaceWater": 6.0, "sediment": 6.0}, "plant_uptake": 0.0, "name": "Compound 1590591640029690747", "model_specific_data": {}, "metabolites": [{"formation_fraction": 0.2, "metabolite": {"molarMass": 300.0, "water_solubility": 0.02447735189225265, "vapor_pressure": 1.3041506704338796e-06, "reference_temperature": 20.0, "koc": 10.248625546077644, "freundlich": 0.9985172627042329, "dt50": {"system": 6.0, "soil": 142.33066499059768, "surfaceWater": 6.0, "sediment": 6.0}, "plant_uptake": 0.5, "name": "Compound 6737233795192232272", "model_specific_data": {}, "metabolites": []}}]}}