{"gap": {"type": "relative", "arguments": {"name": "GAP -296091488377847865", "modelCrop": "WC", "rate": 250.0, "apply_every_n_years": 1, "number_of_applications": 2, "interval": 14, "model_specific_data": {}, "bbch": 31, "season": 0}}, "compound": {"molarMass": 300.0, "water_solubility": 0.09835650248633153, "vapor_pressure": 2.1607404692705015e-05, "reference_temperature": 20.0, "koc": 807.5354844446109, "freundlich": 1.128862287400862, "dt50": {"system": 6.0, "soil": 116.01283681525761, "surfaceWater": 6.0, "sediment": 6.0}, "plant_uptake": 0.0, "name": "Compound -7480125480595203946", "model_specific_data": {}, "metabolites": [{"formation_fraction": 0.2, "metabolite": {"molarMass": 300.0, "water_solubility": 0.011631041744103857, "vapor_pressure": 5.496517754609615e-06, "reference_temperature": 20.0, "koc": 421.12653972795374, "freundlich": 0.8584248570644379, "dt50": {"system": 6.0, "soil": 218.3989626547087, "surfaceWater": 6.0, "sediment": 6.0}, "plant_uptake": 0.5, "name": "Compound 4449271798991790923", "model_specific_data": {}, "metabolites": []}}]}}