{"gap": {"type": "relative", "arguments": {"name": "GAP -296091488377847865", "modelCrop": "WC", "rate": 250.0, "apply_every_n_years": 1, "number_of_applications": 2, "interval": 14, "model_specific_data": {}, "bbch": 31, "season": 0}}, "compound": {"molarMass": 300.0, "water_solubility": 0.00035606362206478, "vapor_pressure": 3.9718046628691326e-08, "reference_temperature": 20.0, "koc": 18.753784124400863, "freundlich": 1.0877121657864097, "dt50": {"system": 6.0, "soil": 286.6306149916668, "surfaceWater": 6.0, "sediment": 6.0}, "plant_uptake": 0.0, "name": "Compound -1469349657599629462", "model_specific_data": {}, "metabolites": [{"formation_fraction": 0.2, "metabolite": {"molarMass": 300.0, "water_solubility": 0.00110397896205364, "vapor_pressure": 0.0002898920759325836, "reference_temperature": 20.0, "koc": 381.81087805790844, "freundlich": 0.9635030579593751, "dt50": {"system": 6.0, "soil": 108.98400625389624, "surfaceWater": 6.0, "sediment": 6.0}, "plant_uptake": 0.5, "name": "Compound -2659334295234645712", "model_specific_data": {}, "metabolites": []}}]}}