{"gap": {"type": "relative", "arguments": {"name": "GAP -296091488377847865", "modelCrop": "WC", "rate": 250.0, "apply_every_n_years": 1, "number_of_applications": 2, "interval": 14, "model_specific_data": {}, "bbch": 31, "season": 0}}, "compound": {"molarMass": 300.0, "water_solubility": 0.005607854154860161, "vapor_pressure": 1.2737368912095122e-05, "reference_temperature": 20.0, "koc": 163.15713713583955, "freundlich": 0.7990297412074059, "dt50": {"system": 6.0, "soil": 270.03991030442853, "surfaceWater": 6.0, "sediment": 6.0}, "plant_uptake": 0.0, "name": "Compound -9061508268908517897", "model_specific_data": {}, "metabolites": [{"formation_fraction": 0.2, "metabolite": {"molarMass": 300.0, "water_solubility": 0.07085063212736216, "vapor_pressure": 1.5114059412152157e-05, "reference_temperature": 20.0, "koc": 210.8743124929071, "freundlich": 1.1988649258381867, "dt50": {"system": 6.0, "soil": 183.53370401869634, "surfaceWater": 6.0, "sediment": 6.0}, "plant_uptake": 0.5, "name": "Compound -8104440113782015532", "model_specific_data": {}, "metabolites": []}}]}}