{"gap": {"type": "relative", "arguments": {"name": "GAP -296091488377847865", "modelCrop": "WC", "rate": 250.0, "apply_every_n_years": 1, "number_of_applications": 2, "interval": 14, "model_specific_data": {}, "bbch": 31, "season": 0}}, "compound": {"molarMass": 300.0, "water_solubility": 0.00372936338157206, "vapor_pressure": 8.218744651533487e-07, "reference_temperature": 20.0, "koc": 4761.8171067242365, "freundlich": 0.9356533087714618, "dt50": {"system": 6.0, "soil": 158.9402164454585, "surfaceWater": 6.0, "sediment": 6.0}, "plant_uptake": 0.0, "name": "Compound -3844410960630414596", "model_specific_data": {}, "metabolites": [{"formation_fraction": 0.2, "metabolite": {"molarMass": 300.0, "water_solubility": 0.00035062505331472744, "vapor_pressure": 4.884347431579694e-07, "reference_temperature": 20.0, "koc": 33.75568924801525, "freundlich": 1.072892753914412, "dt50": {"system": 6.0, "soil": 269.80984792411, "surfaceWater": 6.0, "sediment": 6.0}, "plant_uptake": 0.5, "name": "Compound -2835039266413129640", "model_specific_data": {}, "metabolites": []}}]}}