{"gap": {"type": "relative", "arguments": {"name": "GAP -296091488377847865", "modelCrop": "WC", "rate": 250.0, "apply_every_n_years": 1, "number_of_applications": 2, "interval": 14, "model_specific_data": {}, "bbch": 31, "season": 0}}, "compound": {"molarMass": 300.0, "water_solubility": 0.01353521148343533, "vapor_pressure": 1.1782935778738149e-05, "reference_temperature": 20.0, "koc": 639.1239098859626, "freundlich": 0.7519183436578638, "dt50": {"system": 6.0, "soil": 93.39581127058538, "surfaceWater": 6.0, "sediment": 6.0}, "plant_uptake": 0.0, "name": "Compound 3468298940045077550", "model_specific_data": {}, "metabolites": [{"formation_fraction": 0.2, "metabolite": {"molarMass": 300.0, "water_solubility": 0.006544557636809621, "vapor_pressure": 6.252291630199299e-07, "reference_temperature": 20.0, "koc": 482.52630413936333, "freundlich": 0.9016851127725073, "dt50": {"system": 6.0, "soil": 274.099299992578, "surfaceWater": 6.0, "sediment": 6.0}, "plant_uptake": 0.5, "name": "Compound 6825919231588978829", "model_specific_data": {}, "metabolites": []}}]}}