{"gap": {"type": "relative", "arguments": {"name": "GAP -296091488377847865", "modelCrop": "WC", "rate": 250.0, "apply_every_n_years": 1, "number_of_applications": 2, "interval": 14, "model_specific_data": {}, "bbch": 31, "season": 0}}, "compound": {"molarMass": 300.0, "water_solubility": 0.011174280457813, "vapor_pressure": 6.531707408439946e-06, "reference_temperature": 20.0, "koc": 131.4899938735468, "freundlich": 1.0412443707809207, "dt50": {"system": 6.0, "soil": 276.68841335755775, "surfaceWater": 6.0, "sediment": 6.0}, "plant_uptake": 0.0, "name": "Compound -2340929926120276456", "model_specific_data": {}, "metabolites": [{"formation_fraction": 0.2, "metabolite": {"molarMass": 300.0, "water_solubility": 0.016162615658962903, "vapor_pressure": 0.0001970169375204581, "reference_temperature": 20.0, "koc": 3122.1999478945463, "freundlich": 1.0598045169564414, "dt50": {"system": 6.0, "soil": 17.42211842260974, "surfaceWater": 6.0, "sediment": 6.0}, "plant_uptake": 0.5, "name": "Compound 480136762684948010", "model_specific_data": {}, "metabolites": []}}]}}