{"gap": {"type": "relative", "arguments": {"name": "GAP -296091488377847865", "modelCrop": "WC", "rate": 250.0, "apply_every_n_years": 1, "number_of_applications": 2, "interval": 14, "model_specific_data": {}, "bbch": 31, "season": 0}}, "compound": {"molarMass": 300.0, "water_solubility": 0.22009504064463736, "vapor_pressure": 0.00034367785561766805, "reference_temperature": 20.0, "koc": 115.1889182734485, "freundlich": 1.0678731851454764, "dt50": {"system": 6.0, "soil": 145.16726194454412, "surfaceWater": 6.0, "sediment": 6.0}, "plant_uptake": 0.0, "name": "Compound -6052081017394682299", "model_specific_data": {}, "metabolites": [{"formation_fraction": 0.2, "metabolite": {"molarMass": 300.0, "water_solubility": 0.00022463501442704785, "vapor_pressure": 3.220704384309878e-05, "reference_temperature": 20.0, "koc": 32.521083892377, "freundlich": 1.1256684547687699, "dt50": {"system": 6.0, "soil": 20.73663904991455, "surfaceWater": 6.0, "sediment": 6.0}, "plant_uptake": 0.5, "name": "Compound 514244811941833025", "model_specific_data": {}, "metabolites": []}}]}}