{"gap": {"type": "relative", "arguments": {"name": "GAP -296091488377847865", "modelCrop": "WC", "rate": 250.0, "apply_every_n_years": 1, "number_of_applications": 2, "interval": 14, "model_specific_data": {}, "bbch": 31, "season": 0}}, "compound": {"molarMass": 300.0, "water_solubility": 0.0005622899293864839, "vapor_pressure": 1.7058090717988158e-08, "reference_temperature": 20.0, "koc": 453.1523554707693, "freundlich": 1.145192869349359, "dt50": {"system": 6.0, "soil": 64.11016461202311, "surfaceWater": 6.0, "sediment": 6.0}, "plant_uptake": 0.0, "name": "Compound -2796256741701506840", "model_specific_data": {}, "metabolites": [{"formation_fraction": 0.2, "metabolite": {"molarMass": 300.0, "water_solubility": 0.48255882918805765, "vapor_pressure": 4.20782803473209e-07, "reference_temperature": 20.0, "koc": 29.615020978041418, "freundlich": 0.9697806627999135, "dt50": {"system": 6.0, "soil": 47.24785659553919, "surfaceWater": 6.0, "sediment": 6.0}, "plant_uptake": 0.5, "name": "Compound 3542911147633266801", "model_specific_data": {}, "metabolites": []}}]}}