{"gap": {"type": "relative", "arguments": {"name": "GAP -296091488377847865", "modelCrop": "WC", "rate": 250.0, "apply_every_n_years": 1, "number_of_applications": 2, "interval": 14, "model_specific_data": {}, "bbch": 31, "season": 0}}, "compound": {"molarMass": 300.0, "water_solubility": 0.04104228766164054, "vapor_pressure": 0.0002916936641999077, "reference_temperature": 20.0, "koc": 42.51403899090083, "freundlich": 0.8408766009801503, "dt50": {"system": 6.0, "soil": 48.086351625032854, "surfaceWater": 6.0, "sediment": 6.0}, "plant_uptake": 0.0, "name": "Compound 3064258899824359018", "model_specific_data": {}, "metabolites": [{"formation_fraction": 0.2, "metabolite": {"molarMass": 300.0, "water_solubility": 0.007430722853893412, "vapor_pressure": 3.8322813071207383e-07, "reference_temperature": 20.0, "koc": 33.390241339263795, "freundlich": 1.1913689303837653, "dt50": {"system": 6.0, "soil": 294.4641400368941, "surfaceWater": 6.0, "sediment": 6.0}, "plant_uptake": 0.5, "name": "Compound -5554603235337324373", "model_specific_data": {}, "metabolites": []}}]}}