{"gap": {"type": "relative", "arguments": {"name": "GAP -296091488377847865", "modelCrop": "WC", "rate": 250.0, "apply_every_n_years": 1, "number_of_applications": 2, "interval": 14, "model_specific_data": {}, "bbch": 31, "season": 0}}, "compound": {"molarMass": 300.0, "water_solubility": 0.0025574485480370232, "vapor_pressure": 1.48132669712079e-06, "reference_temperature": 20.0, "koc": 163.58676762365744, "freundlich": 0.9584200763609587, "dt50": {"system": 6.0, "soil": 161.15216725451475, "surfaceWater": 6.0, "sediment": 6.0}, "plant_uptake": 0.0, "name": "Compound 7836224247579320126", "model_specific_data": {}, "metabolites": [{"formation_fraction": 0.2, "metabolite": {"molarMass": 300.0, "water_solubility": 0.0027859984549428595, "vapor_pressure": 2.4101600335787934e-07, "reference_temperature": 20.0, "koc": 76.01445372571108, "freundlich": 0.9625881245135507, "dt50": {"system": 6.0, "soil": 298.59424311301785, "surfaceWater": 6.0, "sediment": 6.0}, "plant_uptake": 0.5, "name": "Compound -1787515741625058661", "model_specific_data": {}, "metabolites": []}}]}}