{"gap": {"type": "relative", "arguments": {"name": "GAP -296091488377847865", "modelCrop": "WC", "rate": 250.0, "apply_every_n_years": 1, "number_of_applications": 2, "interval": 14, "model_specific_data": {}, "bbch": 31, "season": 0}}, "compound": {"molarMass": 300.0, "water_solubility": 0.0006498520981390221, "vapor_pressure": 1.6597671798737196e-06, "reference_temperature": 20.0, "koc": 70.24821699004539, "freundlich": 1.0544945811392883, "dt50": {"system": 6.0, "soil": 285.0247584046268, "surfaceWater": 6.0, "sediment": 6.0}, "plant_uptake": 0.0, "name": "Compound -1819301732826228927", "model_specific_data": {}, "metabolites": [{"formation_fraction": 0.2, "metabolite": {"molarMass": 300.0, "water_solubility": 0.034213348698513654, "vapor_pressure": 4.541525162827484e-05, "reference_temperature": 20.0, "koc": 13.264201820646754, "freundlich": 0.8284575872738486, "dt50": {"system": 6.0, "soil": 246.23064981019533, "surfaceWater": 6.0, "sediment": 6.0}, "plant_uptake": 0.5, "name": "Compound -611634950622661732", "model_specific_data": {}, "metabolites": []}}]}}