{"gap": {"type": "relative", "arguments": {"name": "GAP -296091488377847865", "modelCrop": "WC", "rate": 250.0, "apply_every_n_years": 1, "number_of_applications": 2, "interval": 14, "model_specific_data": {}, "bbch": 31, "season": 0}}, "compound": {"molarMass": 300.0, "water_solubility": 0.0012628111230631718, "vapor_pressure": 4.5319525458763805e-07, "reference_temperature": 20.0, "koc": 10.411921671008495, "freundlich": 0.9121221062220906, "dt50": {"system": 6.0, "soil": 7.203440217767078, "surfaceWater": 6.0, "sediment": 6.0}, "plant_uptake": 0.0, "name": "Compound 1517611233657009804", "model_specific_data": {}, "metabolites": [{"formation_fraction": 0.2, "metabolite": {"molarMass": 300.0, "water_solubility": 0.0007335597670938553, "vapor_pressure": 6.413394253771875e-09, "reference_temperature": 20.0, "koc": 406.7920264073427, "freundlich": 1.1587418902572297, "dt50": {"system": 6.0, "soil": 104.66929079472555, "surfaceWater": 6.0, "sediment": 6.0}, "plant_uptake": 0.5, "name": "Compound -4980558249745410948", "model_specific_data": {}, "metabolites": []}}]}}