{"gap": {"type": "relative", "arguments": {"name": "GAP -296091488377847865", "modelCrop": "WC", "rate": 250.0, "apply_every_n_years": 1, "number_of_applications": 2, "interval": 14, "model_specific_data": {}, "bbch": 31, "season": 0}}, "compound": {"molarMass": 300.0, "water_solubility": 0.0005667691137572097, "vapor_pressure": 1.2351250842031657e-06, "reference_temperature": 20.0, "koc": 3407.6115504287995, "freundlich": 0.7947467346618833, "dt50": {"system": 6.0, "soil": 290.2100918130365, "surfaceWater": 6.0, "sediment": 6.0}, "plant_uptake": 0.0, "name": "Compound -5257424258021483547", "model_specific_data": {}, "metabolites": [{"formation_fraction": 0.2, "metabolite": {"molarMass": 300.0, "water_solubility": 0.0006303639833404551, "vapor_pressure": 0.00011031770830689829, "reference_temperature": 20.0, "koc": 18.316495449646624, "freundlich": 1.0270561267204334, "dt50": {"system": 6.0, "soil": 89.4990680898428, "surfaceWater": 6.0, "sediment": 6.0}, "plant_uptake": 0.5, "name": "Compound 373433725373267674", "model_specific_data": {}, "metabolites": []}}]}}