{"gap": {"type": "relative", "arguments": {"name": "GAP -296091488377847865", "modelCrop": "WC", "rate": 250.0, "apply_every_n_years": 1, "number_of_applications": 2, "interval": 14, "model_specific_data": {}, "bbch": 31, "season": 0}}, "compound": {"molarMass": 300.0, "water_solubility": 0.3119492261948453, "vapor_pressure": 2.365748261357973e-05, "reference_temperature": 20.0, "koc": 117.90721275652739, "freundlich": 1.0637758230395238, "dt50": {"system": 6.0, "soil": 213.04194413792533, "surfaceWater": 6.0, "sediment": 6.0}, "plant_uptake": 0.0, "name": "Compound -1959474965837036626", "model_specific_data": {}, "metabolites": [{"formation_fraction": 0.2, "metabolite": {"molarMass": 300.0, "water_solubility": 0.10723225261700815, "vapor_pressure": 3.874401500738643e-08, "reference_temperature": 20.0, "koc": 1678.036733694827, "freundlich": 1.183497312771717, "dt50": {"system": 6.0, "soil": 107.97029037304624, "surfaceWater": 6.0, "sediment": 6.0}, "plant_uptake": 0.5, "name": "Compound -2188256065963896554", "model_specific_data": {}, "metabolites": []}}]}}