{"gap": {"type": "relative", "arguments": {"name": "GAP -296091488377847865", "modelCrop": "WC", "rate": 250.0, "apply_every_n_years": 1, "number_of_applications": 2, "interval": 14, "model_specific_data": {}, "bbch": 31, "season": 0}}, "compound": {"molarMass": 300.0, "water_solubility": 0.00016481672508563295, "vapor_pressure": 0.014891676340779977, "reference_temperature": 20.0, "koc": 26.731878123543158, "freundlich": 0.973533353029602, "dt50": {"system": 6.0, "soil": 226.6092354093953, "surfaceWater": 6.0, "sediment": 6.0}, "plant_uptake": 0.0, "name": "Compound -3227976236434583394", "model_specific_data": {}, "metabolites": [{"formation_fraction": 0.2, "metabolite": {"molarMass": 300.0, "water_solubility": 0.02386599216454517, "vapor_pressure": 5.081038498666026e-05, "reference_temperature": 20.0, "koc": 144.18121785900536, "freundlich": 0.7713969284388407, "dt50": {"system": 6.0, "soil": 97.75276770470101, "surfaceWater": 6.0, "sediment": 6.0}, "plant_uptake": 0.5, "name": "Compound 6535075571924680178", "model_specific_data": {}, "metabolites": []}}]}}