{"gap": {"type": "relative", "arguments": {"name": "GAP -296091488377847865", "modelCrop": "WC", "rate": 250.0, "apply_every_n_years": 1, "number_of_applications": 2, "interval": 14, "model_specific_data": {}, "bbch": 31, "season": 0}}, "compound": {"molarMass": 300.0, "water_solubility": 0.013343512253385491, "vapor_pressure": 7.259092863318123e-06, "reference_temperature": 20.0, "koc": 41.27892830843154, "freundlich": 0.9298749773141268, "dt50": {"system": 6.0, "soil": 43.4576766856672, "surfaceWater": 6.0, "sediment": 6.0}, "plant_uptake": 0.0, "name": "Compound 1226534780443296638", "model_specific_data": {}, "metabolites": [{"formation_fraction": 0.2, "metabolite": {"molarMass": 300.0, "water_solubility": 0.004793636140036059, "vapor_pressure": 0.00010509805543831736, "reference_temperature": 20.0, "koc": 106.45903878100066, "freundlich": 1.1255248557290043, "dt50": {"system": 6.0, "soil": 148.38678472455365, "surfaceWater": 6.0, "sediment": 6.0}, "plant_uptake": 0.5, "name": "Compound -4665852347803573085", "model_specific_data": {}, "metabolites": []}}]}}