{"gap": {"type": "relative", "arguments": {"name": "GAP -296091488377847865", "modelCrop": "WC", "rate": 250.0, "apply_every_n_years": 1, "number_of_applications": 2, "interval": 14, "model_specific_data": {}, "bbch": 31, "season": 0}}, "compound": {"molarMass": 300.0, "water_solubility": 0.14310238948694098, "vapor_pressure": 6.638992215083769e-07, "reference_temperature": 20.0, "koc": 165.08952588646224, "freundlich": 0.9189759874597125, "dt50": {"system": 6.0, "soil": 270.53597966900924, "surfaceWater": 6.0, "sediment": 6.0}, "plant_uptake": 0.0, "name": "Compound -7662371897636117481", "model_specific_data": {}, "metabolites": [{"formation_fraction": 0.2, "metabolite": {"molarMass": 300.0, "water_solubility": 0.004655373448074286, "vapor_pressure": 3.825836965690202e-05, "reference_temperature": 20.0, "koc": 709.9872051461276, "freundlich": 1.1895485769502607, "dt50": {"system": 6.0, "soil": 88.18347676371697, "surfaceWater": 6.0, "sediment": 6.0}, "plant_uptake": 0.5, "name": "Compound 4494168175328194773", "model_specific_data": {}, "metabolites": []}}]}}