{"gap": {"type": "relative", "arguments": {"name": "GAP -296091488377847865", "modelCrop": "WC", "rate": 250.0, "apply_every_n_years": 1, "number_of_applications": 2, "interval": 14, "model_specific_data": {}, "bbch": 31, "season": 0}}, "compound": {"molarMass": 300.0, "water_solubility": 0.03832286510466353, "vapor_pressure": 2.3337727965063166e-05, "reference_temperature": 20.0, "koc": 762.63232348644, "freundlich": 1.1250957165060487, "dt50": {"system": 6.0, "soil": 223.4281933326984, "surfaceWater": 6.0, "sediment": 6.0}, "plant_uptake": 0.0, "name": "Compound 3550126266470610866", "model_specific_data": {}, "metabolites": [{"formation_fraction": 0.2, "metabolite": {"molarMass": 300.0, "water_solubility": 0.4405907744161709, "vapor_pressure": 2.403965450496051e-06, "reference_temperature": 20.0, "koc": 165.42517170821571, "freundlich": 1.0195701376677748, "dt50": {"system": 6.0, "soil": 117.29575799568292, "surfaceWater": 6.0, "sediment": 6.0}, "plant_uptake": 0.5, "name": "Compound 5289859513849418811", "model_specific_data": {}, "metabolites": []}}]}}