{"gap": {"type": "relative", "arguments": {"name": "GAP -296091488377847865", "modelCrop": "WC", "rate": 250.0, "apply_every_n_years": 1, "number_of_applications": 2, "interval": 14, "model_specific_data": {}, "bbch": 31, "season": 0}}, "compound": {"molarMass": 300.0, "water_solubility": 0.007156994462176569, "vapor_pressure": 0.007153021244783652, "reference_temperature": 20.0, "koc": 63.058290784588536, "freundlich": 0.7682388077366906, "dt50": {"system": 6.0, "soil": 201.9051515750658, "surfaceWater": 6.0, "sediment": 6.0}, "plant_uptake": 0.0, "name": "Compound 5257003111128564694", "model_specific_data": {}, "metabolites": [{"formation_fraction": 0.2, "metabolite": {"molarMass": 300.0, "water_solubility": 0.004782048782523921, "vapor_pressure": 8.542736899966042e-06, "reference_temperature": 20.0, "koc": 10.531702957189749, "freundlich": 0.8571650577147704, "dt50": {"system": 6.0, "soil": 17.564004684546106, "surfaceWater": 6.0, "sediment": 6.0}, "plant_uptake": 0.5, "name": "Compound -440641986742441216", "model_specific_data": {}, "metabolites": []}}]}}