{"gap": {"type": "relative", "arguments": {"name": "GAP -296091488377847865", "modelCrop": "WC", "rate": 250.0, "apply_every_n_years": 1, "number_of_applications": 2, "interval": 14, "model_specific_data": {}, "bbch": 31, "season": 0}}, "compound": {"molarMass": 300.0, "water_solubility": 0.0034276464767404027, "vapor_pressure": 0.007001107310427243, "reference_temperature": 20.0, "koc": 18.043826026794704, "freundlich": 0.9506787792160436, "dt50": {"system": 6.0, "soil": 117.24408278207419, "surfaceWater": 6.0, "sediment": 6.0}, "plant_uptake": 0.0, "name": "Compound 210552452223057082", "model_specific_data": {}, "metabolites": [{"formation_fraction": 0.2, "metabolite": {"molarMass": 300.0, "water_solubility": 0.021520381521076874, "vapor_pressure": 0.0026263459563518094, "reference_temperature": 20.0, "koc": 4357.973844074811, "freundlich": 0.979798319768461, "dt50": {"system": 6.0, "soil": 224.30426775051865, "surfaceWater": 6.0, "sediment": 6.0}, "plant_uptake": 0.5, "name": "Compound -7976194729995229291", "model_specific_data": {}, "metabolites": []}}]}}