{"gap": {"type": "relative", "arguments": {"name": "GAP -296091488377847865", "modelCrop": "WC", "rate": 250.0, "apply_every_n_years": 1, "number_of_applications": 2, "interval": 14, "model_specific_data": {}, "bbch": 31, "season": 0}}, "compound": {"molarMass": 300.0, "water_solubility": 0.2450462381160231, "vapor_pressure": 5.542298770289197e-07, "reference_temperature": 20.0, "koc": 45.80690111032533, "freundlich": 1.1806305613816406, "dt50": {"system": 6.0, "soil": 148.37102318063367, "surfaceWater": 6.0, "sediment": 6.0}, "plant_uptake": 0.0, "name": "Compound 5338121555506129218", "model_specific_data": {}, "metabolites": [{"formation_fraction": 0.2, "metabolite": {"molarMass": 300.0, "water_solubility": 0.002173992423112784, "vapor_pressure": 6.945603816431012e-06, "reference_temperature": 20.0, "koc": 41.5735969787119, "freundlich": 1.1029405906868268, "dt50": {"system": 6.0, "soil": 292.5361372520295, "surfaceWater": 6.0, "sediment": 6.0}, "plant_uptake": 0.5, "name": "Compound -7632892980186669170", "model_specific_data": {}, "metabolites": []}}]}}