{"gap": {"type": "relative", "arguments": {"name": "GAP -296091488377847865", "modelCrop": "WC", "rate": 250.0, "apply_every_n_years": 1, "number_of_applications": 2, "interval": 14, "model_specific_data": {}, "bbch": 31, "season": 0}}, "compound": {"molarMass": 300.0, "water_solubility": 0.008523531373462859, "vapor_pressure": 3.3226197078095337e-06, "reference_temperature": 20.0, "koc": 1789.0885403747948, "freundlich": 0.9948875480596564, "dt50": {"system": 6.0, "soil": 142.59569425553724, "surfaceWater": 6.0, "sediment": 6.0}, "plant_uptake": 0.0, "name": "Compound -572902704524081567", "model_specific_data": {}, "metabolites": [{"formation_fraction": 0.2, "metabolite": {"molarMass": 300.0, "water_solubility": 0.5265304049684257, "vapor_pressure": 1.3637075437069142e-05, "reference_temperature": 20.0, "koc": 28.36298695527503, "freundlich": 0.7681176069008047, "dt50": {"system": 6.0, "soil": 196.51818184123533, "surfaceWater": 6.0, "sediment": 6.0}, "plant_uptake": 0.5, "name": "Compound -4657349363684891684", "model_specific_data": {}, "metabolites": []}}]}}