{"gap": {"type": "relative", "arguments": {"name": "GAP -296091488377847865", "modelCrop": "WC", "rate": 250.0, "apply_every_n_years": 1, "number_of_applications": 2, "interval": 14, "model_specific_data": {}, "bbch": 31, "season": 0}}, "compound": {"molarMass": 300.0, "water_solubility": 0.6301732530499343, "vapor_pressure": 0.006911160644828886, "reference_temperature": 20.0, "koc": 1097.4467399766297, "freundlich": 0.7819928766893564, "dt50": {"system": 6.0, "soil": 261.9570092815677, "surfaceWater": 6.0, "sediment": 6.0}, "plant_uptake": 0.0, "name": "Compound 1078748984744400747", "model_specific_data": {}, "metabolites": [{"formation_fraction": 0.2, "metabolite": {"molarMass": 300.0, "water_solubility": 0.06202005243098731, "vapor_pressure": 4.8626067967909075e-08, "reference_temperature": 20.0, "koc": 1805.669066937785, "freundlich": 0.7964561259328017, "dt50": {"system": 6.0, "soil": 238.76161247724306, "surfaceWater": 6.0, "sediment": 6.0}, "plant_uptake": 0.5, "name": "Compound 5956231701906315875", "model_specific_data": {}, "metabolites": []}}]}}