{"gap": {"type": "relative", "arguments": {"name": "GAP -296091488377847865", "modelCrop": "WC", "rate": 250.0, "apply_every_n_years": 1, "number_of_applications": 2, "interval": 14, "model_specific_data": {}, "bbch": 31, "season": 0}}, "compound": {"molarMass": 300.0, "water_solubility": 0.06998136953222128, "vapor_pressure": 1.9184235721424372e-05, "reference_temperature": 20.0, "koc": 346.4302325318109, "freundlich": 0.728136287265585, "dt50": {"system": 6.0, "soil": 159.69610843106182, "surfaceWater": 6.0, "sediment": 6.0}, "plant_uptake": 0.0, "name": "Compound 4355367017398261193", "model_specific_data": {}, "metabolites": [{"formation_fraction": 0.2, "metabolite": {"molarMass": 300.0, "water_solubility": 0.002232929183456405, "vapor_pressure": 0.0026434542025332713, "reference_temperature": 20.0, "koc": 481.1909214793605, "freundlich": 0.7996678689445704, "dt50": {"system": 6.0, "soil": 179.42624636319044, "surfaceWater": 6.0, "sediment": 6.0}, "plant_uptake": 0.5, "name": "Compound -8983202786064708492", "model_specific_data": {}, "metabolites": []}}]}}