{"gap": {"type": "relative", "arguments": {"name": "GAP -296091488377847865", "modelCrop": "WC", "rate": 250.0, "apply_every_n_years": 1, "number_of_applications": 2, "interval": 14, "model_specific_data": {}, "bbch": 31, "season": 0}}, "compound": {"molarMass": 300.0, "water_solubility": 0.0011223803200873586, "vapor_pressure": 0.00023922568157642553, "reference_temperature": 20.0, "koc": 3420.475379742697, "freundlich": 0.7902943977683228, "dt50": {"system": 6.0, "soil": 99.84134312786641, "surfaceWater": 6.0, "sediment": 6.0}, "plant_uptake": 0.0, "name": "Compound 7928761376940578226", "model_specific_data": {}, "metabolites": [{"formation_fraction": 0.2, "metabolite": {"molarMass": 300.0, "water_solubility": 0.17686879052782087, "vapor_pressure": 4.6284667170078555e-07, "reference_temperature": 20.0, "koc": 2436.334568289819, "freundlich": 0.7550535687985, "dt50": {"system": 6.0, "soil": 69.87414095383528, "surfaceWater": 6.0, "sediment": 6.0}, "plant_uptake": 0.5, "name": "Compound -911263855460599605", "model_specific_data": {}, "metabolites": []}}]}}