{"gap": {"type": "relative", "arguments": {"name": "GAP -296091488377847865", "modelCrop": "WC", "rate": 250.0, "apply_every_n_years": 1, "number_of_applications": 2, "interval": 14, "model_specific_data": {}, "bbch": 31, "season": 0}}, "compound": {"molarMass": 300.0, "water_solubility": 0.008273615395056663, "vapor_pressure": 5.5144721293512635e-08, "reference_temperature": 20.0, "koc": 1353.2374817214593, "freundlich": 1.1011142705702168, "dt50": {"system": 6.0, "soil": 199.40734218268588, "surfaceWater": 6.0, "sediment": 6.0}, "plant_uptake": 0.0, "name": "Compound 5115335673331670277", "model_specific_data": {}, "metabolites": [{"formation_fraction": 0.2, "metabolite": {"molarMass": 300.0, "water_solubility": 0.05403718696665664, "vapor_pressure": 1.906221110464137e-05, "reference_temperature": 20.0, "koc": 36.92515064353035, "freundlich": 1.0643293429430072, "dt50": {"system": 6.0, "soil": 139.21012882364022, "surfaceWater": 6.0, "sediment": 6.0}, "plant_uptake": 0.5, "name": "Compound 112963198299594689", "model_specific_data": {}, "metabolites": []}}]}}