{"gap": {"type": "relative", "arguments": {"name": "GAP -296091488377847865", "modelCrop": "WC", "rate": 250.0, "apply_every_n_years": 1, "number_of_applications": 2, "interval": 14, "model_specific_data": {}, "bbch": 31, "season": 0}}, "compound": {"molarMass": 300.0, "water_solubility": 0.10536184876870143, "vapor_pressure": 8.814195115141306e-09, "reference_temperature": 20.0, "koc": 165.5141412845077, "freundlich": 0.9572278233630184, "dt50": {"system": 6.0, "soil": 125.11922291983207, "surfaceWater": 6.0, "sediment": 6.0}, "plant_uptake": 0.0, "name": "Compound 3579408006601783726", "model_specific_data": {}, "metabolites": [{"formation_fraction": 0.2, "metabolite": {"molarMass": 300.0, "water_solubility": 0.0005347360387317447, "vapor_pressure": 1.805557590105181e-05, "reference_temperature": 20.0, "koc": 34.64472884948395, "freundlich": 0.7572076975652744, "dt50": {"system": 6.0, "soil": 4.730679877326799, "surfaceWater": 6.0, "sediment": 6.0}, "plant_uptake": 0.5, "name": "Compound 5564495096686832944", "model_specific_data": {}, "metabolites": []}}]}}