{"gap": {"type": "relative", "arguments": {"name": "GAP -296091488377847865", "modelCrop": "WC", "rate": 250.0, "apply_every_n_years": 1, "number_of_applications": 2, "interval": 14, "model_specific_data": {}, "bbch": 31, "season": 0}}, "compound": {"molarMass": 300.0, "water_solubility": 0.02605555889536128, "vapor_pressure": 5.6780454696148485e-05, "reference_temperature": 20.0, "koc": 111.97715845332061, "freundlich": 0.7129512516271349, "dt50": {"system": 6.0, "soil": 223.17263816372326, "surfaceWater": 6.0, "sediment": 6.0}, "plant_uptake": 0.0, "name": "Compound 3789372622389387308", "model_specific_data": {}, "metabolites": [{"formation_fraction": 0.2, "metabolite": {"molarMass": 300.0, "water_solubility": 0.005001106817873247, "vapor_pressure": 1.4923269061741683e-07, "reference_temperature": 20.0, "koc": 305.626479639612, "freundlich": 1.0660286429096155, "dt50": {"system": 6.0, "soil": 281.0544708082221, "surfaceWater": 6.0, "sediment": 6.0}, "plant_uptake": 0.5, "name": "Compound -7531127870516262542", "model_specific_data": {}, "metabolites": []}}]}}