{"gap": {"type": "relative", "arguments": {"name": "GAP -296091488377847865", "modelCrop": "WC", "rate": 250.0, "apply_every_n_years": 1, "number_of_applications": 2, "interval": 14, "model_specific_data": {}, "bbch": 31, "season": 0}}, "compound": {"molarMass": 300.0, "water_solubility": 0.01879891639858243, "vapor_pressure": 6.153385129104404e-07, "reference_temperature": 20.0, "koc": 52.768980351827686, "freundlich": 1.0286615831892432, "dt50": {"system": 6.0, "soil": 166.51009537441772, "surfaceWater": 6.0, "sediment": 6.0}, "plant_uptake": 0.0, "name": "Compound 438905031377943753", "model_specific_data": {}, "metabolites": [{"formation_fraction": 0.2, "metabolite": {"molarMass": 300.0, "water_solubility": 0.00015161631089440674, "vapor_pressure": 6.97109573452827e-06, "reference_temperature": 20.0, "koc": 606.0232191832388, "freundlich": 1.0343506055051674, "dt50": {"system": 6.0, "soil": 118.4647232051723, "surfaceWater": 6.0, "sediment": 6.0}, "plant_uptake": 0.5, "name": "Compound 7711634805475393464", "model_specific_data": {}, "metabolites": []}}]}}