{"gap": {"type": "relative", "arguments": {"name": "GAP -296091488377847865", "modelCrop": "WC", "rate": 250.0, "apply_every_n_years": 1, "number_of_applications": 2, "interval": 14, "model_specific_data": {}, "bbch": 31, "season": 0}}, "compound": {"molarMass": 300.0, "water_solubility": 0.14515047617683902, "vapor_pressure": 2.940278431593415e-07, "reference_temperature": 20.0, "koc": 709.330502451204, "freundlich": 0.9359230906574851, "dt50": {"system": 6.0, "soil": 85.0355058728091, "surfaceWater": 6.0, "sediment": 6.0}, "plant_uptake": 0.0, "name": "Compound 8289090875584800497", "model_specific_data": {}, "metabolites": [{"formation_fraction": 0.2, "metabolite": {"molarMass": 300.0, "water_solubility": 0.0005675289124173023, "vapor_pressure": 1.3916751616227074e-05, "reference_temperature": 20.0, "koc": 565.3336063530866, "freundlich": 1.0440230957750742, "dt50": {"system": 6.0, "soil": 78.68429995903104, "surfaceWater": 6.0, "sediment": 6.0}, "plant_uptake": 0.5, "name": "Compound 3276407789957971536", "model_specific_data": {}, "metabolites": []}}]}}