{"gap": {"type": "relative", "arguments": {"name": "GAP -296091488377847865", "modelCrop": "WC", "rate": 250.0, "apply_every_n_years": 1, "number_of_applications": 2, "interval": 14, "model_specific_data": {}, "bbch": 31, "season": 0}}, "compound": {"molarMass": 300.0, "water_solubility": 0.058835227077879367, "vapor_pressure": 4.556885892834331e-05, "reference_temperature": 20.0, "koc": 748.8461260104507, "freundlich": 0.8317926417456261, "dt50": {"system": 6.0, "soil": 265.1536319413197, "surfaceWater": 6.0, "sediment": 6.0}, "plant_uptake": 0.0, "name": "Compound -3231449382615283866", "model_specific_data": {}, "metabolites": [{"formation_fraction": 0.2, "metabolite": {"molarMass": 300.0, "water_solubility": 0.03390277818607485, "vapor_pressure": 5.448896890213521e-06, "reference_temperature": 20.0, "koc": 174.75428667415414, "freundlich": 0.9414275082656607, "dt50": {"system": 6.0, "soil": 182.3748849166865, "surfaceWater": 6.0, "sediment": 6.0}, "plant_uptake": 0.5, "name": "Compound 1771462017708128064", "model_specific_data": {}, "metabolites": []}}]}}