{"gap": {"type": "relative", "arguments": {"name": "GAP -296091488377847865", "modelCrop": "WC", "rate": 250.0, "apply_every_n_years": 1, "number_of_applications": 2, "interval": 14, "model_specific_data": {}, "bbch": 31, "season": 0}}, "compound": {"molarMass": 300.0, "water_solubility": 0.42038299078738717, "vapor_pressure": 1.1930914486484598e-06, "reference_temperature": 20.0, "koc": 25.423433419198457, "freundlich": 0.9071280109743478, "dt50": {"system": 6.0, "soil": 158.58174587602753, "surfaceWater": 6.0, "sediment": 6.0}, "plant_uptake": 0.0, "name": "Compound 4293415071617050085", "model_specific_data": {}, "metabolites": [{"formation_fraction": 0.2, "metabolite": {"molarMass": 300.0, "water_solubility": 0.7041134911995456, "vapor_pressure": 0.00014938248061460827, "reference_temperature": 20.0, "koc": 4489.026325157244, "freundlich": 1.157318889357409, "dt50": {"system": 6.0, "soil": 255.35811067803135, "surfaceWater": 6.0, "sediment": 6.0}, "plant_uptake": 0.5, "name": "Compound 527883281977426258", "model_specific_data": {}, "metabolites": []}}]}}