{"gap": {"type": "relative", "arguments": {"name": "GAP -296091488377847865", "modelCrop": "WC", "rate": 250.0, "apply_every_n_years": 1, "number_of_applications": 2, "interval": 14, "model_specific_data": {}, "bbch": 31, "season": 0}}, "compound": {"molarMass": 300.0, "water_solubility": 0.0003226156438061, "vapor_pressure": 3.176420015851749e-06, "reference_temperature": 20.0, "koc": 17.104284770902396, "freundlich": 0.7098564040548017, "dt50": {"system": 6.0, "soil": 98.63622315382581, "surfaceWater": 6.0, "sediment": 6.0}, "plant_uptake": 0.0, "name": "Compound 3379760096676075586", "model_specific_data": {}, "metabolites": [{"formation_fraction": 0.2, "metabolite": {"molarMass": 300.0, "water_solubility": 0.05746307260156666, "vapor_pressure": 6.35239109844221e-07, "reference_temperature": 20.0, "koc": 85.8273654287073, "freundlich": 1.0609013469349389, "dt50": {"system": 6.0, "soil": 219.60607814357314, "surfaceWater": 6.0, "sediment": 6.0}, "plant_uptake": 0.5, "name": "Compound -5573447862639102679", "model_specific_data": {}, "metabolites": []}}]}}