{"gap": {"type": "relative", "arguments": {"name": "GAP -296091488377847865", "modelCrop": "WC", "rate": 250.0, "apply_every_n_years": 1, "number_of_applications": 2, "interval": 14, "model_specific_data": {}, "bbch": 31, "season": 0}}, "compound": {"molarMass": 300.0, "water_solubility": 0.02290000973518822, "vapor_pressure": 1.1040592286143268e-06, "reference_temperature": 20.0, "koc": 204.19704854308193, "freundlich": 1.017123056626497, "dt50": {"system": 6.0, "soil": 81.09334697520092, "surfaceWater": 6.0, "sediment": 6.0}, "plant_uptake": 0.0, "name": "Compound -8242265097452734754", "model_specific_data": {}, "metabolites": [{"formation_fraction": 0.2, "metabolite": {"molarMass": 300.0, "water_solubility": 0.012392166330920499, "vapor_pressure": 3.610929566789804e-06, "reference_temperature": 20.0, "koc": 86.11192070120703, "freundlich": 0.9369341297789552, "dt50": {"system": 6.0, "soil": 54.000356003054314, "surfaceWater": 6.0, "sediment": 6.0}, "plant_uptake": 0.5, "name": "Compound 6157010716638170840", "model_specific_data": {}, "metabolites": []}}]}}