{"gap": {"type": "relative", "arguments": {"name": "GAP -296091488377847865", "modelCrop": "WC", "rate": 250.0, "apply_every_n_years": 1, "number_of_applications": 2, "interval": 14, "model_specific_data": {}, "bbch": 31, "season": 0}}, "compound": {"molarMass": 300.0, "water_solubility": 0.0005036638330624955, "vapor_pressure": 2.3264479474495666e-05, "reference_temperature": 20.0, "koc": 4251.973939872454, "freundlich": 0.8723389563250314, "dt50": {"system": 6.0, "soil": 169.9748041013622, "surfaceWater": 6.0, "sediment": 6.0}, "plant_uptake": 0.0, "name": "Compound -5737608578007369997", "model_specific_data": {}, "metabolites": [{"formation_fraction": 0.2, "metabolite": {"molarMass": 300.0, "water_solubility": 0.018999178723186128, "vapor_pressure": 9.410171225773266e-05, "reference_temperature": 20.0, "koc": 271.9946938267937, "freundlich": 1.0080776666103852, "dt50": {"system": 6.0, "soil": 244.4726934309492, "surfaceWater": 6.0, "sediment": 6.0}, "plant_uptake": 0.5, "name": "Compound -415183438524288298", "model_specific_data": {}, "metabolites": []}}]}}