{"gap": {"type": "relative", "arguments": {"name": "GAP -296091488377847865", "modelCrop": "WC", "rate": 250.0, "apply_every_n_years": 1, "number_of_applications": 2, "interval": 14, "model_specific_data": {}, "bbch": 31, "season": 0}}, "compound": {"molarMass": 300.0, "water_solubility": 0.002670491216161594, "vapor_pressure": 2.7686858330484e-05, "reference_temperature": 20.0, "koc": 24.197738420533028, "freundlich": 1.1710429051369142, "dt50": {"system": 6.0, "soil": 8.059273663298727, "surfaceWater": 6.0, "sediment": 6.0}, "plant_uptake": 0.0, "name": "Compound 298969137346466960", "model_specific_data": {}, "metabolites": [{"formation_fraction": 0.2, "metabolite": {"molarMass": 300.0, "water_solubility": 0.0007338376839184037, "vapor_pressure": 1.701845957174704e-05, "reference_temperature": 20.0, "koc": 111.36571150937696, "freundlich": 1.174993471468266, "dt50": {"system": 6.0, "soil": 174.62072502025103, "surfaceWater": 6.0, "sediment": 6.0}, "plant_uptake": 0.5, "name": "Compound 6515423545370515948", "model_specific_data": {}, "metabolites": []}}]}}