{"gap": {"type": "relative", "arguments": {"name": "GAP -296091488377847865", "modelCrop": "WC", "rate": 250.0, "apply_every_n_years": 1, "number_of_applications": 2, "interval": 14, "model_specific_data": {}, "bbch": 31, "season": 0}}, "compound": {"molarMass": 300.0, "water_solubility": 0.008975207064448308, "vapor_pressure": 4.963344987069137e-08, "reference_temperature": 20.0, "koc": 50.67023439760257, "freundlich": 0.9876318513086737, "dt50": {"system": 6.0, "soil": 166.70174101233465, "surfaceWater": 6.0, "sediment": 6.0}, "plant_uptake": 0.0, "name": "Compound -7885058336841580122", "model_specific_data": {}, "metabolites": [{"formation_fraction": 0.2, "metabolite": {"molarMass": 300.0, "water_solubility": 8.359435195852389e-05, "vapor_pressure": 1.2316673066049191e-08, "reference_temperature": 20.0, "koc": 92.01597383572737, "freundlich": 1.0190716850873736, "dt50": {"system": 6.0, "soil": 128.97875444175628, "surfaceWater": 6.0, "sediment": 6.0}, "plant_uptake": 0.5, "name": "Compound -1924195864389121087", "model_specific_data": {}, "metabolites": []}}]}}