{"gap": {"type": "relative", "arguments": {"name": "GAP -296091488377847865", "modelCrop": "WC", "rate": 250.0, "apply_every_n_years": 1, "number_of_applications": 2, "interval": 14, "model_specific_data": {}, "bbch": 31, "season": 0}}, "compound": {"molarMass": 300.0, "water_solubility": 0.04564740985070662, "vapor_pressure": 0.002821085326345839, "reference_temperature": 20.0, "koc": 47.99020893717187, "freundlich": 1.1591033372635895, "dt50": {"system": 6.0, "soil": 231.10400309855584, "surfaceWater": 6.0, "sediment": 6.0}, "plant_uptake": 0.0, "name": "Compound 1686847571813789572", "model_specific_data": {}, "metabolites": [{"formation_fraction": 0.2, "metabolite": {"molarMass": 300.0, "water_solubility": 0.0020245887053615373, "vapor_pressure": 1.1202428325125412e-05, "reference_temperature": 20.0, "koc": 64.56440505839919, "freundlich": 0.7398502873095345, "dt50": {"system": 6.0, "soil": 238.00211165535197, "surfaceWater": 6.0, "sediment": 6.0}, "plant_uptake": 0.5, "name": "Compound -5110636655268335108", "model_specific_data": {}, "metabolites": []}}]}}