{"gap": {"type": "relative", "arguments": {"name": "GAP -296091488377847865", "modelCrop": "WC", "rate": 250.0, "apply_every_n_years": 1, "number_of_applications": 2, "interval": 14, "model_specific_data": {}, "bbch": 31, "season": 0}}, "compound": {"molarMass": 300.0, "water_solubility": 0.009215417031869606, "vapor_pressure": 2.600214879038075e-05, "reference_temperature": 20.0, "koc": 124.51405210976465, "freundlich": 0.7430054051907833, "dt50": {"system": 6.0, "soil": 38.09192414402261, "surfaceWater": 6.0, "sediment": 6.0}, "plant_uptake": 0.0, "name": "Compound -23047718642973553", "model_specific_data": {}, "metabolites": [{"formation_fraction": 0.2, "metabolite": {"molarMass": 300.0, "water_solubility": 0.015524984261446724, "vapor_pressure": 1.569796998455121e-08, "reference_temperature": 20.0, "koc": 1446.3722121445278, "freundlich": 0.7634498917272133, "dt50": {"system": 6.0, "soil": 66.30446990844663, "surfaceWater": 6.0, "sediment": 6.0}, "plant_uptake": 0.5, "name": "Compound -2888287731163818778", "model_specific_data": {}, "metabolites": []}}]}}