{"gap": {"type": "relative", "arguments": {"name": "GAP -296091488377847865", "modelCrop": "WC", "rate": 250.0, "apply_every_n_years": 1, "number_of_applications": 2, "interval": 14, "model_specific_data": {}, "bbch": 31, "season": 0}}, "compound": {"molarMass": 300.0, "water_solubility": 0.06701366282730108, "vapor_pressure": 3.3774824403051066e-05, "reference_temperature": 20.0, "koc": 1563.5093009484817, "freundlich": 0.9181645454355457, "dt50": {"system": 6.0, "soil": 51.123343252926134, "surfaceWater": 6.0, "sediment": 6.0}, "plant_uptake": 0.0, "name": "Compound -713547441151811730", "model_specific_data": {}, "metabolites": [{"formation_fraction": 0.2, "metabolite": {"molarMass": 300.0, "water_solubility": 0.00020461378993547782, "vapor_pressure": 1.7984904874583125e-07, "reference_temperature": 20.0, "koc": 1517.4720266778493, "freundlich": 0.86025947346331, "dt50": {"system": 6.0, "soil": 177.1425692358753, "surfaceWater": 6.0, "sediment": 6.0}, "plant_uptake": 0.5, "name": "Compound 1839004624033331841", "model_specific_data": {}, "metabolites": []}}]}}