{"gap": {"type": "relative", "arguments": {"name": "GAP -296091488377847865", "modelCrop": "WC", "rate": 250.0, "apply_every_n_years": 1, "number_of_applications": 2, "interval": 14, "model_specific_data": {}, "bbch": 31, "season": 0}}, "compound": {"molarMass": 300.0, "water_solubility": 0.013746426597871663, "vapor_pressure": 3.7112857011848084e-05, "reference_temperature": 20.0, "koc": 1175.8445896389178, "freundlich": 1.0166355305423627, "dt50": {"system": 6.0, "soil": 115.17296542614692, "surfaceWater": 6.0, "sediment": 6.0}, "plant_uptake": 0.0, "name": "Compound 4138403651054830491", "model_specific_data": {}, "metabolites": [{"formation_fraction": 0.2, "metabolite": {"molarMass": 300.0, "water_solubility": 0.06140060366017018, "vapor_pressure": 0.0014821861579011656, "reference_temperature": 20.0, "koc": 794.735387433446, "freundlich": 0.7247521105542388, "dt50": {"system": 6.0, "soil": 261.71100947722965, "surfaceWater": 6.0, "sediment": 6.0}, "plant_uptake": 0.5, "name": "Compound -6299315123414086175", "model_specific_data": {}, "metabolites": []}}]}}