{"gap": {"type": "relative", "arguments": {"name": "GAP -296091488377847865", "modelCrop": "WC", "rate": 250.0, "apply_every_n_years": 1, "number_of_applications": 2, "interval": 14, "model_specific_data": {}, "bbch": 31, "season": 0}}, "compound": {"molarMass": 300.0, "water_solubility": 0.0014827944470571603, "vapor_pressure": 2.481284739637488e-05, "reference_temperature": 20.0, "koc": 976.8257070238126, "freundlich": 0.7046030478069546, "dt50": {"system": 6.0, "soil": 51.91620731414202, "surfaceWater": 6.0, "sediment": 6.0}, "plant_uptake": 0.0, "name": "Compound 2916172938961741241", "model_specific_data": {}, "metabolites": [{"formation_fraction": 0.2, "metabolite": {"molarMass": 300.0, "water_solubility": 0.002582715386693224, "vapor_pressure": 1.6510386524264838e-06, "reference_temperature": 20.0, "koc": 104.48816233325702, "freundlich": 1.0489199022552087, "dt50": {"system": 6.0, "soil": 195.4467833660615, "surfaceWater": 6.0, "sediment": 6.0}, "plant_uptake": 0.5, "name": "Compound -3285304139717779363", "model_specific_data": {}, "metabolites": []}}]}}