{"gap": {"type": "relative", "arguments": {"name": "GAP -296091488377847865", "modelCrop": "WC", "rate": 250.0, "apply_every_n_years": 1, "number_of_applications": 2, "interval": 14, "model_specific_data": {}, "bbch": 31, "season": 0}}, "compound": {"molarMass": 300.0, "water_solubility": 0.0015079523083785995, "vapor_pressure": 0.000554631233874456, "reference_temperature": 20.0, "koc": 2547.506082267829, "freundlich": 0.9957221924255264, "dt50": {"system": 6.0, "soil": 85.47918963630336, "surfaceWater": 6.0, "sediment": 6.0}, "plant_uptake": 0.0, "name": "Compound -4988885593583211902", "model_specific_data": {}, "metabolites": [{"formation_fraction": 0.2, "metabolite": {"molarMass": 300.0, "water_solubility": 0.0024635065787371735, "vapor_pressure": 4.831804049762112e-06, "reference_temperature": 20.0, "koc": 61.64958346092826, "freundlich": 0.9840183033601373, "dt50": {"system": 6.0, "soil": 207.2144683510592, "surfaceWater": 6.0, "sediment": 6.0}, "plant_uptake": 0.5, "name": "Compound 5459516388506128169", "model_specific_data": {}, "metabolites": []}}]}}