{"gap": {"type": "relative", "arguments": {"name": "GAP -296091488377847865", "modelCrop": "WC", "rate": 250.0, "apply_every_n_years": 1, "number_of_applications": 2, "interval": 14, "model_specific_data": {}, "bbch": 31, "season": 0}}, "compound": {"molarMass": 300.0, "water_solubility": 0.0776508579528798, "vapor_pressure": 3.77273342197494e-07, "reference_temperature": 20.0, "koc": 125.68854318404607, "freundlich": 1.1961002622505168, "dt50": {"system": 6.0, "soil": 272.105256206733, "surfaceWater": 6.0, "sediment": 6.0}, "plant_uptake": 0.0, "name": "Compound -6942169014990431935", "model_specific_data": {}, "metabolites": [{"formation_fraction": 0.2, "metabolite": {"molarMass": 300.0, "water_solubility": 0.015118215479137812, "vapor_pressure": 2.040195949340488e-06, "reference_temperature": 20.0, "koc": 590.8545767864354, "freundlich": 0.7118044463481328, "dt50": {"system": 6.0, "soil": 212.24041091029227, "surfaceWater": 6.0, "sediment": 6.0}, "plant_uptake": 0.5, "name": "Compound 3792373255615069983", "model_specific_data": {}, "metabolites": []}}]}}