{"gap": {"type": "relative", "arguments": {"name": "GAP -296091488377847865", "modelCrop": "WC", "rate": 250.0, "apply_every_n_years": 1, "number_of_applications": 2, "interval": 14, "model_specific_data": {}, "bbch": 31, "season": 0}}, "compound": {"molarMass": 300.0, "water_solubility": 0.014633607823319865, "vapor_pressure": 8.219181789343855e-06, "reference_temperature": 20.0, "koc": 16.044986758411873, "freundlich": 1.1444884094874341, "dt50": {"system": 6.0, "soil": 263.34635210300365, "surfaceWater": 6.0, "sediment": 6.0}, "plant_uptake": 0.0, "name": "Compound 81886533978100720", "model_specific_data": {}, "metabolites": [{"formation_fraction": 0.2, "metabolite": {"molarMass": 300.0, "water_solubility": 0.1245003799927122, "vapor_pressure": 4.518380364574409e-06, "reference_temperature": 20.0, "koc": 173.07320072895524, "freundlich": 1.1442956980015668, "dt50": {"system": 6.0, "soil": 262.400694600739, "surfaceWater": 6.0, "sediment": 6.0}, "plant_uptake": 0.5, "name": "Compound -975898619185339057", "model_specific_data": {}, "metabolites": []}}]}}