{"gap": {"type": "relative", "arguments": {"name": "GAP -296091488377847865", "modelCrop": "WC", "rate": 250.0, "apply_every_n_years": 1, "number_of_applications": 2, "interval": 14, "model_specific_data": {}, "bbch": 31, "season": 0}}, "compound": {"molarMass": 300.0, "water_solubility": 0.014323387165397484, "vapor_pressure": 9.152880615289213e-07, "reference_temperature": 20.0, "koc": 2587.159381006096, "freundlich": 1.0677301166200075, "dt50": {"system": 6.0, "soil": 134.2014366388271, "surfaceWater": 6.0, "sediment": 6.0}, "plant_uptake": 0.0, "name": "Compound -9081824716383449394", "model_specific_data": {}, "metabolites": [{"formation_fraction": 0.2, "metabolite": {"molarMass": 300.0, "water_solubility": 0.00040137022974584606, "vapor_pressure": 0.00028879965696658244, "reference_temperature": 20.0, "koc": 1580.122699909575, "freundlich": 1.0591401249012664, "dt50": {"system": 6.0, "soil": 39.395968062747436, "surfaceWater": 6.0, "sediment": 6.0}, "plant_uptake": 0.5, "name": "Compound -4778575438463828779", "model_specific_data": {}, "metabolites": []}}]}}