{"gap": {"type": "relative", "arguments": {"name": "GAP -296091488377847865", "modelCrop": "WC", "rate": 250.0, "apply_every_n_years": 1, "number_of_applications": 2, "interval": 14, "model_specific_data": {}, "bbch": 31, "season": 0}}, "compound": {"molarMass": 300.0, "water_solubility": 0.002621534103060543, "vapor_pressure": 3.744762275232536e-05, "reference_temperature": 20.0, "koc": 264.2063449000894, "freundlich": 0.7185455066954453, "dt50": {"system": 6.0, "soil": 262.35447337946044, "surfaceWater": 6.0, "sediment": 6.0}, "plant_uptake": 0.0, "name": "Compound -6715177533050529146", "model_specific_data": {}, "metabolites": [{"formation_fraction": 0.2, "metabolite": {"molarMass": 300.0, "water_solubility": 0.12950044242554049, "vapor_pressure": 0.0009083657935182148, "reference_temperature": 20.0, "koc": 2582.065848909501, "freundlich": 0.7957674946481315, "dt50": {"system": 6.0, "soil": 158.2515856001954, "surfaceWater": 6.0, "sediment": 6.0}, "plant_uptake": 0.5, "name": "Compound -6915125454635647384", "model_specific_data": {}, "metabolites": []}}]}}