{"gap": {"type": "relative", "arguments": {"name": "GAP -296091488377847865", "modelCrop": "WC", "rate": 250.0, "apply_every_n_years": 1, "number_of_applications": 2, "interval": 14, "model_specific_data": {}, "bbch": 31, "season": 0}}, "compound": {"molarMass": 300.0, "water_solubility": 0.01651465308825158, "vapor_pressure": 2.8832265675437074e-09, "reference_temperature": 20.0, "koc": 11.735132353997592, "freundlich": 0.9982314762013826, "dt50": {"system": 6.0, "soil": 207.7744295962601, "surfaceWater": 6.0, "sediment": 6.0}, "plant_uptake": 0.0, "name": "Compound 8837981230160648689", "model_specific_data": {}, "metabolites": [{"formation_fraction": 0.2, "metabolite": {"molarMass": 300.0, "water_solubility": 0.06073431445077828, "vapor_pressure": 2.541530057141134e-05, "reference_temperature": 20.0, "koc": 21.711511968425057, "freundlich": 0.7855402667450513, "dt50": {"system": 6.0, "soil": 36.123572611755314, "surfaceWater": 6.0, "sediment": 6.0}, "plant_uptake": 0.5, "name": "Compound 3074288355465895597", "model_specific_data": {}, "metabolites": []}}]}}