{"gap": {"type": "relative", "arguments": {"name": "GAP -296091488377847865", "modelCrop": "WC", "rate": 250.0, "apply_every_n_years": 1, "number_of_applications": 2, "interval": 14, "model_specific_data": {}, "bbch": 31, "season": 0}}, "compound": {"molarMass": 300.0, "water_solubility": 0.0005357076925752036, "vapor_pressure": 9.050127310615264e-09, "reference_temperature": 20.0, "koc": 527.278388604489, "freundlich": 0.9934556683966119, "dt50": {"system": 6.0, "soil": 153.30903543138297, "surfaceWater": 6.0, "sediment": 6.0}, "plant_uptake": 0.0, "name": "Compound -4570741184001439054", "model_specific_data": {}, "metabolites": [{"formation_fraction": 0.2, "metabolite": {"molarMass": 300.0, "water_solubility": 0.002618004563728761, "vapor_pressure": 2.3864733420918213e-06, "reference_temperature": 20.0, "koc": 97.34196556098594, "freundlich": 0.8568963840516169, "dt50": {"system": 6.0, "soil": 256.9249099412156, "surfaceWater": 6.0, "sediment": 6.0}, "plant_uptake": 0.5, "name": "Compound -8500624496322607613", "model_specific_data": {}, "metabolites": []}}]}}