{"gap": {"type": "relative", "arguments": {"name": "GAP -296091488377847865", "modelCrop": "WC", "rate": 250.0, "apply_every_n_years": 1, "number_of_applications": 2, "interval": 14, "model_specific_data": {}, "bbch": 31, "season": 0}}, "compound": {"molarMass": 300.0, "water_solubility": 0.010361320475031483, "vapor_pressure": 1.2918123713466418e-05, "reference_temperature": 20.0, "koc": 1557.3206047178094, "freundlich": 1.1843925032615026, "dt50": {"system": 6.0, "soil": 260.26140134571153, "surfaceWater": 6.0, "sediment": 6.0}, "plant_uptake": 0.0, "name": "Compound -8033142460564320343", "model_specific_data": {}, "metabolites": [{"formation_fraction": 0.2, "metabolite": {"molarMass": 300.0, "water_solubility": 0.05364564709454837, "vapor_pressure": 0.00020971700664468336, "reference_temperature": 20.0, "koc": 166.71221599196224, "freundlich": 0.8776638694023761, "dt50": {"system": 6.0, "soil": 222.80474902878262, "surfaceWater": 6.0, "sediment": 6.0}, "plant_uptake": 0.5, "name": "Compound 8002833222227853637", "model_specific_data": {}, "metabolites": []}}]}}