{"gap": {"type": "relative", "arguments": {"name": "GAP -296091488377847865", "modelCrop": "WC", "rate": 250.0, "apply_every_n_years": 1, "number_of_applications": 2, "interval": 14, "model_specific_data": {}, "bbch": 31, "season": 0}}, "compound": {"molarMass": 300.0, "water_solubility": 0.0015572811887199932, "vapor_pressure": 0.0009737900237582403, "reference_temperature": 20.0, "koc": 20.139280071254667, "freundlich": 1.0276147376800338, "dt50": {"system": 6.0, "soil": 175.00052281109248, "surfaceWater": 6.0, "sediment": 6.0}, "plant_uptake": 0.0, "name": "Compound 8266073448637390413", "model_specific_data": {}, "metabolites": [{"formation_fraction": 0.2, "metabolite": {"molarMass": 300.0, "water_solubility": 0.0376900610508876, "vapor_pressure": 4.292271862964131e-05, "reference_temperature": 20.0, "koc": 4140.743519497943, "freundlich": 0.8457777187879181, "dt50": {"system": 6.0, "soil": 62.99091881932563, "surfaceWater": 6.0, "sediment": 6.0}, "plant_uptake": 0.5, "name": "Compound 7744878747221146387", "model_specific_data": {}, "metabolites": []}}]}}