{"gap": {"type": "relative", "arguments": {"name": "GAP -296091488377847865", "modelCrop": "WC", "rate": 250.0, "apply_every_n_years": 1, "number_of_applications": 2, "interval": 14, "model_specific_data": {}, "bbch": 31, "season": 0}}, "compound": {"molarMass": 300.0, "water_solubility": 4.307032920370399e-05, "vapor_pressure": 5.2512011899811265e-06, "reference_temperature": 20.0, "koc": 13.868370372212132, "freundlich": 0.9157275995788579, "dt50": {"system": 6.0, "soil": 101.04747143913805, "surfaceWater": 6.0, "sediment": 6.0}, "plant_uptake": 0.0, "name": "Compound -2132420532691975741", "model_specific_data": {}, "metabolites": [{"formation_fraction": 0.2, "metabolite": {"molarMass": 300.0, "water_solubility": 0.023944538830970412, "vapor_pressure": 1.2843139343445171e-05, "reference_temperature": 20.0, "koc": 240.1990391590419, "freundlich": 0.963772339916245, "dt50": {"system": 6.0, "soil": 19.41824767060389, "surfaceWater": 6.0, "sediment": 6.0}, "plant_uptake": 0.5, "name": "Compound 4605174453137387426", "model_specific_data": {}, "metabolites": []}}]}}