{"gap": {"type": "relative", "arguments": {"name": "GAP -296091488377847865", "modelCrop": "WC", "rate": 250.0, "apply_every_n_years": 1, "number_of_applications": 2, "interval": 14, "model_specific_data": {}, "bbch": 31, "season": 0}}, "compound": {"molarMass": 300.0, "water_solubility": 2.6553853597747032, "vapor_pressure": 3.846841721245024e-06, "reference_temperature": 20.0, "koc": 24.110896973468343, "freundlich": 1.0694511753814304, "dt50": {"system": 6.0, "soil": 82.64399206452313, "surfaceWater": 6.0, "sediment": 6.0}, "plant_uptake": 0.0, "name": "Compound -3286180170697856041", "model_specific_data": {}, "metabolites": [{"formation_fraction": 0.2, "metabolite": {"molarMass": 300.0, "water_solubility": 0.0014045653922753, "vapor_pressure": 9.294098203254388e-06, "reference_temperature": 20.0, "koc": 83.74733452525811, "freundlich": 0.7214227837147901, "dt50": {"system": 6.0, "soil": 97.37185910110766, "surfaceWater": 6.0, "sediment": 6.0}, "plant_uptake": 0.5, "name": "Compound 5581339250617058390", "model_specific_data": {}, "metabolites": []}}]}}