{"gap": {"type": "relative", "arguments": {"name": "GAP -296091488377847865", "modelCrop": "WC", "rate": 250.0, "apply_every_n_years": 1, "number_of_applications": 2, "interval": 14, "model_specific_data": {}, "bbch": 31, "season": 0}}, "compound": {"molarMass": 300.0, "water_solubility": 0.00669826186147384, "vapor_pressure": 0.011634989131527485, "reference_temperature": 20.0, "koc": 410.4825061684301, "freundlich": 1.1602153646143798, "dt50": {"system": 6.0, "soil": 23.92615509712182, "surfaceWater": 6.0, "sediment": 6.0}, "plant_uptake": 0.0, "name": "Compound 505005971595713733", "model_specific_data": {}, "metabolites": [{"formation_fraction": 0.2, "metabolite": {"molarMass": 300.0, "water_solubility": 0.013068556866208968, "vapor_pressure": 3.367831996895548e-07, "reference_temperature": 20.0, "koc": 36.92363100979319, "freundlich": 0.9909597276576783, "dt50": {"system": 6.0, "soil": 44.5108561971425, "surfaceWater": 6.0, "sediment": 6.0}, "plant_uptake": 0.5, "name": "Compound -6699570893612245875", "model_specific_data": {}, "metabolites": []}}]}}