{"gap": {"type": "relative", "arguments": {"name": "GAP -296091488377847865", "modelCrop": "WC", "rate": 250.0, "apply_every_n_years": 1, "number_of_applications": 2, "interval": 14, "model_specific_data": {}, "bbch": 31, "season": 0}}, "compound": {"molarMass": 300.0, "water_solubility": 0.46702095776881036, "vapor_pressure": 1.1493495875000325e-06, "reference_temperature": 20.0, "koc": 14.612661903227284, "freundlich": 0.7346984716692597, "dt50": {"system": 6.0, "soil": 110.4242470334762, "surfaceWater": 6.0, "sediment": 6.0}, "plant_uptake": 0.0, "name": "Compound -6331538980051938494", "model_specific_data": {}, "metabolites": [{"formation_fraction": 0.2, "metabolite": {"molarMass": 300.0, "water_solubility": 0.0034925898994167207, "vapor_pressure": 1.078312835878096e-05, "reference_temperature": 20.0, "koc": 2239.258859763857, "freundlich": 0.9421617292947815, "dt50": {"system": 6.0, "soil": 74.07418380281868, "surfaceWater": 6.0, "sediment": 6.0}, "plant_uptake": 0.5, "name": "Compound -5270052754558678747", "model_specific_data": {}, "metabolites": []}}]}}