{"gap": {"type": "relative", "arguments": {"name": "GAP -296091488377847865", "modelCrop": "WC", "rate": 250.0, "apply_every_n_years": 1, "number_of_applications": 2, "interval": 14, "model_specific_data": {}, "bbch": 31, "season": 0}}, "compound": {"molarMass": 300.0, "water_solubility": 0.0012461489991366802, "vapor_pressure": 4.4821608376572325e-06, "reference_temperature": 20.0, "koc": 19.048531677144993, "freundlich": 0.8404324202609095, "dt50": {"system": 6.0, "soil": 164.15463088815798, "surfaceWater": 6.0, "sediment": 6.0}, "plant_uptake": 0.0, "name": "Compound -7244765457784267820", "model_specific_data": {}, "metabolites": [{"formation_fraction": 0.2, "metabolite": {"molarMass": 300.0, "water_solubility": 3.432279041372109, "vapor_pressure": 5.231518409910812e-07, "reference_temperature": 20.0, "koc": 17.4305416059495, "freundlich": 0.8099774518813039, "dt50": {"system": 6.0, "soil": 158.747568850778, "surfaceWater": 6.0, "sediment": 6.0}, "plant_uptake": 0.5, "name": "Compound 6011004686423641749", "model_specific_data": {}, "metabolites": []}}]}}