{"gap": {"type": "relative", "arguments": {"name": "GAP -296091488377847865", "modelCrop": "WC", "rate": 250.0, "apply_every_n_years": 1, "number_of_applications": 2, "interval": 14, "model_specific_data": {}, "bbch": 31, "season": 0}}, "compound": {"molarMass": 300.0, "water_solubility": 0.24701451066998467, "vapor_pressure": 9.133787491332535e-07, "reference_temperature": 20.0, "koc": 1805.6117007224896, "freundlich": 0.8355512328297559, "dt50": {"system": 6.0, "soil": 265.6955352093754, "surfaceWater": 6.0, "sediment": 6.0}, "plant_uptake": 0.0, "name": "Compound -159923831081254290", "model_specific_data": {}, "metabolites": [{"formation_fraction": 0.2, "metabolite": {"molarMass": 300.0, "water_solubility": 0.045086234956078226, "vapor_pressure": 1.7714255739855095e-05, "reference_temperature": 20.0, "koc": 1324.4401407066707, "freundlich": 1.1071151426849648, "dt50": {"system": 6.0, "soil": 17.5249615216297, "surfaceWater": 6.0, "sediment": 6.0}, "plant_uptake": 0.5, "name": "Compound 7674484004140884523", "model_specific_data": {}, "metabolites": []}}]}}