{"gap": {"type": "relative", "arguments": {"name": "GAP -296091488377847865", "modelCrop": "WC", "rate": 250.0, "apply_every_n_years": 1, "number_of_applications": 2, "interval": 14, "model_specific_data": {}, "bbch": 31, "season": 0}}, "compound": {"molarMass": 300.0, "water_solubility": 0.42921241195052473, "vapor_pressure": 0.00020719640095779113, "reference_temperature": 20.0, "koc": 802.5068184631733, "freundlich": 0.7627608705891071, "dt50": {"system": 6.0, "soil": 214.06329020612645, "surfaceWater": 6.0, "sediment": 6.0}, "plant_uptake": 0.0, "name": "Compound -1735457543641593452", "model_specific_data": {}, "metabolites": [{"formation_fraction": 0.2, "metabolite": {"molarMass": 300.0, "water_solubility": 0.008441843198067329, "vapor_pressure": 2.728240594363076e-07, "reference_temperature": 20.0, "koc": 4970.762567969897, "freundlich": 0.7908297789203558, "dt50": {"system": 6.0, "soil": 193.25034431294443, "surfaceWater": 6.0, "sediment": 6.0}, "plant_uptake": 0.5, "name": "Compound 7888712368115208082", "model_specific_data": {}, "metabolites": []}}]}}