{"gap": {"type": "relative", "arguments": {"name": "GAP -296091488377847865", "modelCrop": "WC", "rate": 250.0, "apply_every_n_years": 1, "number_of_applications": 2, "interval": 14, "model_specific_data": {}, "bbch": 31, "season": 0}}, "compound": {"molarMass": 300.0, "water_solubility": 0.004804115129200178, "vapor_pressure": 1.0506650705004555e-06, "reference_temperature": 20.0, "koc": 80.15722504810597, "freundlich": 1.1676254144193363, "dt50": {"system": 6.0, "soil": 127.47543194839034, "surfaceWater": 6.0, "sediment": 6.0}, "plant_uptake": 0.0, "name": "Compound -4817704192537714755", "model_specific_data": {}, "metabolites": [{"formation_fraction": 0.2, "metabolite": {"molarMass": 300.0, "water_solubility": 0.02543637964410212, "vapor_pressure": 5.851152278744827e-07, "reference_temperature": 20.0, "koc": 51.25407080631497, "freundlich": 0.9199273862348638, "dt50": {"system": 6.0, "soil": 35.81623662047783, "surfaceWater": 6.0, "sediment": 6.0}, "plant_uptake": 0.5, "name": "Compound 7172305134043881707", "model_specific_data": {}, "metabolites": []}}]}}