{"gap": {"type": "relative", "arguments": {"name": "GAP -296091488377847865", "modelCrop": "WC", "rate": 250.0, "apply_every_n_years": 1, "number_of_applications": 2, "interval": 14, "model_specific_data": {}, "bbch": 31, "season": 0}}, "compound": {"molarMass": 300.0, "water_solubility": 0.5541102230089352, "vapor_pressure": 1.213261214504939e-06, "reference_temperature": 20.0, "koc": 240.78997930045992, "freundlich": 0.7383221026667215, "dt50": {"system": 6.0, "soil": 264.228556899431, "surfaceWater": 6.0, "sediment": 6.0}, "plant_uptake": 0.0, "name": "Compound -7092190722382494837", "model_specific_data": {}, "metabolites": [{"formation_fraction": 0.2, "metabolite": {"molarMass": 300.0, "water_solubility": 0.0023700182220640206, "vapor_pressure": 7.459638590541028e-06, "reference_temperature": 20.0, "koc": 1859.3434476765888, "freundlich": 0.9785434123871204, "dt50": {"system": 6.0, "soil": 20.938026844236624, "surfaceWater": 6.0, "sediment": 6.0}, "plant_uptake": 0.5, "name": "Compound -3658754865453694097", "model_specific_data": {}, "metabolites": []}}]}}