{"gap": {"type": "relative", "arguments": {"name": "GAP -296091488377847865", "modelCrop": "WC", "rate": 250.0, "apply_every_n_years": 1, "number_of_applications": 2, "interval": 14, "model_specific_data": {}, "bbch": 31, "season": 0}}, "compound": {"molarMass": 300.0, "water_solubility": 0.5956799357816009, "vapor_pressure": 1.4522965619633882e-05, "reference_temperature": 20.0, "koc": 678.3623261565594, "freundlich": 0.9264761962212054, "dt50": {"system": 6.0, "soil": 70.84209715982698, "surfaceWater": 6.0, "sediment": 6.0}, "plant_uptake": 0.0, "name": "Compound -3239189589492476884", "model_specific_data": {}, "metabolites": [{"formation_fraction": 0.2, "metabolite": {"molarMass": 300.0, "water_solubility": 0.02650380801022409, "vapor_pressure": 2.152660748956776e-06, "reference_temperature": 20.0, "koc": 10.099438381642992, "freundlich": 0.7278386578989753, "dt50": {"system": 6.0, "soil": 126.88614728082331, "surfaceWater": 6.0, "sediment": 6.0}, "plant_uptake": 0.5, "name": "Compound -473680880147769545", "model_specific_data": {}, "metabolites": []}}]}}