{"gap": {"type": "relative", "arguments": {"name": "GAP -296091488377847865", "modelCrop": "WC", "rate": 250.0, "apply_every_n_years": 1, "number_of_applications": 2, "interval": 14, "model_specific_data": {}, "bbch": 31, "season": 0}}, "compound": {"molarMass": 300.0, "water_solubility": 0.3895954001306806, "vapor_pressure": 0.0005810231525645787, "reference_temperature": 20.0, "koc": 1742.617608538224, "freundlich": 0.8171886996232487, "dt50": {"system": 6.0, "soil": 15.726991370056055, "surfaceWater": 6.0, "sediment": 6.0}, "plant_uptake": 0.0, "name": "Compound -5607691536769622203", "model_specific_data": {}, "metabolites": [{"formation_fraction": 0.2, "metabolite": {"molarMass": 300.0, "water_solubility": 0.041939246794930246, "vapor_pressure": 0.0017812933318659995, "reference_temperature": 20.0, "koc": 3336.3901449002988, "freundlich": 0.8224612380562204, "dt50": {"system": 6.0, "soil": 101.43638233719743, "surfaceWater": 6.0, "sediment": 6.0}, "plant_uptake": 0.5, "name": "Compound 6613916762162793287", "model_specific_data": {}, "metabolites": []}}]}}