{"gap": {"type": "relative", "arguments": {"name": "GAP -296091488377847865", "modelCrop": "WC", "rate": 250.0, "apply_every_n_years": 1, "number_of_applications": 2, "interval": 14, "model_specific_data": {}, "bbch": 31, "season": 0}}, "compound": {"molarMass": 300.0, "water_solubility": 0.0035617473308006673, "vapor_pressure": 7.1813771427682e-06, "reference_temperature": 20.0, "koc": 581.0854122522974, "freundlich": 1.1828610182163442, "dt50": {"system": 6.0, "soil": 146.28931697054216, "surfaceWater": 6.0, "sediment": 6.0}, "plant_uptake": 0.0, "name": "Compound 6078771895774166479", "model_specific_data": {}, "metabolites": [{"formation_fraction": 0.2, "metabolite": {"molarMass": 300.0, "water_solubility": 0.007946753009583706, "vapor_pressure": 0.012960041512241343, "reference_temperature": 20.0, "koc": 36.87389322998446, "freundlich": 0.7777639519623846, "dt50": {"system": 6.0, "soil": 294.0126782120856, "surfaceWater": 6.0, "sediment": 6.0}, "plant_uptake": 0.5, "name": "Compound -3053602210802389941", "model_specific_data": {}, "metabolites": []}}]}}