{"gap": {"type": "relative", "arguments": {"name": "GAP -296091488377847865", "modelCrop": "WC", "rate": 250.0, "apply_every_n_years": 1, "number_of_applications": 2, "interval": 14, "model_specific_data": {}, "bbch": 31, "season": 0}}, "compound": {"molarMass": 300.0, "water_solubility": 0.0013820699518588043, "vapor_pressure": 1.1767001036682961e-05, "reference_temperature": 20.0, "koc": 27.409347326822104, "freundlich": 0.7762957691026298, "dt50": {"system": 6.0, "soil": 151.01116303864973, "surfaceWater": 6.0, "sediment": 6.0}, "plant_uptake": 0.0, "name": "Compound -1059504155085305967", "model_specific_data": {}, "metabolites": [{"formation_fraction": 0.2, "metabolite": {"molarMass": 300.0, "water_solubility": 0.287704472416583, "vapor_pressure": 1.6769535970160563e-08, "reference_temperature": 20.0, "koc": 125.49000652301443, "freundlich": 1.190537888113313, "dt50": {"system": 6.0, "soil": 123.50249826052794, "surfaceWater": 6.0, "sediment": 6.0}, "plant_uptake": 0.5, "name": "Compound 6185763698639235720", "model_specific_data": {}, "metabolites": []}}]}}