{"gap": {"type": "relative", "arguments": {"name": "GAP -296091488377847865", "modelCrop": "WC", "rate": 250.0, "apply_every_n_years": 1, "number_of_applications": 2, "interval": 14, "model_specific_data": {}, "bbch": 31, "season": 0}}, "compound": {"molarMass": 300.0, "water_solubility": 0.38456716280460074, "vapor_pressure": 4.090811939187129e-06, "reference_temperature": 20.0, "koc": 304.63224118139675, "freundlich": 0.8261713103523322, "dt50": {"system": 6.0, "soil": 37.792877814238125, "surfaceWater": 6.0, "sediment": 6.0}, "plant_uptake": 0.0, "name": "Compound -4575345417638611997", "model_specific_data": {}, "metabolites": [{"formation_fraction": 0.2, "metabolite": {"molarMass": 300.0, "water_solubility": 0.007309926141474749, "vapor_pressure": 3.6422147198229236e-07, "reference_temperature": 20.0, "koc": 1115.1804716521635, "freundlich": 0.7605976855333971, "dt50": {"system": 6.0, "soil": 53.27891246808282, "surfaceWater": 6.0, "sediment": 6.0}, "plant_uptake": 0.5, "name": "Compound -2907494993647314858", "model_specific_data": {}, "metabolites": []}}]}}