{"gap": {"type": "relative", "arguments": {"name": "GAP -296091488377847865", "modelCrop": "WC", "rate": 250.0, "apply_every_n_years": 1, "number_of_applications": 2, "interval": 14, "model_specific_data": {}, "bbch": 31, "season": 0}}, "compound": {"molarMass": 300.0, "water_solubility": 0.04120145312467652, "vapor_pressure": 7.947732025742752e-06, "reference_temperature": 20.0, "koc": 757.8682025990737, "freundlich": 0.7953552036721557, "dt50": {"system": 6.0, "soil": 299.3081988031324, "surfaceWater": 6.0, "sediment": 6.0}, "plant_uptake": 0.0, "name": "Compound -913868742730510749", "model_specific_data": {}, "metabolites": [{"formation_fraction": 0.2, "metabolite": {"molarMass": 300.0, "water_solubility": 0.014767502402751393, "vapor_pressure": 1.6051933357152677e-05, "reference_temperature": 20.0, "koc": 16.281134251184582, "freundlich": 1.0486291939335128, "dt50": {"system": 6.0, "soil": 195.52094239038254, "surfaceWater": 6.0, "sediment": 6.0}, "plant_uptake": 0.5, "name": "Compound 7825371011078325995", "model_specific_data": {}, "metabolites": []}}]}}