{"gap": {"type": "relative", "arguments": {"name": "GAP -296091488377847865", "modelCrop": "WC", "rate": 250.0, "apply_every_n_years": 1, "number_of_applications": 2, "interval": 14, "model_specific_data": {}, "bbch": 31, "season": 0}}, "compound": {"molarMass": 300.0, "water_solubility": 0.004167279410428988, "vapor_pressure": 4.138031080847958e-06, "reference_temperature": 20.0, "koc": 996.0617045160852, "freundlich": 1.0848453988386098, "dt50": {"system": 6.0, "soil": 22.13040536876402, "surfaceWater": 6.0, "sediment": 6.0}, "plant_uptake": 0.0, "name": "Compound 4520356084599502776", "model_specific_data": {}, "metabolites": [{"formation_fraction": 0.2, "metabolite": {"molarMass": 300.0, "water_solubility": 0.8731525458270795, "vapor_pressure": 1.3289379865117916e-07, "reference_temperature": 20.0, "koc": 1228.5064368826277, "freundlich": 1.074880917870614, "dt50": {"system": 6.0, "soil": 24.454044834793965, "surfaceWater": 6.0, "sediment": 6.0}, "plant_uptake": 0.5, "name": "Compound 4836506090551766817", "model_specific_data": {}, "metabolites": []}}]}}