{"gap": {"type": "relative", "arguments": {"name": "GAP -296091488377847865", "modelCrop": "WC", "rate": 250.0, "apply_every_n_years": 1, "number_of_applications": 2, "interval": 14, "model_specific_data": {}, "bbch": 31, "season": 0}}, "compound": {"molarMass": 300.0, "water_solubility": 0.0021965122133754825, "vapor_pressure": 1.4962243794591572e-05, "reference_temperature": 20.0, "koc": 108.24860612496316, "freundlich": 0.8711052041098185, "dt50": {"system": 6.0, "soil": 216.89803864061508, "surfaceWater": 6.0, "sediment": 6.0}, "plant_uptake": 0.0, "name": "Compound 3733946792846051550", "model_specific_data": {}, "metabolites": [{"formation_fraction": 0.2, "metabolite": {"molarMass": 300.0, "water_solubility": 0.004351955002042243, "vapor_pressure": 1.0666242684039635e-07, "reference_temperature": 20.0, "koc": 27.24361706458867, "freundlich": 0.9190375335179028, "dt50": {"system": 6.0, "soil": 70.1819057505775, "surfaceWater": 6.0, "sediment": 6.0}, "plant_uptake": 0.5, "name": "Compound -657843289111752863", "model_specific_data": {}, "metabolites": []}}]}}