{"gap": {"type": "relative", "arguments": {"name": "GAP -296091488377847865", "modelCrop": "WC", "rate": 250.0, "apply_every_n_years": 1, "number_of_applications": 2, "interval": 14, "model_specific_data": {}, "bbch": 31, "season": 0}}, "compound": {"molarMass": 300.0, "water_solubility": 0.06601423556268576, "vapor_pressure": 0.000694373362086574, "reference_temperature": 20.0, "koc": 555.2989718998414, "freundlich": 0.8680191619015662, "dt50": {"system": 6.0, "soil": 219.57684542187303, "surfaceWater": 6.0, "sediment": 6.0}, "plant_uptake": 0.0, "name": "Compound -8842622285371546520", "model_specific_data": {}, "metabolites": [{"formation_fraction": 0.2, "metabolite": {"molarMass": 300.0, "water_solubility": 0.003933401145869799, "vapor_pressure": 0.0008307388825444557, "reference_temperature": 20.0, "koc": 3557.843670472453, "freundlich": 0.7233857890824975, "dt50": {"system": 6.0, "soil": 32.81281886767253, "surfaceWater": 6.0, "sediment": 6.0}, "plant_uptake": 0.5, "name": "Compound 5801129946286031563", "model_specific_data": {}, "metabolites": []}}]}}