{"gap": {"type": "relative", "arguments": {"name": "GAP -296091488377847865", "modelCrop": "WC", "rate": 250.0, "apply_every_n_years": 1, "number_of_applications": 2, "interval": 14, "model_specific_data": {}, "bbch": 31, "season": 0}}, "compound": {"molarMass": 300.0, "water_solubility": 0.0014393625754023844, "vapor_pressure": 1.2580065744231795e-05, "reference_temperature": 20.0, "koc": 24.596787236265797, "freundlich": 1.0546634678320614, "dt50": {"system": 6.0, "soil": 183.3866120959653, "surfaceWater": 6.0, "sediment": 6.0}, "plant_uptake": 0.0, "name": "Compound -6309585667738841261", "model_specific_data": {}, "metabolites": [{"formation_fraction": 0.2, "metabolite": {"molarMass": 300.0, "water_solubility": 0.008762086195384532, "vapor_pressure": 0.00039965445868719363, "reference_temperature": 20.0, "koc": 205.43068821732007, "freundlich": 0.9181758320174632, "dt50": {"system": 6.0, "soil": 122.65630694058731, "surfaceWater": 6.0, "sediment": 6.0}, "plant_uptake": 0.5, "name": "Compound 7127258061381133642", "model_specific_data": {}, "metabolites": []}}]}}