{"gap": {"type": "relative", "arguments": {"name": "GAP -296091488377847865", "modelCrop": "WC", "rate": 250.0, "apply_every_n_years": 1, "number_of_applications": 2, "interval": 14, "model_specific_data": {}, "bbch": 31, "season": 0}}, "compound": {"molarMass": 300.0, "water_solubility": 9.917062570553577, "vapor_pressure": 1.9694950777674674e-05, "reference_temperature": 20.0, "koc": 2100.076838042764, "freundlich": 0.864779701352796, "dt50": {"system": 6.0, "soil": 144.63930629057538, "surfaceWater": 6.0, "sediment": 6.0}, "plant_uptake": 0.0, "name": "Compound 8350796321327168020", "model_specific_data": {}, "metabolites": [{"formation_fraction": 0.2, "metabolite": {"molarMass": 300.0, "water_solubility": 1.2580804505660391e-05, "vapor_pressure": 2.1740896952638887e-09, "reference_temperature": 20.0, "koc": 1035.3320375828519, "freundlich": 1.08553920105596, "dt50": {"system": 6.0, "soil": 272.56091404207274, "surfaceWater": 6.0, "sediment": 6.0}, "plant_uptake": 0.5, "name": "Compound 2766957864612702079", "model_specific_data": {}, "metabolites": []}}]}}