{"gap": {"type": "relative", "arguments": {"name": "GAP -296091488377847865", "modelCrop": "WC", "rate": 250.0, "apply_every_n_years": 1, "number_of_applications": 2, "interval": 14, "model_specific_data": {}, "bbch": 31, "season": 0}}, "compound": {"molarMass": 300.0, "water_solubility": 0.0341446076248947, "vapor_pressure": 3.6755011468382374e-08, "reference_temperature": 20.0, "koc": 19.243583049536237, "freundlich": 1.113940725960867, "dt50": {"system": 6.0, "soil": 60.93809601228886, "surfaceWater": 6.0, "sediment": 6.0}, "plant_uptake": 0.0, "name": "Compound 1218313119439114275", "model_specific_data": {}, "metabolites": [{"formation_fraction": 0.2, "metabolite": {"molarMass": 300.0, "water_solubility": 0.5309398043290307, "vapor_pressure": 4.937440908383593e-06, "reference_temperature": 20.0, "koc": 388.6868140885305, "freundlich": 0.9098125482750934, "dt50": {"system": 6.0, "soil": 253.701806210814, "surfaceWater": 6.0, "sediment": 6.0}, "plant_uptake": 0.5, "name": "Compound 4531572014868856378", "model_specific_data": {}, "metabolites": []}}]}}