{"gap": {"type": "relative", "arguments": {"name": "GAP -296091488377847865", "modelCrop": "WC", "rate": 250.0, "apply_every_n_years": 1, "number_of_applications": 2, "interval": 14, "model_specific_data": {}, "bbch": 31, "season": 0}}, "compound": {"molarMass": 300.0, "water_solubility": 0.001378168892399231, "vapor_pressure": 7.973437573830963e-07, "reference_temperature": 20.0, "koc": 1713.4119799050234, "freundlich": 1.018344374983784, "dt50": {"system": 6.0, "soil": 272.55908797399235, "surfaceWater": 6.0, "sediment": 6.0}, "plant_uptake": 0.0, "name": "Compound 1933489122692137442", "model_specific_data": {}, "metabolites": [{"formation_fraction": 0.2, "metabolite": {"molarMass": 300.0, "water_solubility": 0.0016602530723693726, "vapor_pressure": 0.000767030087214772, "reference_temperature": 20.0, "koc": 782.8486741577624, "freundlich": 0.9563191204359587, "dt50": {"system": 6.0, "soil": 145.5076578046312, "surfaceWater": 6.0, "sediment": 6.0}, "plant_uptake": 0.5, "name": "Compound 2725270017796634683", "model_specific_data": {}, "metabolites": []}}]}}