{"gap": {"type": "relative", "arguments": {"name": "GAP -296091488377847865", "modelCrop": "WC", "rate": 250.0, "apply_every_n_years": 1, "number_of_applications": 2, "interval": 14, "model_specific_data": {}, "bbch": 31, "season": 0}}, "compound": {"molarMass": 300.0, "water_solubility": 0.0021463975533408085, "vapor_pressure": 1.554777767885079e-06, "reference_temperature": 20.0, "koc": 10.353123189476205, "freundlich": 1.0282586577304085, "dt50": {"system": 6.0, "soil": 186.91543240949377, "surfaceWater": 6.0, "sediment": 6.0}, "plant_uptake": 0.0, "name": "Compound 716268197099919963", "model_specific_data": {}, "metabolites": [{"formation_fraction": 0.2, "metabolite": {"molarMass": 300.0, "water_solubility": 0.017018372706142454, "vapor_pressure": 1.4089684536858458e-05, "reference_temperature": 20.0, "koc": 57.61599838279779, "freundlich": 1.024173573182062, "dt50": {"system": 6.0, "soil": 166.12428283723386, "surfaceWater": 6.0, "sediment": 6.0}, "plant_uptake": 0.5, "name": "Compound 628186891222495332", "model_specific_data": {}, "metabolites": []}}]}}