{"gap": {"type": "relative", "arguments": {"name": "GAP -296091488377847865", "modelCrop": "WC", "rate": 250.0, "apply_every_n_years": 1, "number_of_applications": 2, "interval": 14, "model_specific_data": {}, "bbch": 31, "season": 0}}, "compound": {"molarMass": 300.0, "water_solubility": 0.02157288919414313, "vapor_pressure": 3.756092494847824e-05, "reference_temperature": 20.0, "koc": 1779.6833109228876, "freundlich": 0.8713464229865866, "dt50": {"system": 6.0, "soil": 144.51814776529073, "surfaceWater": 6.0, "sediment": 6.0}, "plant_uptake": 0.0, "name": "Compound 8156689211674563965", "model_specific_data": {}, "metabolites": [{"formation_fraction": 0.2, "metabolite": {"molarMass": 300.0, "water_solubility": 0.012956579855258868, "vapor_pressure": 3.124031827053231e-05, "reference_temperature": 20.0, "koc": 292.8148339733031, "freundlich": 0.7707545967007348, "dt50": {"system": 6.0, "soil": 220.51779620241805, "surfaceWater": 6.0, "sediment": 6.0}, "plant_uptake": 0.5, "name": "Compound 649691016362721184", "model_specific_data": {}, "metabolites": []}}]}}