{"gap": {"type": "relative", "arguments": {"name": "GAP -296091488377847865", "modelCrop": "WC", "rate": 250.0, "apply_every_n_years": 1, "number_of_applications": 2, "interval": 14, "model_specific_data": {}, "bbch": 31, "season": 0}}, "compound": {"molarMass": 300.0, "water_solubility": 0.1324530549406183, "vapor_pressure": 4.340626886023903e-06, "reference_temperature": 20.0, "koc": 4099.974134659991, "freundlich": 1.0584441592754268, "dt50": {"system": 6.0, "soil": 47.56293665112526, "surfaceWater": 6.0, "sediment": 6.0}, "plant_uptake": 0.0, "name": "Compound 4055101683824156160", "model_specific_data": {}, "metabolites": [{"formation_fraction": 0.2, "metabolite": {"molarMass": 300.0, "water_solubility": 0.006181320824097401, "vapor_pressure": 1.327575288711346e-05, "reference_temperature": 20.0, "koc": 33.20318519195958, "freundlich": 0.7342525340887249, "dt50": {"system": 6.0, "soil": 255.68923914691425, "surfaceWater": 6.0, "sediment": 6.0}, "plant_uptake": 0.5, "name": "Compound -8543721120322874874", "model_specific_data": {}, "metabolites": []}}]}}