{"gap": {"type": "relative", "arguments": {"name": "GAP -296091488377847865", "modelCrop": "WC", "rate": 250.0, "apply_every_n_years": 1, "number_of_applications": 2, "interval": 14, "model_specific_data": {}, "bbch": 31, "season": 0}}, "compound": {"molarMass": 300.0, "water_solubility": 0.02729394409342282, "vapor_pressure": 1.1249798188580058e-07, "reference_temperature": 20.0, "koc": 25.249810644991566, "freundlich": 1.138831353123512, "dt50": {"system": 6.0, "soil": 110.14158189642595, "surfaceWater": 6.0, "sediment": 6.0}, "plant_uptake": 0.0, "name": "Compound -148187778514105999", "model_specific_data": {}, "metabolites": [{"formation_fraction": 0.2, "metabolite": {"molarMass": 300.0, "water_solubility": 0.0015911804831494833, "vapor_pressure": 2.9822430425814823e-06, "reference_temperature": 20.0, "koc": 87.5351455516535, "freundlich": 1.0354046010855504, "dt50": {"system": 6.0, "soil": 2.7422696654475773, "surfaceWater": 6.0, "sediment": 6.0}, "plant_uptake": 0.5, "name": "Compound 8714105889198591023", "model_specific_data": {}, "metabolites": []}}]}}