{"gap": {"type": "relative", "arguments": {"name": "GAP -296091488377847865", "modelCrop": "WC", "rate": 250.0, "apply_every_n_years": 1, "number_of_applications": 2, "interval": 14, "model_specific_data": {}, "bbch": 31, "season": 0}}, "compound": {"molarMass": 300.0, "water_solubility": 0.01724067683587742, "vapor_pressure": 0.0003133688544754877, "reference_temperature": 20.0, "koc": 296.1046706351255, "freundlich": 0.7328126358841041, "dt50": {"system": 6.0, "soil": 296.3021696190559, "surfaceWater": 6.0, "sediment": 6.0}, "plant_uptake": 0.0, "name": "Compound -4863467870449746212", "model_specific_data": {}, "metabolites": [{"formation_fraction": 0.2, "metabolite": {"molarMass": 300.0, "water_solubility": 0.005960926585232799, "vapor_pressure": 2.0326328614638683e-08, "reference_temperature": 20.0, "koc": 1611.2739425567884, "freundlich": 0.8423885527840679, "dt50": {"system": 6.0, "soil": 79.48076265714137, "surfaceWater": 6.0, "sediment": 6.0}, "plant_uptake": 0.5, "name": "Compound 2412183426042838804", "model_specific_data": {}, "metabolites": []}}]}}