{"gap": {"type": "relative", "arguments": {"name": "GAP -296091488377847865", "modelCrop": "WC", "rate": 250.0, "apply_every_n_years": 1, "number_of_applications": 2, "interval": 14, "model_specific_data": {}, "bbch": 31, "season": 0}}, "compound": {"molarMass": 300.0, "water_solubility": 0.00039675994735082165, "vapor_pressure": 4.824269063151465e-06, "reference_temperature": 20.0, "koc": 98.76890356617115, "freundlich": 1.0479560254774563, "dt50": {"system": 6.0, "soil": 112.30390564359188, "surfaceWater": 6.0, "sediment": 6.0}, "plant_uptake": 0.0, "name": "Compound 4407799832646006756", "model_specific_data": {}, "metabolites": [{"formation_fraction": 0.2, "metabolite": {"molarMass": 300.0, "water_solubility": 0.02598260919403432, "vapor_pressure": 0.06133523160812652, "reference_temperature": 20.0, "koc": 90.62792913264524, "freundlich": 0.7500201044843429, "dt50": {"system": 6.0, "soil": 116.29082383388139, "surfaceWater": 6.0, "sediment": 6.0}, "plant_uptake": 0.5, "name": "Compound 9034332273836091195", "model_specific_data": {}, "metabolites": []}}]}}