{"gap": {"type": "relative", "arguments": {"name": "GAP -296091488377847865", "modelCrop": "WC", "rate": 250.0, "apply_every_n_years": 1, "number_of_applications": 2, "interval": 14, "model_specific_data": {}, "bbch": 31, "season": 0}}, "compound": {"molarMass": 300.0, "water_solubility": 0.0014638954617284422, "vapor_pressure": 0.00014715121853171306, "reference_temperature": 20.0, "koc": 2881.7909724709752, "freundlich": 1.125267965121436, "dt50": {"system": 6.0, "soil": 69.89457332792313, "surfaceWater": 6.0, "sediment": 6.0}, "plant_uptake": 0.0, "name": "Compound 7267695306033649413", "model_specific_data": {}, "metabolites": [{"formation_fraction": 0.2, "metabolite": {"molarMass": 300.0, "water_solubility": 0.004650900076113816, "vapor_pressure": 3.7991602345626145e-06, "reference_temperature": 20.0, "koc": 530.579320854641, "freundlich": 0.9584083378528248, "dt50": {"system": 6.0, "soil": 259.02120576821363, "surfaceWater": 6.0, "sediment": 6.0}, "plant_uptake": 0.5, "name": "Compound 2028648711513698452", "model_specific_data": {}, "metabolites": []}}]}}