{"gap": {"type": "relative", "arguments": {"name": "GAP -296091488377847865", "modelCrop": "WC", "rate": 250.0, "apply_every_n_years": 1, "number_of_applications": 2, "interval": 14, "model_specific_data": {}, "bbch": 31, "season": 0}}, "compound": {"molarMass": 300.0, "water_solubility": 0.39647046431240246, "vapor_pressure": 1.282616209539295e-06, "reference_temperature": 20.0, "koc": 1691.5803307840256, "freundlich": 1.1144246616699782, "dt50": {"system": 6.0, "soil": 48.470027544841486, "surfaceWater": 6.0, "sediment": 6.0}, "plant_uptake": 0.0, "name": "Compound -990288202808513632", "model_specific_data": {}, "metabolites": [{"formation_fraction": 0.2, "metabolite": {"molarMass": 300.0, "water_solubility": 8.783204109833447e-05, "vapor_pressure": 1.7704553142048663e-05, "reference_temperature": 20.0, "koc": 48.7684686355476, "freundlich": 0.7353630453495884, "dt50": {"system": 6.0, "soil": 120.85775578604918, "surfaceWater": 6.0, "sediment": 6.0}, "plant_uptake": 0.5, "name": "Compound 3325337769330099744", "model_specific_data": {}, "metabolites": []}}]}}