{"gap": {"type": "relative", "arguments": {"name": "GAP -296091488377847865", "modelCrop": "WC", "rate": 250.0, "apply_every_n_years": 1, "number_of_applications": 2, "interval": 14, "model_specific_data": {}, "bbch": 31, "season": 0}}, "compound": {"molarMass": 300.0, "water_solubility": 0.07366426388976485, "vapor_pressure": 2.1592021435023196e-05, "reference_temperature": 20.0, "koc": 29.396190723596998, "freundlich": 1.1710462372118484, "dt50": {"system": 6.0, "soil": 180.54999958940243, "surfaceWater": 6.0, "sediment": 6.0}, "plant_uptake": 0.0, "name": "Compound -1919120731971742299", "model_specific_data": {}, "metabolites": [{"formation_fraction": 0.2, "metabolite": {"molarMass": 300.0, "water_solubility": 0.009237706113714462, "vapor_pressure": 5.053203178581508e-06, "reference_temperature": 20.0, "koc": 55.758893334973884, "freundlich": 0.9194112216323762, "dt50": {"system": 6.0, "soil": 225.12183866626853, "surfaceWater": 6.0, "sediment": 6.0}, "plant_uptake": 0.5, "name": "Compound 5573605175646056255", "model_specific_data": {}, "metabolites": []}}]}}