{"gap": {"type": "relative", "arguments": {"name": "GAP -296091488377847865", "modelCrop": "WC", "rate": 250.0, "apply_every_n_years": 1, "number_of_applications": 2, "interval": 14, "model_specific_data": {}, "bbch": 31, "season": 0}}, "compound": {"molarMass": 300.0, "water_solubility": 0.13494113829365104, "vapor_pressure": 7.688448357201044e-08, "reference_temperature": 20.0, "koc": 186.85544789757452, "freundlich": 0.8107075219391991, "dt50": {"system": 6.0, "soil": 290.4414256963134, "surfaceWater": 6.0, "sediment": 6.0}, "plant_uptake": 0.0, "name": "Compound -239894790816989824", "model_specific_data": {}, "metabolites": [{"formation_fraction": 0.2, "metabolite": {"molarMass": 300.0, "water_solubility": 0.0021333307547818183, "vapor_pressure": 4.360494728569703e-05, "reference_temperature": 20.0, "koc": 1866.9188593809338, "freundlich": 1.071570944552968, "dt50": {"system": 6.0, "soil": 230.7189307000773, "surfaceWater": 6.0, "sediment": 6.0}, "plant_uptake": 0.5, "name": "Compound 3776981130925225305", "model_specific_data": {}, "metabolites": []}}]}}