{"gap": {"type": "relative", "arguments": {"name": "GAP -296091488377847865", "modelCrop": "WC", "rate": 250.0, "apply_every_n_years": 1, "number_of_applications": 2, "interval": 14, "model_specific_data": {}, "bbch": 31, "season": 0}}, "compound": {"molarMass": 300.0, "water_solubility": 0.24120154518731227, "vapor_pressure": 1.5700189734566422e-05, "reference_temperature": 20.0, "koc": 859.7212312643253, "freundlich": 0.8205349070892816, "dt50": {"system": 6.0, "soil": 203.00540478262172, "surfaceWater": 6.0, "sediment": 6.0}, "plant_uptake": 0.0, "name": "Compound 19642411459998613", "model_specific_data": {}, "metabolites": [{"formation_fraction": 0.2, "metabolite": {"molarMass": 300.0, "water_solubility": 0.00026535012840602526, "vapor_pressure": 9.520433780430992e-05, "reference_temperature": 20.0, "koc": 37.94750271894148, "freundlich": 0.7377368401381733, "dt50": {"system": 6.0, "soil": 3.5122952017264435, "surfaceWater": 6.0, "sediment": 6.0}, "plant_uptake": 0.5, "name": "Compound -5680885919139582961", "model_specific_data": {}, "metabolites": []}}]}}