{"gap": {"type": "relative", "arguments": {"name": "GAP -296091488377847865", "modelCrop": "WC", "rate": 250.0, "apply_every_n_years": 1, "number_of_applications": 2, "interval": 14, "model_specific_data": {}, "bbch": 31, "season": 0}}, "compound": {"molarMass": 300.0, "water_solubility": 0.005972530339789558, "vapor_pressure": 1.4774019325038214e-06, "reference_temperature": 20.0, "koc": 595.3618448932431, "freundlich": 0.7399644737779321, "dt50": {"system": 6.0, "soil": 202.40684966943203, "surfaceWater": 6.0, "sediment": 6.0}, "plant_uptake": 0.0, "name": "Compound 6613682130688937707", "model_specific_data": {}, "metabolites": [{"formation_fraction": 0.2, "metabolite": {"molarMass": 300.0, "water_solubility": 0.00161283402614033, "vapor_pressure": 3.2794273120972367e-06, "reference_temperature": 20.0, "koc": 260.41074614844723, "freundlich": 0.7557804159038009, "dt50": {"system": 6.0, "soil": 284.64266519570106, "surfaceWater": 6.0, "sediment": 6.0}, "plant_uptake": 0.5, "name": "Compound 8377139453294603454", "model_specific_data": {}, "metabolites": []}}]}}