{"gap": {"type": "relative", "arguments": {"name": "GAP -296091488377847865", "modelCrop": "WC", "rate": 250.0, "apply_every_n_years": 1, "number_of_applications": 2, "interval": 14, "model_specific_data": {}, "bbch": 31, "season": 0}}, "compound": {"molarMass": 300.0, "water_solubility": 0.059996664219004674, "vapor_pressure": 1.122270499178199e-06, "reference_temperature": 20.0, "koc": 91.0909692892968, "freundlich": 0.8611894249730746, "dt50": {"system": 6.0, "soil": 196.6896901007912, "surfaceWater": 6.0, "sediment": 6.0}, "plant_uptake": 0.0, "name": "Compound -5285373726084708382", "model_specific_data": {}, "metabolites": [{"formation_fraction": 0.2, "metabolite": {"molarMass": 300.0, "water_solubility": 0.004050517150164324, "vapor_pressure": 8.215810439580585e-06, "reference_temperature": 20.0, "koc": 61.67157742403337, "freundlich": 0.9454927904974075, "dt50": {"system": 6.0, "soil": 130.49384864314433, "surfaceWater": 6.0, "sediment": 6.0}, "plant_uptake": 0.5, "name": "Compound 6832231576033386265", "model_specific_data": {}, "metabolites": []}}]}}