{"gap": {"type": "relative", "arguments": {"name": "GAP -296091488377847865", "modelCrop": "WC", "rate": 250.0, "apply_every_n_years": 1, "number_of_applications": 2, "interval": 14, "model_specific_data": {}, "bbch": 31, "season": 0}}, "compound": {"molarMass": 300.0, "water_solubility": 0.0005552403001770623, "vapor_pressure": 3.2046994515115813e-07, "reference_temperature": 20.0, "koc": 430.4229478541796, "freundlich": 0.8632062897170718, "dt50": {"system": 6.0, "soil": 298.20834812533894, "surfaceWater": 6.0, "sediment": 6.0}, "plant_uptake": 0.0, "name": "Compound -2519009980194688593", "model_specific_data": {}, "metabolites": [{"formation_fraction": 0.2, "metabolite": {"molarMass": 300.0, "water_solubility": 0.033963721404808245, "vapor_pressure": 7.461930078062069e-06, "reference_temperature": 20.0, "koc": 217.7846572029453, "freundlich": 0.8514373047668362, "dt50": {"system": 6.0, "soil": 176.47295713204596, "surfaceWater": 6.0, "sediment": 6.0}, "plant_uptake": 0.5, "name": "Compound 6811156363020831720", "model_specific_data": {}, "metabolites": []}}]}}