{"gap": {"type": "relative", "arguments": {"name": "GAP -296091488377847865", "modelCrop": "WC", "rate": 250.0, "apply_every_n_years": 1, "number_of_applications": 2, "interval": 14, "model_specific_data": {}, "bbch": 31, "season": 0}}, "compound": {"molarMass": 300.0, "water_solubility": 0.006347213611576792, "vapor_pressure": 2.1023151968444825e-05, "reference_temperature": 20.0, "koc": 100.23890117150336, "freundlich": 0.9273161728318136, "dt50": {"system": 6.0, "soil": 87.59151486965052, "surfaceWater": 6.0, "sediment": 6.0}, "plant_uptake": 0.0, "name": "Compound 6735337040059156323", "model_specific_data": {}, "metabolites": [{"formation_fraction": 0.2, "metabolite": {"molarMass": 300.0, "water_solubility": 0.001301584588122928, "vapor_pressure": 9.542214239724626e-07, "reference_temperature": 20.0, "koc": 26.768773125658686, "freundlich": 0.7121427524400796, "dt50": {"system": 6.0, "soil": 174.0502113896038, "surfaceWater": 6.0, "sediment": 6.0}, "plant_uptake": 0.5, "name": "Compound 3714125952091421923", "model_specific_data": {}, "metabolites": []}}]}}