{"gap": {"type": "relative", "arguments": {"name": "GAP -296091488377847865", "modelCrop": "WC", "rate": 250.0, "apply_every_n_years": 1, "number_of_applications": 2, "interval": 14, "model_specific_data": {}, "bbch": 31, "season": 0}}, "compound": {"molarMass": 300.0, "water_solubility": 0.04664748727777977, "vapor_pressure": 0.009867918170047093, "reference_temperature": 20.0, "koc": 339.0065491530948, "freundlich": 1.0913669476380712, "dt50": {"system": 6.0, "soil": 169.5071520710711, "surfaceWater": 6.0, "sediment": 6.0}, "plant_uptake": 0.0, "name": "Compound -8446222343934879210", "model_specific_data": {}, "metabolites": [{"formation_fraction": 0.2, "metabolite": {"molarMass": 300.0, "water_solubility": 0.00037435383123128266, "vapor_pressure": 2.8838710206056357e-06, "reference_temperature": 20.0, "koc": 25.962903697064373, "freundlich": 1.1217891367106247, "dt50": {"system": 6.0, "soil": 21.41250537047228, "surfaceWater": 6.0, "sediment": 6.0}, "plant_uptake": 0.5, "name": "Compound 1209958337248337223", "model_specific_data": {}, "metabolites": []}}]}}