{"gap": {"type": "relative", "arguments": {"name": "GAP -296091488377847865", "modelCrop": "WC", "rate": 250.0, "apply_every_n_years": 1, "number_of_applications": 2, "interval": 14, "model_specific_data": {}, "bbch": 31, "season": 0}}, "compound": {"molarMass": 300.0, "water_solubility": 0.0028629613418476615, "vapor_pressure": 2.001871044475933e-05, "reference_temperature": 20.0, "koc": 576.9376587851377, "freundlich": 0.8619925154710054, "dt50": {"system": 6.0, "soil": 80.55593395834127, "surfaceWater": 6.0, "sediment": 6.0}, "plant_uptake": 0.0, "name": "Compound 2549701650435227990", "model_specific_data": {}, "metabolites": [{"formation_fraction": 0.2, "metabolite": {"molarMass": 300.0, "water_solubility": 0.0020601142318984232, "vapor_pressure": 0.0009560558721128913, "reference_temperature": 20.0, "koc": 26.43743528855482, "freundlich": 0.7132076710812093, "dt50": {"system": 6.0, "soil": 234.80868995678557, "surfaceWater": 6.0, "sediment": 6.0}, "plant_uptake": 0.5, "name": "Compound 4053518907003336308", "model_specific_data": {}, "metabolites": []}}]}}