{"gap": {"type": "relative", "arguments": {"name": "GAP -296091488377847865", "modelCrop": "WC", "rate": 250.0, "apply_every_n_years": 1, "number_of_applications": 2, "interval": 14, "model_specific_data": {}, "bbch": 31, "season": 0}}, "compound": {"molarMass": 300.0, "water_solubility": 0.0017108270705869597, "vapor_pressure": 2.0043885505327295e-05, "reference_temperature": 20.0, "koc": 3973.08927253847, "freundlich": 1.0909067384111848, "dt50": {"system": 6.0, "soil": 89.46794482301216, "surfaceWater": 6.0, "sediment": 6.0}, "plant_uptake": 0.0, "name": "Compound 7690933910999545405", "model_specific_data": {}, "metabolites": [{"formation_fraction": 0.2, "metabolite": {"molarMass": 300.0, "water_solubility": 0.0010279661528601652, "vapor_pressure": 0.03512974933645485, "reference_temperature": 20.0, "koc": 593.3693564675991, "freundlich": 0.7052497830442104, "dt50": {"system": 6.0, "soil": 91.77771141603033, "surfaceWater": 6.0, "sediment": 6.0}, "plant_uptake": 0.5, "name": "Compound 8781267403223162358", "model_specific_data": {}, "metabolites": []}}]}}