{"gap": {"type": "relative", "arguments": {"name": "GAP -296091488377847865", "modelCrop": "WC", "rate": 250.0, "apply_every_n_years": 1, "number_of_applications": 2, "interval": 14, "model_specific_data": {}, "bbch": 31, "season": 0}}, "compound": {"molarMass": 300.0, "water_solubility": 0.13305275527761032, "vapor_pressure": 0.0014148032283278625, "reference_temperature": 20.0, "koc": 309.75629799884297, "freundlich": 0.9183026528505007, "dt50": {"system": 6.0, "soil": 231.02265430832634, "surfaceWater": 6.0, "sediment": 6.0}, "plant_uptake": 0.0, "name": "Compound -761305317142762332", "model_specific_data": {}, "metabolites": [{"formation_fraction": 0.2, "metabolite": {"molarMass": 300.0, "water_solubility": 0.05586559378242427, "vapor_pressure": 0.02793215155556403, "reference_temperature": 20.0, "koc": 33.202768638350605, "freundlich": 0.8606440054263969, "dt50": {"system": 6.0, "soil": 85.85734896615585, "surfaceWater": 6.0, "sediment": 6.0}, "plant_uptake": 0.5, "name": "Compound -1627000712123179915", "model_specific_data": {}, "metabolites": []}}]}}