{"gap": {"type": "relative", "arguments": {"name": "GAP -296091488377847865", "modelCrop": "WC", "rate": 250.0, "apply_every_n_years": 1, "number_of_applications": 2, "interval": 14, "model_specific_data": {}, "bbch": 31, "season": 0}}, "compound": {"molarMass": 300.0, "water_solubility": 0.012098911054984868, "vapor_pressure": 1.596885461047411e-08, "reference_temperature": 20.0, "koc": 68.93648333668641, "freundlich": 0.8450802765429619, "dt50": {"system": 6.0, "soil": 93.85332961912408, "surfaceWater": 6.0, "sediment": 6.0}, "plant_uptake": 0.0, "name": "Compound 5134284492890429113", "model_specific_data": {}, "metabolites": [{"formation_fraction": 0.2, "metabolite": {"molarMass": 300.0, "water_solubility": 0.0021793212694573676, "vapor_pressure": 0.001021305297942275, "reference_temperature": 20.0, "koc": 2455.2543635203615, "freundlich": 0.8758267557851329, "dt50": {"system": 6.0, "soil": 11.625203129011902, "surfaceWater": 6.0, "sediment": 6.0}, "plant_uptake": 0.5, "name": "Compound -392980665374653250", "model_specific_data": {}, "metabolites": []}}]}}