{"gap": {"type": "relative", "arguments": {"name": "GAP -296091488377847865", "modelCrop": "WC", "rate": 250.0, "apply_every_n_years": 1, "number_of_applications": 2, "interval": 14, "model_specific_data": {}, "bbch": 31, "season": 0}}, "compound": {"molarMass": 300.0, "water_solubility": 0.015615322705071688, "vapor_pressure": 2.2537235826590626e-07, "reference_temperature": 20.0, "koc": 28.809500887837004, "freundlich": 1.0518482997564735, "dt50": {"system": 6.0, "soil": 18.360315715635714, "surfaceWater": 6.0, "sediment": 6.0}, "plant_uptake": 0.0, "name": "Compound 1703353068051318384", "model_specific_data": {}, "metabolites": [{"formation_fraction": 0.2, "metabolite": {"molarMass": 300.0, "water_solubility": 0.3164712452545109, "vapor_pressure": 0.005315652217112121, "reference_temperature": 20.0, "koc": 151.06257181719945, "freundlich": 1.0176260094261464, "dt50": {"system": 6.0, "soil": 57.684364727682855, "surfaceWater": 6.0, "sediment": 6.0}, "plant_uptake": 0.5, "name": "Compound -2437925126819199762", "model_specific_data": {}, "metabolites": []}}]}}