{"gap": {"type": "relative", "arguments": {"name": "GAP -296091488377847865", "modelCrop": "WC", "rate": 250.0, "apply_every_n_years": 1, "number_of_applications": 2, "interval": 14, "model_specific_data": {}, "bbch": 31, "season": 0}}, "compound": {"molarMass": 300.0, "water_solubility": 0.00015954018665596638, "vapor_pressure": 0.0004546493404130313, "reference_temperature": 20.0, "koc": 267.83097109871414, "freundlich": 0.8226429886445034, "dt50": {"system": 6.0, "soil": 32.232691840352146, "surfaceWater": 6.0, "sediment": 6.0}, "plant_uptake": 0.0, "name": "Compound -1584268284832858186", "model_specific_data": {}, "metabolites": [{"formation_fraction": 0.2, "metabolite": {"molarMass": 300.0, "water_solubility": 0.00023983574400600493, "vapor_pressure": 2.9048538100052163e-10, "reference_temperature": 20.0, "koc": 37.13592473803529, "freundlich": 0.9721795052485904, "dt50": {"system": 6.0, "soil": 5.894337435053447, "surfaceWater": 6.0, "sediment": 6.0}, "plant_uptake": 0.5, "name": "Compound 5994432072204765869", "model_specific_data": {}, "metabolites": []}}]}}