{"gap": {"type": "relative", "arguments": {"name": "GAP -296091488377847865", "modelCrop": "WC", "rate": 250.0, "apply_every_n_years": 1, "number_of_applications": 2, "interval": 14, "model_specific_data": {}, "bbch": 31, "season": 0}}, "compound": {"molarMass": 300.0, "water_solubility": 0.044044425523013415, "vapor_pressure": 3.228006064413511e-06, "reference_temperature": 20.0, "koc": 3816.716124747732, "freundlich": 1.0273821283438456, "dt50": {"system": 6.0, "soil": 82.75494384971994, "surfaceWater": 6.0, "sediment": 6.0}, "plant_uptake": 0.0, "name": "Compound 8631155047552282096", "model_specific_data": {}, "metabolites": [{"formation_fraction": 0.2, "metabolite": {"molarMass": 300.0, "water_solubility": 0.10049403367564219, "vapor_pressure": 0.0002214654961898332, "reference_temperature": 20.0, "koc": 843.9850303112154, "freundlich": 0.8022501012209092, "dt50": {"system": 6.0, "soil": 206.32296573245296, "surfaceWater": 6.0, "sediment": 6.0}, "plant_uptake": 0.5, "name": "Compound -712580663521473136", "model_specific_data": {}, "metabolites": []}}]}}