{"gap": {"type": "relative", "arguments": {"name": "GAP -296091488377847865", "modelCrop": "WC", "rate": 250.0, "apply_every_n_years": 1, "number_of_applications": 2, "interval": 14, "model_specific_data": {}, "bbch": 31, "season": 0}}, "compound": {"molarMass": 300.0, "water_solubility": 0.04778368932779543, "vapor_pressure": 6.023406003015939e-05, "reference_temperature": 20.0, "koc": 2042.100201751684, "freundlich": 1.1717068601166882, "dt50": {"system": 6.0, "soil": 54.714327051647615, "surfaceWater": 6.0, "sediment": 6.0}, "plant_uptake": 0.0, "name": "Compound 5543296803841603124", "model_specific_data": {}, "metabolites": [{"formation_fraction": 0.2, "metabolite": {"molarMass": 300.0, "water_solubility": 0.012695849396542842, "vapor_pressure": 0.00014255791920249873, "reference_temperature": 20.0, "koc": 171.2822969171325, "freundlich": 0.8258331831821142, "dt50": {"system": 6.0, "soil": 202.75586383157665, "surfaceWater": 6.0, "sediment": 6.0}, "plant_uptake": 0.5, "name": "Compound 7848011112456114808", "model_specific_data": {}, "metabolites": []}}]}}