{"gap": {"type": "relative", "arguments": {"name": "GAP -296091488377847865", "modelCrop": "WC", "rate": 250.0, "apply_every_n_years": 1, "number_of_applications": 2, "interval": 14, "model_specific_data": {}, "bbch": 31, "season": 0}}, "compound": {"molarMass": 300.0, "water_solubility": 0.001175843194843643, "vapor_pressure": 1.2537953664287473e-07, "reference_temperature": 20.0, "koc": 167.56482520305477, "freundlich": 0.7796102623660334, "dt50": {"system": 6.0, "soil": 271.9342986680549, "surfaceWater": 6.0, "sediment": 6.0}, "plant_uptake": 0.0, "name": "Compound -613532778813973134", "model_specific_data": {}, "metabolites": [{"formation_fraction": 0.2, "metabolite": {"molarMass": 300.0, "water_solubility": 0.0021750714331139217, "vapor_pressure": 0.0001436328935486674, "reference_temperature": 20.0, "koc": 13.697138453764289, "freundlich": 0.8080900460734383, "dt50": {"system": 6.0, "soil": 103.85313110101552, "surfaceWater": 6.0, "sediment": 6.0}, "plant_uptake": 0.5, "name": "Compound 7570953902999594275", "model_specific_data": {}, "metabolites": []}}]}}