{"gap": {"type": "relative", "arguments": {"name": "GAP -296091488377847865", "modelCrop": "WC", "rate": 250.0, "apply_every_n_years": 1, "number_of_applications": 2, "interval": 14, "model_specific_data": {}, "bbch": 31, "season": 0}}, "compound": {"molarMass": 300.0, "water_solubility": 0.2528459690783046, "vapor_pressure": 1.2500033098876832e-07, "reference_temperature": 20.0, "koc": 406.2016751988503, "freundlich": 0.768288738602076, "dt50": {"system": 6.0, "soil": 292.6588406789729, "surfaceWater": 6.0, "sediment": 6.0}, "plant_uptake": 0.0, "name": "Compound 5714527291535196578", "model_specific_data": {}, "metabolites": [{"formation_fraction": 0.2, "metabolite": {"molarMass": 300.0, "water_solubility": 0.013731691077992216, "vapor_pressure": 1.1780198198020186e-06, "reference_temperature": 20.0, "koc": 1201.8392247871752, "freundlich": 0.7776118117920661, "dt50": {"system": 6.0, "soil": 166.26168692909386, "surfaceWater": 6.0, "sediment": 6.0}, "plant_uptake": 0.5, "name": "Compound 7184986979367724031", "model_specific_data": {}, "metabolites": []}}]}}