{"gap": {"type": "relative", "arguments": {"name": "GAP -296091488377847865", "modelCrop": "WC", "rate": 250.0, "apply_every_n_years": 1, "number_of_applications": 2, "interval": 14, "model_specific_data": {}, "bbch": 31, "season": 0}}, "compound": {"molarMass": 300.0, "water_solubility": 0.01972178257962819, "vapor_pressure": 4.7913366481440804e-06, "reference_temperature": 20.0, "koc": 664.3977941411441, "freundlich": 0.9005153342280008, "dt50": {"system": 6.0, "soil": 174.26642705747125, "surfaceWater": 6.0, "sediment": 6.0}, "plant_uptake": 0.0, "name": "Compound -4378155721392934208", "model_specific_data": {}, "metabolites": [{"formation_fraction": 0.2, "metabolite": {"molarMass": 300.0, "water_solubility": 0.2961632630106503, "vapor_pressure": 1.3692572152186432e-05, "reference_temperature": 20.0, "koc": 201.46284802339798, "freundlich": 0.8636442670729122, "dt50": {"system": 6.0, "soil": 133.86835726190589, "surfaceWater": 6.0, "sediment": 6.0}, "plant_uptake": 0.5, "name": "Compound 3400407413029269592", "model_specific_data": {}, "metabolites": []}}]}}