{"gap": {"type": "relative", "arguments": {"name": "GAP -296091488377847865", "modelCrop": "WC", "rate": 250.0, "apply_every_n_years": 1, "number_of_applications": 2, "interval": 14, "model_specific_data": {}, "bbch": 31, "season": 0}}, "compound": {"molarMass": 300.0, "water_solubility": 0.02290338908816378, "vapor_pressure": 4.996792911199701e-06, "reference_temperature": 20.0, "koc": 24.567237075494962, "freundlich": 0.9100079876169109, "dt50": {"system": 6.0, "soil": 209.75675583092246, "surfaceWater": 6.0, "sediment": 6.0}, "plant_uptake": 0.0, "name": "Compound 6551136688449151684", "model_specific_data": {}, "metabolites": [{"formation_fraction": 0.2, "metabolite": {"molarMass": 300.0, "water_solubility": 0.005611549673097492, "vapor_pressure": 0.000127574272010843, "reference_temperature": 20.0, "koc": 1444.1896973848263, "freundlich": 1.0447169885697054, "dt50": {"system": 6.0, "soil": 271.41487859475467, "surfaceWater": 6.0, "sediment": 6.0}, "plant_uptake": 0.5, "name": "Compound -1051239895760700897", "model_specific_data": {}, "metabolites": []}}]}}