{"gap": {"type": "relative", "arguments": {"name": "GAP -296091488377847865", "modelCrop": "WC", "rate": 250.0, "apply_every_n_years": 1, "number_of_applications": 2, "interval": 14, "model_specific_data": {}, "bbch": 31, "season": 0}}, "compound": {"molarMass": 300.0, "water_solubility": 0.00911730264966493, "vapor_pressure": 2.1233549229235264e-06, "reference_temperature": 20.0, "koc": 230.4914995743999, "freundlich": 0.8966223310919955, "dt50": {"system": 6.0, "soil": 259.21768894808304, "surfaceWater": 6.0, "sediment": 6.0}, "plant_uptake": 0.0, "name": "Compound 7076824476448632761", "model_specific_data": {}, "metabolites": [{"formation_fraction": 0.2, "metabolite": {"molarMass": 300.0, "water_solubility": 0.04472172427618905, "vapor_pressure": 1.4846931383469507e-10, "reference_temperature": 20.0, "koc": 2248.0547268843216, "freundlich": 1.184314563137399, "dt50": {"system": 6.0, "soil": 159.62807261545282, "surfaceWater": 6.0, "sediment": 6.0}, "plant_uptake": 0.5, "name": "Compound -7807635448834003272", "model_specific_data": {}, "metabolites": []}}]}}