{"gap": {"type": "relative", "arguments": {"name": "GAP -296091488377847865", "modelCrop": "WC", "rate": 250.0, "apply_every_n_years": 1, "number_of_applications": 2, "interval": 14, "model_specific_data": {}, "bbch": 31, "season": 0}}, "compound": {"molarMass": 300.0, "water_solubility": 9.202917442632157e-05, "vapor_pressure": 2.5184043467254873e-06, "reference_temperature": 20.0, "koc": 217.86633693685235, "freundlich": 1.0239148750861422, "dt50": {"system": 6.0, "soil": 196.68333420186298, "surfaceWater": 6.0, "sediment": 6.0}, "plant_uptake": 0.0, "name": "Compound -6189377869685706019", "model_specific_data": {}, "metabolites": [{"formation_fraction": 0.2, "metabolite": {"molarMass": 300.0, "water_solubility": 0.09493964507393336, "vapor_pressure": 2.05371013119198e-06, "reference_temperature": 20.0, "koc": 154.84993209857493, "freundlich": 1.1806494125458473, "dt50": {"system": 6.0, "soil": 180.78709399273205, "surfaceWater": 6.0, "sediment": 6.0}, "plant_uptake": 0.5, "name": "Compound 5050370054131749312", "model_specific_data": {}, "metabolites": []}}]}}