{"gap": {"type": "relative", "arguments": {"name": "GAP -296091488377847865", "modelCrop": "WC", "rate": 250.0, "apply_every_n_years": 1, "number_of_applications": 2, "interval": 14, "model_specific_data": {}, "bbch": 31, "season": 0}}, "compound": {"molarMass": 300.0, "water_solubility": 0.011413661832602102, "vapor_pressure": 6.16876703701446e-08, "reference_temperature": 20.0, "koc": 37.18531788299618, "freundlich": 1.0583584348316881, "dt50": {"system": 6.0, "soil": 1.8283739842407982, "surfaceWater": 6.0, "sediment": 6.0}, "plant_uptake": 0.0, "name": "Compound -2041811474414394565", "model_specific_data": {}, "metabolites": [{"formation_fraction": 0.2, "metabolite": {"molarMass": 300.0, "water_solubility": 0.02666509543303519, "vapor_pressure": 8.184808450885032e-06, "reference_temperature": 20.0, "koc": 19.781146639360887, "freundlich": 0.9329317250611908, "dt50": {"system": 6.0, "soil": 165.44676307803567, "surfaceWater": 6.0, "sediment": 6.0}, "plant_uptake": 0.5, "name": "Compound 4681759371661127861", "model_specific_data": {}, "metabolites": []}}]}}