{"gap": {"type": "relative", "arguments": {"name": "GAP -296091488377847865", "modelCrop": "WC", "rate": 250.0, "apply_every_n_years": 1, "number_of_applications": 2, "interval": 14, "model_specific_data": {}, "bbch": 31, "season": 0}}, "compound": {"molarMass": 300.0, "water_solubility": 0.013099710451922798, "vapor_pressure": 6.266438570981944e-05, "reference_temperature": 20.0, "koc": 13.637938934160236, "freundlich": 0.8181540535154328, "dt50": {"system": 6.0, "soil": 63.51123881944096, "surfaceWater": 6.0, "sediment": 6.0}, "plant_uptake": 0.0, "name": "Compound -3403182230822521485", "model_specific_data": {}, "metabolites": [{"formation_fraction": 0.2, "metabolite": {"molarMass": 300.0, "water_solubility": 0.01452887422762809, "vapor_pressure": 0.0001847525335291458, "reference_temperature": 20.0, "koc": 3424.5725346777645, "freundlich": 0.7924729608590411, "dt50": {"system": 6.0, "soil": 72.62912700287795, "surfaceWater": 6.0, "sediment": 6.0}, "plant_uptake": 0.5, "name": "Compound -8217341797694010534", "model_specific_data": {}, "metabolites": []}}]}}