{"gap": {"type": "relative", "arguments": {"name": "GAP -296091488377847865", "modelCrop": "WC", "rate": 250.0, "apply_every_n_years": 1, "number_of_applications": 2, "interval": 14, "model_specific_data": {}, "bbch": 31, "season": 0}}, "compound": {"molarMass": 300.0, "water_solubility": 0.004754660895417649, "vapor_pressure": 4.552656438675226e-06, "reference_temperature": 20.0, "koc": 1531.093529398407, "freundlich": 0.8574930788321069, "dt50": {"system": 6.0, "soil": 25.669292983610003, "surfaceWater": 6.0, "sediment": 6.0}, "plant_uptake": 0.0, "name": "Compound 4159847816114756752", "model_specific_data": {}, "metabolites": [{"formation_fraction": 0.2, "metabolite": {"molarMass": 300.0, "water_solubility": 0.001490577976194935, "vapor_pressure": 0.00012768566630210837, "reference_temperature": 20.0, "koc": 64.47589991351795, "freundlich": 0.8210164659877524, "dt50": {"system": 6.0, "soil": 83.72477448181995, "surfaceWater": 6.0, "sediment": 6.0}, "plant_uptake": 0.5, "name": "Compound -2506138205628138706", "model_specific_data": {}, "metabolites": []}}]}}