{"gap": {"type": "relative", "arguments": {"name": "GAP -296091488377847865", "modelCrop": "WC", "rate": 250.0, "apply_every_n_years": 1, "number_of_applications": 2, "interval": 14, "model_specific_data": {}, "bbch": 31, "season": 0}}, "compound": {"molarMass": 300.0, "water_solubility": 0.1069274079585621, "vapor_pressure": 0.00021573791739381114, "reference_temperature": 20.0, "koc": 637.1086050695839, "freundlich": 0.8498237396076564, "dt50": {"system": 6.0, "soil": 275.06912426393956, "surfaceWater": 6.0, "sediment": 6.0}, "plant_uptake": 0.0, "name": "Compound -6314154565359414070", "model_specific_data": {}, "metabolites": [{"formation_fraction": 0.2, "metabolite": {"molarMass": 300.0, "water_solubility": 0.0009227349718523726, "vapor_pressure": 1.493699150580894e-06, "reference_temperature": 20.0, "koc": 2374.7791684499334, "freundlich": 1.1946480910597796, "dt50": {"system": 6.0, "soil": 213.01735182689632, "surfaceWater": 6.0, "sediment": 6.0}, "plant_uptake": 0.5, "name": "Compound 7221859095504148930", "model_specific_data": {}, "metabolites": []}}]}}