{"gap": {"type": "relative", "arguments": {"name": "GAP -296091488377847865", "modelCrop": "WC", "rate": 250.0, "apply_every_n_years": 1, "number_of_applications": 2, "interval": 14, "model_specific_data": {}, "bbch": 31, "season": 0}}, "compound": {"molarMass": 300.0, "water_solubility": 0.1383742995601298, "vapor_pressure": 4.2886220151654504e-05, "reference_temperature": 20.0, "koc": 61.53503537036841, "freundlich": 1.0886907278369187, "dt50": {"system": 6.0, "soil": 106.2568021662633, "surfaceWater": 6.0, "sediment": 6.0}, "plant_uptake": 0.0, "name": "Compound 8361080117163886062", "model_specific_data": {}, "metabolites": [{"formation_fraction": 0.2, "metabolite": {"molarMass": 300.0, "water_solubility": 3.556037929576346e-05, "vapor_pressure": 7.076687405328112e-05, "reference_temperature": 20.0, "koc": 178.21930676443213, "freundlich": 1.0337984097809145, "dt50": {"system": 6.0, "soil": 36.13292156056169, "surfaceWater": 6.0, "sediment": 6.0}, "plant_uptake": 0.5, "name": "Compound -8439342583294721767", "model_specific_data": {}, "metabolites": []}}]}}