{"gap": {"type": "relative", "arguments": {"name": "GAP -296091488377847865", "modelCrop": "WC", "rate": 250.0, "apply_every_n_years": 1, "number_of_applications": 2, "interval": 14, "model_specific_data": {}, "bbch": 31, "season": 0}}, "compound": {"molarMass": 300.0, "water_solubility": 0.01940060697787488, "vapor_pressure": 0.0007342933416601256, "reference_temperature": 20.0, "koc": 2240.890728950423, "freundlich": 1.1319007341070964, "dt50": {"system": 6.0, "soil": 95.3772230973811, "surfaceWater": 6.0, "sediment": 6.0}, "plant_uptake": 0.0, "name": "Compound 3768095190817596090", "model_specific_data": {}, "metabolites": [{"formation_fraction": 0.2, "metabolite": {"molarMass": 300.0, "water_solubility": 0.008792760355976386, "vapor_pressure": 2.7814857074120653e-06, "reference_temperature": 20.0, "koc": 88.48740717781402, "freundlich": 0.9495458749102946, "dt50": {"system": 6.0, "soil": 283.4179884898672, "surfaceWater": 6.0, "sediment": 6.0}, "plant_uptake": 0.5, "name": "Compound -8332136820285507443", "model_specific_data": {}, "metabolites": []}}]}}