{"gap": {"type": "relative", "arguments": {"name": "GAP -296091488377847865", "modelCrop": "WC", "rate": 250.0, "apply_every_n_years": 1, "number_of_applications": 2, "interval": 14, "model_specific_data": {}, "bbch": 31, "season": 0}}, "compound": {"molarMass": 300.0, "water_solubility": 0.0005928933100722539, "vapor_pressure": 8.759223846365866e-07, "reference_temperature": 20.0, "koc": 151.94076686193674, "freundlich": 1.1685306775172641, "dt50": {"system": 6.0, "soil": 159.76507830233857, "surfaceWater": 6.0, "sediment": 6.0}, "plant_uptake": 0.0, "name": "Compound -1876001283443008526", "model_specific_data": {}, "metabolites": [{"formation_fraction": 0.2, "metabolite": {"molarMass": 300.0, "water_solubility": 0.011791249100135114, "vapor_pressure": 7.521953953173619e-07, "reference_temperature": 20.0, "koc": 253.46292868994084, "freundlich": 1.1295472481657662, "dt50": {"system": 6.0, "soil": 296.8481310394039, "surfaceWater": 6.0, "sediment": 6.0}, "plant_uptake": 0.5, "name": "Compound -1707013839818038612", "model_specific_data": {}, "metabolites": []}}]}}