{"gap": {"type": "relative", "arguments": {"name": "GAP -296091488377847865", "modelCrop": "WC", "rate": 250.0, "apply_every_n_years": 1, "number_of_applications": 2, "interval": 14, "model_specific_data": {}, "bbch": 31, "season": 0}}, "compound": {"molarMass": 300.0, "water_solubility": 0.13825185422711372, "vapor_pressure": 1.2342881286177452e-07, "reference_temperature": 20.0, "koc": 19.827759375083573, "freundlich": 1.1729761268491212, "dt50": {"system": 6.0, "soil": 34.367142329252665, "surfaceWater": 6.0, "sediment": 6.0}, "plant_uptake": 0.0, "name": "Compound -6655522495578444298", "model_specific_data": {}, "metabolites": [{"formation_fraction": 0.2, "metabolite": {"molarMass": 300.0, "water_solubility": 0.012376225664212847, "vapor_pressure": 0.025027071691117817, "reference_temperature": 20.0, "koc": 50.373410613941395, "freundlich": 1.1685004765973008, "dt50": {"system": 6.0, "soil": 18.596798965620135, "surfaceWater": 6.0, "sediment": 6.0}, "plant_uptake": 0.5, "name": "Compound -1870143852314011742", "model_specific_data": {}, "metabolites": []}}]}}