{"gap": {"type": "relative", "arguments": {"name": "GAP -296091488377847865", "modelCrop": "WC", "rate": 250.0, "apply_every_n_years": 1, "number_of_applications": 2, "interval": 14, "model_specific_data": {}, "bbch": 31, "season": 0}}, "compound": {"molarMass": 300.0, "water_solubility": 0.001947338689328311, "vapor_pressure": 3.810777263961427e-07, "reference_temperature": 20.0, "koc": 2942.4985391423206, "freundlich": 0.863032818710098, "dt50": {"system": 6.0, "soil": 49.136982339871714, "surfaceWater": 6.0, "sediment": 6.0}, "plant_uptake": 0.0, "name": "Compound -5000209768516176337", "model_specific_data": {}, "metabolites": [{"formation_fraction": 0.2, "metabolite": {"molarMass": 300.0, "water_solubility": 0.007671273405018005, "vapor_pressure": 3.976456570069519e-06, "reference_temperature": 20.0, "koc": 1684.7395746849297, "freundlich": 1.1871101800608443, "dt50": {"system": 6.0, "soil": 34.26778342884197, "surfaceWater": 6.0, "sediment": 6.0}, "plant_uptake": 0.5, "name": "Compound -4665727145592016850", "model_specific_data": {}, "metabolites": []}}]}}