{"gap": {"type": "relative", "arguments": {"name": "GAP -296091488377847865", "modelCrop": "WC", "rate": 250.0, "apply_every_n_years": 1, "number_of_applications": 2, "interval": 14, "model_specific_data": {}, "bbch": 31, "season": 0}}, "compound": {"molarMass": 300.0, "water_solubility": 0.00019451485718734046, "vapor_pressure": 8.904099033606458e-05, "reference_temperature": 20.0, "koc": 23.895399739993863, "freundlich": 0.7388964851225923, "dt50": {"system": 6.0, "soil": 160.63433729652914, "surfaceWater": 6.0, "sediment": 6.0}, "plant_uptake": 0.0, "name": "Compound -5295896817364874442", "model_specific_data": {}, "metabolites": [{"formation_fraction": 0.2, "metabolite": {"molarMass": 300.0, "water_solubility": 1.4245145348248478, "vapor_pressure": 3.781529745460713e-05, "reference_temperature": 20.0, "koc": 20.108111940322647, "freundlich": 0.9511900427643065, "dt50": {"system": 6.0, "soil": 74.66150568759755, "surfaceWater": 6.0, "sediment": 6.0}, "plant_uptake": 0.5, "name": "Compound 1526005919910980118", "model_specific_data": {}, "metabolites": []}}]}}