{"gap": {"type": "relative", "arguments": {"name": "GAP -296091488377847865", "modelCrop": "WC", "rate": 250.0, "apply_every_n_years": 1, "number_of_applications": 2, "interval": 14, "model_specific_data": {}, "bbch": 31, "season": 0}}, "compound": {"molarMass": 300.0, "water_solubility": 0.00782881032504882, "vapor_pressure": 2.3339191675213368e-05, "reference_temperature": 20.0, "koc": 65.05567570357886, "freundlich": 1.160737238684078, "dt50": {"system": 6.0, "soil": 225.02564135960426, "surfaceWater": 6.0, "sediment": 6.0}, "plant_uptake": 0.0, "name": "Compound -6605444817908829177", "model_specific_data": {}, "metabolites": [{"formation_fraction": 0.2, "metabolite": {"molarMass": 300.0, "water_solubility": 0.001620343945318906, "vapor_pressure": 0.001391072231342919, "reference_temperature": 20.0, "koc": 20.825392989650528, "freundlich": 0.825733227389305, "dt50": {"system": 6.0, "soil": 201.12947659144007, "surfaceWater": 6.0, "sediment": 6.0}, "plant_uptake": 0.5, "name": "Compound 5447774741278443321", "model_specific_data": {}, "metabolites": []}}]}}