{"gap": {"type": "relative", "arguments": {"name": "GAP -296091488377847865", "modelCrop": "WC", "rate": 250.0, "apply_every_n_years": 1, "number_of_applications": 2, "interval": 14, "model_specific_data": {}, "bbch": 31, "season": 0}}, "compound": {"molarMass": 300.0, "water_solubility": 0.46231382325477144, "vapor_pressure": 3.810372971713496e-05, "reference_temperature": 20.0, "koc": 186.9395785204778, "freundlich": 0.93547714568584, "dt50": {"system": 6.0, "soil": 31.05030333644952, "surfaceWater": 6.0, "sediment": 6.0}, "plant_uptake": 0.0, "name": "Compound 726681558162821932", "model_specific_data": {}, "metabolites": [{"formation_fraction": 0.2, "metabolite": {"molarMass": 300.0, "water_solubility": 0.019787134473289093, "vapor_pressure": 1.4857972946872005e-07, "reference_temperature": 20.0, "koc": 30.50890291929086, "freundlich": 1.1589271978407845, "dt50": {"system": 6.0, "soil": 54.428856783044765, "surfaceWater": 6.0, "sediment": 6.0}, "plant_uptake": 0.5, "name": "Compound -3189944309729282648", "model_specific_data": {}, "metabolites": []}}]}}