{"gap": {"type": "relative", "arguments": {"name": "GAP -296091488377847865", "modelCrop": "WC", "rate": 250.0, "apply_every_n_years": 1, "number_of_applications": 2, "interval": 14, "model_specific_data": {}, "bbch": 31, "season": 0}}, "compound": {"molarMass": 300.0, "water_solubility": 0.00039696722181286487, "vapor_pressure": 9.132586811514875e-06, "reference_temperature": 20.0, "koc": 17.92301818460057, "freundlich": 0.9039767732264661, "dt50": {"system": 6.0, "soil": 151.3516899954689, "surfaceWater": 6.0, "sediment": 6.0}, "plant_uptake": 0.0, "name": "Compound 6746933547390180388", "model_specific_data": {}, "metabolites": [{"formation_fraction": 0.2, "metabolite": {"molarMass": 300.0, "water_solubility": 0.011288301086815661, "vapor_pressure": 0.0001502532713354092, "reference_temperature": 20.0, "koc": 17.81307846351029, "freundlich": 0.8821937685769572, "dt50": {"system": 6.0, "soil": 193.03778356382242, "surfaceWater": 6.0, "sediment": 6.0}, "plant_uptake": 0.5, "name": "Compound -193987981609639080", "model_specific_data": {}, "metabolites": []}}]}}