{"gap": {"type": "relative", "arguments": {"name": "GAP -296091488377847865", "modelCrop": "WC", "rate": 250.0, "apply_every_n_years": 1, "number_of_applications": 2, "interval": 14, "model_specific_data": {}, "bbch": 31, "season": 0}}, "compound": {"molarMass": 300.0, "water_solubility": 0.04539935315134426, "vapor_pressure": 6.750404892594643e-06, "reference_temperature": 20.0, "koc": 29.171015243266897, "freundlich": 1.1325535606214263, "dt50": {"system": 6.0, "soil": 172.95933511607532, "surfaceWater": 6.0, "sediment": 6.0}, "plant_uptake": 0.0, "name": "Compound -7368990959872741884", "model_specific_data": {}, "metabolites": [{"formation_fraction": 0.2, "metabolite": {"molarMass": 300.0, "water_solubility": 0.0012814802771448075, "vapor_pressure": 1.676417245922164e-05, "reference_temperature": 20.0, "koc": 2024.7646095914988, "freundlich": 0.7551583663083112, "dt50": {"system": 6.0, "soil": 95.26404014639726, "surfaceWater": 6.0, "sediment": 6.0}, "plant_uptake": 0.5, "name": "Compound 9047704963049814377", "model_specific_data": {}, "metabolites": []}}]}}