{"gap": {"type": "relative", "arguments": {"name": "GAP -296091488377847865", "modelCrop": "WC", "rate": 250.0, "apply_every_n_years": 1, "number_of_applications": 2, "interval": 14, "model_specific_data": {}, "bbch": 31, "season": 0}}, "compound": {"molarMass": 300.0, "water_solubility": 0.000979717384274727, "vapor_pressure": 0.004333364868882976, "reference_temperature": 20.0, "koc": 3180.066020257691, "freundlich": 0.8960351465343379, "dt50": {"system": 6.0, "soil": 291.8743905461958, "surfaceWater": 6.0, "sediment": 6.0}, "plant_uptake": 0.0, "name": "Compound -8292867531970876268", "model_specific_data": {}, "metabolites": [{"formation_fraction": 0.2, "metabolite": {"molarMass": 300.0, "water_solubility": 0.008575976183909961, "vapor_pressure": 0.0015677911531182742, "reference_temperature": 20.0, "koc": 325.2822696714351, "freundlich": 0.7904824473079456, "dt50": {"system": 6.0, "soil": 276.05494420176103, "surfaceWater": 6.0, "sediment": 6.0}, "plant_uptake": 0.5, "name": "Compound -508639704718038688", "model_specific_data": {}, "metabolites": []}}]}}