{"gap": {"type": "relative", "arguments": {"name": "GAP -296091488377847865", "modelCrop": "WC", "rate": 250.0, "apply_every_n_years": 1, "number_of_applications": 2, "interval": 14, "model_specific_data": {}, "bbch": 31, "season": 0}}, "compound": {"molarMass": 300.0, "water_solubility": 0.0009164337781153433, "vapor_pressure": 1.7383533232867938e-08, "reference_temperature": 20.0, "koc": 813.407982814748, "freundlich": 0.7212071078729181, "dt50": {"system": 6.0, "soil": 4.539405201810516, "surfaceWater": 6.0, "sediment": 6.0}, "plant_uptake": 0.0, "name": "Compound -3728021979475877538", "model_specific_data": {}, "metabolites": [{"formation_fraction": 0.2, "metabolite": {"molarMass": 300.0, "water_solubility": 0.07367639965219516, "vapor_pressure": 0.40327779308772027, "reference_temperature": 20.0, "koc": 335.2998934912417, "freundlich": 0.8673069799642655, "dt50": {"system": 6.0, "soil": 107.19519041544733, "surfaceWater": 6.0, "sediment": 6.0}, "plant_uptake": 0.5, "name": "Compound 1681797898945022469", "model_specific_data": {}, "metabolites": []}}]}}