{"gap": {"type": "relative", "arguments": {"name": "GAP -296091488377847865", "modelCrop": "WC", "rate": 250.0, "apply_every_n_years": 1, "number_of_applications": 2, "interval": 14, "model_specific_data": {}, "bbch": 31, "season": 0}}, "compound": {"molarMass": 300.0, "water_solubility": 0.007973531074050305, "vapor_pressure": 1.6369252756983876e-06, "reference_temperature": 20.0, "koc": 565.5025851011419, "freundlich": 0.9766862835134731, "dt50": {"system": 6.0, "soil": 131.73679866841584, "surfaceWater": 6.0, "sediment": 6.0}, "plant_uptake": 0.0, "name": "Compound 8260759366502239510", "model_specific_data": {}, "metabolites": [{"formation_fraction": 0.2, "metabolite": {"molarMass": 300.0, "water_solubility": 0.011014281825183913, "vapor_pressure": 0.00019824847554427848, "reference_temperature": 20.0, "koc": 3869.919746654078, "freundlich": 1.1888222832931878, "dt50": {"system": 6.0, "soil": 273.71876990375654, "surfaceWater": 6.0, "sediment": 6.0}, "plant_uptake": 0.5, "name": "Compound 1578204580192683176", "model_specific_data": {}, "metabolites": []}}]}}