{"gap": {"type": "relative", "arguments": {"name": "GAP -296091488377847865", "modelCrop": "WC", "rate": 250.0, "apply_every_n_years": 1, "number_of_applications": 2, "interval": 14, "model_specific_data": {}, "bbch": 31, "season": 0}}, "compound": {"molarMass": 300.0, "water_solubility": 0.02659370034806262, "vapor_pressure": 0.0010382277914703715, "reference_temperature": 20.0, "koc": 17.158693049513875, "freundlich": 1.127003283275614, "dt50": {"system": 6.0, "soil": 142.38266522894475, "surfaceWater": 6.0, "sediment": 6.0}, "plant_uptake": 0.0, "name": "Compound -7196490673907472948", "model_specific_data": {}, "metabolites": [{"formation_fraction": 0.2, "metabolite": {"molarMass": 300.0, "water_solubility": 0.03985984014679346, "vapor_pressure": 0.00040732764944785603, "reference_temperature": 20.0, "koc": 280.6662178580854, "freundlich": 0.9891787477313101, "dt50": {"system": 6.0, "soil": 281.5910764729968, "surfaceWater": 6.0, "sediment": 6.0}, "plant_uptake": 0.5, "name": "Compound -7949076532700345971", "model_specific_data": {}, "metabolites": []}}]}}