{"gap": {"type": "relative", "arguments": {"name": "GAP -296091488377847865", "modelCrop": "WC", "rate": 250.0, "apply_every_n_years": 1, "number_of_applications": 2, "interval": 14, "model_specific_data": {}, "bbch": 31, "season": 0}}, "compound": {"molarMass": 300.0, "water_solubility": 0.002048273954809758, "vapor_pressure": 0.0003812768543525232, "reference_temperature": 20.0, "koc": 40.200124367120075, "freundlich": 0.8614712378789616, "dt50": {"system": 6.0, "soil": 68.47302305194187, "surfaceWater": 6.0, "sediment": 6.0}, "plant_uptake": 0.0, "name": "Compound 7924656798249393987", "model_specific_data": {}, "metabolites": [{"formation_fraction": 0.2, "metabolite": {"molarMass": 300.0, "water_solubility": 1.9258429621688002, "vapor_pressure": 3.2490635773116325e-05, "reference_temperature": 20.0, "koc": 32.87659246239844, "freundlich": 1.1317034718132086, "dt50": {"system": 6.0, "soil": 79.49773449453035, "surfaceWater": 6.0, "sediment": 6.0}, "plant_uptake": 0.5, "name": "Compound 1965456541018677410", "model_specific_data": {}, "metabolites": []}}]}}