{"gap": {"type": "relative", "arguments": {"name": "GAP -296091488377847865", "modelCrop": "WC", "rate": 250.0, "apply_every_n_years": 1, "number_of_applications": 2, "interval": 14, "model_specific_data": {}, "bbch": 31, "season": 0}}, "compound": {"molarMass": 300.0, "water_solubility": 0.02175910720076108, "vapor_pressure": 0.0009275208202318556, "reference_temperature": 20.0, "koc": 29.367895878806426, "freundlich": 0.9300160819201344, "dt50": {"system": 6.0, "soil": 198.76037401992255, "surfaceWater": 6.0, "sediment": 6.0}, "plant_uptake": 0.0, "name": "Compound -3448366403452457570", "model_specific_data": {}, "metabolites": [{"formation_fraction": 0.2, "metabolite": {"molarMass": 300.0, "water_solubility": 0.002794402302427898, "vapor_pressure": 6.883519480859217e-07, "reference_temperature": 20.0, "koc": 3057.6001546503026, "freundlich": 0.7204284257635485, "dt50": {"system": 6.0, "soil": 73.21050600710028, "surfaceWater": 6.0, "sediment": 6.0}, "plant_uptake": 0.5, "name": "Compound 2083681453462420816", "model_specific_data": {}, "metabolites": []}}]}}