{"gap": {"type": "relative", "arguments": {"name": "GAP -296091488377847865", "modelCrop": "WC", "rate": 250.0, "apply_every_n_years": 1, "number_of_applications": 2, "interval": 14, "model_specific_data": {}, "bbch": 31, "season": 0}}, "compound": {"molarMass": 300.0, "water_solubility": 0.5186577302697448, "vapor_pressure": 1.0342646351206463e-05, "reference_temperature": 20.0, "koc": 694.5960319832018, "freundlich": 0.9590980665827336, "dt50": {"system": 6.0, "soil": 41.21264714072093, "surfaceWater": 6.0, "sediment": 6.0}, "plant_uptake": 0.0, "name": "Compound -3915689345837733035", "model_specific_data": {}, "metabolites": [{"formation_fraction": 0.2, "metabolite": {"molarMass": 300.0, "water_solubility": 0.08501962489507106, "vapor_pressure": 8.975120139133423e-10, "reference_temperature": 20.0, "koc": 384.10894010100986, "freundlich": 0.9343554326017971, "dt50": {"system": 6.0, "soil": 261.30476674150935, "surfaceWater": 6.0, "sediment": 6.0}, "plant_uptake": 0.5, "name": "Compound 1004830757629426606", "model_specific_data": {}, "metabolites": []}}]}}