{"gap": {"type": "relative", "arguments": {"name": "GAP -296091488377847865", "modelCrop": "WC", "rate": 250.0, "apply_every_n_years": 1, "number_of_applications": 2, "interval": 14, "model_specific_data": {}, "bbch": 31, "season": 0}}, "compound": {"molarMass": 300.0, "water_solubility": 0.024863477851113275, "vapor_pressure": 0.0001673829362691645, "reference_temperature": 20.0, "koc": 89.4761090731618, "freundlich": 1.1784938474450897, "dt50": {"system": 6.0, "soil": 163.5666230059958, "surfaceWater": 6.0, "sediment": 6.0}, "plant_uptake": 0.0, "name": "Compound 5950324478129365929", "model_specific_data": {}, "metabolites": [{"formation_fraction": 0.2, "metabolite": {"molarMass": 300.0, "water_solubility": 0.15256849106832007, "vapor_pressure": 1.1467650804356567e-06, "reference_temperature": 20.0, "koc": 18.68226829912097, "freundlich": 1.156639186735694, "dt50": {"system": 6.0, "soil": 28.585619969323744, "surfaceWater": 6.0, "sediment": 6.0}, "plant_uptake": 0.5, "name": "Compound 8959190313360433596", "model_specific_data": {}, "metabolites": []}}]}}