{"gap": {"type": "relative", "arguments": {"name": "GAP -296091488377847865", "modelCrop": "WC", "rate": 250.0, "apply_every_n_years": 1, "number_of_applications": 2, "interval": 14, "model_specific_data": {}, "bbch": 31, "season": 0}}, "compound": {"molarMass": 300.0, "water_solubility": 0.0035733268761588347, "vapor_pressure": 1.1378411722706662e-08, "reference_temperature": 20.0, "koc": 75.64421234300593, "freundlich": 1.017173554900032, "dt50": {"system": 6.0, "soil": 202.23854616596645, "surfaceWater": 6.0, "sediment": 6.0}, "plant_uptake": 0.0, "name": "Compound 4413060383591420185", "model_specific_data": {}, "metabolites": [{"formation_fraction": 0.2, "metabolite": {"molarMass": 300.0, "water_solubility": 0.0026357089495609156, "vapor_pressure": 5.5783322188930406e-05, "reference_temperature": 20.0, "koc": 704.6811868127801, "freundlich": 1.1257591032902923, "dt50": {"system": 6.0, "soil": 285.1761294686104, "surfaceWater": 6.0, "sediment": 6.0}, "plant_uptake": 0.5, "name": "Compound 4461975157208042025", "model_specific_data": {}, "metabolites": []}}]}}