{"gap": {"type": "relative", "arguments": {"name": "GAP -296091488377847865", "modelCrop": "WC", "rate": 250.0, "apply_every_n_years": 1, "number_of_applications": 2, "interval": 14, "model_specific_data": {}, "bbch": 31, "season": 0}}, "compound": {"molarMass": 300.0, "water_solubility": 0.013457064637998265, "vapor_pressure": 2.7155081529940525e-08, "reference_temperature": 20.0, "koc": 11.538898836115731, "freundlich": 1.112299115563001, "dt50": {"system": 6.0, "soil": 25.067813863692226, "surfaceWater": 6.0, "sediment": 6.0}, "plant_uptake": 0.0, "name": "Compound 7187663278684803912", "model_specific_data": {}, "metabolites": [{"formation_fraction": 0.2, "metabolite": {"molarMass": 300.0, "water_solubility": 0.04451701350841979, "vapor_pressure": 1.536539210296365e-06, "reference_temperature": 20.0, "koc": 30.445781939766515, "freundlich": 0.8626680591544842, "dt50": {"system": 6.0, "soil": 108.64683953597495, "surfaceWater": 6.0, "sediment": 6.0}, "plant_uptake": 0.5, "name": "Compound -2569077865538560373", "model_specific_data": {}, "metabolites": []}}]}}