{"gap": {"type": "relative", "arguments": {"name": "GAP -296091488377847865", "modelCrop": "WC", "rate": 250.0, "apply_every_n_years": 1, "number_of_applications": 2, "interval": 14, "model_specific_data": {}, "bbch": 31, "season": 0}}, "compound": {"molarMass": 300.0, "water_solubility": 0.000826421896645028, "vapor_pressure": 1.7691473322720309e-06, "reference_temperature": 20.0, "koc": 12.055685522857038, "freundlich": 0.7922461845489976, "dt50": {"system": 6.0, "soil": 278.0417448944136, "surfaceWater": 6.0, "sediment": 6.0}, "plant_uptake": 0.0, "name": "Compound -9073400235850160922", "model_specific_data": {}, "metabolites": [{"formation_fraction": 0.2, "metabolite": {"molarMass": 300.0, "water_solubility": 0.0024444637375625015, "vapor_pressure": 2.1164200030437832e-08, "reference_temperature": 20.0, "koc": 1769.0748660616314, "freundlich": 0.9825429844108364, "dt50": {"system": 6.0, "soil": 20.868693358433955, "surfaceWater": 6.0, "sediment": 6.0}, "plant_uptake": 0.5, "name": "Compound 5263310909606458977", "model_specific_data": {}, "metabolites": []}}]}}