{"gap": {"type": "relative", "arguments": {"name": "GAP -296091488377847865", "modelCrop": "WC", "rate": 250.0, "apply_every_n_years": 1, "number_of_applications": 2, "interval": 14, "model_specific_data": {}, "bbch": 31, "season": 0}}, "compound": {"molarMass": 300.0, "water_solubility": 0.02736674996685491, "vapor_pressure": 5.552277461752448e-08, "reference_temperature": 20.0, "koc": 4762.978415123794, "freundlich": 1.098555186728426, "dt50": {"system": 6.0, "soil": 6.244230398777319, "surfaceWater": 6.0, "sediment": 6.0}, "plant_uptake": 0.0, "name": "Compound -755687530261628215", "model_specific_data": {}, "metabolites": [{"formation_fraction": 0.2, "metabolite": {"molarMass": 300.0, "water_solubility": 0.005949614696931075, "vapor_pressure": 0.00021628169882702324, "reference_temperature": 20.0, "koc": 239.5990755293598, "freundlich": 1.1314443354241246, "dt50": {"system": 6.0, "soil": 219.87663834826216, "surfaceWater": 6.0, "sediment": 6.0}, "plant_uptake": 0.5, "name": "Compound -9081687649681563519", "model_specific_data": {}, "metabolites": []}}]}}