{"gap": {"type": "relative", "arguments": {"name": "GAP -296091488377847865", "modelCrop": "WC", "rate": 250.0, "apply_every_n_years": 1, "number_of_applications": 2, "interval": 14, "model_specific_data": {}, "bbch": 31, "season": 0}}, "compound": {"molarMass": 300.0, "water_solubility": 0.004636487872009116, "vapor_pressure": 5.953675059717669e-07, "reference_temperature": 20.0, "koc": 3089.99291627088, "freundlich": 1.015254677249261, "dt50": {"system": 6.0, "soil": 98.45854981108917, "surfaceWater": 6.0, "sediment": 6.0}, "plant_uptake": 0.0, "name": "Compound 5723903693795759844", "model_specific_data": {}, "metabolites": [{"formation_fraction": 0.2, "metabolite": {"molarMass": 300.0, "water_solubility": 0.0008518208955810777, "vapor_pressure": 0.00010686239151093688, "reference_temperature": 20.0, "koc": 82.27221850158038, "freundlich": 0.8992456951169174, "dt50": {"system": 6.0, "soil": 196.84116024538454, "surfaceWater": 6.0, "sediment": 6.0}, "plant_uptake": 0.5, "name": "Compound -5796179876309571587", "model_specific_data": {}, "metabolites": []}}]}}