{"gap": {"type": "relative", "arguments": {"name": "GAP -296091488377847865", "modelCrop": "WC", "rate": 250.0, "apply_every_n_years": 1, "number_of_applications": 2, "interval": 14, "model_specific_data": {}, "bbch": 31, "season": 0}}, "compound": {"molarMass": 300.0, "water_solubility": 0.00438486680386684, "vapor_pressure": 0.053494916225051106, "reference_temperature": 20.0, "koc": 621.403385411497, "freundlich": 1.025637011782576, "dt50": {"system": 6.0, "soil": 39.5623850203369, "surfaceWater": 6.0, "sediment": 6.0}, "plant_uptake": 0.0, "name": "Compound -332176905806651432", "model_specific_data": {}, "metabolites": [{"formation_fraction": 0.2, "metabolite": {"molarMass": 300.0, "water_solubility": 0.0007138982496329043, "vapor_pressure": 3.123434633915469e-08, "reference_temperature": 20.0, "koc": 681.5209578703157, "freundlich": 0.7045929240523878, "dt50": {"system": 6.0, "soil": 245.80247650198976, "surfaceWater": 6.0, "sediment": 6.0}, "plant_uptake": 0.5, "name": "Compound 2693878676397155099", "model_specific_data": {}, "metabolites": []}}]}}