{"gap": {"type": "relative", "arguments": {"name": "GAP -296091488377847865", "modelCrop": "WC", "rate": 250.0, "apply_every_n_years": 1, "number_of_applications": 2, "interval": 14, "model_specific_data": {}, "bbch": 31, "season": 0}}, "compound": {"molarMass": 300.0, "water_solubility": 0.0017517276331247356, "vapor_pressure": 0.005270115765901473, "reference_temperature": 20.0, "koc": 28.098042236732727, "freundlich": 0.9913224721089191, "dt50": {"system": 6.0, "soil": 231.11344910697656, "surfaceWater": 6.0, "sediment": 6.0}, "plant_uptake": 0.0, "name": "Compound -3712232820308237119", "model_specific_data": {}, "metabolites": [{"formation_fraction": 0.2, "metabolite": {"molarMass": 300.0, "water_solubility": 5.400857166848765e-05, "vapor_pressure": 4.239033808809776e-08, "reference_temperature": 20.0, "koc": 108.71897984669337, "freundlich": 1.122226305749238, "dt50": {"system": 6.0, "soil": 235.33309916294968, "surfaceWater": 6.0, "sediment": 6.0}, "plant_uptake": 0.5, "name": "Compound 8672080707478547978", "model_specific_data": {}, "metabolites": []}}]}}