{"gap": {"type": "relative", "arguments": {"name": "GAP -296091488377847865", "modelCrop": "WC", "rate": 250.0, "apply_every_n_years": 1, "number_of_applications": 2, "interval": 14, "model_specific_data": {}, "bbch": 31, "season": 0}}, "compound": {"molarMass": 300.0, "water_solubility": 0.004552412150593531, "vapor_pressure": 0.00014106403732751008, "reference_temperature": 20.0, "koc": 40.16453031306959, "freundlich": 0.7315052558118664, "dt50": {"system": 6.0, "soil": 181.8169135661759, "surfaceWater": 6.0, "sediment": 6.0}, "plant_uptake": 0.0, "name": "Compound 1376383058238581778", "model_specific_data": {}, "metabolites": [{"formation_fraction": 0.2, "metabolite": {"molarMass": 300.0, "water_solubility": 0.00020381129546344056, "vapor_pressure": 0.0012569175521433783, "reference_temperature": 20.0, "koc": 136.9588872119225, "freundlich": 1.0532903179656814, "dt50": {"system": 6.0, "soil": 253.81968322869892, "surfaceWater": 6.0, "sediment": 6.0}, "plant_uptake": 0.5, "name": "Compound -2125467878457847399", "model_specific_data": {}, "metabolites": []}}]}}