{"gap": {"type": "relative", "arguments": {"name": "GAP -296091488377847865", "modelCrop": "WC", "rate": 250.0, "apply_every_n_years": 1, "number_of_applications": 2, "interval": 14, "model_specific_data": {}, "bbch": 31, "season": 0}}, "compound": {"molarMass": 300.0, "water_solubility": 0.0013594735545540595, "vapor_pressure": 0.0002943854444578866, "reference_temperature": 20.0, "koc": 26.21323622443584, "freundlich": 1.1691716945942252, "dt50": {"system": 6.0, "soil": 110.84739584669975, "surfaceWater": 6.0, "sediment": 6.0}, "plant_uptake": 0.0, "name": "Compound -7172214344652138252", "model_specific_data": {}, "metabolites": [{"formation_fraction": 0.2, "metabolite": {"molarMass": 300.0, "water_solubility": 0.0883113117927404, "vapor_pressure": 5.896461089859493e-06, "reference_temperature": 20.0, "koc": 427.30953532760935, "freundlich": 1.1503840178050897, "dt50": {"system": 6.0, "soil": 282.4051702049466, "surfaceWater": 6.0, "sediment": 6.0}, "plant_uptake": 0.5, "name": "Compound 2484649513495226634", "model_specific_data": {}, "metabolites": []}}]}}