{"gap": {"type": "relative", "arguments": {"name": "GAP -296091488377847865", "modelCrop": "WC", "rate": 250.0, "apply_every_n_years": 1, "number_of_applications": 2, "interval": 14, "model_specific_data": {}, "bbch": 31, "season": 0}}, "compound": {"molarMass": 300.0, "water_solubility": 0.005060668882745114, "vapor_pressure": 0.0001593865821863195, "reference_temperature": 20.0, "koc": 67.8924055770976, "freundlich": 0.8268165975857769, "dt50": {"system": 6.0, "soil": 236.3585943258698, "surfaceWater": 6.0, "sediment": 6.0}, "plant_uptake": 0.0, "name": "Compound -2617707972945624389", "model_specific_data": {}, "metabolites": [{"formation_fraction": 0.2, "metabolite": {"molarMass": 300.0, "water_solubility": 0.0010966160465402726, "vapor_pressure": 9.211458368314074e-08, "reference_temperature": 20.0, "koc": 100.44554284909408, "freundlich": 0.9197047610303326, "dt50": {"system": 6.0, "soil": 45.584868199486195, "surfaceWater": 6.0, "sediment": 6.0}, "plant_uptake": 0.5, "name": "Compound -830247489200161014", "model_specific_data": {}, "metabolites": []}}]}}