{"gap": {"type": "relative", "arguments": {"name": "GAP -296091488377847865", "modelCrop": "WC", "rate": 250.0, "apply_every_n_years": 1, "number_of_applications": 2, "interval": 14, "model_specific_data": {}, "bbch": 31, "season": 0}}, "compound": {"molarMass": 300.0, "water_solubility": 0.005445681581600177, "vapor_pressure": 1.6802534930554339e-06, "reference_temperature": 20.0, "koc": 10.647836261028125, "freundlich": 1.0547408004113779, "dt50": {"system": 6.0, "soil": 18.548683304192554, "surfaceWater": 6.0, "sediment": 6.0}, "plant_uptake": 0.0, "name": "Compound -5697192258946705561", "model_specific_data": {}, "metabolites": [{"formation_fraction": 0.2, "metabolite": {"molarMass": 300.0, "water_solubility": 0.040894262876300616, "vapor_pressure": 1.1531673897852927e-07, "reference_temperature": 20.0, "koc": 113.85951471815757, "freundlich": 0.8796281620807109, "dt50": {"system": 6.0, "soil": 104.07866193794801, "surfaceWater": 6.0, "sediment": 6.0}, "plant_uptake": 0.5, "name": "Compound 6637084908095924558", "model_specific_data": {}, "metabolites": []}}]}}