{"gap": {"type": "relative", "arguments": {"name": "GAP -296091488377847865", "modelCrop": "WC", "rate": 250.0, "apply_every_n_years": 1, "number_of_applications": 2, "interval": 14, "model_specific_data": {}, "bbch": 31, "season": 0}}, "compound": {"molarMass": 300.0, "water_solubility": 0.0026565922097640843, "vapor_pressure": 3.1586433796848232e-06, "reference_temperature": 20.0, "koc": 848.4050115529172, "freundlich": 0.9303640013918917, "dt50": {"system": 6.0, "soil": 236.6620547735395, "surfaceWater": 6.0, "sediment": 6.0}, "plant_uptake": 0.0, "name": "Compound -3224084935487903795", "model_specific_data": {}, "metabolites": [{"formation_fraction": 0.2, "metabolite": {"molarMass": 300.0, "water_solubility": 0.0048913440880131815, "vapor_pressure": 9.501245763254038e-07, "reference_temperature": 20.0, "koc": 3671.3533437083684, "freundlich": 0.8715430816721808, "dt50": {"system": 6.0, "soil": 69.69984699766498, "surfaceWater": 6.0, "sediment": 6.0}, "plant_uptake": 0.5, "name": "Compound -3492208664756322197", "model_specific_data": {}, "metabolites": []}}]}}