{"gap": {"type": "relative", "arguments": {"name": "GAP -296091488377847865", "modelCrop": "WC", "rate": 250.0, "apply_every_n_years": 1, "number_of_applications": 2, "interval": 14, "model_specific_data": {}, "bbch": 31, "season": 0}}, "compound": {"molarMass": 300.0, "water_solubility": 0.19182748735579105, "vapor_pressure": 0.001008227354250039, "reference_temperature": 20.0, "koc": 21.39779964509757, "freundlich": 0.9062220943401431, "dt50": {"system": 6.0, "soil": 85.91863524713943, "surfaceWater": 6.0, "sediment": 6.0}, "plant_uptake": 0.0, "name": "Compound -3941151421828946188", "model_specific_data": {}, "metabolites": [{"formation_fraction": 0.2, "metabolite": {"molarMass": 300.0, "water_solubility": 0.0012386262091544898, "vapor_pressure": 7.320137095983614e-05, "reference_temperature": 20.0, "koc": 207.89483314421565, "freundlich": 0.8368331185326567, "dt50": {"system": 6.0, "soil": 220.28448567956764, "surfaceWater": 6.0, "sediment": 6.0}, "plant_uptake": 0.5, "name": "Compound 6261704128666642887", "model_specific_data": {}, "metabolites": []}}]}}