{"gap": {"type": "relative", "arguments": {"name": "GAP -296091488377847865", "modelCrop": "WC", "rate": 250.0, "apply_every_n_years": 1, "number_of_applications": 2, "interval": 14, "model_specific_data": {}, "bbch": 31, "season": 0}}, "compound": {"molarMass": 300.0, "water_solubility": 0.09204961790617595, "vapor_pressure": 1.1753003315550703e-06, "reference_temperature": 20.0, "koc": 1489.7480571378103, "freundlich": 1.1942436575925375, "dt50": {"system": 6.0, "soil": 122.57579835220838, "surfaceWater": 6.0, "sediment": 6.0}, "plant_uptake": 0.0, "name": "Compound -8287885861093292593", "model_specific_data": {}, "metabolites": [{"formation_fraction": 0.2, "metabolite": {"molarMass": 300.0, "water_solubility": 0.00668752339625906, "vapor_pressure": 1.4610511796963656e-06, "reference_temperature": 20.0, "koc": 188.35256875713756, "freundlich": 0.866269813679542, "dt50": {"system": 6.0, "soil": 264.4170764969917, "surfaceWater": 6.0, "sediment": 6.0}, "plant_uptake": 0.5, "name": "Compound 424675271663254237", "model_specific_data": {}, "metabolites": []}}]}}