{"gap": {"type": "relative", "arguments": {"name": "GAP -296091488377847865", "modelCrop": "WC", "rate": 250.0, "apply_every_n_years": 1, "number_of_applications": 2, "interval": 14, "model_specific_data": {}, "bbch": 31, "season": 0}}, "compound": {"molarMass": 300.0, "water_solubility": 0.003223420711523211, "vapor_pressure": 0.00023482111587714088, "reference_temperature": 20.0, "koc": 14.971547470880775, "freundlich": 1.0565254274375786, "dt50": {"system": 6.0, "soil": 263.84711830260994, "surfaceWater": 6.0, "sediment": 6.0}, "plant_uptake": 0.0, "name": "Compound -7781698638094508442", "model_specific_data": {}, "metabolites": [{"formation_fraction": 0.2, "metabolite": {"molarMass": 300.0, "water_solubility": 0.0004045162110506507, "vapor_pressure": 3.240132756539387e-06, "reference_temperature": 20.0, "koc": 260.09504406661625, "freundlich": 0.9383727474201902, "dt50": {"system": 6.0, "soil": 36.192433765148095, "surfaceWater": 6.0, "sediment": 6.0}, "plant_uptake": 0.5, "name": "Compound 9193680415691076925", "model_specific_data": {}, "metabolites": []}}]}}