{"gap": {"type": "relative", "arguments": {"name": "GAP -296091488377847865", "modelCrop": "WC", "rate": 250.0, "apply_every_n_years": 1, "number_of_applications": 2, "interval": 14, "model_specific_data": {}, "bbch": 31, "season": 0}}, "compound": {"molarMass": 300.0, "water_solubility": 0.01516867778158379, "vapor_pressure": 3.6479873255199077e-06, "reference_temperature": 20.0, "koc": 665.2409304453673, "freundlich": 0.8428431626195791, "dt50": {"system": 6.0, "soil": 59.95397719199421, "surfaceWater": 6.0, "sediment": 6.0}, "plant_uptake": 0.0, "name": "Compound -1228850922493444718", "model_specific_data": {}, "metabolites": [{"formation_fraction": 0.2, "metabolite": {"molarMass": 300.0, "water_solubility": 0.0014154810925542066, "vapor_pressure": 0.004326906919991576, "reference_temperature": 20.0, "koc": 44.955208120795646, "freundlich": 0.7247361491902762, "dt50": {"system": 6.0, "soil": 140.56811688580547, "surfaceWater": 6.0, "sediment": 6.0}, "plant_uptake": 0.5, "name": "Compound -8226388011092295832", "model_specific_data": {}, "metabolites": []}}]}}