{"gap": {"type": "relative", "arguments": {"name": "GAP -296091488377847865", "modelCrop": "WC", "rate": 250.0, "apply_every_n_years": 1, "number_of_applications": 2, "interval": 14, "model_specific_data": {}, "bbch": 31, "season": 0}}, "compound": {"molarMass": 300.0, "water_solubility": 0.3298377641870234, "vapor_pressure": 0.07503402411816608, "reference_temperature": 20.0, "koc": 255.07513014070784, "freundlich": 1.0731904197250812, "dt50": {"system": 6.0, "soil": 269.9529389656829, "surfaceWater": 6.0, "sediment": 6.0}, "plant_uptake": 0.0, "name": "Compound -1601697727587221451", "model_specific_data": {}, "metabolites": [{"formation_fraction": 0.2, "metabolite": {"molarMass": 300.0, "water_solubility": 0.5225837208936487, "vapor_pressure": 4.177901360072084e-07, "reference_temperature": 20.0, "koc": 416.87977603308957, "freundlich": 0.809890868115108, "dt50": {"system": 6.0, "soil": 241.19511377593622, "surfaceWater": 6.0, "sediment": 6.0}, "plant_uptake": 0.5, "name": "Compound -3074785186258385170", "model_specific_data": {}, "metabolites": []}}]}}