{"gap": {"type": "relative", "arguments": {"name": "GAP -296091488377847865", "modelCrop": "WC", "rate": 250.0, "apply_every_n_years": 1, "number_of_applications": 2, "interval": 14, "model_specific_data": {}, "bbch": 31, "season": 0}}, "compound": {"molarMass": 300.0, "water_solubility": 0.041777290203114895, "vapor_pressure": 2.66177713817614e-05, "reference_temperature": 20.0, "koc": 64.07780108936947, "freundlich": 0.9118177870049657, "dt50": {"system": 6.0, "soil": 62.814024515206775, "surfaceWater": 6.0, "sediment": 6.0}, "plant_uptake": 0.0, "name": "Compound -9114991616017816476", "model_specific_data": {}, "metabolites": [{"formation_fraction": 0.2, "metabolite": {"molarMass": 300.0, "water_solubility": 0.0008044939859161332, "vapor_pressure": 1.6866050271110723e-06, "reference_temperature": 20.0, "koc": 14.605952418000935, "freundlich": 1.118162621682988, "dt50": {"system": 6.0, "soil": 87.83804294640318, "surfaceWater": 6.0, "sediment": 6.0}, "plant_uptake": 0.5, "name": "Compound 2803912618669798610", "model_specific_data": {}, "metabolites": []}}]}}