{"gap": {"type": "relative", "arguments": {"name": "GAP -296091488377847865", "modelCrop": "WC", "rate": 250.0, "apply_every_n_years": 1, "number_of_applications": 2, "interval": 14, "model_specific_data": {}, "bbch": 31, "season": 0}}, "compound": {"molarMass": 300.0, "water_solubility": 0.08233587407775228, "vapor_pressure": 0.016146849222683477, "reference_temperature": 20.0, "koc": 3160.748731705403, "freundlich": 0.8212798208849974, "dt50": {"system": 6.0, "soil": 177.274804654293, "surfaceWater": 6.0, "sediment": 6.0}, "plant_uptake": 0.0, "name": "Compound 1619337082058884406", "model_specific_data": {}, "metabolites": [{"formation_fraction": 0.2, "metabolite": {"molarMass": 300.0, "water_solubility": 0.04332446790728134, "vapor_pressure": 1.5559805606009186e-06, "reference_temperature": 20.0, "koc": 314.6274541737501, "freundlich": 0.8932550508014798, "dt50": {"system": 6.0, "soil": 54.483079076303696, "surfaceWater": 6.0, "sediment": 6.0}, "plant_uptake": 0.5, "name": "Compound -773169921103697297", "model_specific_data": {}, "metabolites": []}}]}}