{"gap": {"type": "relative", "arguments": {"name": "GAP -296091488377847865", "modelCrop": "WC", "rate": 250.0, "apply_every_n_years": 1, "number_of_applications": 2, "interval": 14, "model_specific_data": {}, "bbch": 31, "season": 0}}, "compound": {"molarMass": 300.0, "water_solubility": 0.5709660879740442, "vapor_pressure": 4.4820544597227554e-08, "reference_temperature": 20.0, "koc": 155.30583121422373, "freundlich": 1.0761214829767414, "dt50": {"system": 6.0, "soil": 62.11061851202159, "surfaceWater": 6.0, "sediment": 6.0}, "plant_uptake": 0.0, "name": "Compound 4974587588390743611", "model_specific_data": {}, "metabolites": [{"formation_fraction": 0.2, "metabolite": {"molarMass": 300.0, "water_solubility": 2.1086164423371295e-05, "vapor_pressure": 1.2554660086451971e-07, "reference_temperature": 20.0, "koc": 22.35514850206897, "freundlich": 1.195493135625709, "dt50": {"system": 6.0, "soil": 247.13750379690603, "surfaceWater": 6.0, "sediment": 6.0}, "plant_uptake": 0.5, "name": "Compound -8304740636885737807", "model_specific_data": {}, "metabolites": []}}]}}