{"gap": {"type": "relative", "arguments": {"name": "GAP -296091488377847865", "modelCrop": "WC", "rate": 250.0, "apply_every_n_years": 1, "number_of_applications": 2, "interval": 14, "model_specific_data": {}, "bbch": 31, "season": 0}}, "compound": {"molarMass": 300.0, "water_solubility": 0.0012874920299653049, "vapor_pressure": 0.00044337768039679035, "reference_temperature": 20.0, "koc": 68.71316879072235, "freundlich": 1.0355584373174023, "dt50": {"system": 6.0, "soil": 274.0748097651182, "surfaceWater": 6.0, "sediment": 6.0}, "plant_uptake": 0.0, "name": "Compound 4853214511403591672", "model_specific_data": {}, "metabolites": [{"formation_fraction": 0.2, "metabolite": {"molarMass": 300.0, "water_solubility": 0.0003696082911510139, "vapor_pressure": 5.0979763364351895e-05, "reference_temperature": 20.0, "koc": 15.075994233080687, "freundlich": 0.8630710163608395, "dt50": {"system": 6.0, "soil": 227.25668576332762, "surfaceWater": 6.0, "sediment": 6.0}, "plant_uptake": 0.5, "name": "Compound 4509339872803831797", "model_specific_data": {}, "metabolites": []}}]}}