{"gap": {"type": "relative", "arguments": {"name": "GAP -296091488377847865", "modelCrop": "WC", "rate": 250.0, "apply_every_n_years": 1, "number_of_applications": 2, "interval": 14, "model_specific_data": {}, "bbch": 31, "season": 0}}, "compound": {"molarMass": 300.0, "water_solubility": 0.002215187620895646, "vapor_pressure": 2.7546209802805904e-06, "reference_temperature": 20.0, "koc": 13.534799466282115, "freundlich": 0.8111566701882181, "dt50": {"system": 6.0, "soil": 169.89717155829692, "surfaceWater": 6.0, "sediment": 6.0}, "plant_uptake": 0.0, "name": "Compound -8167083879613200177", "model_specific_data": {}, "metabolites": [{"formation_fraction": 0.2, "metabolite": {"molarMass": 300.0, "water_solubility": 0.3422898992714061, "vapor_pressure": 4.678430597149188e-07, "reference_temperature": 20.0, "koc": 734.4238560647736, "freundlich": 0.9025048623220387, "dt50": {"system": 6.0, "soil": 127.7926868445955, "surfaceWater": 6.0, "sediment": 6.0}, "plant_uptake": 0.5, "name": "Compound 6218229882506381932", "model_specific_data": {}, "metabolites": []}}]}}