{"gap": {"type": "relative", "arguments": {"name": "GAP -296091488377847865", "modelCrop": "WC", "rate": 250.0, "apply_every_n_years": 1, "number_of_applications": 2, "interval": 14, "model_specific_data": {}, "bbch": 31, "season": 0}}, "compound": {"molarMass": 300.0, "water_solubility": 0.018843586677295503, "vapor_pressure": 1.6368884627303078e-07, "reference_temperature": 20.0, "koc": 103.76779472809538, "freundlich": 0.8855118532024548, "dt50": {"system": 6.0, "soil": 219.04712262310898, "surfaceWater": 6.0, "sediment": 6.0}, "plant_uptake": 0.0, "name": "Compound 3470917956928050989", "model_specific_data": {}, "metabolites": [{"formation_fraction": 0.2, "metabolite": {"molarMass": 300.0, "water_solubility": 0.9343123163089089, "vapor_pressure": 4.6049255281056606e-08, "reference_temperature": 20.0, "koc": 602.08160507481, "freundlich": 0.7348899954101865, "dt50": {"system": 6.0, "soil": 103.21365181103053, "surfaceWater": 6.0, "sediment": 6.0}, "plant_uptake": 0.5, "name": "Compound -4675408553581257615", "model_specific_data": {}, "metabolites": []}}]}}