{"gap": {"type": "relative", "arguments": {"name": "GAP -296091488377847865", "modelCrop": "WC", "rate": 250.0, "apply_every_n_years": 1, "number_of_applications": 2, "interval": 14, "model_specific_data": {}, "bbch": 31, "season": 0}}, "compound": {"molarMass": 300.0, "water_solubility": 0.011670699465603535, "vapor_pressure": 0.0010426300370735752, "reference_temperature": 20.0, "koc": 14.78961152949718, "freundlich": 1.0170813744780896, "dt50": {"system": 6.0, "soil": 55.868515112359944, "surfaceWater": 6.0, "sediment": 6.0}, "plant_uptake": 0.0, "name": "Compound -367382725341569444", "model_specific_data": {}, "metabolites": [{"formation_fraction": 0.2, "metabolite": {"molarMass": 300.0, "water_solubility": 0.4175065396652639, "vapor_pressure": 3.084948879255927e-07, "reference_temperature": 20.0, "koc": 34.10965737072672, "freundlich": 1.1160619788436439, "dt50": {"system": 6.0, "soil": 239.13742956484924, "surfaceWater": 6.0, "sediment": 6.0}, "plant_uptake": 0.5, "name": "Compound -3019956502129897582", "model_specific_data": {}, "metabolites": []}}]}}