{"gap": {"type": "relative", "arguments": {"name": "GAP -296091488377847865", "modelCrop": "WC", "rate": 250.0, "apply_every_n_years": 1, "number_of_applications": 2, "interval": 14, "model_specific_data": {}, "bbch": 31, "season": 0}}, "compound": {"molarMass": 300.0, "water_solubility": 0.032169025004558885, "vapor_pressure": 4.230060062959413e-05, "reference_temperature": 20.0, "koc": 4396.110030033409, "freundlich": 0.7085721310401509, "dt50": {"system": 6.0, "soil": 23.016596012942298, "surfaceWater": 6.0, "sediment": 6.0}, "plant_uptake": 0.0, "name": "Compound -4537539419139742022", "model_specific_data": {}, "metabolites": [{"formation_fraction": 0.2, "metabolite": {"molarMass": 300.0, "water_solubility": 0.004800995419827173, "vapor_pressure": 4.036451565235889e-07, "reference_temperature": 20.0, "koc": 362.8823884645043, "freundlich": 0.9486199589925055, "dt50": {"system": 6.0, "soil": 86.35976721271267, "surfaceWater": 6.0, "sediment": 6.0}, "plant_uptake": 0.5, "name": "Compound -5681561484173747189", "model_specific_data": {}, "metabolites": []}}]}}