{"gap": {"type": "relative", "arguments": {"name": "GAP -296091488377847865", "modelCrop": "WC", "rate": 250.0, "apply_every_n_years": 1, "number_of_applications": 2, "interval": 14, "model_specific_data": {}, "bbch": 31, "season": 0}}, "compound": {"molarMass": 300.0, "water_solubility": 0.04262405428394455, "vapor_pressure": 8.664934088582674e-06, "reference_temperature": 20.0, "koc": 125.88006713065955, "freundlich": 1.080619696826865, "dt50": {"system": 6.0, "soil": 101.36558225714424, "surfaceWater": 6.0, "sediment": 6.0}, "plant_uptake": 0.0, "name": "Compound -5569423324274590903", "model_specific_data": {}, "metabolites": [{"formation_fraction": 0.2, "metabolite": {"molarMass": 300.0, "water_solubility": 0.023459830350134048, "vapor_pressure": 2.3259218513003135e-08, "reference_temperature": 20.0, "koc": 92.15274571138711, "freundlich": 1.0175573407083331, "dt50": {"system": 6.0, "soil": 100.94660333874477, "surfaceWater": 6.0, "sediment": 6.0}, "plant_uptake": 0.5, "name": "Compound -8968384269459911783", "model_specific_data": {}, "metabolites": []}}]}}