{"gap": {"type": "relative", "arguments": {"name": "GAP -296091488377847865", "modelCrop": "WC", "rate": 250.0, "apply_every_n_years": 1, "number_of_applications": 2, "interval": 14, "model_specific_data": {}, "bbch": 31, "season": 0}}, "compound": {"molarMass": 300.0, "water_solubility": 0.037907067124018215, "vapor_pressure": 5.673336117548053e-06, "reference_temperature": 20.0, "koc": 46.67604513948016, "freundlich": 1.0692614707746155, "dt50": {"system": 6.0, "soil": 65.32894071131884, "surfaceWater": 6.0, "sediment": 6.0}, "plant_uptake": 0.0, "name": "Compound 1956361874202095506", "model_specific_data": {}, "metabolites": [{"formation_fraction": 0.2, "metabolite": {"molarMass": 300.0, "water_solubility": 0.005117399738988235, "vapor_pressure": 1.7617812207919306e-06, "reference_temperature": 20.0, "koc": 180.52246049459575, "freundlich": 1.0849464300081584, "dt50": {"system": 6.0, "soil": 124.94434836587946, "surfaceWater": 6.0, "sediment": 6.0}, "plant_uptake": 0.5, "name": "Compound -1045196748319470979", "model_specific_data": {}, "metabolites": []}}]}}