{"gap": {"type": "relative", "arguments": {"name": "GAP -296091488377847865", "modelCrop": "WC", "rate": 250.0, "apply_every_n_years": 1, "number_of_applications": 2, "interval": 14, "model_specific_data": {}, "bbch": 31, "season": 0}}, "compound": {"molarMass": 300.0, "water_solubility": 0.00601590148032743, "vapor_pressure": 6.820006157434153e-07, "reference_temperature": 20.0, "koc": 19.25711919208584, "freundlich": 1.085338132608438, "dt50": {"system": 6.0, "soil": 17.332565104471566, "surfaceWater": 6.0, "sediment": 6.0}, "plant_uptake": 0.0, "name": "Compound -1357894277707962033", "model_specific_data": {}, "metabolites": [{"formation_fraction": 0.2, "metabolite": {"molarMass": 300.0, "water_solubility": 0.029460606820559267, "vapor_pressure": 1.4130712547724143e-05, "reference_temperature": 20.0, "koc": 60.66090710271477, "freundlich": 1.0900306245276639, "dt50": {"system": 6.0, "soil": 36.617967896975124, "surfaceWater": 6.0, "sediment": 6.0}, "plant_uptake": 0.5, "name": "Compound -2313112436678295021", "model_specific_data": {}, "metabolites": []}}]}}