{"gap": {"type": "relative", "arguments": {"name": "GAP -296091488377847865", "modelCrop": "WC", "rate": 250.0, "apply_every_n_years": 1, "number_of_applications": 2, "interval": 14, "model_specific_data": {}, "bbch": 31, "season": 0}}, "compound": {"molarMass": 300.0, "water_solubility": 0.0019355924942878633, "vapor_pressure": 1.0729107855425372e-07, "reference_temperature": 20.0, "koc": 39.85835289964742, "freundlich": 0.8138863180054393, "dt50": {"system": 6.0, "soil": 71.44790551056309, "surfaceWater": 6.0, "sediment": 6.0}, "plant_uptake": 0.0, "name": "Compound -9196493772008589766", "model_specific_data": {}, "metabolites": [{"formation_fraction": 0.2, "metabolite": {"molarMass": 300.0, "water_solubility": 0.0318451903573859, "vapor_pressure": 3.8331029193655823e-05, "reference_temperature": 20.0, "koc": 86.03334311581189, "freundlich": 0.8446371218664419, "dt50": {"system": 6.0, "soil": 129.5512021110386, "surfaceWater": 6.0, "sediment": 6.0}, "plant_uptake": 0.5, "name": "Compound 7285751234029487727", "model_specific_data": {}, "metabolites": []}}]}}