{"gap": {"type": "relative", "arguments": {"name": "GAP -296091488377847865", "modelCrop": "WC", "rate": 250.0, "apply_every_n_years": 1, "number_of_applications": 2, "interval": 14, "model_specific_data": {}, "bbch": 31, "season": 0}}, "compound": {"molarMass": 300.0, "water_solubility": 0.004280060738381823, "vapor_pressure": 0.025585059017911922, "reference_temperature": 20.0, "koc": 452.8076331827524, "freundlich": 0.9385561436128842, "dt50": {"system": 6.0, "soil": 230.46510150115603, "surfaceWater": 6.0, "sediment": 6.0}, "plant_uptake": 0.0, "name": "Compound 1505780937157323846", "model_specific_data": {}, "metabolites": [{"formation_fraction": 0.2, "metabolite": {"molarMass": 300.0, "water_solubility": 0.001567953898083265, "vapor_pressure": 6.3781056701028355e-09, "reference_temperature": 20.0, "koc": 2500.830464601181, "freundlich": 0.881449894806583, "dt50": {"system": 6.0, "soil": 147.11830091851644, "surfaceWater": 6.0, "sediment": 6.0}, "plant_uptake": 0.5, "name": "Compound -7777506327563984402", "model_specific_data": {}, "metabolites": []}}]}}