{"gap": {"type": "relative", "arguments": {"name": "GAP -296091488377847865", "modelCrop": "WC", "rate": 250.0, "apply_every_n_years": 1, "number_of_applications": 2, "interval": 14, "model_specific_data": {}, "bbch": 31, "season": 0}}, "compound": {"molarMass": 300.0, "water_solubility": 0.0014512294758945747, "vapor_pressure": 0.0019098067849042167, "reference_temperature": 20.0, "koc": 41.80367715053432, "freundlich": 0.7216242386051044, "dt50": {"system": 6.0, "soil": 299.530496715712, "surfaceWater": 6.0, "sediment": 6.0}, "plant_uptake": 0.0, "name": "Compound -5961611240984011242", "model_specific_data": {}, "metabolites": [{"formation_fraction": 0.2, "metabolite": {"molarMass": 300.0, "water_solubility": 0.0002145992298855897, "vapor_pressure": 4.910646223005988e-05, "reference_temperature": 20.0, "koc": 1427.2085588415925, "freundlich": 0.9199381350318783, "dt50": {"system": 6.0, "soil": 161.70939902622794, "surfaceWater": 6.0, "sediment": 6.0}, "plant_uptake": 0.5, "name": "Compound -6918289472783340217", "model_specific_data": {}, "metabolites": []}}]}}