{"gap": {"type": "relative", "arguments": {"name": "GAP -296091488377847865", "modelCrop": "WC", "rate": 250.0, "apply_every_n_years": 1, "number_of_applications": 2, "interval": 14, "model_specific_data": {}, "bbch": 31, "season": 0}}, "compound": {"molarMass": 300.0, "water_solubility": 0.009730698429379885, "vapor_pressure": 9.449259120776634e-05, "reference_temperature": 20.0, "koc": 193.24504493763112, "freundlich": 0.8093359210652957, "dt50": {"system": 6.0, "soil": 285.206062350562, "surfaceWater": 6.0, "sediment": 6.0}, "plant_uptake": 0.0, "name": "Compound -2892462450312674346", "model_specific_data": {}, "metabolites": [{"formation_fraction": 0.2, "metabolite": {"molarMass": 300.0, "water_solubility": 0.0003144411959060522, "vapor_pressure": 3.110056371579718e-05, "reference_temperature": 20.0, "koc": 10.975167684082855, "freundlich": 0.9795732661773466, "dt50": {"system": 6.0, "soil": 18.840993360032858, "surfaceWater": 6.0, "sediment": 6.0}, "plant_uptake": 0.5, "name": "Compound -4556710963246100819", "model_specific_data": {}, "metabolites": []}}]}}