{"gap": {"type": "relative", "arguments": {"name": "GAP -296091488377847865", "modelCrop": "WC", "rate": 250.0, "apply_every_n_years": 1, "number_of_applications": 2, "interval": 14, "model_specific_data": {}, "bbch": 31, "season": 0}}, "compound": {"molarMass": 300.0, "water_solubility": 0.0014060450373434522, "vapor_pressure": 1.3288364121386285e-05, "reference_temperature": 20.0, "koc": 1698.0087762222572, "freundlich": 1.0604903017156233, "dt50": {"system": 6.0, "soil": 104.60840608685544, "surfaceWater": 6.0, "sediment": 6.0}, "plant_uptake": 0.0, "name": "Compound -5778617854893728815", "model_specific_data": {}, "metabolites": [{"formation_fraction": 0.2, "metabolite": {"molarMass": 300.0, "water_solubility": 0.0008518251052975336, "vapor_pressure": 8.702228285392248e-05, "reference_temperature": 20.0, "koc": 21.932910030132316, "freundlich": 0.9955722609266694, "dt50": {"system": 6.0, "soil": 145.18729803902747, "surfaceWater": 6.0, "sediment": 6.0}, "plant_uptake": 0.5, "name": "Compound -7464793943585174184", "model_specific_data": {}, "metabolites": []}}]}}