{"gap": {"type": "relative", "arguments": {"name": "GAP -296091488377847865", "modelCrop": "WC", "rate": 250.0, "apply_every_n_years": 1, "number_of_applications": 2, "interval": 14, "model_specific_data": {}, "bbch": 31, "season": 0}}, "compound": {"molarMass": 300.0, "water_solubility": 0.00029685242305944957, "vapor_pressure": 9.708324659576906e-06, "reference_temperature": 20.0, "koc": 2153.7195161466607, "freundlich": 0.9967511199986558, "dt50": {"system": 6.0, "soil": 129.529795505455, "surfaceWater": 6.0, "sediment": 6.0}, "plant_uptake": 0.0, "name": "Compound 2867337161246093219", "model_specific_data": {}, "metabolites": [{"formation_fraction": 0.2, "metabolite": {"molarMass": 300.0, "water_solubility": 0.007085576685880614, "vapor_pressure": 3.2854183674898825e-06, "reference_temperature": 20.0, "koc": 683.0321970025387, "freundlich": 1.0196798285992206, "dt50": {"system": 6.0, "soil": 135.6776241935581, "surfaceWater": 6.0, "sediment": 6.0}, "plant_uptake": 0.5, "name": "Compound -6209062133099679624", "model_specific_data": {}, "metabolites": []}}]}}