{"gap": {"type": "relative", "arguments": {"name": "GAP -296091488377847865", "modelCrop": "WC", "rate": 250.0, "apply_every_n_years": 1, "number_of_applications": 2, "interval": 14, "model_specific_data": {}, "bbch": 31, "season": 0}}, "compound": {"molarMass": 300.0, "water_solubility": 0.0006470992144394117, "vapor_pressure": 3.4412795871584777e-05, "reference_temperature": 20.0, "koc": 229.40388471124362, "freundlich": 0.7190649506303394, "dt50": {"system": 6.0, "soil": 228.466474970549, "surfaceWater": 6.0, "sediment": 6.0}, "plant_uptake": 0.0, "name": "Compound 367486976902649475", "model_specific_data": {}, "metabolites": [{"formation_fraction": 0.2, "metabolite": {"molarMass": 300.0, "water_solubility": 0.03059684493849097, "vapor_pressure": 5.2948867595153194e-06, "reference_temperature": 20.0, "koc": 33.167497510276235, "freundlich": 1.0297557326303721, "dt50": {"system": 6.0, "soil": 250.472362781432, "surfaceWater": 6.0, "sediment": 6.0}, "plant_uptake": 0.5, "name": "Compound 2136181420932826015", "model_specific_data": {}, "metabolites": []}}]}}