{"gap": {"type": "relative", "arguments": {"name": "GAP -296091488377847865", "modelCrop": "WC", "rate": 250.0, "apply_every_n_years": 1, "number_of_applications": 2, "interval": 14, "model_specific_data": {}, "bbch": 31, "season": 0}}, "compound": {"molarMass": 300.0, "water_solubility": 0.05534252037466176, "vapor_pressure": 1.617021949081925e-07, "reference_temperature": 20.0, "koc": 30.98149163215084, "freundlich": 1.1229183188878475, "dt50": {"system": 6.0, "soil": 195.1702137328088, "surfaceWater": 6.0, "sediment": 6.0}, "plant_uptake": 0.0, "name": "Compound -9199380480599837312", "model_specific_data": {}, "metabolites": [{"formation_fraction": 0.2, "metabolite": {"molarMass": 300.0, "water_solubility": 0.005039650757916565, "vapor_pressure": 9.249325629550619e-07, "reference_temperature": 20.0, "koc": 29.164595281783082, "freundlich": 0.7723723680693242, "dt50": {"system": 6.0, "soil": 175.37113181654632, "surfaceWater": 6.0, "sediment": 6.0}, "plant_uptake": 0.5, "name": "Compound -993614084571173075", "model_specific_data": {}, "metabolites": []}}]}}