{"gap": {"type": "relative", "arguments": {"name": "GAP -296091488377847865", "modelCrop": "WC", "rate": 250.0, "apply_every_n_years": 1, "number_of_applications": 2, "interval": 14, "model_specific_data": {}, "bbch": 31, "season": 0}}, "compound": {"molarMass": 300.0, "water_solubility": 0.00442696609209332, "vapor_pressure": 0.00016925583713422781, "reference_temperature": 20.0, "koc": 363.1719936446381, "freundlich": 1.0102344638436835, "dt50": {"system": 6.0, "soil": 94.09236215924555, "surfaceWater": 6.0, "sediment": 6.0}, "plant_uptake": 0.0, "name": "Compound -2281269631120957922", "model_specific_data": {}, "metabolites": [{"formation_fraction": 0.2, "metabolite": {"molarMass": 300.0, "water_solubility": 0.6864610838811168, "vapor_pressure": 4.9487160999925505e-05, "reference_temperature": 20.0, "koc": 781.5650068799924, "freundlich": 0.9140269046493656, "dt50": {"system": 6.0, "soil": 154.7775224640241, "surfaceWater": 6.0, "sediment": 6.0}, "plant_uptake": 0.5, "name": "Compound 1776497099997241532", "model_specific_data": {}, "metabolites": []}}]}}