{"gap": {"type": "relative", "arguments": {"name": "GAP -296091488377847865", "modelCrop": "WC", "rate": 250.0, "apply_every_n_years": 1, "number_of_applications": 2, "interval": 14, "model_specific_data": {}, "bbch": 31, "season": 0}}, "compound": {"molarMass": 300.0, "water_solubility": 0.10522773658535753, "vapor_pressure": 2.153199433815933e-07, "reference_temperature": 20.0, "koc": 15.513811335053287, "freundlich": 0.875450909446465, "dt50": {"system": 6.0, "soil": 255.82833705195867, "surfaceWater": 6.0, "sediment": 6.0}, "plant_uptake": 0.0, "name": "Compound 2393805347556365295", "model_specific_data": {}, "metabolites": [{"formation_fraction": 0.2, "metabolite": {"molarMass": 300.0, "water_solubility": 0.0198514450475355, "vapor_pressure": 9.292570406382741e-06, "reference_temperature": 20.0, "koc": 2078.126125764274, "freundlich": 0.7969210747333895, "dt50": {"system": 6.0, "soil": 37.41015429996914, "surfaceWater": 6.0, "sediment": 6.0}, "plant_uptake": 0.5, "name": "Compound 4747095026709058441", "model_specific_data": {}, "metabolites": []}}]}}