{"gap": {"type": "relative", "arguments": {"name": "GAP -296091488377847865", "modelCrop": "WC", "rate": 250.0, "apply_every_n_years": 1, "number_of_applications": 2, "interval": 14, "model_specific_data": {}, "bbch": 31, "season": 0}}, "compound": {"molarMass": 300.0, "water_solubility": 0.39382242050049343, "vapor_pressure": 4.691676690187912e-05, "reference_temperature": 20.0, "koc": 690.4103648977424, "freundlich": 1.0084400101061182, "dt50": {"system": 6.0, "soil": 291.6506131326703, "surfaceWater": 6.0, "sediment": 6.0}, "plant_uptake": 0.0, "name": "Compound 8266328532956328675", "model_specific_data": {}, "metabolites": [{"formation_fraction": 0.2, "metabolite": {"molarMass": 300.0, "water_solubility": 0.02987531389736681, "vapor_pressure": 0.00021519109464174688, "reference_temperature": 20.0, "koc": 15.22496504982364, "freundlich": 0.8993258122174889, "dt50": {"system": 6.0, "soil": 95.87727599503363, "surfaceWater": 6.0, "sediment": 6.0}, "plant_uptake": 0.5, "name": "Compound 1766790803500163419", "model_specific_data": {}, "metabolites": []}}]}}