{"gap": {"type": "relative", "arguments": {"name": "GAP -296091488377847865", "modelCrop": "WC", "rate": 250.0, "apply_every_n_years": 1, "number_of_applications": 2, "interval": 14, "model_specific_data": {}, "bbch": 31, "season": 0}}, "compound": {"molarMass": 300.0, "water_solubility": 0.03258724864182053, "vapor_pressure": 3.259175659207467e-07, "reference_temperature": 20.0, "koc": 4263.681196035413, "freundlich": 0.9122315380405137, "dt50": {"system": 6.0, "soil": 150.51697524431802, "surfaceWater": 6.0, "sediment": 6.0}, "plant_uptake": 0.0, "name": "Compound 3965376432207703809", "model_specific_data": {}, "metabolites": [{"formation_fraction": 0.2, "metabolite": {"molarMass": 300.0, "water_solubility": 0.0017820433680705346, "vapor_pressure": 1.9353185229917066e-06, "reference_temperature": 20.0, "koc": 28.05253148597777, "freundlich": 0.7174298508783501, "dt50": {"system": 6.0, "soil": 59.56695780845887, "surfaceWater": 6.0, "sediment": 6.0}, "plant_uptake": 0.5, "name": "Compound 1115761473060866176", "model_specific_data": {}, "metabolites": []}}]}}