{"gap": {"type": "relative", "arguments": {"name": "GAP -296091488377847865", "modelCrop": "WC", "rate": 250.0, "apply_every_n_years": 1, "number_of_applications": 2, "interval": 14, "model_specific_data": {}, "bbch": 31, "season": 0}}, "compound": {"molarMass": 300.0, "water_solubility": 0.003573609077791255, "vapor_pressure": 2.0847147890184555e-06, "reference_temperature": 20.0, "koc": 1268.9596064230425, "freundlich": 1.182331485057539, "dt50": {"system": 6.0, "soil": 43.57521608329251, "surfaceWater": 6.0, "sediment": 6.0}, "plant_uptake": 0.0, "name": "Compound -5310220339128744437", "model_specific_data": {}, "metabolites": [{"formation_fraction": 0.2, "metabolite": {"molarMass": 300.0, "water_solubility": 0.012863210030642143, "vapor_pressure": 1.450328649162613e-06, "reference_temperature": 20.0, "koc": 3924.0392842501974, "freundlich": 0.7027891201707107, "dt50": {"system": 6.0, "soil": 136.476616487242, "surfaceWater": 6.0, "sediment": 6.0}, "plant_uptake": 0.5, "name": "Compound 8602799513541837220", "model_specific_data": {}, "metabolites": []}}]}}