{"gap": {"type": "relative", "arguments": {"name": "GAP -296091488377847865", "modelCrop": "WC", "rate": 250.0, "apply_every_n_years": 1, "number_of_applications": 2, "interval": 14, "model_specific_data": {}, "bbch": 31, "season": 0}}, "compound": {"molarMass": 300.0, "water_solubility": 0.00046389313618032304, "vapor_pressure": 1.4953598131839806e-06, "reference_temperature": 20.0, "koc": 22.37269061131153, "freundlich": 0.7594321601823776, "dt50": {"system": 6.0, "soil": 22.17105029426084, "surfaceWater": 6.0, "sediment": 6.0}, "plant_uptake": 0.0, "name": "Compound -7086395365281820772", "model_specific_data": {}, "metabolites": [{"formation_fraction": 0.2, "metabolite": {"molarMass": 300.0, "water_solubility": 0.0007273684326367157, "vapor_pressure": 6.068261274282308e-06, "reference_temperature": 20.0, "koc": 1654.9312345654007, "freundlich": 1.032119855765858, "dt50": {"system": 6.0, "soil": 17.077049251631806, "surfaceWater": 6.0, "sediment": 6.0}, "plant_uptake": 0.5, "name": "Compound 5708564026627813295", "model_specific_data": {}, "metabolites": []}}]}}