{"gap": {"type": "relative", "arguments": {"name": "GAP -296091488377847865", "modelCrop": "WC", "rate": 250.0, "apply_every_n_years": 1, "number_of_applications": 2, "interval": 14, "model_specific_data": {}, "bbch": 31, "season": 0}}, "compound": {"molarMass": 300.0, "water_solubility": 0.004820920074074538, "vapor_pressure": 2.416411476677487e-06, "reference_temperature": 20.0, "koc": 340.4421034232836, "freundlich": 1.0886738250068253, "dt50": {"system": 6.0, "soil": 47.80492215801006, "surfaceWater": 6.0, "sediment": 6.0}, "plant_uptake": 0.0, "name": "Compound -6311930569657786827", "model_specific_data": {}, "metabolites": [{"formation_fraction": 0.2, "metabolite": {"molarMass": 300.0, "water_solubility": 0.01150240338917381, "vapor_pressure": 0.0001220353889661373, "reference_temperature": 20.0, "koc": 142.10656539015784, "freundlich": 0.9016658070936017, "dt50": {"system": 6.0, "soil": 133.91759202105357, "surfaceWater": 6.0, "sediment": 6.0}, "plant_uptake": 0.5, "name": "Compound 7851015868232419099", "model_specific_data": {}, "metabolites": []}}]}}