{"gap": {"type": "relative", "arguments": {"name": "GAP -296091488377847865", "modelCrop": "WC", "rate": 250.0, "apply_every_n_years": 1, "number_of_applications": 2, "interval": 14, "model_specific_data": {}, "bbch": 31, "season": 0}}, "compound": {"molarMass": 300.0, "water_solubility": 0.020164116418776506, "vapor_pressure": 7.6200781374426856e-06, "reference_temperature": 20.0, "koc": 25.776608144909186, "freundlich": 1.04502724519245, "dt50": {"system": 6.0, "soil": 275.3886862160709, "surfaceWater": 6.0, "sediment": 6.0}, "plant_uptake": 0.0, "name": "Compound 6282987098443305161", "model_specific_data": {}, "metabolites": [{"formation_fraction": 0.2, "metabolite": {"molarMass": 300.0, "water_solubility": 0.00042556246072317705, "vapor_pressure": 0.0018035989501268307, "reference_temperature": 20.0, "koc": 814.6221916164446, "freundlich": 0.7243574038246213, "dt50": {"system": 6.0, "soil": 210.55766162386828, "surfaceWater": 6.0, "sediment": 6.0}, "plant_uptake": 0.5, "name": "Compound -4335848640228987054", "model_specific_data": {}, "metabolites": []}}]}}