{"gap": {"type": "relative", "arguments": {"name": "GAP -296091488377847865", "modelCrop": "WC", "rate": 250.0, "apply_every_n_years": 1, "number_of_applications": 2, "interval": 14, "model_specific_data": {}, "bbch": 31, "season": 0}}, "compound": {"molarMass": 300.0, "water_solubility": 0.15173666561070168, "vapor_pressure": 2.191513318120166e-05, "reference_temperature": 20.0, "koc": 147.16563220588012, "freundlich": 0.7252389250646671, "dt50": {"system": 6.0, "soil": 283.2220789358893, "surfaceWater": 6.0, "sediment": 6.0}, "plant_uptake": 0.0, "name": "Compound -2179838902900463313", "model_specific_data": {}, "metabolites": [{"formation_fraction": 0.2, "metabolite": {"molarMass": 300.0, "water_solubility": 0.11905693415546777, "vapor_pressure": 7.423171387167557e-06, "reference_temperature": 20.0, "koc": 378.67616160111953, "freundlich": 0.746357779342683, "dt50": {"system": 6.0, "soil": 267.7892681827059, "surfaceWater": 6.0, "sediment": 6.0}, "plant_uptake": 0.5, "name": "Compound 7611029063849142587", "model_specific_data": {}, "metabolites": []}}]}}