{"gap": {"type": "relative", "arguments": {"name": "GAP -296091488377847865", "modelCrop": "WC", "rate": 250.0, "apply_every_n_years": 1, "number_of_applications": 2, "interval": 14, "model_specific_data": {}, "bbch": 31, "season": 0}}, "compound": {"molarMass": 300.0, "water_solubility": 0.02232925605170281, "vapor_pressure": 3.154387241846735e-06, "reference_temperature": 20.0, "koc": 172.03647172120517, "freundlich": 1.1961116167159804, "dt50": {"system": 6.0, "soil": 87.20272762009296, "surfaceWater": 6.0, "sediment": 6.0}, "plant_uptake": 0.0, "name": "Compound -1713484520201968909", "model_specific_data": {}, "metabolites": [{"formation_fraction": 0.2, "metabolite": {"molarMass": 300.0, "water_solubility": 0.00022980494062919626, "vapor_pressure": 3.843323241853703e-06, "reference_temperature": 20.0, "koc": 2653.2803961637596, "freundlich": 1.0849141580365937, "dt50": {"system": 6.0, "soil": 95.71777695129755, "surfaceWater": 6.0, "sediment": 6.0}, "plant_uptake": 0.5, "name": "Compound 7866666524044886224", "model_specific_data": {}, "metabolites": []}}]}}