{"gap": {"type": "relative", "arguments": {"name": "GAP -296091488377847865", "modelCrop": "WC", "rate": 250.0, "apply_every_n_years": 1, "number_of_applications": 2, "interval": 14, "model_specific_data": {}, "bbch": 31, "season": 0}}, "compound": {"molarMass": 300.0, "water_solubility": 0.0028410160187271683, "vapor_pressure": 2.439197581782631e-05, "reference_temperature": 20.0, "koc": 3735.771207332268, "freundlich": 1.080801996711833, "dt50": {"system": 6.0, "soil": 230.6392619315001, "surfaceWater": 6.0, "sediment": 6.0}, "plant_uptake": 0.0, "name": "Compound -3537297411184875206", "model_specific_data": {}, "metabolites": [{"formation_fraction": 0.2, "metabolite": {"molarMass": 300.0, "water_solubility": 0.00166833356986235, "vapor_pressure": 1.7955221273764316e-05, "reference_temperature": 20.0, "koc": 46.97925599667635, "freundlich": 0.9676386226092802, "dt50": {"system": 6.0, "soil": 154.83817691251173, "surfaceWater": 6.0, "sediment": 6.0}, "plant_uptake": 0.5, "name": "Compound 6886496264086757844", "model_specific_data": {}, "metabolites": []}}]}}