{"gap": {"type": "relative", "arguments": {"name": "GAP -296091488377847865", "modelCrop": "WC", "rate": 250.0, "apply_every_n_years": 1, "number_of_applications": 2, "interval": 14, "model_specific_data": {}, "bbch": 31, "season": 0}}, "compound": {"molarMass": 300.0, "water_solubility": 0.0046555896564311194, "vapor_pressure": 0.0007003341881438606, "reference_temperature": 20.0, "koc": 10.59881250309115, "freundlich": 0.8337726609634871, "dt50": {"system": 6.0, "soil": 129.2225835244128, "surfaceWater": 6.0, "sediment": 6.0}, "plant_uptake": 0.0, "name": "Compound -6418442497241726793", "model_specific_data": {}, "metabolites": [{"formation_fraction": 0.2, "metabolite": {"molarMass": 300.0, "water_solubility": 0.09984930419312447, "vapor_pressure": 9.331955245058106e-06, "reference_temperature": 20.0, "koc": 3457.198641483255, "freundlich": 0.893222491585082, "dt50": {"system": 6.0, "soil": 98.96137486211364, "surfaceWater": 6.0, "sediment": 6.0}, "plant_uptake": 0.5, "name": "Compound -3157424815693288266", "model_specific_data": {}, "metabolites": []}}]}}