{"gap": {"type": "relative", "arguments": {"name": "GAP -296091488377847865", "modelCrop": "WC", "rate": 250.0, "apply_every_n_years": 1, "number_of_applications": 2, "interval": 14, "model_specific_data": {}, "bbch": 31, "season": 0}}, "compound": {"molarMass": 300.0, "water_solubility": 0.08474042482819626, "vapor_pressure": 1.2967548824207419e-05, "reference_temperature": 20.0, "koc": 189.57976349374158, "freundlich": 1.010525472704562, "dt50": {"system": 6.0, "soil": 227.22831788690647, "surfaceWater": 6.0, "sediment": 6.0}, "plant_uptake": 0.0, "name": "Compound -8878470280541010531", "model_specific_data": {}, "metabolites": [{"formation_fraction": 0.2, "metabolite": {"molarMass": 300.0, "water_solubility": 0.07499140839015209, "vapor_pressure": 1.679771876912636e-05, "reference_temperature": 20.0, "koc": 304.07408519953947, "freundlich": 0.7669292186679393, "dt50": {"system": 6.0, "soil": 177.42739567278323, "surfaceWater": 6.0, "sediment": 6.0}, "plant_uptake": 0.5, "name": "Compound 5829185871019269523", "model_specific_data": {}, "metabolites": []}}]}}