{"gap": {"type": "relative", "arguments": {"name": "GAP -296091488377847865", "modelCrop": "WC", "rate": 250.0, "apply_every_n_years": 1, "number_of_applications": 2, "interval": 14, "model_specific_data": {}, "bbch": 31, "season": 0}}, "compound": {"molarMass": 300.0, "water_solubility": 0.0009073068041033779, "vapor_pressure": 1.026179995013471e-06, "reference_temperature": 20.0, "koc": 309.807619714214, "freundlich": 1.1419576962339955, "dt50": {"system": 6.0, "soil": 134.0581780982772, "surfaceWater": 6.0, "sediment": 6.0}, "plant_uptake": 0.0, "name": "Compound -6062436669929495589", "model_specific_data": {}, "metabolites": [{"formation_fraction": 0.2, "metabolite": {"molarMass": 300.0, "water_solubility": 0.06580100294307684, "vapor_pressure": 0.0005669304790620653, "reference_temperature": 20.0, "koc": 217.7636315157809, "freundlich": 0.8576961371495619, "dt50": {"system": 6.0, "soil": 254.5461810353496, "surfaceWater": 6.0, "sediment": 6.0}, "plant_uptake": 0.5, "name": "Compound -2811221132915787929", "model_specific_data": {}, "metabolites": []}}]}}