{"gap": {"type": "relative", "arguments": {"name": "GAP -296091488377847865", "modelCrop": "WC", "rate": 250.0, "apply_every_n_years": 1, "number_of_applications": 2, "interval": 14, "model_specific_data": {}, "bbch": 31, "season": 0}}, "compound": {"molarMass": 300.0, "water_solubility": 0.0005271937898236081, "vapor_pressure": 0.0011340894947961784, "reference_temperature": 20.0, "koc": 265.74437086726, "freundlich": 0.9458592192328331, "dt50": {"system": 6.0, "soil": 230.99538145638837, "surfaceWater": 6.0, "sediment": 6.0}, "plant_uptake": 0.0, "name": "Compound 1465376680062901567", "model_specific_data": {}, "metabolites": [{"formation_fraction": 0.2, "metabolite": {"molarMass": 300.0, "water_solubility": 0.015646078775421374, "vapor_pressure": 2.1809583140630584e-06, "reference_temperature": 20.0, "koc": 2884.43315769812, "freundlich": 1.024060165402847, "dt50": {"system": 6.0, "soil": 54.12720848431472, "surfaceWater": 6.0, "sediment": 6.0}, "plant_uptake": 0.5, "name": "Compound 6434875011248767732", "model_specific_data": {}, "metabolites": []}}]}}