{"gap": {"type": "relative", "arguments": {"name": "GAP -296091488377847865", "modelCrop": "WC", "rate": 250.0, "apply_every_n_years": 1, "number_of_applications": 2, "interval": 14, "model_specific_data": {}, "bbch": 31, "season": 0}}, "compound": {"molarMass": 300.0, "water_solubility": 0.0002771367914573498, "vapor_pressure": 0.0003339626501725459, "reference_temperature": 20.0, "koc": 558.0402443331221, "freundlich": 1.1541337397224543, "dt50": {"system": 6.0, "soil": 286.7546041816354, "surfaceWater": 6.0, "sediment": 6.0}, "plant_uptake": 0.0, "name": "Compound -8302347632969894962", "model_specific_data": {}, "metabolites": [{"formation_fraction": 0.2, "metabolite": {"molarMass": 300.0, "water_solubility": 0.00016878349940641662, "vapor_pressure": 6.638119708353174e-07, "reference_temperature": 20.0, "koc": 15.960918478189653, "freundlich": 1.0890820091375677, "dt50": {"system": 6.0, "soil": 191.80172222646576, "surfaceWater": 6.0, "sediment": 6.0}, "plant_uptake": 0.5, "name": "Compound 4083580896295053663", "model_specific_data": {}, "metabolites": []}}]}}