{"gap": {"type": "relative", "arguments": {"name": "GAP -296091488377847865", "modelCrop": "WC", "rate": 250.0, "apply_every_n_years": 1, "number_of_applications": 2, "interval": 14, "model_specific_data": {}, "bbch": 31, "season": 0}}, "compound": {"molarMass": 300.0, "water_solubility": 0.0009157169093687231, "vapor_pressure": 0.029624892891575196, "reference_temperature": 20.0, "koc": 35.835936163054235, "freundlich": 1.0715456576301778, "dt50": {"system": 6.0, "soil": 74.56871255931355, "surfaceWater": 6.0, "sediment": 6.0}, "plant_uptake": 0.0, "name": "Compound 375748842771704428", "model_specific_data": {}, "metabolites": [{"formation_fraction": 0.2, "metabolite": {"molarMass": 300.0, "water_solubility": 0.0016513902270157458, "vapor_pressure": 0.0008945836733133155, "reference_temperature": 20.0, "koc": 17.111307920800055, "freundlich": 1.028407274085546, "dt50": {"system": 6.0, "soil": 120.72302754817382, "surfaceWater": 6.0, "sediment": 6.0}, "plant_uptake": 0.5, "name": "Compound 8426741471850083460", "model_specific_data": {}, "metabolites": []}}]}}