{"gap": {"type": "relative", "arguments": {"name": "GAP -296091488377847865", "modelCrop": "WC", "rate": 250.0, "apply_every_n_years": 1, "number_of_applications": 2, "interval": 14, "model_specific_data": {}, "bbch": 31, "season": 0}}, "compound": {"molarMass": 300.0, "water_solubility": 0.01837924589580053, "vapor_pressure": 1.003051860092535e-05, "reference_temperature": 20.0, "koc": 1291.1096230166806, "freundlich": 1.089443212402056, "dt50": {"system": 6.0, "soil": 217.0039609850063, "surfaceWater": 6.0, "sediment": 6.0}, "plant_uptake": 0.0, "name": "Compound 8563399293597583309", "model_specific_data": {}, "metabolites": [{"formation_fraction": 0.2, "metabolite": {"molarMass": 300.0, "water_solubility": 0.037830521555343145, "vapor_pressure": 1.7454054417209297e-07, "reference_temperature": 20.0, "koc": 4241.807659074198, "freundlich": 1.142812663394355, "dt50": {"system": 6.0, "soil": 91.37913157214035, "surfaceWater": 6.0, "sediment": 6.0}, "plant_uptake": 0.5, "name": "Compound 8112240267442585807", "model_specific_data": {}, "metabolites": []}}]}}