{"gap": {"type": "relative", "arguments": {"name": "GAP -296091488377847865", "modelCrop": "WC", "rate": 250.0, "apply_every_n_years": 1, "number_of_applications": 2, "interval": 14, "model_specific_data": {}, "bbch": 31, "season": 0}}, "compound": {"molarMass": 300.0, "water_solubility": 0.03947369895824708, "vapor_pressure": 2.2974213232382866e-05, "reference_temperature": 20.0, "koc": 217.39751369086918, "freundlich": 1.0587836792076342, "dt50": {"system": 6.0, "soil": 161.9912950471875, "surfaceWater": 6.0, "sediment": 6.0}, "plant_uptake": 0.0, "name": "Compound -7201777482744262590", "model_specific_data": {}, "metabolites": [{"formation_fraction": 0.2, "metabolite": {"molarMass": 300.0, "water_solubility": 0.0893728494337247, "vapor_pressure": 0.00014645541207463877, "reference_temperature": 20.0, "koc": 223.32068614898603, "freundlich": 0.9809782439769251, "dt50": {"system": 6.0, "soil": 33.210849065882975, "surfaceWater": 6.0, "sediment": 6.0}, "plant_uptake": 0.5, "name": "Compound -8200108681218422129", "model_specific_data": {}, "metabolites": []}}]}}