{"gap": {"type": "relative", "arguments": {"name": "GAP -296091488377847865", "modelCrop": "WC", "rate": 250.0, "apply_every_n_years": 1, "number_of_applications": 2, "interval": 14, "model_specific_data": {}, "bbch": 31, "season": 0}}, "compound": {"molarMass": 300.0, "water_solubility": 0.03187426517014246, "vapor_pressure": 6.766666134840215e-05, "reference_temperature": 20.0, "koc": 16.73528136754626, "freundlich": 0.9712111702383384, "dt50": {"system": 6.0, "soil": 7.259528653789274, "surfaceWater": 6.0, "sediment": 6.0}, "plant_uptake": 0.0, "name": "Compound -5350536852336154126", "model_specific_data": {}, "metabolites": [{"formation_fraction": 0.2, "metabolite": {"molarMass": 300.0, "water_solubility": 0.006512848649010357, "vapor_pressure": 2.48462608768465e-06, "reference_temperature": 20.0, "koc": 51.334150911133335, "freundlich": 0.9168270653167532, "dt50": {"system": 6.0, "soil": 57.68415034910049, "surfaceWater": 6.0, "sediment": 6.0}, "plant_uptake": 0.5, "name": "Compound -6836046775492415008", "model_specific_data": {}, "metabolites": []}}]}}