{"gap": {"type": "relative", "arguments": {"name": "GAP -296091488377847865", "modelCrop": "WC", "rate": 250.0, "apply_every_n_years": 1, "number_of_applications": 2, "interval": 14, "model_specific_data": {}, "bbch": 31, "season": 0}}, "compound": {"molarMass": 300.0, "water_solubility": 0.023209243277663792, "vapor_pressure": 1.156215516317743e-05, "reference_temperature": 20.0, "koc": 1833.217145854147, "freundlich": 1.0165734376436504, "dt50": {"system": 6.0, "soil": 83.4386543328752, "surfaceWater": 6.0, "sediment": 6.0}, "plant_uptake": 0.0, "name": "Compound 8951206680884899370", "model_specific_data": {}, "metabolites": [{"formation_fraction": 0.2, "metabolite": {"molarMass": 300.0, "water_solubility": 0.006119432403348551, "vapor_pressure": 1.96053566690128e-05, "reference_temperature": 20.0, "koc": 1532.374508039848, "freundlich": 0.9642249690909499, "dt50": {"system": 6.0, "soil": 228.15775364865928, "surfaceWater": 6.0, "sediment": 6.0}, "plant_uptake": 0.5, "name": "Compound -5882315469667914965", "model_specific_data": {}, "metabolites": []}}]}}