{"gap": {"type": "relative", "arguments": {"name": "GAP -296091488377847865", "modelCrop": "WC", "rate": 250.0, "apply_every_n_years": 1, "number_of_applications": 2, "interval": 14, "model_specific_data": {}, "bbch": 31, "season": 0}}, "compound": {"molarMass": 300.0, "water_solubility": 0.9644479242521058, "vapor_pressure": 1.7890979029076858e-06, "reference_temperature": 20.0, "koc": 530.1977312980953, "freundlich": 0.8764792797480258, "dt50": {"system": 6.0, "soil": 88.4766330329977, "surfaceWater": 6.0, "sediment": 6.0}, "plant_uptake": 0.0, "name": "Compound -4694578231868056708", "model_specific_data": {}, "metabolites": [{"formation_fraction": 0.2, "metabolite": {"molarMass": 300.0, "water_solubility": 0.9254420882564871, "vapor_pressure": 8.828519174010741e-06, "reference_temperature": 20.0, "koc": 12.975866416812835, "freundlich": 0.8312851942754033, "dt50": {"system": 6.0, "soil": 78.16962968723348, "surfaceWater": 6.0, "sediment": 6.0}, "plant_uptake": 0.5, "name": "Compound 7598214915824948718", "model_specific_data": {}, "metabolites": []}}]}}