{"gap": {"type": "relative", "arguments": {"name": "GAP -296091488377847865", "modelCrop": "WC", "rate": 250.0, "apply_every_n_years": 1, "number_of_applications": 2, "interval": 14, "model_specific_data": {}, "bbch": 31, "season": 0}}, "compound": {"molarMass": 300.0, "water_solubility": 0.08858109081606798, "vapor_pressure": 0.00012277489261720007, "reference_temperature": 20.0, "koc": 546.1748296794543, "freundlich": 0.8651469665095888, "dt50": {"system": 6.0, "soil": 68.7560175426425, "surfaceWater": 6.0, "sediment": 6.0}, "plant_uptake": 0.0, "name": "Compound -6290907993736986185", "model_specific_data": {}, "metabolites": [{"formation_fraction": 0.2, "metabolite": {"molarMass": 300.0, "water_solubility": 0.013365530053828973, "vapor_pressure": 1.7211771964111677e-07, "reference_temperature": 20.0, "koc": 1800.8065427083927, "freundlich": 0.9728452087018118, "dt50": {"system": 6.0, "soil": 240.16770420367433, "surfaceWater": 6.0, "sediment": 6.0}, "plant_uptake": 0.5, "name": "Compound 673849467698449305", "model_specific_data": {}, "metabolites": []}}]}}