{"gap": {"type": "relative", "arguments": {"name": "GAP -296091488377847865", "modelCrop": "WC", "rate": 250.0, "apply_every_n_years": 1, "number_of_applications": 2, "interval": 14, "model_specific_data": {}, "bbch": 31, "season": 0}}, "compound": {"molarMass": 300.0, "water_solubility": 0.00038166987311101524, "vapor_pressure": 3.213811966574744e-05, "reference_temperature": 20.0, "koc": 13.566507686053916, "freundlich": 0.7213983699343017, "dt50": {"system": 6.0, "soil": 80.76919200942544, "surfaceWater": 6.0, "sediment": 6.0}, "plant_uptake": 0.0, "name": "Compound -910162040418482539", "model_specific_data": {}, "metabolites": [{"formation_fraction": 0.2, "metabolite": {"molarMass": 300.0, "water_solubility": 0.0019796696072012397, "vapor_pressure": 6.761675215135965e-06, "reference_temperature": 20.0, "koc": 52.006479000347404, "freundlich": 0.7627221218391298, "dt50": {"system": 6.0, "soil": 127.17355776584373, "surfaceWater": 6.0, "sediment": 6.0}, "plant_uptake": 0.5, "name": "Compound -6481479784169082174", "model_specific_data": {}, "metabolites": []}}]}}