{"gap": {"type": "relative", "arguments": {"name": "GAP -296091488377847865", "modelCrop": "WC", "rate": 250.0, "apply_every_n_years": 1, "number_of_applications": 2, "interval": 14, "model_specific_data": {}, "bbch": 31, "season": 0}}, "compound": {"molarMass": 300.0, "water_solubility": 0.0019083368532324323, "vapor_pressure": 3.0486522010851247e-07, "reference_temperature": 20.0, "koc": 1369.0077947960094, "freundlich": 0.8612761834722331, "dt50": {"system": 6.0, "soil": 29.723351697081963, "surfaceWater": 6.0, "sediment": 6.0}, "plant_uptake": 0.0, "name": "Compound -4621380576566812135", "model_specific_data": {}, "metabolites": [{"formation_fraction": 0.2, "metabolite": {"molarMass": 300.0, "water_solubility": 0.005897807630769358, "vapor_pressure": 1.786195537918067e-07, "reference_temperature": 20.0, "koc": 31.49705662115304, "freundlich": 1.1767358460931154, "dt50": {"system": 6.0, "soil": 125.20792053815433, "surfaceWater": 6.0, "sediment": 6.0}, "plant_uptake": 0.5, "name": "Compound -8412239614857632837", "model_specific_data": {}, "metabolites": []}}]}}