{"gap": {"type": "relative", "arguments": {"name": "GAP -296091488377847865", "modelCrop": "WC", "rate": 250.0, "apply_every_n_years": 1, "number_of_applications": 2, "interval": 14, "model_specific_data": {}, "bbch": 31, "season": 0}}, "compound": {"molarMass": 300.0, "water_solubility": 0.016894570268870018, "vapor_pressure": 2.1710634536459615e-05, "reference_temperature": 20.0, "koc": 87.36294390445138, "freundlich": 1.0010333213175107, "dt50": {"system": 6.0, "soil": 203.75777955602692, "surfaceWater": 6.0, "sediment": 6.0}, "plant_uptake": 0.0, "name": "Compound 8752811132852968452", "model_specific_data": {}, "metabolites": [{"formation_fraction": 0.2, "metabolite": {"molarMass": 300.0, "water_solubility": 0.858479289330578, "vapor_pressure": 1.105538685256761e-06, "reference_temperature": 20.0, "koc": 415.1209502601838, "freundlich": 1.0153636947749751, "dt50": {"system": 6.0, "soil": 232.61207102229045, "surfaceWater": 6.0, "sediment": 6.0}, "plant_uptake": 0.5, "name": "Compound -1002381198841214921", "model_specific_data": {}, "metabolites": []}}]}}