{"gap": {"type": "relative", "arguments": {"name": "GAP -296091488377847865", "modelCrop": "WC", "rate": 250.0, "apply_every_n_years": 1, "number_of_applications": 2, "interval": 14, "model_specific_data": {}, "bbch": 31, "season": 0}}, "compound": {"molarMass": 300.0, "water_solubility": 0.002350279999987158, "vapor_pressure": 0.006444273144141419, "reference_temperature": 20.0, "koc": 286.17232411788353, "freundlich": 1.1693978117998576, "dt50": {"system": 6.0, "soil": 256.00271538200957, "surfaceWater": 6.0, "sediment": 6.0}, "plant_uptake": 0.0, "name": "Compound 2959871496823610276", "model_specific_data": {}, "metabolites": [{"formation_fraction": 0.2, "metabolite": {"molarMass": 300.0, "water_solubility": 0.04745612952566536, "vapor_pressure": 1.1203041476308978e-05, "reference_temperature": 20.0, "koc": 867.6564723807735, "freundlich": 0.8724201531730557, "dt50": {"system": 6.0, "soil": 214.08028649490126, "surfaceWater": 6.0, "sediment": 6.0}, "plant_uptake": 0.5, "name": "Compound 6942270024316704510", "model_specific_data": {}, "metabolites": []}}]}}