{"gap": {"type": "relative", "arguments": {"name": "GAP -296091488377847865", "modelCrop": "WC", "rate": 250.0, "apply_every_n_years": 1, "number_of_applications": 2, "interval": 14, "model_specific_data": {}, "bbch": 31, "season": 0}}, "compound": {"molarMass": 300.0, "water_solubility": 0.0016141237807438542, "vapor_pressure": 1.9454830977946522e-05, "reference_temperature": 20.0, "koc": 34.85703774237132, "freundlich": 0.7936168176423403, "dt50": {"system": 6.0, "soil": 134.00088571477528, "surfaceWater": 6.0, "sediment": 6.0}, "plant_uptake": 0.0, "name": "Compound -8592615754434564211", "model_specific_data": {}, "metabolites": [{"formation_fraction": 0.2, "metabolite": {"molarMass": 300.0, "water_solubility": 0.00011316738561626701, "vapor_pressure": 5.0499928697768656e-05, "reference_temperature": 20.0, "koc": 29.921366921538525, "freundlich": 0.9687277675578002, "dt50": {"system": 6.0, "soil": 142.52205094510774, "surfaceWater": 6.0, "sediment": 6.0}, "plant_uptake": 0.5, "name": "Compound -4679790977777658124", "model_specific_data": {}, "metabolites": []}}]}}