{"gap": {"type": "relative", "arguments": {"name": "GAP -296091488377847865", "modelCrop": "WC", "rate": 250.0, "apply_every_n_years": 1, "number_of_applications": 2, "interval": 14, "model_specific_data": {}, "bbch": 31, "season": 0}}, "compound": {"molarMass": 300.0, "water_solubility": 3.2639769799882576, "vapor_pressure": 4.045192843178452e-06, "reference_temperature": 20.0, "koc": 14.243705927697304, "freundlich": 1.0792099886034787, "dt50": {"system": 6.0, "soil": 79.1892355695471, "surfaceWater": 6.0, "sediment": 6.0}, "plant_uptake": 0.0, "name": "Compound 2527267424822321156", "model_specific_data": {}, "metabolites": [{"formation_fraction": 0.2, "metabolite": {"molarMass": 300.0, "water_solubility": 0.02739472211808691, "vapor_pressure": 0.00042808650113810974, "reference_temperature": 20.0, "koc": 112.68717874345239, "freundlich": 0.9508591692675923, "dt50": {"system": 6.0, "soil": 242.8079661338513, "surfaceWater": 6.0, "sediment": 6.0}, "plant_uptake": 0.5, "name": "Compound -8603009332022554629", "model_specific_data": {}, "metabolites": []}}]}}