{"gap": {"type": "relative", "arguments": {"name": "GAP -296091488377847865", "modelCrop": "WC", "rate": 250.0, "apply_every_n_years": 1, "number_of_applications": 2, "interval": 14, "model_specific_data": {}, "bbch": 31, "season": 0}}, "compound": {"molarMass": 300.0, "water_solubility": 0.2651300213441298, "vapor_pressure": 5.700945464924268e-05, "reference_temperature": 20.0, "koc": 346.9761415755795, "freundlich": 0.8246771351098775, "dt50": {"system": 6.0, "soil": 98.7498437422935, "surfaceWater": 6.0, "sediment": 6.0}, "plant_uptake": 0.0, "name": "Compound 3497237235311951397", "model_specific_data": {}, "metabolites": [{"formation_fraction": 0.2, "metabolite": {"molarMass": 300.0, "water_solubility": 0.9097948017653089, "vapor_pressure": 0.003447469500426243, "reference_temperature": 20.0, "koc": 1992.1733019946264, "freundlich": 1.1132502118137584, "dt50": {"system": 6.0, "soil": 170.585338936846, "surfaceWater": 6.0, "sediment": 6.0}, "plant_uptake": 0.5, "name": "Compound -7940035691686169462", "model_specific_data": {}, "metabolites": []}}]}}