{"gap": {"type": "relative", "arguments": {"name": "GAP -296091488377847865", "modelCrop": "WC", "rate": 250.0, "apply_every_n_years": 1, "number_of_applications": 2, "interval": 14, "model_specific_data": {}, "bbch": 31, "season": 0}}, "compound": {"molarMass": 300.0, "water_solubility": 0.011747774842913497, "vapor_pressure": 0.001557152233794981, "reference_temperature": 20.0, "koc": 174.53207677730913, "freundlich": 0.9795375392573313, "dt50": {"system": 6.0, "soil": 261.0602687294539, "surfaceWater": 6.0, "sediment": 6.0}, "plant_uptake": 0.0, "name": "Compound 1409878051174404635", "model_specific_data": {}, "metabolites": [{"formation_fraction": 0.2, "metabolite": {"molarMass": 300.0, "water_solubility": 0.0005160523363361436, "vapor_pressure": 7.583312259083775e-05, "reference_temperature": 20.0, "koc": 3637.1094700597273, "freundlich": 0.8133123094481758, "dt50": {"system": 6.0, "soil": 208.9322756668385, "surfaceWater": 6.0, "sediment": 6.0}, "plant_uptake": 0.5, "name": "Compound 4051015006297969198", "model_specific_data": {}, "metabolites": []}}]}}