{"gap": {"type": "relative", "arguments": {"name": "GAP -296091488377847865", "modelCrop": "WC", "rate": 250.0, "apply_every_n_years": 1, "number_of_applications": 2, "interval": 14, "model_specific_data": {}, "bbch": 31, "season": 0}}, "compound": {"molarMass": 300.0, "water_solubility": 0.0014291900748594258, "vapor_pressure": 6.7979323623238395e-09, "reference_temperature": 20.0, "koc": 318.1904502205573, "freundlich": 0.989889698992079, "dt50": {"system": 6.0, "soil": 62.26583439667668, "surfaceWater": 6.0, "sediment": 6.0}, "plant_uptake": 0.0, "name": "Compound -4019197712972824133", "model_specific_data": {}, "metabolites": [{"formation_fraction": 0.2, "metabolite": {"molarMass": 300.0, "water_solubility": 0.005039037706043024, "vapor_pressure": 8.517122025848495e-08, "reference_temperature": 20.0, "koc": 11.093904733678631, "freundlich": 1.0284636732814232, "dt50": {"system": 6.0, "soil": 144.56497477367608, "surfaceWater": 6.0, "sediment": 6.0}, "plant_uptake": 0.5, "name": "Compound -2540016872663896238", "model_specific_data": {}, "metabolites": []}}]}}