{"gap": {"type": "relative", "arguments": {"name": "GAP -296091488377847865", "modelCrop": "WC", "rate": 250.0, "apply_every_n_years": 1, "number_of_applications": 2, "interval": 14, "model_specific_data": {}, "bbch": 31, "season": 0}}, "compound": {"molarMass": 300.0, "water_solubility": 0.0030555305628234275, "vapor_pressure": 6.59777214921183e-08, "reference_temperature": 20.0, "koc": 64.54600700548565, "freundlich": 1.0318635284261033, "dt50": {"system": 6.0, "soil": 292.88128419159733, "surfaceWater": 6.0, "sediment": 6.0}, "plant_uptake": 0.0, "name": "Compound -6693855008578166299", "model_specific_data": {}, "metabolites": [{"formation_fraction": 0.2, "metabolite": {"molarMass": 300.0, "water_solubility": 0.005438172748397496, "vapor_pressure": 2.5894038637796477e-05, "reference_temperature": 20.0, "koc": 1845.6873013633021, "freundlich": 1.0987360396382884, "dt50": {"system": 6.0, "soil": 199.9053470933791, "surfaceWater": 6.0, "sediment": 6.0}, "plant_uptake": 0.5, "name": "Compound 3869414355913151826", "model_specific_data": {}, "metabolites": []}}]}}