{"gap": {"type": "relative", "arguments": {"name": "GAP -296091488377847865", "modelCrop": "WC", "rate": 250.0, "apply_every_n_years": 1, "number_of_applications": 2, "interval": 14, "model_specific_data": {}, "bbch": 31, "season": 0}}, "compound": {"molarMass": 300.0, "water_solubility": 0.03077160612657095, "vapor_pressure": 2.936548325492905e-05, "reference_temperature": 20.0, "koc": 272.26606283861497, "freundlich": 1.159781563381547, "dt50": {"system": 6.0, "soil": 108.2384331021462, "surfaceWater": 6.0, "sediment": 6.0}, "plant_uptake": 0.0, "name": "Compound 1749828853158846580", "model_specific_data": {}, "metabolites": [{"formation_fraction": 0.2, "metabolite": {"molarMass": 300.0, "water_solubility": 0.0010069885372819152, "vapor_pressure": 0.0001157968376557652, "reference_temperature": 20.0, "koc": 334.29385295455626, "freundlich": 0.7150065301696042, "dt50": {"system": 6.0, "soil": 199.47379269930443, "surfaceWater": 6.0, "sediment": 6.0}, "plant_uptake": 0.5, "name": "Compound 7966870295818019774", "model_specific_data": {}, "metabolites": []}}]}}