{"gap": {"type": "relative", "arguments": {"name": "GAP -296091488377847865", "modelCrop": "WC", "rate": 250.0, "apply_every_n_years": 1, "number_of_applications": 2, "interval": 14, "model_specific_data": {}, "bbch": 31, "season": 0}}, "compound": {"molarMass": 300.0, "water_solubility": 3.9124034927923494, "vapor_pressure": 2.1139711049432354e-06, "reference_temperature": 20.0, "koc": 19.40712064222716, "freundlich": 0.8359123508911359, "dt50": {"system": 6.0, "soil": 22.118116812065786, "surfaceWater": 6.0, "sediment": 6.0}, "plant_uptake": 0.0, "name": "Compound 4222961136505513116", "model_specific_data": {}, "metabolites": [{"formation_fraction": 0.2, "metabolite": {"molarMass": 300.0, "water_solubility": 0.0028574624307904297, "vapor_pressure": 2.3187944480465157e-05, "reference_temperature": 20.0, "koc": 389.4573515014868, "freundlich": 0.9032655013261217, "dt50": {"system": 6.0, "soil": 181.56265734420268, "surfaceWater": 6.0, "sediment": 6.0}, "plant_uptake": 0.5, "name": "Compound -5825579106914690295", "model_specific_data": {}, "metabolites": []}}]}}