{"gap": {"type": "relative", "arguments": {"name": "GAP -296091488377847865", "modelCrop": "WC", "rate": 250.0, "apply_every_n_years": 1, "number_of_applications": 2, "interval": 14, "model_specific_data": {}, "bbch": 31, "season": 0}}, "compound": {"molarMass": 300.0, "water_solubility": 0.0025597719424622334, "vapor_pressure": 3.611098859163583e-05, "reference_temperature": 20.0, "koc": 75.3949105384204, "freundlich": 0.9532555044705112, "dt50": {"system": 6.0, "soil": 292.67408332514174, "surfaceWater": 6.0, "sediment": 6.0}, "plant_uptake": 0.0, "name": "Compound -8626467627218390588", "model_specific_data": {}, "metabolites": [{"formation_fraction": 0.2, "metabolite": {"molarMass": 300.0, "water_solubility": 0.06415556124697212, "vapor_pressure": 2.9250175938175263e-06, "reference_temperature": 20.0, "koc": 246.41774695371677, "freundlich": 0.797931066024749, "dt50": {"system": 6.0, "soil": 282.97180568262917, "surfaceWater": 6.0, "sediment": 6.0}, "plant_uptake": 0.5, "name": "Compound -5804058390114513418", "model_specific_data": {}, "metabolites": []}}]}}