{"gap": {"type": "relative", "arguments": {"name": "GAP -296091488377847865", "modelCrop": "WC", "rate": 250.0, "apply_every_n_years": 1, "number_of_applications": 2, "interval": 14, "model_specific_data": {}, "bbch": 31, "season": 0}}, "compound": {"molarMass": 300.0, "water_solubility": 0.0050247667708000895, "vapor_pressure": 5.925455553712561e-05, "reference_temperature": 20.0, "koc": 38.644536162159426, "freundlich": 1.089258815816023, "dt50": {"system": 6.0, "soil": 104.44787891839243, "surfaceWater": 6.0, "sediment": 6.0}, "plant_uptake": 0.0, "name": "Compound 5233714615810882228", "model_specific_data": {}, "metabolites": [{"formation_fraction": 0.2, "metabolite": {"molarMass": 300.0, "water_solubility": 0.07734868283886982, "vapor_pressure": 6.961806314811085e-07, "reference_temperature": 20.0, "koc": 21.730408740862686, "freundlich": 1.0694942741724003, "dt50": {"system": 6.0, "soil": 265.4402006220607, "surfaceWater": 6.0, "sediment": 6.0}, "plant_uptake": 0.5, "name": "Compound 4165549350356532944", "model_specific_data": {}, "metabolites": []}}]}}