{"gap": {"type": "relative", "arguments": {"name": "GAP -296091488377847865", "modelCrop": "WC", "rate": 250.0, "apply_every_n_years": 1, "number_of_applications": 2, "interval": 14, "model_specific_data": {}, "bbch": 31, "season": 0}}, "compound": {"molarMass": 300.0, "water_solubility": 0.0030031529046571745, "vapor_pressure": 1.2955353069194015e-08, "reference_temperature": 20.0, "koc": 261.54718886605264, "freundlich": 0.9268993605491149, "dt50": {"system": 6.0, "soil": 173.7406612541973, "surfaceWater": 6.0, "sediment": 6.0}, "plant_uptake": 0.0, "name": "Compound 7295966138089289485", "model_specific_data": {}, "metabolites": [{"formation_fraction": 0.2, "metabolite": {"molarMass": 300.0, "water_solubility": 0.12018210135051116, "vapor_pressure": 3.051944410338069e-05, "reference_temperature": 20.0, "koc": 135.74506678143, "freundlich": 0.8431322485882113, "dt50": {"system": 6.0, "soil": 240.9078333576794, "surfaceWater": 6.0, "sediment": 6.0}, "plant_uptake": 0.5, "name": "Compound 6830057185027709454", "model_specific_data": {}, "metabolites": []}}]}}