{"gap": {"type": "relative", "arguments": {"name": "GAP -296091488377847865", "modelCrop": "WC", "rate": 250.0, "apply_every_n_years": 1, "number_of_applications": 2, "interval": 14, "model_specific_data": {}, "bbch": 31, "season": 0}}, "compound": {"molarMass": 300.0, "water_solubility": 0.05356773306543008, "vapor_pressure": 0.0010117631598659848, "reference_temperature": 20.0, "koc": 46.30005316197607, "freundlich": 0.8943072292965428, "dt50": {"system": 6.0, "soil": 224.5873258611067, "surfaceWater": 6.0, "sediment": 6.0}, "plant_uptake": 0.0, "name": "Compound -4965004551455735241", "model_specific_data": {}, "metabolites": [{"formation_fraction": 0.2, "metabolite": {"molarMass": 300.0, "water_solubility": 0.02620435864313893, "vapor_pressure": 7.706645469363905e-05, "reference_temperature": 20.0, "koc": 3020.2022051660756, "freundlich": 1.0164512417852833, "dt50": {"system": 6.0, "soil": 70.188357867934, "surfaceWater": 6.0, "sediment": 6.0}, "plant_uptake": 0.5, "name": "Compound 6757572687479179791", "model_specific_data": {}, "metabolites": []}}]}}