{"gap": {"type": "relative", "arguments": {"name": "GAP -296091488377847865", "modelCrop": "WC", "rate": 250.0, "apply_every_n_years": 1, "number_of_applications": 2, "interval": 14, "model_specific_data": {}, "bbch": 31, "season": 0}}, "compound": {"molarMass": 300.0, "water_solubility": 0.5656556670979377, "vapor_pressure": 2.9980328007138324e-08, "reference_temperature": 20.0, "koc": 1637.113143174213, "freundlich": 0.7983279141654591, "dt50": {"system": 6.0, "soil": 32.33325312516711, "surfaceWater": 6.0, "sediment": 6.0}, "plant_uptake": 0.0, "name": "Compound 8037211427012925499", "model_specific_data": {}, "metabolites": [{"formation_fraction": 0.2, "metabolite": {"molarMass": 300.0, "water_solubility": 0.0023829918544492406, "vapor_pressure": 7.263290016430459e-05, "reference_temperature": 20.0, "koc": 775.00862885007, "freundlich": 1.056491614941687, "dt50": {"system": 6.0, "soil": 93.11457130677181, "surfaceWater": 6.0, "sediment": 6.0}, "plant_uptake": 0.5, "name": "Compound 3462618820306397571", "model_specific_data": {}, "metabolites": []}}]}}