{"gap": {"type": "relative", "arguments": {"name": "GAP -296091488377847865", "modelCrop": "WC", "rate": 250.0, "apply_every_n_years": 1, "number_of_applications": 2, "interval": 14, "model_specific_data": {}, "bbch": 31, "season": 0}}, "compound": {"molarMass": 300.0, "water_solubility": 0.0002679087678561394, "vapor_pressure": 8.929851103764101e-07, "reference_temperature": 20.0, "koc": 1012.6690382906002, "freundlich": 0.7359119532247744, "dt50": {"system": 6.0, "soil": 212.81631519054304, "surfaceWater": 6.0, "sediment": 6.0}, "plant_uptake": 0.0, "name": "Compound 5105895340271332103", "model_specific_data": {}, "metabolites": [{"formation_fraction": 0.2, "metabolite": {"molarMass": 300.0, "water_solubility": 0.006201889148082248, "vapor_pressure": 2.779361213755355e-06, "reference_temperature": 20.0, "koc": 330.2822764326562, "freundlich": 1.1250831440847657, "dt50": {"system": 6.0, "soil": 112.24792716028904, "surfaceWater": 6.0, "sediment": 6.0}, "plant_uptake": 0.5, "name": "Compound 6130668995374065697", "model_specific_data": {}, "metabolites": []}}]}}