{"gap": {"type": "relative", "arguments": {"name": "GAP -296091488377847865", "modelCrop": "WC", "rate": 250.0, "apply_every_n_years": 1, "number_of_applications": 2, "interval": 14, "model_specific_data": {}, "bbch": 31, "season": 0}}, "compound": {"molarMass": 300.0, "water_solubility": 0.7760345635255812, "vapor_pressure": 4.423028094284901e-05, "reference_temperature": 20.0, "koc": 979.848390857284, "freundlich": 0.9193087614379929, "dt50": {"system": 6.0, "soil": 209.12383899146573, "surfaceWater": 6.0, "sediment": 6.0}, "plant_uptake": 0.0, "name": "Compound -4694327097132181896", "model_specific_data": {}, "metabolites": [{"formation_fraction": 0.2, "metabolite": {"molarMass": 300.0, "water_solubility": 0.04222048448768235, "vapor_pressure": 9.34032391495431e-07, "reference_temperature": 20.0, "koc": 191.71495465433028, "freundlich": 0.9678443474802754, "dt50": {"system": 6.0, "soil": 40.73267169593593, "surfaceWater": 6.0, "sediment": 6.0}, "plant_uptake": 0.5, "name": "Compound -2143175467975697250", "model_specific_data": {}, "metabolites": []}}]}}