{"gap": {"type": "relative", "arguments": {"name": "GAP -296091488377847865", "modelCrop": "WC", "rate": 250.0, "apply_every_n_years": 1, "number_of_applications": 2, "interval": 14, "model_specific_data": {}, "bbch": 31, "season": 0}}, "compound": {"molarMass": 300.0, "water_solubility": 0.001888940877839261, "vapor_pressure": 0.00015848188375843468, "reference_temperature": 20.0, "koc": 350.34694738771014, "freundlich": 1.1442004742299436, "dt50": {"system": 6.0, "soil": 131.27266885098373, "surfaceWater": 6.0, "sediment": 6.0}, "plant_uptake": 0.0, "name": "Compound 374460693791843251", "model_specific_data": {}, "metabolites": [{"formation_fraction": 0.2, "metabolite": {"molarMass": 300.0, "water_solubility": 41.63988115338125, "vapor_pressure": 0.0031967237952220196, "reference_temperature": 20.0, "koc": 119.09816808027196, "freundlich": 0.7556635782039581, "dt50": {"system": 6.0, "soil": 185.47915360915923, "surfaceWater": 6.0, "sediment": 6.0}, "plant_uptake": 0.5, "name": "Compound 470204486685689266", "model_specific_data": {}, "metabolites": []}}]}}