{"gap": {"type": "relative", "arguments": {"name": "GAP -296091488377847865", "modelCrop": "WC", "rate": 250.0, "apply_every_n_years": 1, "number_of_applications": 2, "interval": 14, "model_specific_data": {}, "bbch": 31, "season": 0}}, "compound": {"molarMass": 300.0, "water_solubility": 0.013489692192378427, "vapor_pressure": 3.3333732824066635e-06, "reference_temperature": 20.0, "koc": 385.4925174495207, "freundlich": 0.9439532307063603, "dt50": {"system": 6.0, "soil": 298.12617640545915, "surfaceWater": 6.0, "sediment": 6.0}, "plant_uptake": 0.0, "name": "Compound 2221181218288564603", "model_specific_data": {}, "metabolites": [{"formation_fraction": 0.2, "metabolite": {"molarMass": 300.0, "water_solubility": 0.6616961071155497, "vapor_pressure": 1.7389140872130024e-05, "reference_temperature": 20.0, "koc": 170.63885549582767, "freundlich": 1.1021860088584623, "dt50": {"system": 6.0, "soil": 76.2339341365981, "surfaceWater": 6.0, "sediment": 6.0}, "plant_uptake": 0.5, "name": "Compound -4029149241078430247", "model_specific_data": {}, "metabolites": []}}]}}