{"gap": {"type": "relative", "arguments": {"name": "GAP -296091488377847865", "modelCrop": "WC", "rate": 250.0, "apply_every_n_years": 1, "number_of_applications": 2, "interval": 14, "model_specific_data": {}, "bbch": 31, "season": 0}}, "compound": {"molarMass": 300.0, "water_solubility": 0.041419375093002225, "vapor_pressure": 1.275330176025204e-05, "reference_temperature": 20.0, "koc": 499.8774486896465, "freundlich": 0.8342651598579701, "dt50": {"system": 6.0, "soil": 170.90008683015904, "surfaceWater": 6.0, "sediment": 6.0}, "plant_uptake": 0.0, "name": "Compound -973791518485574728", "model_specific_data": {}, "metabolites": [{"formation_fraction": 0.2, "metabolite": {"molarMass": 300.0, "water_solubility": 0.0011075794681761537, "vapor_pressure": 1.9006136808241867e-06, "reference_temperature": 20.0, "koc": 405.47605757237454, "freundlich": 1.1376704370256991, "dt50": {"system": 6.0, "soil": 162.20023744897009, "surfaceWater": 6.0, "sediment": 6.0}, "plant_uptake": 0.5, "name": "Compound 2595589413376193482", "model_specific_data": {}, "metabolites": []}}]}}