{"gap": {"type": "relative", "arguments": {"name": "GAP -296091488377847865", "modelCrop": "WC", "rate": 250.0, "apply_every_n_years": 1, "number_of_applications": 2, "interval": 14, "model_specific_data": {}, "bbch": 31, "season": 0}}, "compound": {"molarMass": 300.0, "water_solubility": 0.6648342184887207, "vapor_pressure": 0.009178250937226032, "reference_temperature": 20.0, "koc": 2939.3373286753986, "freundlich": 0.8877356700000643, "dt50": {"system": 6.0, "soil": 184.48441897455098, "surfaceWater": 6.0, "sediment": 6.0}, "plant_uptake": 0.0, "name": "Compound 4500193497225223750", "model_specific_data": {}, "metabolites": [{"formation_fraction": 0.2, "metabolite": {"molarMass": 300.0, "water_solubility": 0.003458561409661472, "vapor_pressure": 5.367533427376436e-08, "reference_temperature": 20.0, "koc": 1349.8273286598057, "freundlich": 1.192504651623738, "dt50": {"system": 6.0, "soil": 132.25511870418438, "surfaceWater": 6.0, "sediment": 6.0}, "plant_uptake": 0.5, "name": "Compound 1815298017457576681", "model_specific_data": {}, "metabolites": []}}]}}