{"gap": {"type": "relative", "arguments": {"name": "GAP -296091488377847865", "modelCrop": "WC", "rate": 250.0, "apply_every_n_years": 1, "number_of_applications": 2, "interval": 14, "model_specific_data": {}, "bbch": 31, "season": 0}}, "compound": {"molarMass": 300.0, "water_solubility": 0.007922174941080369, "vapor_pressure": 3.52104717993122e-06, "reference_temperature": 20.0, "koc": 14.421568278296586, "freundlich": 0.870577080115474, "dt50": {"system": 6.0, "soil": 179.77141386247627, "surfaceWater": 6.0, "sediment": 6.0}, "plant_uptake": 0.0, "name": "Compound 4058476129141214536", "model_specific_data": {}, "metabolites": [{"formation_fraction": 0.2, "metabolite": {"molarMass": 300.0, "water_solubility": 0.15806586467674583, "vapor_pressure": 2.0273471073648996e-07, "reference_temperature": 20.0, "koc": 309.1618634791936, "freundlich": 0.76941568691107, "dt50": {"system": 6.0, "soil": 208.2100040582315, "surfaceWater": 6.0, "sediment": 6.0}, "plant_uptake": 0.5, "name": "Compound 8811032711080958396", "model_specific_data": {}, "metabolites": []}}]}}