{"gap": {"type": "relative", "arguments": {"name": "GAP -296091488377847865", "modelCrop": "WC", "rate": 250.0, "apply_every_n_years": 1, "number_of_applications": 2, "interval": 14, "model_specific_data": {}, "bbch": 31, "season": 0}}, "compound": {"molarMass": 300.0, "water_solubility": 0.00638521333934083, "vapor_pressure": 2.53408470817022e-07, "reference_temperature": 20.0, "koc": 516.1771334340309, "freundlich": 1.1704233335992937, "dt50": {"system": 6.0, "soil": 278.84278142284165, "surfaceWater": 6.0, "sediment": 6.0}, "plant_uptake": 0.0, "name": "Compound 1876733697820641261", "model_specific_data": {}, "metabolites": [{"formation_fraction": 0.2, "metabolite": {"molarMass": 300.0, "water_solubility": 0.001021415645113539, "vapor_pressure": 7.690613788468486e-06, "reference_temperature": 20.0, "koc": 223.99139663225733, "freundlich": 1.1121508250042564, "dt50": {"system": 6.0, "soil": 64.98842679521522, "surfaceWater": 6.0, "sediment": 6.0}, "plant_uptake": 0.5, "name": "Compound 2778114390800606980", "model_specific_data": {}, "metabolites": []}}]}}