{"gap": {"type": "relative", "arguments": {"name": "GAP -296091488377847865", "modelCrop": "WC", "rate": 250.0, "apply_every_n_years": 1, "number_of_applications": 2, "interval": 14, "model_specific_data": {}, "bbch": 31, "season": 0}}, "compound": {"molarMass": 300.0, "water_solubility": 0.18955546119247538, "vapor_pressure": 7.491864543987781e-06, "reference_temperature": 20.0, "koc": 315.1549481655571, "freundlich": 0.7808935220623556, "dt50": {"system": 6.0, "soil": 229.74559932860154, "surfaceWater": 6.0, "sediment": 6.0}, "plant_uptake": 0.0, "name": "Compound -3302205489480965853", "model_specific_data": {}, "metabolites": [{"formation_fraction": 0.2, "metabolite": {"molarMass": 300.0, "water_solubility": 0.020033186937522308, "vapor_pressure": 2.0029804428667507e-06, "reference_temperature": 20.0, "koc": 28.19681118002233, "freundlich": 0.9564239274576678, "dt50": {"system": 6.0, "soil": 294.68755047894, "surfaceWater": 6.0, "sediment": 6.0}, "plant_uptake": 0.5, "name": "Compound -5400386210863755681", "model_specific_data": {}, "metabolites": []}}]}}