{"gap": {"type": "relative", "arguments": {"name": "GAP -296091488377847865", "modelCrop": "WC", "rate": 250.0, "apply_every_n_years": 1, "number_of_applications": 2, "interval": 14, "model_specific_data": {}, "bbch": 31, "season": 0}}, "compound": {"molarMass": 300.0, "water_solubility": 0.00034611629315796057, "vapor_pressure": 9.999278667730498e-05, "reference_temperature": 20.0, "koc": 4593.566838630178, "freundlich": 1.0193532473808933, "dt50": {"system": 6.0, "soil": 130.4610604304478, "surfaceWater": 6.0, "sediment": 6.0}, "plant_uptake": 0.0, "name": "Compound -2765149965951841019", "model_specific_data": {}, "metabolites": [{"formation_fraction": 0.2, "metabolite": {"molarMass": 300.0, "water_solubility": 0.007509700432345952, "vapor_pressure": 1.6413143547505837e-06, "reference_temperature": 20.0, "koc": 1157.1890619713383, "freundlich": 0.8676141203629677, "dt50": {"system": 6.0, "soil": 115.3633320091862, "surfaceWater": 6.0, "sediment": 6.0}, "plant_uptake": 0.5, "name": "Compound -4692987518998839516", "model_specific_data": {}, "metabolites": []}}]}}