{"gap": {"type": "relative", "arguments": {"name": "GAP -296091488377847865", "modelCrop": "WC", "rate": 250.0, "apply_every_n_years": 1, "number_of_applications": 2, "interval": 14, "model_specific_data": {}, "bbch": 31, "season": 0}}, "compound": {"molarMass": 300.0, "water_solubility": 0.0009439698409395463, "vapor_pressure": 0.0007246827464091475, "reference_temperature": 20.0, "koc": 244.06220782895724, "freundlich": 0.7994925941093578, "dt50": {"system": 6.0, "soil": 210.56032594075018, "surfaceWater": 6.0, "sediment": 6.0}, "plant_uptake": 0.0, "name": "Compound 9127658655057715843", "model_specific_data": {}, "metabolites": [{"formation_fraction": 0.2, "metabolite": {"molarMass": 300.0, "water_solubility": 0.015994191059856434, "vapor_pressure": 3.5051082749141015e-07, "reference_temperature": 20.0, "koc": 34.83298587357358, "freundlich": 1.1890458971287732, "dt50": {"system": 6.0, "soil": 221.4395317838102, "surfaceWater": 6.0, "sediment": 6.0}, "plant_uptake": 0.5, "name": "Compound 5825795668148968861", "model_specific_data": {}, "metabolites": []}}]}}