{"gap": {"type": "relative", "arguments": {"name": "GAP -296091488377847865", "modelCrop": "WC", "rate": 250.0, "apply_every_n_years": 1, "number_of_applications": 2, "interval": 14, "model_specific_data": {}, "bbch": 31, "season": 0}}, "compound": {"molarMass": 300.0, "water_solubility": 0.006282583041821488, "vapor_pressure": 0.008429029486182063, "reference_temperature": 20.0, "koc": 2512.166181453703, "freundlich": 0.9633290843495214, "dt50": {"system": 6.0, "soil": 74.2810284910697, "surfaceWater": 6.0, "sediment": 6.0}, "plant_uptake": 0.0, "name": "Compound 7863501963147313704", "model_specific_data": {}, "metabolites": [{"formation_fraction": 0.2, "metabolite": {"molarMass": 300.0, "water_solubility": 0.18914417027928673, "vapor_pressure": 4.854256715925672e-09, "reference_temperature": 20.0, "koc": 134.27577158722428, "freundlich": 0.736496147633301, "dt50": {"system": 6.0, "soil": 16.844630426970568, "surfaceWater": 6.0, "sediment": 6.0}, "plant_uptake": 0.5, "name": "Compound 6431482574865165110", "model_specific_data": {}, "metabolites": []}}]}}