{"gap": {"type": "relative", "arguments": {"name": "GAP -296091488377847865", "modelCrop": "WC", "rate": 250.0, "apply_every_n_years": 1, "number_of_applications": 2, "interval": 14, "model_specific_data": {}, "bbch": 31, "season": 0}}, "compound": {"molarMass": 300.0, "water_solubility": 0.0030387044291144685, "vapor_pressure": 4.3582941888576635e-07, "reference_temperature": 20.0, "koc": 20.917540863025913, "freundlich": 1.113287126876819, "dt50": {"system": 6.0, "soil": 110.9508914254935, "surfaceWater": 6.0, "sediment": 6.0}, "plant_uptake": 0.0, "name": "Compound 1043739417264355676", "model_specific_data": {}, "metabolites": [{"formation_fraction": 0.2, "metabolite": {"molarMass": 300.0, "water_solubility": 0.009109392157932376, "vapor_pressure": 0.0002452418943781379, "reference_temperature": 20.0, "koc": 649.2952655618667, "freundlich": 0.8208922828234477, "dt50": {"system": 6.0, "soil": 166.05823210232748, "surfaceWater": 6.0, "sediment": 6.0}, "plant_uptake": 0.5, "name": "Compound -4150835275648577430", "model_specific_data": {}, "metabolites": []}}]}}