{"gap": {"type": "relative", "arguments": {"name": "GAP -296091488377847865", "modelCrop": "WC", "rate": 250.0, "apply_every_n_years": 1, "number_of_applications": 2, "interval": 14, "model_specific_data": {}, "bbch": 31, "season": 0}}, "compound": {"molarMass": 300.0, "water_solubility": 0.021104033698005342, "vapor_pressure": 2.261000481238614e-07, "reference_temperature": 20.0, "koc": 1134.8703844211327, "freundlich": 1.1431065861378984, "dt50": {"system": 6.0, "soil": 155.9110500719927, "surfaceWater": 6.0, "sediment": 6.0}, "plant_uptake": 0.0, "name": "Compound 206617646141088831", "model_specific_data": {}, "metabolites": [{"formation_fraction": 0.2, "metabolite": {"molarMass": 300.0, "water_solubility": 0.004747351846340567, "vapor_pressure": 7.726975056710529e-06, "reference_temperature": 20.0, "koc": 224.46127110560113, "freundlich": 1.0482935384852274, "dt50": {"system": 6.0, "soil": 44.45525459983624, "surfaceWater": 6.0, "sediment": 6.0}, "plant_uptake": 0.5, "name": "Compound -1436448348712285382", "model_specific_data": {}, "metabolites": []}}]}}