{"gap": {"type": "relative", "arguments": {"name": "GAP -296091488377847865", "modelCrop": "WC", "rate": 250.0, "apply_every_n_years": 1, "number_of_applications": 2, "interval": 14, "model_specific_data": {}, "bbch": 31, "season": 0}}, "compound": {"molarMass": 300.0, "water_solubility": 0.011955026035294672, "vapor_pressure": 2.362027946216025e-05, "reference_temperature": 20.0, "koc": 2002.9591902351451, "freundlich": 0.9463630974331838, "dt50": {"system": 6.0, "soil": 10.809105301752087, "surfaceWater": 6.0, "sediment": 6.0}, "plant_uptake": 0.0, "name": "Compound 2399949921038159056", "model_specific_data": {}, "metabolites": [{"formation_fraction": 0.2, "metabolite": {"molarMass": 300.0, "water_solubility": 9.828698495364232e-05, "vapor_pressure": 4.874298032613396e-06, "reference_temperature": 20.0, "koc": 28.78772213325025, "freundlich": 0.8396140664668116, "dt50": {"system": 6.0, "soil": 3.4483984684579783, "surfaceWater": 6.0, "sediment": 6.0}, "plant_uptake": 0.5, "name": "Compound -2864105783221203802", "model_specific_data": {}, "metabolites": []}}]}}