{"gap": {"type": "relative", "arguments": {"name": "GAP -296091488377847865", "modelCrop": "WC", "rate": 250.0, "apply_every_n_years": 1, "number_of_applications": 2, "interval": 14, "model_specific_data": {}, "bbch": 31, "season": 0}}, "compound": {"molarMass": 300.0, "water_solubility": 0.018854800748977104, "vapor_pressure": 2.8810212297808002e-05, "reference_temperature": 20.0, "koc": 37.33556804842808, "freundlich": 0.8845915052884274, "dt50": {"system": 6.0, "soil": 116.09422667751537, "surfaceWater": 6.0, "sediment": 6.0}, "plant_uptake": 0.0, "name": "Compound -6192101024770843709", "model_specific_data": {}, "metabolites": [{"formation_fraction": 0.2, "metabolite": {"molarMass": 300.0, "water_solubility": 0.011656814322165036, "vapor_pressure": 6.496061776515481e-07, "reference_temperature": 20.0, "koc": 158.5612244586595, "freundlich": 1.1105346969194283, "dt50": {"system": 6.0, "soil": 65.4266761810457, "surfaceWater": 6.0, "sediment": 6.0}, "plant_uptake": 0.5, "name": "Compound 3213547116079671462", "model_specific_data": {}, "metabolites": []}}]}}