{"gap": {"type": "relative", "arguments": {"name": "GAP -296091488377847865", "modelCrop": "WC", "rate": 250.0, "apply_every_n_years": 1, "number_of_applications": 2, "interval": 14, "model_specific_data": {}, "bbch": 31, "season": 0}}, "compound": {"molarMass": 300.0, "water_solubility": 0.001577547213482151, "vapor_pressure": 0.00010970063466605547, "reference_temperature": 20.0, "koc": 2209.515989754455, "freundlich": 0.7794249118150067, "dt50": {"system": 6.0, "soil": 93.72977799065288, "surfaceWater": 6.0, "sediment": 6.0}, "plant_uptake": 0.0, "name": "Compound 5551835448282419166", "model_specific_data": {}, "metabolites": [{"formation_fraction": 0.2, "metabolite": {"molarMass": 300.0, "water_solubility": 0.004616709900660131, "vapor_pressure": 0.00037833018242858793, "reference_temperature": 20.0, "koc": 902.1008820893625, "freundlich": 1.1465083986528843, "dt50": {"system": 6.0, "soil": 12.660119367047725, "surfaceWater": 6.0, "sediment": 6.0}, "plant_uptake": 0.5, "name": "Compound -6185305359236237261", "model_specific_data": {}, "metabolites": []}}]}}