{"gap": {"type": "relative", "arguments": {"name": "GAP -296091488377847865", "modelCrop": "WC", "rate": 250.0, "apply_every_n_years": 1, "number_of_applications": 2, "interval": 14, "model_specific_data": {}, "bbch": 31, "season": 0}}, "compound": {"molarMass": 300.0, "water_solubility": 0.0001377453728879132, "vapor_pressure": 2.6556312283980777e-05, "reference_temperature": 20.0, "koc": 2010.7277073519804, "freundlich": 1.1084533274360657, "dt50": {"system": 6.0, "soil": 15.110994107539735, "surfaceWater": 6.0, "sediment": 6.0}, "plant_uptake": 0.0, "name": "Compound -6176617017188554939", "model_specific_data": {}, "metabolites": [{"formation_fraction": 0.2, "metabolite": {"molarMass": 300.0, "water_solubility": 0.003148008525150038, "vapor_pressure": 0.003153244821654893, "reference_temperature": 20.0, "koc": 1804.4465181267544, "freundlich": 1.1729857432899469, "dt50": {"system": 6.0, "soil": 199.1296208246775, "surfaceWater": 6.0, "sediment": 6.0}, "plant_uptake": 0.5, "name": "Compound 4622699504909842619", "model_specific_data": {}, "metabolites": []}}]}}