{"gap": {"type": "relative", "arguments": {"name": "GAP -296091488377847865", "modelCrop": "WC", "rate": 250.0, "apply_every_n_years": 1, "number_of_applications": 2, "interval": 14, "model_specific_data": {}, "bbch": 31, "season": 0}}, "compound": {"molarMass": 300.0, "water_solubility": 0.27581831302892196, "vapor_pressure": 1.4468085194998794e-06, "reference_temperature": 20.0, "koc": 19.8138393401767, "freundlich": 1.185772886155693, "dt50": {"system": 6.0, "soil": 293.8170881519665, "surfaceWater": 6.0, "sediment": 6.0}, "plant_uptake": 0.0, "name": "Compound 1599121234912541485", "model_specific_data": {}, "metabolites": [{"formation_fraction": 0.2, "metabolite": {"molarMass": 300.0, "water_solubility": 0.007856332738880383, "vapor_pressure": 4.315978827268749e-05, "reference_temperature": 20.0, "koc": 1754.4815531767615, "freundlich": 1.1211504081069301, "dt50": {"system": 6.0, "soil": 76.42087584845325, "surfaceWater": 6.0, "sediment": 6.0}, "plant_uptake": 0.5, "name": "Compound 1370489941734763631", "model_specific_data": {}, "metabolites": []}}]}}