{"gap": {"type": "relative", "arguments": {"name": "GAP -296091488377847865", "modelCrop": "WC", "rate": 250.0, "apply_every_n_years": 1, "number_of_applications": 2, "interval": 14, "model_specific_data": {}, "bbch": 31, "season": 0}}, "compound": {"molarMass": 300.0, "water_solubility": 0.13444698846744335, "vapor_pressure": 1.0687923385573573e-05, "reference_temperature": 20.0, "koc": 981.2626923943969, "freundlich": 0.7906040370423812, "dt50": {"system": 6.0, "soil": 44.51871627336721, "surfaceWater": 6.0, "sediment": 6.0}, "plant_uptake": 0.0, "name": "Compound -6895171023239230332", "model_specific_data": {}, "metabolites": [{"formation_fraction": 0.2, "metabolite": {"molarMass": 300.0, "water_solubility": 0.03537322241503623, "vapor_pressure": 0.00025894163661288274, "reference_temperature": 20.0, "koc": 2005.1368730665292, "freundlich": 1.121932916181702, "dt50": {"system": 6.0, "soil": 14.403044803530786, "surfaceWater": 6.0, "sediment": 6.0}, "plant_uptake": 0.5, "name": "Compound 5245770515028930997", "model_specific_data": {}, "metabolites": []}}]}}