{"gap": {"type": "relative", "arguments": {"name": "GAP -296091488377847865", "modelCrop": "WC", "rate": 250.0, "apply_every_n_years": 1, "number_of_applications": 2, "interval": 14, "model_specific_data": {}, "bbch": 31, "season": 0}}, "compound": {"molarMass": 300.0, "water_solubility": 2.7657453324986854, "vapor_pressure": 0.0002648920597971916, "reference_temperature": 20.0, "koc": 397.68033055017634, "freundlich": 0.771323004391577, "dt50": {"system": 6.0, "soil": 264.20698340999905, "surfaceWater": 6.0, "sediment": 6.0}, "plant_uptake": 0.0, "name": "Compound 6138623046171705357", "model_specific_data": {}, "metabolites": [{"formation_fraction": 0.2, "metabolite": {"molarMass": 300.0, "water_solubility": 0.43074828387105646, "vapor_pressure": 1.5863694778089178e-08, "reference_temperature": 20.0, "koc": 3258.159206967455, "freundlich": 1.1911735722021688, "dt50": {"system": 6.0, "soil": 290.34485696788835, "surfaceWater": 6.0, "sediment": 6.0}, "plant_uptake": 0.5, "name": "Compound -2894883199591316770", "model_specific_data": {}, "metabolites": []}}]}}