{"gap": {"type": "relative", "arguments": {"name": "GAP -296091488377847865", "modelCrop": "WC", "rate": 250.0, "apply_every_n_years": 1, "number_of_applications": 2, "interval": 14, "model_specific_data": {}, "bbch": 31, "season": 0}}, "compound": {"molarMass": 300.0, "water_solubility": 0.310007793492457, "vapor_pressure": 1.1425349486330512e-05, "reference_temperature": 20.0, "koc": 655.7537818459288, "freundlich": 1.1848677121173627, "dt50": {"system": 6.0, "soil": 183.79183940691533, "surfaceWater": 6.0, "sediment": 6.0}, "plant_uptake": 0.0, "name": "Compound -1350353415938208820", "model_specific_data": {}, "metabolites": [{"formation_fraction": 0.2, "metabolite": {"molarMass": 300.0, "water_solubility": 0.03893787073287186, "vapor_pressure": 0.0002172375253365189, "reference_temperature": 20.0, "koc": 77.97875862476465, "freundlich": 1.1826276675738259, "dt50": {"system": 6.0, "soil": 256.393373573892, "surfaceWater": 6.0, "sediment": 6.0}, "plant_uptake": 0.5, "name": "Compound -8754084599622282215", "model_specific_data": {}, "metabolites": []}}]}}