{"gap": {"type": "relative", "arguments": {"name": "GAP -296091488377847865", "modelCrop": "WC", "rate": 250.0, "apply_every_n_years": 1, "number_of_applications": 2, "interval": 14, "model_specific_data": {}, "bbch": 31, "season": 0}}, "compound": {"molarMass": 300.0, "water_solubility": 0.00409189314168584, "vapor_pressure": 3.7657693792559144e-08, "reference_temperature": 20.0, "koc": 28.891438521001312, "freundlich": 0.9117500174187598, "dt50": {"system": 6.0, "soil": 137.01187580447464, "surfaceWater": 6.0, "sediment": 6.0}, "plant_uptake": 0.0, "name": "Compound -499623977288218062", "model_specific_data": {}, "metabolites": [{"formation_fraction": 0.2, "metabolite": {"molarMass": 300.0, "water_solubility": 2.4283742844507943e-05, "vapor_pressure": 4.516725807563081e-07, "reference_temperature": 20.0, "koc": 1274.34355905451, "freundlich": 0.9903337733385007, "dt50": {"system": 6.0, "soil": 219.5380250483085, "surfaceWater": 6.0, "sediment": 6.0}, "plant_uptake": 0.5, "name": "Compound 3483689187588293727", "model_specific_data": {}, "metabolites": []}}]}}