{"gap": {"type": "relative", "arguments": {"name": "GAP -296091488377847865", "modelCrop": "WC", "rate": 250.0, "apply_every_n_years": 1, "number_of_applications": 2, "interval": 14, "model_specific_data": {}, "bbch": 31, "season": 0}}, "compound": {"molarMass": 300.0, "water_solubility": 0.0016605749902418594, "vapor_pressure": 8.896107437876121e-05, "reference_temperature": 20.0, "koc": 319.6987010217211, "freundlich": 0.9913865977628338, "dt50": {"system": 6.0, "soil": 215.24845501329656, "surfaceWater": 6.0, "sediment": 6.0}, "plant_uptake": 0.0, "name": "Compound 1392544256902175697", "model_specific_data": {}, "metabolites": [{"formation_fraction": 0.2, "metabolite": {"molarMass": 300.0, "water_solubility": 0.0001397531055092355, "vapor_pressure": 0.006852273849096324, "reference_temperature": 20.0, "koc": 301.5259266210344, "freundlich": 0.896736437881062, "dt50": {"system": 6.0, "soil": 246.65203493897766, "surfaceWater": 6.0, "sediment": 6.0}, "plant_uptake": 0.5, "name": "Compound 2445688832812257206", "model_specific_data": {}, "metabolites": []}}]}}