{"gap": {"type": "relative", "arguments": {"name": "GAP -296091488377847865", "modelCrop": "WC", "rate": 250.0, "apply_every_n_years": 1, "number_of_applications": 2, "interval": 14, "model_specific_data": {}, "bbch": 31, "season": 0}}, "compound": {"molarMass": 300.0, "water_solubility": 0.0010977764393878965, "vapor_pressure": 7.049243716410188e-06, "reference_temperature": 20.0, "koc": 102.82612038713351, "freundlich": 0.8873008294238571, "dt50": {"system": 6.0, "soil": 54.263344818493074, "surfaceWater": 6.0, "sediment": 6.0}, "plant_uptake": 0.0, "name": "Compound -4092039941307405734", "model_specific_data": {}, "metabolites": [{"formation_fraction": 0.2, "metabolite": {"molarMass": 300.0, "water_solubility": 0.39877578767487, "vapor_pressure": 7.732153877879319e-06, "reference_temperature": 20.0, "koc": 66.33214642464601, "freundlich": 0.9461296187590014, "dt50": {"system": 6.0, "soil": 251.97191555007217, "surfaceWater": 6.0, "sediment": 6.0}, "plant_uptake": 0.5, "name": "Compound 3830759164293319048", "model_specific_data": {}, "metabolites": []}}]}}