{"gap": {"type": "relative", "arguments": {"name": "GAP -296091488377847865", "modelCrop": "WC", "rate": 250.0, "apply_every_n_years": 1, "number_of_applications": 2, "interval": 14, "model_specific_data": {}, "bbch": 31, "season": 0}}, "compound": {"molarMass": 300.0, "water_solubility": 0.011863815456054172, "vapor_pressure": 0.00010778161605823751, "reference_temperature": 20.0, "koc": 12.9301121546175, "freundlich": 0.8612613965563714, "dt50": {"system": 6.0, "soil": 173.7294678109161, "surfaceWater": 6.0, "sediment": 6.0}, "plant_uptake": 0.0, "name": "Compound 6345654399152221352", "model_specific_data": {}, "metabolites": [{"formation_fraction": 0.2, "metabolite": {"molarMass": 300.0, "water_solubility": 0.002292839178901735, "vapor_pressure": 0.001003437612048729, "reference_temperature": 20.0, "koc": 412.8938950385212, "freundlich": 0.9068488174946263, "dt50": {"system": 6.0, "soil": 79.81150620777417, "surfaceWater": 6.0, "sediment": 6.0}, "plant_uptake": 0.5, "name": "Compound -5499022359798486274", "model_specific_data": {}, "metabolites": []}}]}}