{"gap": {"type": "relative", "arguments": {"name": "GAP -296091488377847865", "modelCrop": "WC", "rate": 250.0, "apply_every_n_years": 1, "number_of_applications": 2, "interval": 14, "model_specific_data": {}, "bbch": 31, "season": 0}}, "compound": {"molarMass": 300.0, "water_solubility": 0.45128392348259055, "vapor_pressure": 1.0897358481553823e-07, "reference_temperature": 20.0, "koc": 46.84795579870906, "freundlich": 0.8162773178109274, "dt50": {"system": 6.0, "soil": 46.75486055304932, "surfaceWater": 6.0, "sediment": 6.0}, "plant_uptake": 0.0, "name": "Compound 6766428933074558923", "model_specific_data": {}, "metabolites": [{"formation_fraction": 0.2, "metabolite": {"molarMass": 300.0, "water_solubility": 0.028075504937429368, "vapor_pressure": 8.68512860947636e-06, "reference_temperature": 20.0, "koc": 449.4176424528475, "freundlich": 0.9341919995674106, "dt50": {"system": 6.0, "soil": 100.39715789992471, "surfaceWater": 6.0, "sediment": 6.0}, "plant_uptake": 0.5, "name": "Compound -4829239636011538246", "model_specific_data": {}, "metabolites": []}}]}}