{"gap": {"type": "relative", "arguments": {"name": "GAP -296091488377847865", "modelCrop": "WC", "rate": 250.0, "apply_every_n_years": 1, "number_of_applications": 2, "interval": 14, "model_specific_data": {}, "bbch": 31, "season": 0}}, "compound": {"molarMass": 300.0, "water_solubility": 0.002014202257106638, "vapor_pressure": 1.3495647825867032e-06, "reference_temperature": 20.0, "koc": 2869.8689936358874, "freundlich": 0.9405762568235931, "dt50": {"system": 6.0, "soil": 52.688735797055244, "surfaceWater": 6.0, "sediment": 6.0}, "plant_uptake": 0.0, "name": "Compound -4072737215852043150", "model_specific_data": {}, "metabolites": [{"formation_fraction": 0.2, "metabolite": {"molarMass": 300.0, "water_solubility": 0.21577040149535331, "vapor_pressure": 0.0031005207002831126, "reference_temperature": 20.0, "koc": 1181.3784101233007, "freundlich": 0.8448402493308771, "dt50": {"system": 6.0, "soil": 196.4360756732778, "surfaceWater": 6.0, "sediment": 6.0}, "plant_uptake": 0.5, "name": "Compound -3916386348064363722", "model_specific_data": {}, "metabolites": []}}]}}