{"gap": {"type": "relative", "arguments": {"name": "GAP -296091488377847865", "modelCrop": "WC", "rate": 250.0, "apply_every_n_years": 1, "number_of_applications": 2, "interval": 14, "model_specific_data": {}, "bbch": 31, "season": 0}}, "compound": {"molarMass": 300.0, "water_solubility": 5.544455447334232e-05, "vapor_pressure": 8.828239105767856e-05, "reference_temperature": 20.0, "koc": 779.6470067425182, "freundlich": 1.1424666173786513, "dt50": {"system": 6.0, "soil": 208.76026425561702, "surfaceWater": 6.0, "sediment": 6.0}, "plant_uptake": 0.0, "name": "Compound -5464314847495218865", "model_specific_data": {}, "metabolites": [{"formation_fraction": 0.2, "metabolite": {"molarMass": 300.0, "water_solubility": 0.0009266282378281825, "vapor_pressure": 0.0011441329655021175, "reference_temperature": 20.0, "koc": 1063.0945041823288, "freundlich": 1.0490053004927513, "dt50": {"system": 6.0, "soil": 221.09418801461703, "surfaceWater": 6.0, "sediment": 6.0}, "plant_uptake": 0.5, "name": "Compound 6326104175570578112", "model_specific_data": {}, "metabolites": []}}]}}