{"gap": {"type": "relative", "arguments": {"name": "GAP -296091488377847865", "modelCrop": "WC", "rate": 250.0, "apply_every_n_years": 1, "number_of_applications": 2, "interval": 14, "model_specific_data": {}, "bbch": 31, "season": 0}}, "compound": {"molarMass": 300.0, "water_solubility": 0.010849527300632827, "vapor_pressure": 2.5902516804103884e-06, "reference_temperature": 20.0, "koc": 16.42403935573657, "freundlich": 1.1268652679919358, "dt50": {"system": 6.0, "soil": 212.4501941725783, "surfaceWater": 6.0, "sediment": 6.0}, "plant_uptake": 0.0, "name": "Compound -1955160419165552055", "model_specific_data": {}, "metabolites": [{"formation_fraction": 0.2, "metabolite": {"molarMass": 300.0, "water_solubility": 0.0010697568312707994, "vapor_pressure": 2.4484313570153523e-06, "reference_temperature": 20.0, "koc": 96.64702386455741, "freundlich": 1.1901514072193893, "dt50": {"system": 6.0, "soil": 19.78919621920388, "surfaceWater": 6.0, "sediment": 6.0}, "plant_uptake": 0.5, "name": "Compound -5744904909821607430", "model_specific_data": {}, "metabolites": []}}]}}