{"gap": {"type": "relative", "arguments": {"name": "GAP -296091488377847865", "modelCrop": "WC", "rate": 250.0, "apply_every_n_years": 1, "number_of_applications": 2, "interval": 14, "model_specific_data": {}, "bbch": 31, "season": 0}}, "compound": {"molarMass": 300.0, "water_solubility": 0.050906835292359426, "vapor_pressure": 1.248678748915505e-06, "reference_temperature": 20.0, "koc": 1938.577340288993, "freundlich": 0.9068128435848469, "dt50": {"system": 6.0, "soil": 142.93176589673527, "surfaceWater": 6.0, "sediment": 6.0}, "plant_uptake": 0.0, "name": "Compound 7902379291934444211", "model_specific_data": {}, "metabolites": [{"formation_fraction": 0.2, "metabolite": {"molarMass": 300.0, "water_solubility": 0.020075904664728573, "vapor_pressure": 2.6330387148731674e-07, "reference_temperature": 20.0, "koc": 472.8499661408411, "freundlich": 1.0620603854957191, "dt50": {"system": 6.0, "soil": 126.92242383555572, "surfaceWater": 6.0, "sediment": 6.0}, "plant_uptake": 0.5, "name": "Compound -2603974963883272481", "model_specific_data": {}, "metabolites": []}}]}}