{"gap": {"type": "relative", "arguments": {"name": "GAP -296091488377847865", "modelCrop": "WC", "rate": 250.0, "apply_every_n_years": 1, "number_of_applications": 2, "interval": 14, "model_specific_data": {}, "bbch": 31, "season": 0}}, "compound": {"molarMass": 300.0, "water_solubility": 0.003213935940284477, "vapor_pressure": 2.7931487479484748e-05, "reference_temperature": 20.0, "koc": 1174.9062381527538, "freundlich": 1.0376796062811837, "dt50": {"system": 6.0, "soil": 69.26379918419437, "surfaceWater": 6.0, "sediment": 6.0}, "plant_uptake": 0.0, "name": "Compound 3026983694243142854", "model_specific_data": {}, "metabolites": [{"formation_fraction": 0.2, "metabolite": {"molarMass": 300.0, "water_solubility": 0.018667495063618967, "vapor_pressure": 3.7478845261827424e-06, "reference_temperature": 20.0, "koc": 2822.9332218291806, "freundlich": 0.8033346156567633, "dt50": {"system": 6.0, "soil": 155.99331846477492, "surfaceWater": 6.0, "sediment": 6.0}, "plant_uptake": 0.5, "name": "Compound 6490702258375100794", "model_specific_data": {}, "metabolites": []}}]}}