{"gap": {"type": "relative", "arguments": {"name": "GAP -296091488377847865", "modelCrop": "WC", "rate": 250.0, "apply_every_n_years": 1, "number_of_applications": 2, "interval": 14, "model_specific_data": {}, "bbch": 31, "season": 0}}, "compound": {"molarMass": 300.0, "water_solubility": 0.0013487506635684416, "vapor_pressure": 0.00043705186438847127, "reference_temperature": 20.0, "koc": 1499.8023227677015, "freundlich": 1.1989513779224668, "dt50": {"system": 6.0, "soil": 238.25275337927226, "surfaceWater": 6.0, "sediment": 6.0}, "plant_uptake": 0.0, "name": "Compound 7289768482638655865", "model_specific_data": {}, "metabolites": [{"formation_fraction": 0.2, "metabolite": {"molarMass": 300.0, "water_solubility": 0.0018836007509343842, "vapor_pressure": 4.975772615020005e-05, "reference_temperature": 20.0, "koc": 838.475663613453, "freundlich": 0.7038329035900246, "dt50": {"system": 6.0, "soil": 225.15650324024696, "surfaceWater": 6.0, "sediment": 6.0}, "plant_uptake": 0.5, "name": "Compound -645923185468731976", "model_specific_data": {}, "metabolites": []}}]}}