{"gap": {"type": "relative", "arguments": {"name": "GAP -296091488377847865", "modelCrop": "WC", "rate": 250.0, "apply_every_n_years": 1, "number_of_applications": 2, "interval": 14, "model_specific_data": {}, "bbch": 31, "season": 0}}, "compound": {"molarMass": 300.0, "water_solubility": 0.0008323753971593958, "vapor_pressure": 7.531641126902913e-06, "reference_temperature": 20.0, "koc": 46.627559727578635, "freundlich": 0.9097448679741982, "dt50": {"system": 6.0, "soil": 8.583202279010822, "surfaceWater": 6.0, "sediment": 6.0}, "plant_uptake": 0.0, "name": "Compound -7639306313736669319", "model_specific_data": {}, "metabolites": [{"formation_fraction": 0.2, "metabolite": {"molarMass": 300.0, "water_solubility": 0.0007032779770975249, "vapor_pressure": 1.685399622899083e-06, "reference_temperature": 20.0, "koc": 112.39063247710703, "freundlich": 1.0734494347530112, "dt50": {"system": 6.0, "soil": 37.471479626048286, "surfaceWater": 6.0, "sediment": 6.0}, "plant_uptake": 0.5, "name": "Compound -7523296674161618714", "model_specific_data": {}, "metabolites": []}}]}}