{"gap": {"type": "relative", "arguments": {"name": "GAP -296091488377847865", "modelCrop": "WC", "rate": 250.0, "apply_every_n_years": 1, "number_of_applications": 2, "interval": 14, "model_specific_data": {}, "bbch": 31, "season": 0}}, "compound": {"molarMass": 300.0, "water_solubility": 0.004186209750865832, "vapor_pressure": 6.617675254664574e-05, "reference_temperature": 20.0, "koc": 468.48767691212754, "freundlich": 1.0459936792690394, "dt50": {"system": 6.0, "soil": 274.5819092536023, "surfaceWater": 6.0, "sediment": 6.0}, "plant_uptake": 0.0, "name": "Compound 279894900617736845", "model_specific_data": {}, "metabolites": [{"formation_fraction": 0.2, "metabolite": {"molarMass": 300.0, "water_solubility": 0.012622731243191458, "vapor_pressure": 0.00033694380852769914, "reference_temperature": 20.0, "koc": 42.746406474927454, "freundlich": 1.0867088072132676, "dt50": {"system": 6.0, "soil": 117.87227997001328, "surfaceWater": 6.0, "sediment": 6.0}, "plant_uptake": 0.5, "name": "Compound 5641695290101570661", "model_specific_data": {}, "metabolites": []}}]}}