{"gap": {"type": "relative", "arguments": {"name": "GAP -296091488377847865", "modelCrop": "WC", "rate": 250.0, "apply_every_n_years": 1, "number_of_applications": 2, "interval": 14, "model_specific_data": {}, "bbch": 31, "season": 0}}, "compound": {"molarMass": 300.0, "water_solubility": 0.00019154154327166907, "vapor_pressure": 0.033275188994409045, "reference_temperature": 20.0, "koc": 184.9612045055284, "freundlich": 0.943104375894154, "dt50": {"system": 6.0, "soil": 239.51019413746363, "surfaceWater": 6.0, "sediment": 6.0}, "plant_uptake": 0.0, "name": "Compound -6996830154988683543", "model_specific_data": {}, "metabolites": [{"formation_fraction": 0.2, "metabolite": {"molarMass": 300.0, "water_solubility": 0.0962062479704624, "vapor_pressure": 1.5978080212175538e-06, "reference_temperature": 20.0, "koc": 70.46092851845313, "freundlich": 1.0868006009804356, "dt50": {"system": 6.0, "soil": 154.01223677982938, "surfaceWater": 6.0, "sediment": 6.0}, "plant_uptake": 0.5, "name": "Compound -2022433421732883704", "model_specific_data": {}, "metabolites": []}}]}}