{"gap": {"type": "relative", "arguments": {"name": "GAP -296091488377847865", "modelCrop": "WC", "rate": 250.0, "apply_every_n_years": 1, "number_of_applications": 2, "interval": 14, "model_specific_data": {}, "bbch": 31, "season": 0}}, "compound": {"molarMass": 300.0, "water_solubility": 0.011862109990543466, "vapor_pressure": 0.0004918190589305786, "reference_temperature": 20.0, "koc": 92.38831676095278, "freundlich": 1.0805662558295308, "dt50": {"system": 6.0, "soil": 226.46761098824908, "surfaceWater": 6.0, "sediment": 6.0}, "plant_uptake": 0.0, "name": "Compound 8163214020268784260", "model_specific_data": {}, "metabolites": [{"formation_fraction": 0.2, "metabolite": {"molarMass": 300.0, "water_solubility": 0.0007908450535504662, "vapor_pressure": 3.442822487909239e-05, "reference_temperature": 20.0, "koc": 18.321786621987506, "freundlich": 0.8066075834692978, "dt50": {"system": 6.0, "soil": 226.9345810632266, "surfaceWater": 6.0, "sediment": 6.0}, "plant_uptake": 0.5, "name": "Compound -4389131792963873707", "model_specific_data": {}, "metabolites": []}}]}}