{"gap": {"type": "relative", "arguments": {"name": "GAP -296091488377847865", "modelCrop": "WC", "rate": 250.0, "apply_every_n_years": 1, "number_of_applications": 2, "interval": 14, "model_specific_data": {}, "bbch": 31, "season": 0}}, "compound": {"molarMass": 300.0, "water_solubility": 0.00979108287475363, "vapor_pressure": 0.0006608523305124327, "reference_temperature": 20.0, "koc": 800.5082719584337, "freundlich": 0.7117706063735159, "dt50": {"system": 6.0, "soil": 1.545850679121985, "surfaceWater": 6.0, "sediment": 6.0}, "plant_uptake": 0.0, "name": "Compound 2630228343524609326", "model_specific_data": {}, "metabolites": [{"formation_fraction": 0.2, "metabolite": {"molarMass": 300.0, "water_solubility": 0.02284115230459042, "vapor_pressure": 0.0005859863876031765, "reference_temperature": 20.0, "koc": 17.45799111903314, "freundlich": 1.1456895591187368, "dt50": {"system": 6.0, "soil": 40.165704950978416, "surfaceWater": 6.0, "sediment": 6.0}, "plant_uptake": 0.5, "name": "Compound 6700668888253483633", "model_specific_data": {}, "metabolites": []}}]}}