{"gap": {"type": "relative", "arguments": {"name": "GAP -296091488377847865", "modelCrop": "WC", "rate": 250.0, "apply_every_n_years": 1, "number_of_applications": 2, "interval": 14, "model_specific_data": {}, "bbch": 31, "season": 0}}, "compound": {"molarMass": 300.0, "water_solubility": 0.009915104179480461, "vapor_pressure": 0.00023854549048181537, "reference_temperature": 20.0, "koc": 2699.057162601124, "freundlich": 1.1951509948004806, "dt50": {"system": 6.0, "soil": 100.39071385709339, "surfaceWater": 6.0, "sediment": 6.0}, "plant_uptake": 0.0, "name": "Compound 3868552968609407755", "model_specific_data": {}, "metabolites": [{"formation_fraction": 0.2, "metabolite": {"molarMass": 300.0, "water_solubility": 0.0014706073604846982, "vapor_pressure": 1.2948483996352563e-06, "reference_temperature": 20.0, "koc": 409.2784561799918, "freundlich": 0.789652614620947, "dt50": {"system": 6.0, "soil": 266.07936307297956, "surfaceWater": 6.0, "sediment": 6.0}, "plant_uptake": 0.5, "name": "Compound 3563646488157994560", "model_specific_data": {}, "metabolites": []}}]}}