{"gap": {"type": "relative", "arguments": {"name": "GAP -296091488377847865", "modelCrop": "WC", "rate": 250.0, "apply_every_n_years": 1, "number_of_applications": 2, "interval": 14, "model_specific_data": {}, "bbch": 31, "season": 0}}, "compound": {"molarMass": 300.0, "water_solubility": 0.00556469360011574, "vapor_pressure": 2.927917352721776e-07, "reference_temperature": 20.0, "koc": 23.35071226565194, "freundlich": 0.9021411987689495, "dt50": {"system": 6.0, "soil": 283.57311648314004, "surfaceWater": 6.0, "sediment": 6.0}, "plant_uptake": 0.0, "name": "Compound -288130260986078601", "model_specific_data": {}, "metabolites": [{"formation_fraction": 0.2, "metabolite": {"molarMass": 300.0, "water_solubility": 0.015448201767380798, "vapor_pressure": 0.00023115965245850106, "reference_temperature": 20.0, "koc": 1975.9352753915623, "freundlich": 1.038450485930395, "dt50": {"system": 6.0, "soil": 69.32126122869388, "surfaceWater": 6.0, "sediment": 6.0}, "plant_uptake": 0.5, "name": "Compound -3750941478211616683", "model_specific_data": {}, "metabolites": []}}]}}