{"gap": {"type": "relative", "arguments": {"name": "GAP -296091488377847865", "modelCrop": "WC", "rate": 250.0, "apply_every_n_years": 1, "number_of_applications": 2, "interval": 14, "model_specific_data": {}, "bbch": 31, "season": 0}}, "compound": {"molarMass": 300.0, "water_solubility": 0.008417449764629333, "vapor_pressure": 7.13428954750774e-07, "reference_temperature": 20.0, "koc": 4610.404801843601, "freundlich": 0.7284168020244757, "dt50": {"system": 6.0, "soil": 182.78278128922904, "surfaceWater": 6.0, "sediment": 6.0}, "plant_uptake": 0.0, "name": "Compound 8066194344827441309", "model_specific_data": {}, "metabolites": [{"formation_fraction": 0.2, "metabolite": {"molarMass": 300.0, "water_solubility": 0.04412576732430639, "vapor_pressure": 8.356569060209391e-06, "reference_temperature": 20.0, "koc": 3150.033539750934, "freundlich": 1.147294074361343, "dt50": {"system": 6.0, "soil": 260.86448096361164, "surfaceWater": 6.0, "sediment": 6.0}, "plant_uptake": 0.5, "name": "Compound -2064083111833356209", "model_specific_data": {}, "metabolites": []}}]}}