{"gap": {"type": "relative", "arguments": {"name": "GAP -296091488377847865", "modelCrop": "WC", "rate": 250.0, "apply_every_n_years": 1, "number_of_applications": 2, "interval": 14, "model_specific_data": {}, "bbch": 31, "season": 0}}, "compound": {"molarMass": 300.0, "water_solubility": 0.03639983841190844, "vapor_pressure": 0.0019426294329519208, "reference_temperature": 20.0, "koc": 69.08029072275825, "freundlich": 0.9403460439491504, "dt50": {"system": 6.0, "soil": 173.7256152956359, "surfaceWater": 6.0, "sediment": 6.0}, "plant_uptake": 0.0, "name": "Compound -4196247683227318067", "model_specific_data": {}, "metabolites": [{"formation_fraction": 0.2, "metabolite": {"molarMass": 300.0, "water_solubility": 0.002286847087549188, "vapor_pressure": 3.802723487633315e-05, "reference_temperature": 20.0, "koc": 115.50584731860363, "freundlich": 0.9638066024168024, "dt50": {"system": 6.0, "soil": 134.3278486502554, "surfaceWater": 6.0, "sediment": 6.0}, "plant_uptake": 0.5, "name": "Compound -6897754712915804742", "model_specific_data": {}, "metabolites": []}}]}}