{"gap": {"type": "relative", "arguments": {"name": "GAP -296091488377847865", "modelCrop": "WC", "rate": 250.0, "apply_every_n_years": 1, "number_of_applications": 2, "interval": 14, "model_specific_data": {}, "bbch": 31, "season": 0}}, "compound": {"molarMass": 300.0, "water_solubility": 0.020756862931831464, "vapor_pressure": 6.356265709469749e-07, "reference_temperature": 20.0, "koc": 30.6981281926204, "freundlich": 1.032887572970533, "dt50": {"system": 6.0, "soil": 35.519857971055295, "surfaceWater": 6.0, "sediment": 6.0}, "plant_uptake": 0.0, "name": "Compound 7320145978500390164", "model_specific_data": {}, "metabolites": [{"formation_fraction": 0.2, "metabolite": {"molarMass": 300.0, "water_solubility": 0.04137040953527557, "vapor_pressure": 4.557818437330466e-06, "reference_temperature": 20.0, "koc": 3746.887315103353, "freundlich": 0.905590499575607, "dt50": {"system": 6.0, "soil": 252.48898520182777, "surfaceWater": 6.0, "sediment": 6.0}, "plant_uptake": 0.5, "name": "Compound 883758132934032808", "model_specific_data": {}, "metabolites": []}}]}}