{"gap": {"type": "relative", "arguments": {"name": "GAP -296091488377847865", "modelCrop": "WC", "rate": 250.0, "apply_every_n_years": 1, "number_of_applications": 2, "interval": 14, "model_specific_data": {}, "bbch": 31, "season": 0}}, "compound": {"molarMass": 300.0, "water_solubility": 0.4882923389919562, "vapor_pressure": 4.590263348733745e-06, "reference_temperature": 20.0, "koc": 244.7731542091499, "freundlich": 1.184210772456342, "dt50": {"system": 6.0, "soil": 31.092302993941562, "surfaceWater": 6.0, "sediment": 6.0}, "plant_uptake": 0.0, "name": "Compound -854681625988282562", "model_specific_data": {}, "metabolites": [{"formation_fraction": 0.2, "metabolite": {"molarMass": 300.0, "water_solubility": 0.0033710993994760323, "vapor_pressure": 1.5841259964177632e-09, "reference_temperature": 20.0, "koc": 3004.1308921990803, "freundlich": 1.005823113357671, "dt50": {"system": 6.0, "soil": 36.07894197811776, "surfaceWater": 6.0, "sediment": 6.0}, "plant_uptake": 0.5, "name": "Compound -4965545349385262255", "model_specific_data": {}, "metabolites": []}}]}}