{"gap": {"type": "relative", "arguments": {"name": "GAP -296091488377847865", "modelCrop": "WC", "rate": 250.0, "apply_every_n_years": 1, "number_of_applications": 2, "interval": 14, "model_specific_data": {}, "bbch": 31, "season": 0}}, "compound": {"molarMass": 300.0, "water_solubility": 0.0018419181115743271, "vapor_pressure": 2.294656410917579e-06, "reference_temperature": 20.0, "koc": 348.5454903936807, "freundlich": 0.7819920397686724, "dt50": {"system": 6.0, "soil": 26.66037121509533, "surfaceWater": 6.0, "sediment": 6.0}, "plant_uptake": 0.0, "name": "Compound -5588520234832519106", "model_specific_data": {}, "metabolites": [{"formation_fraction": 0.2, "metabolite": {"molarMass": 300.0, "water_solubility": 0.00011965326687055719, "vapor_pressure": 5.269865693701184e-06, "reference_temperature": 20.0, "koc": 116.18256618753074, "freundlich": 1.1282476369038974, "dt50": {"system": 6.0, "soil": 73.95267931408704, "surfaceWater": 6.0, "sediment": 6.0}, "plant_uptake": 0.5, "name": "Compound 1188312581555559306", "model_specific_data": {}, "metabolites": []}}]}}