{"gap": {"type": "relative", "arguments": {"name": "GAP -296091488377847865", "modelCrop": "WC", "rate": 250.0, "apply_every_n_years": 1, "number_of_applications": 2, "interval": 14, "model_specific_data": {}, "bbch": 31, "season": 0}}, "compound": {"molarMass": 300.0, "water_solubility": 0.041178515430809734, "vapor_pressure": 4.993298789905321e-06, "reference_temperature": 20.0, "koc": 138.27498917739817, "freundlich": 1.074444967274487, "dt50": {"system": 6.0, "soil": 213.70829760822642, "surfaceWater": 6.0, "sediment": 6.0}, "plant_uptake": 0.0, "name": "Compound 4734036662585757086", "model_specific_data": {}, "metabolites": [{"formation_fraction": 0.2, "metabolite": {"molarMass": 300.0, "water_solubility": 0.5894565986706146, "vapor_pressure": 2.8932559265853737e-07, "reference_temperature": 20.0, "koc": 179.8585380755027, "freundlich": 0.9139750537210182, "dt50": {"system": 6.0, "soil": 38.805257419347356, "surfaceWater": 6.0, "sediment": 6.0}, "plant_uptake": 0.5, "name": "Compound 4470666586776082546", "model_specific_data": {}, "metabolites": []}}]}}