{"gap": {"type": "relative", "arguments": {"name": "GAP -296091488377847865", "modelCrop": "WC", "rate": 250.0, "apply_every_n_years": 1, "number_of_applications": 2, "interval": 14, "model_specific_data": {}, "bbch": 31, "season": 0}}, "compound": {"molarMass": 300.0, "water_solubility": 0.0006058881957937955, "vapor_pressure": 0.00011444887775113832, "reference_temperature": 20.0, "koc": 15.439371086860294, "freundlich": 1.1681838217726297, "dt50": {"system": 6.0, "soil": 24.005369583705765, "surfaceWater": 6.0, "sediment": 6.0}, "plant_uptake": 0.0, "name": "Compound 632775546512890384", "model_specific_data": {}, "metabolites": [{"formation_fraction": 0.2, "metabolite": {"molarMass": 300.0, "water_solubility": 0.1446968167510197, "vapor_pressure": 0.0025063764755562964, "reference_temperature": 20.0, "koc": 4194.186467761893, "freundlich": 0.7189222392207588, "dt50": {"system": 6.0, "soil": 21.729350309125415, "surfaceWater": 6.0, "sediment": 6.0}, "plant_uptake": 0.5, "name": "Compound 6968926314401694013", "model_specific_data": {}, "metabolites": []}}]}}