{"gap": {"type": "relative", "arguments": {"name": "GAP -296091488377847865", "modelCrop": "WC", "rate": 250.0, "apply_every_n_years": 1, "number_of_applications": 2, "interval": 14, "model_specific_data": {}, "bbch": 31, "season": 0}}, "compound": {"molarMass": 300.0, "water_solubility": 0.0049733902177768125, "vapor_pressure": 1.85025504294542e-05, "reference_temperature": 20.0, "koc": 81.90693908906569, "freundlich": 1.0650517049523625, "dt50": {"system": 6.0, "soil": 180.78436591012115, "surfaceWater": 6.0, "sediment": 6.0}, "plant_uptake": 0.0, "name": "Compound -2451262586779362307", "model_specific_data": {}, "metabolites": [{"formation_fraction": 0.2, "metabolite": {"molarMass": 300.0, "water_solubility": 0.06602329557277707, "vapor_pressure": 0.001109864480570099, "reference_temperature": 20.0, "koc": 19.182810778747317, "freundlich": 0.8614855040442605, "dt50": {"system": 6.0, "soil": 165.72244400538324, "surfaceWater": 6.0, "sediment": 6.0}, "plant_uptake": 0.5, "name": "Compound 210648534740835337", "model_specific_data": {}, "metabolites": []}}]}}