{"gap": {"type": "relative", "arguments": {"name": "GAP -296091488377847865", "modelCrop": "WC", "rate": 250.0, "apply_every_n_years": 1, "number_of_applications": 2, "interval": 14, "model_specific_data": {}, "bbch": 31, "season": 0}}, "compound": {"molarMass": 300.0, "water_solubility": 0.04100853450511458, "vapor_pressure": 0.0005634447850061256, "reference_temperature": 20.0, "koc": 10.234463458318574, "freundlich": 1.146677004151623, "dt50": {"system": 6.0, "soil": 34.315016461086216, "surfaceWater": 6.0, "sediment": 6.0}, "plant_uptake": 0.0, "name": "Compound 8005309405424056116", "model_specific_data": {}, "metabolites": [{"formation_fraction": 0.2, "metabolite": {"molarMass": 300.0, "water_solubility": 0.008841460215399312, "vapor_pressure": 0.05704216966989333, "reference_temperature": 20.0, "koc": 61.02974147403558, "freundlich": 0.9090031539225389, "dt50": {"system": 6.0, "soil": 142.53879362312853, "surfaceWater": 6.0, "sediment": 6.0}, "plant_uptake": 0.5, "name": "Compound 5714587050736450798", "model_specific_data": {}, "metabolites": []}}]}}