{"gap": {"type": "relative", "arguments": {"name": "GAP -296091488377847865", "modelCrop": "WC", "rate": 250.0, "apply_every_n_years": 1, "number_of_applications": 2, "interval": 14, "model_specific_data": {}, "bbch": 31, "season": 0}}, "compound": {"molarMass": 300.0, "water_solubility": 0.004968883875715233, "vapor_pressure": 1.8122228604255393e-06, "reference_temperature": 20.0, "koc": 2964.048008115373, "freundlich": 0.7679735787330036, "dt50": {"system": 6.0, "soil": 142.39428129034383, "surfaceWater": 6.0, "sediment": 6.0}, "plant_uptake": 0.0, "name": "Compound -1048603877049628715", "model_specific_data": {}, "metabolites": [{"formation_fraction": 0.2, "metabolite": {"molarMass": 300.0, "water_solubility": 0.013560888564567193, "vapor_pressure": 6.2693794660112e-08, "reference_temperature": 20.0, "koc": 14.606475016907957, "freundlich": 0.8056278516761783, "dt50": {"system": 6.0, "soil": 109.63926784508057, "surfaceWater": 6.0, "sediment": 6.0}, "plant_uptake": 0.5, "name": "Compound 303457906184215348", "model_specific_data": {}, "metabolites": []}}]}}