{"gap": {"type": "relative", "arguments": {"name": "GAP -296091488377847865", "modelCrop": "WC", "rate": 250.0, "apply_every_n_years": 1, "number_of_applications": 2, "interval": 14, "model_specific_data": {}, "bbch": 31, "season": 0}}, "compound": {"molarMass": 300.0, "water_solubility": 0.02396139749298003, "vapor_pressure": 8.086322597770105e-06, "reference_temperature": 20.0, "koc": 191.07928324895173, "freundlich": 0.9186118486027102, "dt50": {"system": 6.0, "soil": 164.85413633133524, "surfaceWater": 6.0, "sediment": 6.0}, "plant_uptake": 0.0, "name": "Compound 2216572765415545371", "model_specific_data": {}, "metabolites": [{"formation_fraction": 0.2, "metabolite": {"molarMass": 300.0, "water_solubility": 0.0022772689899387727, "vapor_pressure": 4.615220625803465e-05, "reference_temperature": 20.0, "koc": 2738.143100883208, "freundlich": 1.15548133050032, "dt50": {"system": 6.0, "soil": 210.9541380162043, "surfaceWater": 6.0, "sediment": 6.0}, "plant_uptake": 0.5, "name": "Compound -7388073610834949036", "model_specific_data": {}, "metabolites": []}}]}}