{"gap": {"type": "relative", "arguments": {"name": "GAP -296091488377847865", "modelCrop": "WC", "rate": 250.0, "apply_every_n_years": 1, "number_of_applications": 2, "interval": 14, "model_specific_data": {}, "bbch": 31, "season": 0}}, "compound": {"molarMass": 300.0, "water_solubility": 0.03280375645116029, "vapor_pressure": 9.440265567607179e-06, "reference_temperature": 20.0, "koc": 711.6937580517186, "freundlich": 1.0449479668970827, "dt50": {"system": 6.0, "soil": 256.20435183516133, "surfaceWater": 6.0, "sediment": 6.0}, "plant_uptake": 0.0, "name": "Compound -7180611480804496625", "model_specific_data": {}, "metabolites": [{"formation_fraction": 0.2, "metabolite": {"molarMass": 300.0, "water_solubility": 0.19881858679590117, "vapor_pressure": 0.004849565756696078, "reference_temperature": 20.0, "koc": 261.93568463271106, "freundlich": 0.7820571276297833, "dt50": {"system": 6.0, "soil": 160.48611007772288, "surfaceWater": 6.0, "sediment": 6.0}, "plant_uptake": 0.5, "name": "Compound -4061571210359628806", "model_specific_data": {}, "metabolites": []}}]}}