{"gap": {"type": "relative", "arguments": {"name": "GAP -296091488377847865", "modelCrop": "WC", "rate": 250.0, "apply_every_n_years": 1, "number_of_applications": 2, "interval": 14, "model_specific_data": {}, "bbch": 31, "season": 0}}, "compound": {"molarMass": 300.0, "water_solubility": 0.001431634679658883, "vapor_pressure": 7.648160796684279e-07, "reference_temperature": 20.0, "koc": 32.58585303338437, "freundlich": 1.0430393458034894, "dt50": {"system": 6.0, "soil": 268.3115846793207, "surfaceWater": 6.0, "sediment": 6.0}, "plant_uptake": 0.0, "name": "Compound -9191877706317297928", "model_specific_data": {}, "metabolites": [{"formation_fraction": 0.2, "metabolite": {"molarMass": 300.0, "water_solubility": 0.0009890642549933563, "vapor_pressure": 0.00010833317481382888, "reference_temperature": 20.0, "koc": 513.1614273706377, "freundlich": 0.8934638138031572, "dt50": {"system": 6.0, "soil": 178.72093447600898, "surfaceWater": 6.0, "sediment": 6.0}, "plant_uptake": 0.5, "name": "Compound 4718913479891877253", "model_specific_data": {}, "metabolites": []}}]}}