{"gap": {"type": "relative", "arguments": {"name": "GAP -296091488377847865", "modelCrop": "WC", "rate": 250.0, "apply_every_n_years": 1, "number_of_applications": 2, "interval": 14, "model_specific_data": {}, "bbch": 31, "season": 0}}, "compound": {"molarMass": 300.0, "water_solubility": 0.05310103961264968, "vapor_pressure": 0.0001595272965566938, "reference_temperature": 20.0, "koc": 3018.920252703806, "freundlich": 1.0535866250539163, "dt50": {"system": 6.0, "soil": 264.5872491649716, "surfaceWater": 6.0, "sediment": 6.0}, "plant_uptake": 0.0, "name": "Compound -6321776395838161971", "model_specific_data": {}, "metabolites": [{"formation_fraction": 0.2, "metabolite": {"molarMass": 300.0, "water_solubility": 0.011522894612858747, "vapor_pressure": 2.615818016122949e-05, "reference_temperature": 20.0, "koc": 1009.3493429095998, "freundlich": 0.9806157228457824, "dt50": {"system": 6.0, "soil": 233.01682632238698, "surfaceWater": 6.0, "sediment": 6.0}, "plant_uptake": 0.5, "name": "Compound -6501398330502200390", "model_specific_data": {}, "metabolites": []}}]}}