{"gap": {"type": "relative", "arguments": {"name": "GAP -296091488377847865", "modelCrop": "WC", "rate": 250.0, "apply_every_n_years": 1, "number_of_applications": 2, "interval": 14, "model_specific_data": {}, "bbch": 31, "season": 0}}, "compound": {"molarMass": 300.0, "water_solubility": 0.0018215822007678682, "vapor_pressure": 9.08478794005577e-06, "reference_temperature": 20.0, "koc": 190.87065170178985, "freundlich": 0.9986685474199352, "dt50": {"system": 6.0, "soil": 143.9400186198942, "surfaceWater": 6.0, "sediment": 6.0}, "plant_uptake": 0.0, "name": "Compound 5771292797927878402", "model_specific_data": {}, "metabolites": [{"formation_fraction": 0.2, "metabolite": {"molarMass": 300.0, "water_solubility": 0.19721181398361515, "vapor_pressure": 0.0004889311150066737, "reference_temperature": 20.0, "koc": 188.18731537538065, "freundlich": 0.7180659780402967, "dt50": {"system": 6.0, "soil": 195.21033252367354, "surfaceWater": 6.0, "sediment": 6.0}, "plant_uptake": 0.5, "name": "Compound 1364138640983579257", "model_specific_data": {}, "metabolites": []}}]}}