{"gap": {"type": "relative", "arguments": {"name": "GAP -296091488377847865", "modelCrop": "WC", "rate": 250.0, "apply_every_n_years": 1, "number_of_applications": 2, "interval": 14, "model_specific_data": {}, "bbch": 31, "season": 0}}, "compound": {"molarMass": 300.0, "water_solubility": 0.005497494727108784, "vapor_pressure": 5.071352045805036e-06, "reference_temperature": 20.0, "koc": 608.1806807083243, "freundlich": 0.8262552451147913, "dt50": {"system": 6.0, "soil": 46.58906853146643, "surfaceWater": 6.0, "sediment": 6.0}, "plant_uptake": 0.0, "name": "Compound 3260645439083960768", "model_specific_data": {}, "metabolites": [{"formation_fraction": 0.2, "metabolite": {"molarMass": 300.0, "water_solubility": 0.04155113997244405, "vapor_pressure": 6.456698351085378e-07, "reference_temperature": 20.0, "koc": 1874.382835692398, "freundlich": 1.155281157918681, "dt50": {"system": 6.0, "soil": 200.43442187814065, "surfaceWater": 6.0, "sediment": 6.0}, "plant_uptake": 0.5, "name": "Compound 5911376904590506557", "model_specific_data": {}, "metabolites": []}}]}}