{"gap": {"type": "relative", "arguments": {"name": "GAP -296091488377847865", "modelCrop": "WC", "rate": 250.0, "apply_every_n_years": 1, "number_of_applications": 2, "interval": 14, "model_specific_data": {}, "bbch": 31, "season": 0}}, "compound": {"molarMass": 300.0, "water_solubility": 0.023547122734979865, "vapor_pressure": 2.7905952908129652e-08, "reference_temperature": 20.0, "koc": 60.35685920543045, "freundlich": 1.1970138448535685, "dt50": {"system": 6.0, "soil": 107.67116734878658, "surfaceWater": 6.0, "sediment": 6.0}, "plant_uptake": 0.0, "name": "Compound -5297485805970685701", "model_specific_data": {}, "metabolites": [{"formation_fraction": 0.2, "metabolite": {"molarMass": 300.0, "water_solubility": 0.012573177722559507, "vapor_pressure": 6.659928752443085e-06, "reference_temperature": 20.0, "koc": 69.33968646947346, "freundlich": 1.0519586082434846, "dt50": {"system": 6.0, "soil": 42.3606833611112, "surfaceWater": 6.0, "sediment": 6.0}, "plant_uptake": 0.5, "name": "Compound 5852779349495678431", "model_specific_data": {}, "metabolites": []}}]}}