{"gap": {"type": "relative", "arguments": {"name": "GAP -296091488377847865", "modelCrop": "WC", "rate": 250.0, "apply_every_n_years": 1, "number_of_applications": 2, "interval": 14, "model_specific_data": {}, "bbch": 31, "season": 0}}, "compound": {"molarMass": 300.0, "water_solubility": 0.0003071870991066309, "vapor_pressure": 1.4925593270541242e-09, "reference_temperature": 20.0, "koc": 80.68492299694815, "freundlich": 0.9962652927234197, "dt50": {"system": 6.0, "soil": 272.47049380717, "surfaceWater": 6.0, "sediment": 6.0}, "plant_uptake": 0.0, "name": "Compound -799063650213790146", "model_specific_data": {}, "metabolites": [{"formation_fraction": 0.2, "metabolite": {"molarMass": 300.0, "water_solubility": 0.0001465414947470396, "vapor_pressure": 0.00011681985370465892, "reference_temperature": 20.0, "koc": 2242.378377503754, "freundlich": 1.1678598552128263, "dt50": {"system": 6.0, "soil": 149.31806871564072, "surfaceWater": 6.0, "sediment": 6.0}, "plant_uptake": 0.5, "name": "Compound 5218383185458564493", "model_specific_data": {}, "metabolites": []}}]}}