{"gap": {"type": "relative", "arguments": {"name": "GAP -296091488377847865", "modelCrop": "WC", "rate": 250.0, "apply_every_n_years": 1, "number_of_applications": 2, "interval": 14, "model_specific_data": {}, "bbch": 31, "season": 0}}, "compound": {"molarMass": 300.0, "water_solubility": 0.013947460955996908, "vapor_pressure": 0.0017993985652774095, "reference_temperature": 20.0, "koc": 135.92121179346782, "freundlich": 1.1526224014132973, "dt50": {"system": 6.0, "soil": 226.25712847870778, "surfaceWater": 6.0, "sediment": 6.0}, "plant_uptake": 0.0, "name": "Compound 2303511015246606100", "model_specific_data": {}, "metabolites": [{"formation_fraction": 0.2, "metabolite": {"molarMass": 300.0, "water_solubility": 0.0004920545572743746, "vapor_pressure": 4.326121260350458e-05, "reference_temperature": 20.0, "koc": 1352.7490953420743, "freundlich": 1.1561677144682432, "dt50": {"system": 6.0, "soil": 50.317774693385324, "surfaceWater": 6.0, "sediment": 6.0}, "plant_uptake": 0.5, "name": "Compound 3675077388646502787", "model_specific_data": {}, "metabolites": []}}]}}