{"gap": {"type": "relative", "arguments": {"name": "GAP -296091488377847865", "modelCrop": "WC", "rate": 250.0, "apply_every_n_years": 1, "number_of_applications": 2, "interval": 14, "model_specific_data": {}, "bbch": 31, "season": 0}}, "compound": {"molarMass": 300.0, "water_solubility": 0.08463457821921967, "vapor_pressure": 0.020010352331167217, "reference_temperature": 20.0, "koc": 537.8874728773004, "freundlich": 0.9569986540164275, "dt50": {"system": 6.0, "soil": 137.8457392049403, "surfaceWater": 6.0, "sediment": 6.0}, "plant_uptake": 0.0, "name": "Compound 1708390499264830294", "model_specific_data": {}, "metabolites": [{"formation_fraction": 0.2, "metabolite": {"molarMass": 300.0, "water_solubility": 0.07058876668674405, "vapor_pressure": 0.002316100813732024, "reference_temperature": 20.0, "koc": 87.7191797066293, "freundlich": 0.9174699688926018, "dt50": {"system": 6.0, "soil": 113.83686191723402, "surfaceWater": 6.0, "sediment": 6.0}, "plant_uptake": 0.5, "name": "Compound -7803514985972966324", "model_specific_data": {}, "metabolites": []}}]}}