{"gap": {"type": "relative", "arguments": {"name": "GAP -296091488377847865", "modelCrop": "WC", "rate": 250.0, "apply_every_n_years": 1, "number_of_applications": 2, "interval": 14, "model_specific_data": {}, "bbch": 31, "season": 0}}, "compound": {"molarMass": 300.0, "water_solubility": 0.022865257685961437, "vapor_pressure": 0.000706781513210199, "reference_temperature": 20.0, "koc": 406.73883157386484, "freundlich": 0.9506814447277447, "dt50": {"system": 6.0, "soil": 249.10929809663173, "surfaceWater": 6.0, "sediment": 6.0}, "plant_uptake": 0.0, "name": "Compound 3346316649040713773", "model_specific_data": {}, "metabolites": [{"formation_fraction": 0.2, "metabolite": {"molarMass": 300.0, "water_solubility": 0.005198002822556365, "vapor_pressure": 7.36152832039931e-05, "reference_temperature": 20.0, "koc": 422.04494318549973, "freundlich": 0.7919944422003677, "dt50": {"system": 6.0, "soil": 1.120294120837468, "surfaceWater": 6.0, "sediment": 6.0}, "plant_uptake": 0.5, "name": "Compound -5156976726299586789", "model_specific_data": {}, "metabolites": []}}]}}