{"gap": {"type": "relative", "arguments": {"name": "GAP -296091488377847865", "modelCrop": "WC", "rate": 250.0, "apply_every_n_years": 1, "number_of_applications": 2, "interval": 14, "model_specific_data": {}, "bbch": 31, "season": 0}}, "compound": {"molarMass": 300.0, "water_solubility": 0.2197859611649612, "vapor_pressure": 2.5905799564203714e-06, "reference_temperature": 20.0, "koc": 65.8268648451485, "freundlich": 0.860127298610424, "dt50": {"system": 6.0, "soil": 196.12501693147797, "surfaceWater": 6.0, "sediment": 6.0}, "plant_uptake": 0.0, "name": "Compound 8300290882526232293", "model_specific_data": {}, "metabolites": [{"formation_fraction": 0.2, "metabolite": {"molarMass": 300.0, "water_solubility": 0.035223589737671764, "vapor_pressure": 2.2122667987639248e-05, "reference_temperature": 20.0, "koc": 438.42540796197517, "freundlich": 1.188557423214486, "dt50": {"system": 6.0, "soil": 236.30143850766032, "surfaceWater": 6.0, "sediment": 6.0}, "plant_uptake": 0.5, "name": "Compound 480633096261076289", "model_specific_data": {}, "metabolites": []}}]}}