{"gap": {"type": "relative", "arguments": {"name": "GAP -296091488377847865", "modelCrop": "WC", "rate": 250.0, "apply_every_n_years": 1, "number_of_applications": 2, "interval": 14, "model_specific_data": {}, "bbch": 31, "season": 0}}, "compound": {"molarMass": 300.0, "water_solubility": 0.09177000174208795, "vapor_pressure": 2.228660368586281e-07, "reference_temperature": 20.0, "koc": 141.74620907520645, "freundlich": 1.1109930294919366, "dt50": {"system": 6.0, "soil": 17.430253995281866, "surfaceWater": 6.0, "sediment": 6.0}, "plant_uptake": 0.0, "name": "Compound -1686934369149031574", "model_specific_data": {}, "metabolites": [{"formation_fraction": 0.2, "metabolite": {"molarMass": 300.0, "water_solubility": 0.0026816749984067494, "vapor_pressure": 6.794836487805736e-07, "reference_temperature": 20.0, "koc": 1231.8076408884879, "freundlich": 1.057213027782662, "dt50": {"system": 6.0, "soil": 233.30814611341458, "surfaceWater": 6.0, "sediment": 6.0}, "plant_uptake": 0.5, "name": "Compound 4353289869504943690", "model_specific_data": {}, "metabolites": []}}]}}