{"gap": {"type": "relative", "arguments": {"name": "GAP -296091488377847865", "modelCrop": "WC", "rate": 250.0, "apply_every_n_years": 1, "number_of_applications": 2, "interval": 14, "model_specific_data": {}, "bbch": 31, "season": 0}}, "compound": {"molarMass": 300.0, "water_solubility": 0.004902527541625331, "vapor_pressure": 1.0677473563772011e-05, "reference_temperature": 20.0, "koc": 3063.281053786933, "freundlich": 1.169006556410587, "dt50": {"system": 6.0, "soil": 192.63049838641138, "surfaceWater": 6.0, "sediment": 6.0}, "plant_uptake": 0.0, "name": "Compound -6476176540447725682", "model_specific_data": {}, "metabolites": [{"formation_fraction": 0.2, "metabolite": {"molarMass": 300.0, "water_solubility": 0.00020051867142335586, "vapor_pressure": 0.00024313889388995395, "reference_temperature": 20.0, "koc": 42.28744357342701, "freundlich": 1.159391299832857, "dt50": {"system": 6.0, "soil": 113.30175575720249, "surfaceWater": 6.0, "sediment": 6.0}, "plant_uptake": 0.5, "name": "Compound -2293428736947626225", "model_specific_data": {}, "metabolites": []}}]}}