{"gap": {"type": "relative", "arguments": {"name": "GAP -296091488377847865", "modelCrop": "WC", "rate": 250.0, "apply_every_n_years": 1, "number_of_applications": 2, "interval": 14, "model_specific_data": {}, "bbch": 31, "season": 0}}, "compound": {"molarMass": 300.0, "water_solubility": 0.00018381931266891124, "vapor_pressure": 4.294327193294718e-05, "reference_temperature": 20.0, "koc": 32.02145214264696, "freundlich": 1.1129567295463223, "dt50": {"system": 6.0, "soil": 18.330661284888166, "surfaceWater": 6.0, "sediment": 6.0}, "plant_uptake": 0.0, "name": "Compound 7998412403500450128", "model_specific_data": {}, "metabolites": [{"formation_fraction": 0.2, "metabolite": {"molarMass": 300.0, "water_solubility": 0.006765060165524959, "vapor_pressure": 2.694457657765621e-06, "reference_temperature": 20.0, "koc": 33.321971855112295, "freundlich": 0.8748762457805106, "dt50": {"system": 6.0, "soil": 61.11014555822403, "surfaceWater": 6.0, "sediment": 6.0}, "plant_uptake": 0.5, "name": "Compound -9142391984660200942", "model_specific_data": {}, "metabolites": []}}]}}