{"gap": {"type": "relative", "arguments": {"name": "GAP -296091488377847865", "modelCrop": "WC", "rate": 250.0, "apply_every_n_years": 1, "number_of_applications": 2, "interval": 14, "model_specific_data": {}, "bbch": 31, "season": 0}}, "compound": {"molarMass": 300.0, "water_solubility": 0.005765621575124663, "vapor_pressure": 2.8305946512660207e-06, "reference_temperature": 20.0, "koc": 159.48704844560112, "freundlich": 0.8718862248607946, "dt50": {"system": 6.0, "soil": 43.048289995295185, "surfaceWater": 6.0, "sediment": 6.0}, "plant_uptake": 0.0, "name": "Compound 8671409969932001310", "model_specific_data": {}, "metabolites": [{"formation_fraction": 0.2, "metabolite": {"molarMass": 300.0, "water_solubility": 1.699496758292156e-05, "vapor_pressure": 9.571932232175546e-06, "reference_temperature": 20.0, "koc": 151.3433208985471, "freundlich": 0.8006404579304727, "dt50": {"system": 6.0, "soil": 63.55230929138456, "surfaceWater": 6.0, "sediment": 6.0}, "plant_uptake": 0.5, "name": "Compound -8952218769187954725", "model_specific_data": {}, "metabolites": []}}]}}