{"gap": {"type": "relative", "arguments": {"name": "GAP -296091488377847865", "modelCrop": "WC", "rate": 250.0, "apply_every_n_years": 1, "number_of_applications": 2, "interval": 14, "model_specific_data": {}, "bbch": 31, "season": 0}}, "compound": {"molarMass": 300.0, "water_solubility": 0.18699739609949867, "vapor_pressure": 7.582717496930187e-06, "reference_temperature": 20.0, "koc": 1018.915589452725, "freundlich": 0.7703686557065395, "dt50": {"system": 6.0, "soil": 45.01433614367335, "surfaceWater": 6.0, "sediment": 6.0}, "plant_uptake": 0.0, "name": "Compound -4667977950521752501", "model_specific_data": {}, "metabolites": [{"formation_fraction": 0.2, "metabolite": {"molarMass": 300.0, "water_solubility": 0.0016796037098566904, "vapor_pressure": 1.6347557090290786e-05, "reference_temperature": 20.0, "koc": 1792.0899526285568, "freundlich": 0.7385381110221986, "dt50": {"system": 6.0, "soil": 164.34750534558654, "surfaceWater": 6.0, "sediment": 6.0}, "plant_uptake": 0.5, "name": "Compound -3480665923671582636", "model_specific_data": {}, "metabolites": []}}]}}