{"gap": {"type": "relative", "arguments": {"name": "GAP -296091488377847865", "modelCrop": "WC", "rate": 250.0, "apply_every_n_years": 1, "number_of_applications": 2, "interval": 14, "model_specific_data": {}, "bbch": 31, "season": 0}}, "compound": {"molarMass": 300.0, "water_solubility": 0.004073327564408464, "vapor_pressure": 0.000546145371851145, "reference_temperature": 20.0, "koc": 1858.865961162274, "freundlich": 1.0649345483810362, "dt50": {"system": 6.0, "soil": 144.9975571751968, "surfaceWater": 6.0, "sediment": 6.0}, "plant_uptake": 0.0, "name": "Compound -3484426222370775991", "model_specific_data": {}, "metabolites": [{"formation_fraction": 0.2, "metabolite": {"molarMass": 300.0, "water_solubility": 0.01130508126409776, "vapor_pressure": 1.1605595719288906e-07, "reference_temperature": 20.0, "koc": 846.9274435964207, "freundlich": 1.1113009351432368, "dt50": {"system": 6.0, "soil": 12.321859530451789, "surfaceWater": 6.0, "sediment": 6.0}, "plant_uptake": 0.5, "name": "Compound -3580957487604839930", "model_specific_data": {}, "metabolites": []}}]}}