{"gap": {"type": "relative", "arguments": {"name": "GAP -296091488377847865", "modelCrop": "WC", "rate": 250.0, "apply_every_n_years": 1, "number_of_applications": 2, "interval": 14, "model_specific_data": {}, "bbch": 31, "season": 0}}, "compound": {"molarMass": 300.0, "water_solubility": 18.09433550451361, "vapor_pressure": 8.704911788428882e-09, "reference_temperature": 20.0, "koc": 4955.12054004472, "freundlich": 1.0525139589522752, "dt50": {"system": 6.0, "soil": 103.96956788313959, "surfaceWater": 6.0, "sediment": 6.0}, "plant_uptake": 0.0, "name": "Compound -6890851536780280364", "model_specific_data": {}, "metabolites": [{"formation_fraction": 0.2, "metabolite": {"molarMass": 300.0, "water_solubility": 0.0015231341689978912, "vapor_pressure": 3.06100033187541e-08, "reference_temperature": 20.0, "koc": 57.0589841986004, "freundlich": 0.7753734394003075, "dt50": {"system": 6.0, "soil": 26.87882053203098, "surfaceWater": 6.0, "sediment": 6.0}, "plant_uptake": 0.5, "name": "Compound 3672527171722728874", "model_specific_data": {}, "metabolites": []}}]}}