{"gap": {"type": "relative", "arguments": {"name": "GAP -296091488377847865", "modelCrop": "WC", "rate": 250.0, "apply_every_n_years": 1, "number_of_applications": 2, "interval": 14, "model_specific_data": {}, "bbch": 31, "season": 0}}, "compound": {"molarMass": 300.0, "water_solubility": 0.0070296255148403946, "vapor_pressure": 3.018125246098756e-08, "reference_temperature": 20.0, "koc": 49.14881221223071, "freundlich": 0.8123452701265239, "dt50": {"system": 6.0, "soil": 47.21664795416369, "surfaceWater": 6.0, "sediment": 6.0}, "plant_uptake": 0.0, "name": "Compound 8602226019656732832", "model_specific_data": {}, "metabolites": [{"formation_fraction": 0.2, "metabolite": {"molarMass": 300.0, "water_solubility": 0.05805544858995983, "vapor_pressure": 5.742889904757156e-08, "reference_temperature": 20.0, "koc": 402.0349297038881, "freundlich": 0.7885773178296595, "dt50": {"system": 6.0, "soil": 282.94633896495316, "surfaceWater": 6.0, "sediment": 6.0}, "plant_uptake": 0.5, "name": "Compound -3679852095237622750", "model_specific_data": {}, "metabolites": []}}]}}