{"gap": {"type": "relative", "arguments": {"name": "GAP -296091488377847865", "modelCrop": "WC", "rate": 250.0, "apply_every_n_years": 1, "number_of_applications": 2, "interval": 14, "model_specific_data": {}, "bbch": 31, "season": 0}}, "compound": {"molarMass": 300.0, "water_solubility": 0.013972386385090215, "vapor_pressure": 1.4683256746472242e-05, "reference_temperature": 20.0, "koc": 28.597079592037307, "freundlich": 0.8803853248602345, "dt50": {"system": 6.0, "soil": 57.916851995097254, "surfaceWater": 6.0, "sediment": 6.0}, "plant_uptake": 0.0, "name": "Compound -2346014828904110195", "model_specific_data": {}, "metabolites": [{"formation_fraction": 0.2, "metabolite": {"molarMass": 300.0, "water_solubility": 0.02353077623442079, "vapor_pressure": 0.00015813982426968708, "reference_temperature": 20.0, "koc": 4253.4486066275185, "freundlich": 0.7059146183257355, "dt50": {"system": 6.0, "soil": 124.86977813192794, "surfaceWater": 6.0, "sediment": 6.0}, "plant_uptake": 0.5, "name": "Compound -8106310472566049160", "model_specific_data": {}, "metabolites": []}}]}}