{"gap": {"type": "relative", "arguments": {"name": "GAP -296091488377847865", "modelCrop": "WC", "rate": 250.0, "apply_every_n_years": 1, "number_of_applications": 2, "interval": 14, "model_specific_data": {}, "bbch": 31, "season": 0}}, "compound": {"molarMass": 300.0, "water_solubility": 0.0005596857166573773, "vapor_pressure": 4.750496839332892e-07, "reference_temperature": 20.0, "koc": 1204.5930330995363, "freundlich": 0.7487094919037394, "dt50": {"system": 6.0, "soil": 123.62883559758204, "surfaceWater": 6.0, "sediment": 6.0}, "plant_uptake": 0.0, "name": "Compound -3441771429794259388", "model_specific_data": {}, "metabolites": [{"formation_fraction": 0.2, "metabolite": {"molarMass": 300.0, "water_solubility": 0.0026409193588517147, "vapor_pressure": 6.152579871496544e-05, "reference_temperature": 20.0, "koc": 3114.5220416604993, "freundlich": 1.1127844676321934, "dt50": {"system": 6.0, "soil": 176.28720341810916, "surfaceWater": 6.0, "sediment": 6.0}, "plant_uptake": 0.5, "name": "Compound 3892836254407449000", "model_specific_data": {}, "metabolites": []}}]}}