{"gap": {"type": "relative", "arguments": {"name": "GAP -296091488377847865", "modelCrop": "WC", "rate": 250.0, "apply_every_n_years": 1, "number_of_applications": 2, "interval": 14, "model_specific_data": {}, "bbch": 31, "season": 0}}, "compound": {"molarMass": 300.0, "water_solubility": 0.0037960499492905035, "vapor_pressure": 7.001801460208319e-06, "reference_temperature": 20.0, "koc": 1538.6514929841085, "freundlich": 0.9494517315588261, "dt50": {"system": 6.0, "soil": 168.41130308712007, "surfaceWater": 6.0, "sediment": 6.0}, "plant_uptake": 0.0, "name": "Compound 3812745262964526983", "model_specific_data": {}, "metabolites": [{"formation_fraction": 0.2, "metabolite": {"molarMass": 300.0, "water_solubility": 0.014074997938696229, "vapor_pressure": 1.6445442723483454e-06, "reference_temperature": 20.0, "koc": 130.95836555482518, "freundlich": 0.9860605944041223, "dt50": {"system": 6.0, "soil": 282.52772421974055, "surfaceWater": 6.0, "sediment": 6.0}, "plant_uptake": 0.5, "name": "Compound -1979658319430333791", "model_specific_data": {}, "metabolites": []}}]}}