{"gap": {"type": "relative", "arguments": {"name": "GAP -296091488377847865", "modelCrop": "WC", "rate": 250.0, "apply_every_n_years": 1, "number_of_applications": 2, "interval": 14, "model_specific_data": {}, "bbch": 31, "season": 0}}, "compound": {"molarMass": 300.0, "water_solubility": 0.200904797760504, "vapor_pressure": 6.11020031791224e-08, "reference_temperature": 20.0, "koc": 560.71601860803, "freundlich": 0.7803785449314173, "dt50": {"system": 6.0, "soil": 233.1254855034824, "surfaceWater": 6.0, "sediment": 6.0}, "plant_uptake": 0.0, "name": "Compound -7129711205951473668", "model_specific_data": {}, "metabolites": [{"formation_fraction": 0.2, "metabolite": {"molarMass": 300.0, "water_solubility": 0.01688991735065722, "vapor_pressure": 8.625952579305788e-08, "reference_temperature": 20.0, "koc": 241.77961195524034, "freundlich": 1.0747679570218425, "dt50": {"system": 6.0, "soil": 31.676422132893165, "surfaceWater": 6.0, "sediment": 6.0}, "plant_uptake": 0.5, "name": "Compound -7772691789852187220", "model_specific_data": {}, "metabolites": []}}]}}