{"gap": {"type": "relative", "arguments": {"name": "GAP -296091488377847865", "modelCrop": "WC", "rate": 250.0, "apply_every_n_years": 1, "number_of_applications": 2, "interval": 14, "model_specific_data": {}, "bbch": 31, "season": 0}}, "compound": {"molarMass": 300.0, "water_solubility": 0.10924197328796811, "vapor_pressure": 8.528358622063192e-08, "reference_temperature": 20.0, "koc": 17.299465619789824, "freundlich": 0.8487867820073703, "dt50": {"system": 6.0, "soil": 295.79776678913026, "surfaceWater": 6.0, "sediment": 6.0}, "plant_uptake": 0.0, "name": "Compound -8135409205927013805", "model_specific_data": {}, "metabolites": [{"formation_fraction": 0.2, "metabolite": {"molarMass": 300.0, "water_solubility": 0.0005497863397691916, "vapor_pressure": 0.0005063675449994918, "reference_temperature": 20.0, "koc": 12.677586839155937, "freundlich": 0.9783669898726735, "dt50": {"system": 6.0, "soil": 78.06267855845863, "surfaceWater": 6.0, "sediment": 6.0}, "plant_uptake": 0.5, "name": "Compound 4798009130228832324", "model_specific_data": {}, "metabolites": []}}]}}