{"gap": {"type": "relative", "arguments": {"name": "GAP -296091488377847865", "modelCrop": "WC", "rate": 250.0, "apply_every_n_years": 1, "number_of_applications": 2, "interval": 14, "model_specific_data": {}, "bbch": 31, "season": 0}}, "compound": {"molarMass": 300.0, "water_solubility": 0.003200726680351858, "vapor_pressure": 0.0002721251324873508, "reference_temperature": 20.0, "koc": 374.21299527617475, "freundlich": 1.005981247730473, "dt50": {"system": 6.0, "soil": 291.009547804066, "surfaceWater": 6.0, "sediment": 6.0}, "plant_uptake": 0.0, "name": "Compound -7738274966875388264", "model_specific_data": {}, "metabolites": [{"formation_fraction": 0.2, "metabolite": {"molarMass": 300.0, "water_solubility": 0.012575258017139643, "vapor_pressure": 0.0004748749661983295, "reference_temperature": 20.0, "koc": 16.06507428301039, "freundlich": 1.0290862457709482, "dt50": {"system": 6.0, "soil": 192.7531517598125, "surfaceWater": 6.0, "sediment": 6.0}, "plant_uptake": 0.5, "name": "Compound -7178168708823628439", "model_specific_data": {}, "metabolites": []}}]}}