{"gap": {"type": "relative", "arguments": {"name": "GAP -296091488377847865", "modelCrop": "WC", "rate": 250.0, "apply_every_n_years": 1, "number_of_applications": 2, "interval": 14, "model_specific_data": {}, "bbch": 31, "season": 0}}, "compound": {"molarMass": 300.0, "water_solubility": 0.010364213735625977, "vapor_pressure": 4.00280368404899e-08, "reference_temperature": 20.0, "koc": 37.34487115023934, "freundlich": 0.963337437894882, "dt50": {"system": 6.0, "soil": 235.4845294036845, "surfaceWater": 6.0, "sediment": 6.0}, "plant_uptake": 0.0, "name": "Compound -2246346801444285333", "model_specific_data": {}, "metabolites": [{"formation_fraction": 0.2, "metabolite": {"molarMass": 300.0, "water_solubility": 0.020494210010681475, "vapor_pressure": 0.0002383979174692815, "reference_temperature": 20.0, "koc": 53.88840835319289, "freundlich": 0.9451260834679058, "dt50": {"system": 6.0, "soil": 235.60562916251416, "surfaceWater": 6.0, "sediment": 6.0}, "plant_uptake": 0.5, "name": "Compound -2777139568764106290", "model_specific_data": {}, "metabolites": []}}]}}