{"gap": {"type": "relative", "arguments": {"name": "GAP -296091488377847865", "modelCrop": "WC", "rate": 250.0, "apply_every_n_years": 1, "number_of_applications": 2, "interval": 14, "model_specific_data": {}, "bbch": 31, "season": 0}}, "compound": {"molarMass": 300.0, "water_solubility": 0.003173756261538152, "vapor_pressure": 0.000869290532686951, "reference_temperature": 20.0, "koc": 62.0113718004771, "freundlich": 0.8015831284861992, "dt50": {"system": 6.0, "soil": 73.5832831788311, "surfaceWater": 6.0, "sediment": 6.0}, "plant_uptake": 0.0, "name": "Compound -2695403938547912186", "model_specific_data": {}, "metabolites": [{"formation_fraction": 0.2, "metabolite": {"molarMass": 300.0, "water_solubility": 0.012684698172555773, "vapor_pressure": 7.224520039583618e-08, "reference_temperature": 20.0, "koc": 16.108835493319148, "freundlich": 0.9062966621060584, "dt50": {"system": 6.0, "soil": 27.433210032803593, "surfaceWater": 6.0, "sediment": 6.0}, "plant_uptake": 0.5, "name": "Compound -5155776787373777", "model_specific_data": {}, "metabolites": []}}]}}