{"gap": {"type": "relative", "arguments": {"name": "GAP -296091488377847865", "modelCrop": "WC", "rate": 250.0, "apply_every_n_years": 1, "number_of_applications": 2, "interval": 14, "model_specific_data": {}, "bbch": 31, "season": 0}}, "compound": {"molarMass": 300.0, "water_solubility": 0.0894014234104459, "vapor_pressure": 3.9311566114781567e-07, "reference_temperature": 20.0, "koc": 153.69013744212182, "freundlich": 0.9371492619116716, "dt50": {"system": 6.0, "soil": 261.4684168922789, "surfaceWater": 6.0, "sediment": 6.0}, "plant_uptake": 0.0, "name": "Compound -4034779933281666848", "model_specific_data": {}, "metabolites": [{"formation_fraction": 0.2, "metabolite": {"molarMass": 300.0, "water_solubility": 0.0027293651631724986, "vapor_pressure": 5.083434542543412e-05, "reference_temperature": 20.0, "koc": 1298.617370112239, "freundlich": 0.830456474454845, "dt50": {"system": 6.0, "soil": 197.61791157927493, "surfaceWater": 6.0, "sediment": 6.0}, "plant_uptake": 0.5, "name": "Compound -4589122677901892536", "model_specific_data": {}, "metabolites": []}}]}}