{"gap": {"type": "relative", "arguments": {"name": "GAP -296091488377847865", "modelCrop": "WC", "rate": 250.0, "apply_every_n_years": 1, "number_of_applications": 2, "interval": 14, "model_specific_data": {}, "bbch": 31, "season": 0}}, "compound": {"molarMass": 300.0, "water_solubility": 0.0023414559917675805, "vapor_pressure": 0.0001407101739188501, "reference_temperature": 20.0, "koc": 4164.552803628414, "freundlich": 1.1886574249409434, "dt50": {"system": 6.0, "soil": 156.59420816415465, "surfaceWater": 6.0, "sediment": 6.0}, "plant_uptake": 0.0, "name": "Compound 3589900890890641882", "model_specific_data": {}, "metabolites": [{"formation_fraction": 0.2, "metabolite": {"molarMass": 300.0, "water_solubility": 0.08056707274407013, "vapor_pressure": 1.5301484305865575e-06, "reference_temperature": 20.0, "koc": 1306.6254172252195, "freundlich": 1.1351092906056794, "dt50": {"system": 6.0, "soil": 75.35988609574567, "surfaceWater": 6.0, "sediment": 6.0}, "plant_uptake": 0.5, "name": "Compound -5092706446430161984", "model_specific_data": {}, "metabolites": []}}]}}