{"gap": {"type": "relative", "arguments": {"name": "GAP -296091488377847865", "modelCrop": "WC", "rate": 250.0, "apply_every_n_years": 1, "number_of_applications": 2, "interval": 14, "model_specific_data": {}, "bbch": 31, "season": 0}}, "compound": {"molarMass": 300.0, "water_solubility": 0.0057205600030215175, "vapor_pressure": 2.742420799829321e-08, "reference_temperature": 20.0, "koc": 518.712606599864, "freundlich": 1.1394086544951216, "dt50": {"system": 6.0, "soil": 235.39846663272135, "surfaceWater": 6.0, "sediment": 6.0}, "plant_uptake": 0.0, "name": "Compound 3999643962724696920", "model_specific_data": {}, "metabolites": [{"formation_fraction": 0.2, "metabolite": {"molarMass": 300.0, "water_solubility": 0.004282097878829155, "vapor_pressure": 6.548154219269443e-08, "reference_temperature": 20.0, "koc": 16.688456069303147, "freundlich": 0.8525521546086761, "dt50": {"system": 6.0, "soil": 28.511203495815508, "surfaceWater": 6.0, "sediment": 6.0}, "plant_uptake": 0.5, "name": "Compound 9176178533929253034", "model_specific_data": {}, "metabolites": []}}]}}