{"gap": {"type": "relative", "arguments": {"name": "GAP -296091488377847865", "modelCrop": "WC", "rate": 250.0, "apply_every_n_years": 1, "number_of_applications": 2, "interval": 14, "model_specific_data": {}, "bbch": 31, "season": 0}}, "compound": {"molarMass": 300.0, "water_solubility": 0.0026817039446494994, "vapor_pressure": 3.0328719200705506e-05, "reference_temperature": 20.0, "koc": 19.360441729490642, "freundlich": 1.0910015166296438, "dt50": {"system": 6.0, "soil": 186.16156080626848, "surfaceWater": 6.0, "sediment": 6.0}, "plant_uptake": 0.0, "name": "Compound -702670494006567839", "model_specific_data": {}, "metabolites": [{"formation_fraction": 0.2, "metabolite": {"molarMass": 300.0, "water_solubility": 2.8755983771530063, "vapor_pressure": 4.0391067329294036e-05, "reference_temperature": 20.0, "koc": 66.95971944983937, "freundlich": 0.8882444832245127, "dt50": {"system": 6.0, "soil": 164.3638216839003, "surfaceWater": 6.0, "sediment": 6.0}, "plant_uptake": 0.5, "name": "Compound 211749589898337385", "model_specific_data": {}, "metabolites": []}}]}}