{"gap": {"type": "relative", "arguments": {"name": "GAP -296091488377847865", "modelCrop": "WC", "rate": 250.0, "apply_every_n_years": 1, "number_of_applications": 2, "interval": 14, "model_specific_data": {}, "bbch": 31, "season": 0}}, "compound": {"molarMass": 300.0, "water_solubility": 0.0010239439466929517, "vapor_pressure": 0.0010332926925912978, "reference_temperature": 20.0, "koc": 549.1941163142558, "freundlich": 0.804178479706223, "dt50": {"system": 6.0, "soil": 171.05490216930434, "surfaceWater": 6.0, "sediment": 6.0}, "plant_uptake": 0.0, "name": "Compound 1777053619429251265", "model_specific_data": {}, "metabolites": [{"formation_fraction": 0.2, "metabolite": {"molarMass": 300.0, "water_solubility": 1.9095724012607636, "vapor_pressure": 3.421360161876353e-06, "reference_temperature": 20.0, "koc": 59.207468741967034, "freundlich": 1.0595805201764683, "dt50": {"system": 6.0, "soil": 9.764488192505214, "surfaceWater": 6.0, "sediment": 6.0}, "plant_uptake": 0.5, "name": "Compound 1444235583469829555", "model_specific_data": {}, "metabolites": []}}]}}