{"gap": {"type": "relative", "arguments": {"name": "GAP -296091488377847865", "modelCrop": "WC", "rate": 250.0, "apply_every_n_years": 1, "number_of_applications": 2, "interval": 14, "model_specific_data": {}, "bbch": 31, "season": 0}}, "compound": {"molarMass": 300.0, "water_solubility": 0.0013825926489207368, "vapor_pressure": 2.262353734740571e-07, "reference_temperature": 20.0, "koc": 971.7392932949754, "freundlich": 0.7984587921658379, "dt50": {"system": 6.0, "soil": 141.9097743863472, "surfaceWater": 6.0, "sediment": 6.0}, "plant_uptake": 0.0, "name": "Compound -7147428258667888875", "model_specific_data": {}, "metabolites": [{"formation_fraction": 0.2, "metabolite": {"molarMass": 300.0, "water_solubility": 0.010887725966228442, "vapor_pressure": 1.4874205943894983e-05, "reference_temperature": 20.0, "koc": 2337.7817500120327, "freundlich": 1.0382765192876031, "dt50": {"system": 6.0, "soil": 245.75930020505777, "surfaceWater": 6.0, "sediment": 6.0}, "plant_uptake": 0.5, "name": "Compound -7985761781063733139", "model_specific_data": {}, "metabolites": []}}]}}