{"gap": {"type": "relative", "arguments": {"name": "GAP -296091488377847865", "modelCrop": "WC", "rate": 250.0, "apply_every_n_years": 1, "number_of_applications": 2, "interval": 14, "model_specific_data": {}, "bbch": 31, "season": 0}}, "compound": {"molarMass": 300.0, "water_solubility": 0.11118204211305463, "vapor_pressure": 1.1680657069540597e-05, "reference_temperature": 20.0, "koc": 326.7964431045921, "freundlich": 1.1820991902532376, "dt50": {"system": 6.0, "soil": 163.56281145603893, "surfaceWater": 6.0, "sediment": 6.0}, "plant_uptake": 0.0, "name": "Compound 4009000675361157985", "model_specific_data": {}, "metabolites": [{"formation_fraction": 0.2, "metabolite": {"molarMass": 300.0, "water_solubility": 0.005769052926715166, "vapor_pressure": 2.7309393476467457e-06, "reference_temperature": 20.0, "koc": 935.5690627570447, "freundlich": 0.8022142317449772, "dt50": {"system": 6.0, "soil": 36.99294421333373, "surfaceWater": 6.0, "sediment": 6.0}, "plant_uptake": 0.5, "name": "Compound -1034543618487523891", "model_specific_data": {}, "metabolites": []}}]}}