{"gap": {"type": "relative", "arguments": {"name": "GAP -296091488377847865", "modelCrop": "WC", "rate": 250.0, "apply_every_n_years": 1, "number_of_applications": 2, "interval": 14, "model_specific_data": {}, "bbch": 31, "season": 0}}, "compound": {"molarMass": 300.0, "water_solubility": 0.557665064496984, "vapor_pressure": 2.999958321389914e-06, "reference_temperature": 20.0, "koc": 112.16286112918372, "freundlich": 0.8082907326319944, "dt50": {"system": 6.0, "soil": 24.327317356093847, "surfaceWater": 6.0, "sediment": 6.0}, "plant_uptake": 0.0, "name": "Compound 70493823365904162", "model_specific_data": {}, "metabolites": [{"formation_fraction": 0.2, "metabolite": {"molarMass": 300.0, "water_solubility": 0.015224397109019367, "vapor_pressure": 1.6442452826006567e-05, "reference_temperature": 20.0, "koc": 3110.994966425897, "freundlich": 0.7496560856807641, "dt50": {"system": 6.0, "soil": 121.77665562761919, "surfaceWater": 6.0, "sediment": 6.0}, "plant_uptake": 0.5, "name": "Compound -8396040282148595785", "model_specific_data": {}, "metabolites": []}}]}}