{"gap": {"type": "relative", "arguments": {"name": "GAP -296091488377847865", "modelCrop": "WC", "rate": 250.0, "apply_every_n_years": 1, "number_of_applications": 2, "interval": 14, "model_specific_data": {}, "bbch": 31, "season": 0}}, "compound": {"molarMass": 300.0, "water_solubility": 0.000819598394833005, "vapor_pressure": 2.048904014439458e-06, "reference_temperature": 20.0, "koc": 790.3423136754819, "freundlich": 0.7263942205694331, "dt50": {"system": 6.0, "soil": 227.13973594646072, "surfaceWater": 6.0, "sediment": 6.0}, "plant_uptake": 0.0, "name": "Compound -7857682210572741698", "model_specific_data": {}, "metabolites": [{"formation_fraction": 0.2, "metabolite": {"molarMass": 300.0, "water_solubility": 0.011562393470770841, "vapor_pressure": 0.0003030755423130577, "reference_temperature": 20.0, "koc": 3825.725778396987, "freundlich": 1.1233027494680718, "dt50": {"system": 6.0, "soil": 111.58144222208134, "surfaceWater": 6.0, "sediment": 6.0}, "plant_uptake": 0.5, "name": "Compound -8961204414482125147", "model_specific_data": {}, "metabolites": []}}]}}