{"gap": {"type": "relative", "arguments": {"name": "GAP -296091488377847865", "modelCrop": "WC", "rate": 250.0, "apply_every_n_years": 1, "number_of_applications": 2, "interval": 14, "model_specific_data": {}, "bbch": 31, "season": 0}}, "compound": {"molarMass": 300.0, "water_solubility": 0.0032559730843013494, "vapor_pressure": 7.856579190848579e-05, "reference_temperature": 20.0, "koc": 1986.8038504405301, "freundlich": 1.129895442869831, "dt50": {"system": 6.0, "soil": 245.02256986579997, "surfaceWater": 6.0, "sediment": 6.0}, "plant_uptake": 0.0, "name": "Compound 5641225097452737840", "model_specific_data": {}, "metabolites": [{"formation_fraction": 0.2, "metabolite": {"molarMass": 300.0, "water_solubility": 2.91772778082028e-05, "vapor_pressure": 3.30180419698227e-06, "reference_temperature": 20.0, "koc": 23.59847833819665, "freundlich": 1.0964514527048794, "dt50": {"system": 6.0, "soil": 284.21577814349286, "surfaceWater": 6.0, "sediment": 6.0}, "plant_uptake": 0.5, "name": "Compound 5839070849106865575", "model_specific_data": {}, "metabolites": []}}]}}