{"gap": {"type": "relative", "arguments": {"name": "GAP -296091488377847865", "modelCrop": "WC", "rate": 250.0, "apply_every_n_years": 1, "number_of_applications": 2, "interval": 14, "model_specific_data": {}, "bbch": 31, "season": 0}}, "compound": {"molarMass": 300.0, "water_solubility": 0.00015958472830629447, "vapor_pressure": 4.2884325599945607e-07, "reference_temperature": 20.0, "koc": 288.8637707576462, "freundlich": 1.1944524535999423, "dt50": {"system": 6.0, "soil": 155.66919510109213, "surfaceWater": 6.0, "sediment": 6.0}, "plant_uptake": 0.0, "name": "Compound -7987288407018819372", "model_specific_data": {}, "metabolites": [{"formation_fraction": 0.2, "metabolite": {"molarMass": 300.0, "water_solubility": 0.0031078173136407056, "vapor_pressure": 1.1438715123668836e-06, "reference_temperature": 20.0, "koc": 219.6275695800053, "freundlich": 0.9597872826706142, "dt50": {"system": 6.0, "soil": 285.61922727618463, "surfaceWater": 6.0, "sediment": 6.0}, "plant_uptake": 0.5, "name": "Compound -6891099750161048137", "model_specific_data": {}, "metabolites": []}}]}}