{"gap": {"type": "relative", "arguments": {"name": "GAP -296091488377847865", "modelCrop": "WC", "rate": 250.0, "apply_every_n_years": 1, "number_of_applications": 2, "interval": 14, "model_specific_data": {}, "bbch": 31, "season": 0}}, "compound": {"molarMass": 300.0, "water_solubility": 0.03244364502009401, "vapor_pressure": 0.0007604434423753034, "reference_temperature": 20.0, "koc": 25.165127706637136, "freundlich": 1.054673415854456, "dt50": {"system": 6.0, "soil": 122.6489488323138, "surfaceWater": 6.0, "sediment": 6.0}, "plant_uptake": 0.0, "name": "Compound 6333045490344110465", "model_specific_data": {}, "metabolites": [{"formation_fraction": 0.2, "metabolite": {"molarMass": 300.0, "water_solubility": 0.010879598176392776, "vapor_pressure": 1.402039704968386e-08, "reference_temperature": 20.0, "koc": 177.61857157803405, "freundlich": 1.0344424573398299, "dt50": {"system": 6.0, "soil": 90.11062084454841, "surfaceWater": 6.0, "sediment": 6.0}, "plant_uptake": 0.5, "name": "Compound -3177077499309192438", "model_specific_data": {}, "metabolites": []}}]}}