{"gap": {"type": "relative", "arguments": {"name": "GAP -296091488377847865", "modelCrop": "WC", "rate": 250.0, "apply_every_n_years": 1, "number_of_applications": 2, "interval": 14, "model_specific_data": {}, "bbch": 31, "season": 0}}, "compound": {"molarMass": 300.0, "water_solubility": 0.006566680539104794, "vapor_pressure": 3.367787156629158e-06, "reference_temperature": 20.0, "koc": 321.07010830120475, "freundlich": 1.179540007078418, "dt50": {"system": 6.0, "soil": 57.75649261720843, "surfaceWater": 6.0, "sediment": 6.0}, "plant_uptake": 0.0, "name": "Compound -4455308254677474638", "model_specific_data": {}, "metabolites": [{"formation_fraction": 0.2, "metabolite": {"molarMass": 300.0, "water_solubility": 1.982148266689178, "vapor_pressure": 0.00012825331307788279, "reference_temperature": 20.0, "koc": 574.8915696819015, "freundlich": 0.9910109987792407, "dt50": {"system": 6.0, "soil": 17.201799118808502, "surfaceWater": 6.0, "sediment": 6.0}, "plant_uptake": 0.5, "name": "Compound 1411881324530748630", "model_specific_data": {}, "metabolites": []}}]}}