{"gap": {"type": "relative", "arguments": {"name": "GAP -296091488377847865", "modelCrop": "WC", "rate": 250.0, "apply_every_n_years": 1, "number_of_applications": 2, "interval": 14, "model_specific_data": {}, "bbch": 31, "season": 0}}, "compound": {"molarMass": 300.0, "water_solubility": 0.007813263525120196, "vapor_pressure": 1.2707877493456597e-05, "reference_temperature": 20.0, "koc": 198.28988692553696, "freundlich": 1.0272870170992432, "dt50": {"system": 6.0, "soil": 11.607581263064757, "surfaceWater": 6.0, "sediment": 6.0}, "plant_uptake": 0.0, "name": "Compound -3573675668686679840", "model_specific_data": {}, "metabolites": [{"formation_fraction": 0.2, "metabolite": {"molarMass": 300.0, "water_solubility": 0.0019734242513607704, "vapor_pressure": 2.2009677409061997e-07, "reference_temperature": 20.0, "koc": 219.49582970991798, "freundlich": 1.0674749971825246, "dt50": {"system": 6.0, "soil": 124.07468160097726, "surfaceWater": 6.0, "sediment": 6.0}, "plant_uptake": 0.5, "name": "Compound -1615252432058570266", "model_specific_data": {}, "metabolites": []}}]}}