{"gap": {"type": "relative", "arguments": {"name": "GAP -296091488377847865", "modelCrop": "WC", "rate": 250.0, "apply_every_n_years": 1, "number_of_applications": 2, "interval": 14, "model_specific_data": {}, "bbch": 31, "season": 0}}, "compound": {"molarMass": 300.0, "water_solubility": 0.2432890990537653, "vapor_pressure": 3.46782632234302e-07, "reference_temperature": 20.0, "koc": 32.79395665509694, "freundlich": 1.1776634652658804, "dt50": {"system": 6.0, "soil": 203.75530463159342, "surfaceWater": 6.0, "sediment": 6.0}, "plant_uptake": 0.0, "name": "Compound -2464444197743075353", "model_specific_data": {}, "metabolites": [{"formation_fraction": 0.2, "metabolite": {"molarMass": 300.0, "water_solubility": 0.030727446925585596, "vapor_pressure": 2.826315152912973e-05, "reference_temperature": 20.0, "koc": 39.580968630331675, "freundlich": 0.7589330049651608, "dt50": {"system": 6.0, "soil": 152.1443018096693, "surfaceWater": 6.0, "sediment": 6.0}, "plant_uptake": 0.5, "name": "Compound 5516925241383641889", "model_specific_data": {}, "metabolites": []}}]}}