{"gap": {"type": "relative", "arguments": {"name": "GAP -296091488377847865", "modelCrop": "WC", "rate": 250.0, "apply_every_n_years": 1, "number_of_applications": 2, "interval": 14, "model_specific_data": {}, "bbch": 31, "season": 0}}, "compound": {"molarMass": 300.0, "water_solubility": 0.08136633890100645, "vapor_pressure": 0.003378642632779168, "reference_temperature": 20.0, "koc": 20.365157524206655, "freundlich": 0.7261168861347458, "dt50": {"system": 6.0, "soil": 288.83951780456664, "surfaceWater": 6.0, "sediment": 6.0}, "plant_uptake": 0.0, "name": "Compound -6225653248108276116", "model_specific_data": {}, "metabolites": [{"formation_fraction": 0.2, "metabolite": {"molarMass": 300.0, "water_solubility": 0.10896805492455168, "vapor_pressure": 7.664390515701479e-07, "reference_temperature": 20.0, "koc": 34.40749886930249, "freundlich": 1.0506732194740016, "dt50": {"system": 6.0, "soil": 291.80506832948544, "surfaceWater": 6.0, "sediment": 6.0}, "plant_uptake": 0.5, "name": "Compound 454149453290458396", "model_specific_data": {}, "metabolites": []}}]}}