{"gap": {"type": "relative", "arguments": {"name": "GAP -296091488377847865", "modelCrop": "WC", "rate": 250.0, "apply_every_n_years": 1, "number_of_applications": 2, "interval": 14, "model_specific_data": {}, "bbch": 31, "season": 0}}, "compound": {"molarMass": 300.0, "water_solubility": 0.020087886247904252, "vapor_pressure": 5.101131028054581e-05, "reference_temperature": 20.0, "koc": 28.901029314933538, "freundlich": 0.8156911972104217, "dt50": {"system": 6.0, "soil": 163.11229009830342, "surfaceWater": 6.0, "sediment": 6.0}, "plant_uptake": 0.0, "name": "Compound 1202233657622097885", "model_specific_data": {}, "metabolites": [{"formation_fraction": 0.2, "metabolite": {"molarMass": 300.0, "water_solubility": 0.0007300382896826656, "vapor_pressure": 3.7422434366075936e-06, "reference_temperature": 20.0, "koc": 187.68855360357566, "freundlich": 0.8426074386502278, "dt50": {"system": 6.0, "soil": 250.39231533839722, "surfaceWater": 6.0, "sediment": 6.0}, "plant_uptake": 0.5, "name": "Compound -2275556714822627147", "model_specific_data": {}, "metabolites": []}}]}}