{"gap": {"type": "relative", "arguments": {"name": "GAP -296091488377847865", "modelCrop": "WC", "rate": 250.0, "apply_every_n_years": 1, "number_of_applications": 2, "interval": 14, "model_specific_data": {}, "bbch": 31, "season": 0}}, "compound": {"molarMass": 300.0, "water_solubility": 0.009097735135930285, "vapor_pressure": 3.324634030924858e-06, "reference_temperature": 20.0, "koc": 479.53195579086014, "freundlich": 1.086233353017936, "dt50": {"system": 6.0, "soil": 31.84754115482365, "surfaceWater": 6.0, "sediment": 6.0}, "plant_uptake": 0.0, "name": "Compound 3514376641126994656", "model_specific_data": {}, "metabolites": [{"formation_fraction": 0.2, "metabolite": {"molarMass": 300.0, "water_solubility": 0.002507817117668326, "vapor_pressure": 0.001889969318536234, "reference_temperature": 20.0, "koc": 321.5846568572327, "freundlich": 0.8650356348981398, "dt50": {"system": 6.0, "soil": 126.39356746360875, "surfaceWater": 6.0, "sediment": 6.0}, "plant_uptake": 0.5, "name": "Compound -7409467390213669339", "model_specific_data": {}, "metabolites": []}}]}}