{"gap": {"type": "relative", "arguments": {"name": "GAP -296091488377847865", "modelCrop": "WC", "rate": 250.0, "apply_every_n_years": 1, "number_of_applications": 2, "interval": 14, "model_specific_data": {}, "bbch": 31, "season": 0}}, "compound": {"molarMass": 300.0, "water_solubility": 0.01785478112764643, "vapor_pressure": 0.0007872451635503999, "reference_temperature": 20.0, "koc": 549.3404068809928, "freundlich": 0.9467349150338951, "dt50": {"system": 6.0, "soil": 4.50453129711579, "surfaceWater": 6.0, "sediment": 6.0}, "plant_uptake": 0.0, "name": "Compound 5365466517874263106", "model_specific_data": {}, "metabolites": [{"formation_fraction": 0.2, "metabolite": {"molarMass": 300.0, "water_solubility": 0.029240411880352687, "vapor_pressure": 4.660974857119793e-06, "reference_temperature": 20.0, "koc": 55.58143720742259, "freundlich": 0.9720665662609961, "dt50": {"system": 6.0, "soil": 215.4630839979408, "surfaceWater": 6.0, "sediment": 6.0}, "plant_uptake": 0.5, "name": "Compound -5597968446019851101", "model_specific_data": {}, "metabolites": []}}]}}