{"gap": {"type": "relative", "arguments": {"name": "GAP -296091488377847865", "modelCrop": "WC", "rate": 250.0, "apply_every_n_years": 1, "number_of_applications": 2, "interval": 14, "model_specific_data": {}, "bbch": 31, "season": 0}}, "compound": {"molarMass": 300.0, "water_solubility": 0.08731887638875883, "vapor_pressure": 0.00018199612509588986, "reference_temperature": 20.0, "koc": 38.45782479855878, "freundlich": 1.1997790781602093, "dt50": {"system": 6.0, "soil": 209.00356553275293, "surfaceWater": 6.0, "sediment": 6.0}, "plant_uptake": 0.0, "name": "Compound 2822479206211287725", "model_specific_data": {}, "metabolites": [{"formation_fraction": 0.2, "metabolite": {"molarMass": 300.0, "water_solubility": 0.04618858106355925, "vapor_pressure": 3.4607816934940195e-07, "reference_temperature": 20.0, "koc": 3741.615011839887, "freundlich": 0.9993829666260368, "dt50": {"system": 6.0, "soil": 24.2926497528695, "surfaceWater": 6.0, "sediment": 6.0}, "plant_uptake": 0.5, "name": "Compound -7902249165783560001", "model_specific_data": {}, "metabolites": []}}]}}