{"gap": {"type": "relative", "arguments": {"name": "GAP -296091488377847865", "modelCrop": "WC", "rate": 250.0, "apply_every_n_years": 1, "number_of_applications": 2, "interval": 14, "model_specific_data": {}, "bbch": 31, "season": 0}}, "compound": {"molarMass": 300.0, "water_solubility": 0.010479244332672378, "vapor_pressure": 1.512909459476355e-07, "reference_temperature": 20.0, "koc": 3216.142295977212, "freundlich": 1.1614414103710191, "dt50": {"system": 6.0, "soil": 27.010392469384357, "surfaceWater": 6.0, "sediment": 6.0}, "plant_uptake": 0.0, "name": "Compound 8755699237336862435", "model_specific_data": {}, "metabolites": [{"formation_fraction": 0.2, "metabolite": {"molarMass": 300.0, "water_solubility": 0.0028999367009286195, "vapor_pressure": 2.68411200234587e-06, "reference_temperature": 20.0, "koc": 221.48546845105295, "freundlich": 1.012415326445434, "dt50": {"system": 6.0, "soil": 237.72764172902927, "surfaceWater": 6.0, "sediment": 6.0}, "plant_uptake": 0.5, "name": "Compound 8329032140171112389", "model_specific_data": {}, "metabolites": []}}]}}