{"gap": {"type": "relative", "arguments": {"name": "GAP -296091488377847865", "modelCrop": "WC", "rate": 250.0, "apply_every_n_years": 1, "number_of_applications": 2, "interval": 14, "model_specific_data": {}, "bbch": 31, "season": 0}}, "compound": {"molarMass": 300.0, "water_solubility": 0.03165358018508117, "vapor_pressure": 9.235921057869467e-05, "reference_temperature": 20.0, "koc": 32.67074563959366, "freundlich": 0.9327086330964804, "dt50": {"system": 6.0, "soil": 236.9864273503871, "surfaceWater": 6.0, "sediment": 6.0}, "plant_uptake": 0.0, "name": "Compound 8857364699555236099", "model_specific_data": {}, "metabolites": [{"formation_fraction": 0.2, "metabolite": {"molarMass": 300.0, "water_solubility": 0.045525700107855095, "vapor_pressure": 0.00021595515778076658, "reference_temperature": 20.0, "koc": 35.350985723282385, "freundlich": 1.0386926102870082, "dt50": {"system": 6.0, "soil": 4.712686692274634, "surfaceWater": 6.0, "sediment": 6.0}, "plant_uptake": 0.5, "name": "Compound 1277940573193684641", "model_specific_data": {}, "metabolites": []}}]}}