{"gap": {"type": "relative", "arguments": {"name": "GAP -296091488377847865", "modelCrop": "WC", "rate": 250.0, "apply_every_n_years": 1, "number_of_applications": 2, "interval": 14, "model_specific_data": {}, "bbch": 31, "season": 0}}, "compound": {"molarMass": 300.0, "water_solubility": 0.009307996288588971, "vapor_pressure": 0.00020463703106001228, "reference_temperature": 20.0, "koc": 47.85572050879093, "freundlich": 1.0810248796610056, "dt50": {"system": 6.0, "soil": 133.7219448715372, "surfaceWater": 6.0, "sediment": 6.0}, "plant_uptake": 0.0, "name": "Compound 2270902067588580791", "model_specific_data": {}, "metabolites": [{"formation_fraction": 0.2, "metabolite": {"molarMass": 300.0, "water_solubility": 0.01451314267048887, "vapor_pressure": 0.01856589766656804, "reference_temperature": 20.0, "koc": 160.62912647879608, "freundlich": 0.7917430050837766, "dt50": {"system": 6.0, "soil": 195.3067030167903, "surfaceWater": 6.0, "sediment": 6.0}, "plant_uptake": 0.5, "name": "Compound 3735416081319113894", "model_specific_data": {}, "metabolites": []}}]}}