{"gap": {"type": "relative", "arguments": {"name": "GAP -296091488377847865", "modelCrop": "WC", "rate": 250.0, "apply_every_n_years": 1, "number_of_applications": 2, "interval": 14, "model_specific_data": {}, "bbch": 31, "season": 0}}, "compound": {"molarMass": 300.0, "water_solubility": 0.024364926712388723, "vapor_pressure": 1.5044994359120729e-05, "reference_temperature": 20.0, "koc": 2318.2436315182945, "freundlich": 0.7887495924443277, "dt50": {"system": 6.0, "soil": 212.76268933363193, "surfaceWater": 6.0, "sediment": 6.0}, "plant_uptake": 0.0, "name": "Compound 4042225406634425943", "model_specific_data": {}, "metabolites": [{"formation_fraction": 0.2, "metabolite": {"molarMass": 300.0, "water_solubility": 0.010824172374551638, "vapor_pressure": 1.529253077390585e-05, "reference_temperature": 20.0, "koc": 69.00747519647092, "freundlich": 1.1551574632850845, "dt50": {"system": 6.0, "soil": 129.62703574620275, "surfaceWater": 6.0, "sediment": 6.0}, "plant_uptake": 0.5, "name": "Compound -8399537907971738442", "model_specific_data": {}, "metabolites": []}}]}}