{"gap": {"type": "relative", "arguments": {"name": "GAP -296091488377847865", "modelCrop": "WC", "rate": 250.0, "apply_every_n_years": 1, "number_of_applications": 2, "interval": 14, "model_specific_data": {}, "bbch": 31, "season": 0}}, "compound": {"molarMass": 300.0, "water_solubility": 0.02506713210969231, "vapor_pressure": 4.357465733208618e-06, "reference_temperature": 20.0, "koc": 1291.6680795385523, "freundlich": 0.9345994785104013, "dt50": {"system": 6.0, "soil": 282.5037001144568, "surfaceWater": 6.0, "sediment": 6.0}, "plant_uptake": 0.0, "name": "Compound 5113664319471340113", "model_specific_data": {}, "metabolites": [{"formation_fraction": 0.2, "metabolite": {"molarMass": 300.0, "water_solubility": 0.0758781591935901, "vapor_pressure": 0.012946760186775527, "reference_temperature": 20.0, "koc": 1159.0884606140614, "freundlich": 0.9584460996725277, "dt50": {"system": 6.0, "soil": 17.737100913503323, "surfaceWater": 6.0, "sediment": 6.0}, "plant_uptake": 0.5, "name": "Compound -2847824827586592353", "model_specific_data": {}, "metabolites": []}}]}}