{"gap": {"type": "relative", "arguments": {"name": "GAP -296091488377847865", "modelCrop": "WC", "rate": 250.0, "apply_every_n_years": 1, "number_of_applications": 2, "interval": 14, "model_specific_data": {}, "bbch": 31, "season": 0}}, "compound": {"molarMass": 300.0, "water_solubility": 0.27381601168427544, "vapor_pressure": 8.136015438960485e-08, "reference_temperature": 20.0, "koc": 16.815542817864362, "freundlich": 1.0694083629316498, "dt50": {"system": 6.0, "soil": 138.36743074282182, "surfaceWater": 6.0, "sediment": 6.0}, "plant_uptake": 0.0, "name": "Compound -353576694449907286", "model_specific_data": {}, "metabolites": [{"formation_fraction": 0.2, "metabolite": {"molarMass": 300.0, "water_solubility": 0.44292987977342696, "vapor_pressure": 2.637546669951644e-06, "reference_temperature": 20.0, "koc": 945.7791814078462, "freundlich": 0.8309130230676406, "dt50": {"system": 6.0, "soil": 272.1964401786479, "surfaceWater": 6.0, "sediment": 6.0}, "plant_uptake": 0.5, "name": "Compound 3826825471001478522", "model_specific_data": {}, "metabolites": []}}]}}