{"gap": {"type": "relative", "arguments": {"name": "GAP -296091488377847865", "modelCrop": "WC", "rate": 250.0, "apply_every_n_years": 1, "number_of_applications": 2, "interval": 14, "model_specific_data": {}, "bbch": 31, "season": 0}}, "compound": {"molarMass": 300.0, "water_solubility": 0.000275457252978347, "vapor_pressure": 0.006024821089782968, "reference_temperature": 20.0, "koc": 457.7565226826322, "freundlich": 0.8439776330805255, "dt50": {"system": 6.0, "soil": 94.04630934728993, "surfaceWater": 6.0, "sediment": 6.0}, "plant_uptake": 0.0, "name": "Compound -6654428797955250360", "model_specific_data": {}, "metabolites": [{"formation_fraction": 0.2, "metabolite": {"molarMass": 300.0, "water_solubility": 0.013101777446268, "vapor_pressure": 3.480341687876665e-05, "reference_temperature": 20.0, "koc": 57.374439677877405, "freundlich": 1.0132512137408034, "dt50": {"system": 6.0, "soil": 170.29939919461842, "surfaceWater": 6.0, "sediment": 6.0}, "plant_uptake": 0.5, "name": "Compound -6684800441677062344", "model_specific_data": {}, "metabolites": []}}]}}