{"gap": {"type": "relative", "arguments": {"name": "GAP -296091488377847865", "modelCrop": "WC", "rate": 250.0, "apply_every_n_years": 1, "number_of_applications": 2, "interval": 14, "model_specific_data": {}, "bbch": 31, "season": 0}}, "compound": {"molarMass": 300.0, "water_solubility": 0.004265415783315572, "vapor_pressure": 2.6526387625062166e-06, "reference_temperature": 20.0, "koc": 169.37442717427712, "freundlich": 1.1751667851358312, "dt50": {"system": 6.0, "soil": 254.96644972971896, "surfaceWater": 6.0, "sediment": 6.0}, "plant_uptake": 0.0, "name": "Compound 4862107035956189488", "model_specific_data": {}, "metabolites": [{"formation_fraction": 0.2, "metabolite": {"molarMass": 300.0, "water_solubility": 0.0023531525771647256, "vapor_pressure": 5.067966619219484e-07, "reference_temperature": 20.0, "koc": 677.106019155555, "freundlich": 0.7079927858622259, "dt50": {"system": 6.0, "soil": 23.43181411386621, "surfaceWater": 6.0, "sediment": 6.0}, "plant_uptake": 0.5, "name": "Compound 2391710350443365028", "model_specific_data": {}, "metabolites": []}}]}}