{"gap": {"type": "relative", "arguments": {"name": "GAP -296091488377847865", "modelCrop": "WC", "rate": 250.0, "apply_every_n_years": 1, "number_of_applications": 2, "interval": 14, "model_specific_data": {}, "bbch": 31, "season": 0}}, "compound": {"molarMass": 300.0, "water_solubility": 6.118623336748406e-05, "vapor_pressure": 0.0022603228344731823, "reference_temperature": 20.0, "koc": 1706.4721242294922, "freundlich": 0.7942427233826657, "dt50": {"system": 6.0, "soil": 95.82979997210326, "surfaceWater": 6.0, "sediment": 6.0}, "plant_uptake": 0.0, "name": "Compound 4261173139433780241", "model_specific_data": {}, "metabolites": [{"formation_fraction": 0.2, "metabolite": {"molarMass": 300.0, "water_solubility": 0.010637120901781868, "vapor_pressure": 5.212798703786386e-07, "reference_temperature": 20.0, "koc": 735.4078995376739, "freundlich": 0.8427907294679127, "dt50": {"system": 6.0, "soil": 297.7317397773261, "surfaceWater": 6.0, "sediment": 6.0}, "plant_uptake": 0.5, "name": "Compound -6146548556807087541", "model_specific_data": {}, "metabolites": []}}]}}