{"gap": {"type": "relative", "arguments": {"name": "GAP -296091488377847865", "modelCrop": "WC", "rate": 250.0, "apply_every_n_years": 1, "number_of_applications": 2, "interval": 14, "model_specific_data": {}, "bbch": 31, "season": 0}}, "compound": {"molarMass": 300.0, "water_solubility": 0.0002472409244809682, "vapor_pressure": 2.740049974394886e-07, "reference_temperature": 20.0, "koc": 18.084390723776924, "freundlich": 0.9883925521393533, "dt50": {"system": 6.0, "soil": 219.05338444041547, "surfaceWater": 6.0, "sediment": 6.0}, "plant_uptake": 0.0, "name": "Compound -1397745811775993557", "model_specific_data": {}, "metabolites": [{"formation_fraction": 0.2, "metabolite": {"molarMass": 300.0, "water_solubility": 0.0016106765056056655, "vapor_pressure": 2.6029446341618223e-06, "reference_temperature": 20.0, "koc": 377.98083894249294, "freundlich": 0.8914873563931481, "dt50": {"system": 6.0, "soil": 105.01544445007642, "surfaceWater": 6.0, "sediment": 6.0}, "plant_uptake": 0.5, "name": "Compound 2722400483272738894", "model_specific_data": {}, "metabolites": []}}]}}