{"gap": {"type": "relative", "arguments": {"name": "GAP -296091488377847865", "modelCrop": "WC", "rate": 250.0, "apply_every_n_years": 1, "number_of_applications": 2, "interval": 14, "model_specific_data": {}, "bbch": 31, "season": 0}}, "compound": {"molarMass": 300.0, "water_solubility": 0.1738982882790652, "vapor_pressure": 2.4767121587122662e-05, "reference_temperature": 20.0, "koc": 229.5775220042263, "freundlich": 1.1238629954088797, "dt50": {"system": 6.0, "soil": 4.789282661078629, "surfaceWater": 6.0, "sediment": 6.0}, "plant_uptake": 0.0, "name": "Compound -1817047008594240474", "model_specific_data": {}, "metabolites": [{"formation_fraction": 0.2, "metabolite": {"molarMass": 300.0, "water_solubility": 0.006464713991408035, "vapor_pressure": 8.18132232319224e-06, "reference_temperature": 20.0, "koc": 106.5285754237387, "freundlich": 0.9612563495771571, "dt50": {"system": 6.0, "soil": 227.56895973342955, "surfaceWater": 6.0, "sediment": 6.0}, "plant_uptake": 0.5, "name": "Compound 8294107875165026146", "model_specific_data": {}, "metabolites": []}}]}}