{"gap": {"type": "relative", "arguments": {"name": "GAP -296091488377847865", "modelCrop": "WC", "rate": 250.0, "apply_every_n_years": 1, "number_of_applications": 2, "interval": 14, "model_specific_data": {}, "bbch": 31, "season": 0}}, "compound": {"molarMass": 300.0, "water_solubility": 0.05297295588035922, "vapor_pressure": 0.00013434405880706555, "reference_temperature": 20.0, "koc": 38.93328340158355, "freundlich": 0.8513272231390506, "dt50": {"system": 6.0, "soil": 73.74567378175311, "surfaceWater": 6.0, "sediment": 6.0}, "plant_uptake": 0.0, "name": "Compound -2199028490296925073", "model_specific_data": {}, "metabolites": [{"formation_fraction": 0.2, "metabolite": {"molarMass": 300.0, "water_solubility": 0.006327202673327936, "vapor_pressure": 3.967135774404428e-05, "reference_temperature": 20.0, "koc": 131.3454627778435, "freundlich": 0.8933203460153414, "dt50": {"system": 6.0, "soil": 111.33234308039437, "surfaceWater": 6.0, "sediment": 6.0}, "plant_uptake": 0.5, "name": "Compound 3254315952867395085", "model_specific_data": {}, "metabolites": []}}]}}