{"gap": {"type": "relative", "arguments": {"name": "GAP -296091488377847865", "modelCrop": "WC", "rate": 250.0, "apply_every_n_years": 1, "number_of_applications": 2, "interval": 14, "model_specific_data": {}, "bbch": 31, "season": 0}}, "compound": {"molarMass": 300.0, "water_solubility": 0.0024691571374028535, "vapor_pressure": 7.866757823499539e-05, "reference_temperature": 20.0, "koc": 2449.1032437373287, "freundlich": 0.8697858356253614, "dt50": {"system": 6.0, "soil": 279.95650619350647, "surfaceWater": 6.0, "sediment": 6.0}, "plant_uptake": 0.0, "name": "Compound 7385130800741663259", "model_specific_data": {}, "metabolites": [{"formation_fraction": 0.2, "metabolite": {"molarMass": 300.0, "water_solubility": 0.02229760919260096, "vapor_pressure": 9.272999340750362e-05, "reference_temperature": 20.0, "koc": 418.5765908777895, "freundlich": 1.0221626871327087, "dt50": {"system": 6.0, "soil": 94.86170438630403, "surfaceWater": 6.0, "sediment": 6.0}, "plant_uptake": 0.5, "name": "Compound -4291044052260642898", "model_specific_data": {}, "metabolites": []}}]}}