{"gap": {"type": "relative", "arguments": {"name": "GAP -296091488377847865", "modelCrop": "WC", "rate": 250.0, "apply_every_n_years": 1, "number_of_applications": 2, "interval": 14, "model_specific_data": {}, "bbch": 31, "season": 0}}, "compound": {"molarMass": 300.0, "water_solubility": 0.020784060186940165, "vapor_pressure": 1.4593219400506739e-06, "reference_temperature": 20.0, "koc": 4495.080022678633, "freundlich": 0.7806815910568523, "dt50": {"system": 6.0, "soil": 246.11356583593016, "surfaceWater": 6.0, "sediment": 6.0}, "plant_uptake": 0.0, "name": "Compound 1004924833464725316", "model_specific_data": {}, "metabolites": [{"formation_fraction": 0.2, "metabolite": {"molarMass": 300.0, "water_solubility": 0.0003137814320249088, "vapor_pressure": 1.7507876311587862e-07, "reference_temperature": 20.0, "koc": 31.626367026201457, "freundlich": 0.7115051142974078, "dt50": {"system": 6.0, "soil": 118.82956779896595, "surfaceWater": 6.0, "sediment": 6.0}, "plant_uptake": 0.5, "name": "Compound 5451099068619567451", "model_specific_data": {}, "metabolites": []}}]}}