{"gap": {"type": "relative", "arguments": {"name": "GAP -296091488377847865", "modelCrop": "WC", "rate": 250.0, "apply_every_n_years": 1, "number_of_applications": 2, "interval": 14, "model_specific_data": {}, "bbch": 31, "season": 0}}, "compound": {"molarMass": 300.0, "water_solubility": 0.1458755182512341, "vapor_pressure": 3.5225063655390813e-06, "reference_temperature": 20.0, "koc": 12.493531710996482, "freundlich": 0.9831078931157794, "dt50": {"system": 6.0, "soil": 192.9687300631115, "surfaceWater": 6.0, "sediment": 6.0}, "plant_uptake": 0.0, "name": "Compound 3205035305829619242", "model_specific_data": {}, "metabolites": [{"formation_fraction": 0.2, "metabolite": {"molarMass": 300.0, "water_solubility": 0.0003560658678172421, "vapor_pressure": 6.147987381753727e-05, "reference_temperature": 20.0, "koc": 138.73006930034467, "freundlich": 1.1987955323272899, "dt50": {"system": 6.0, "soil": 97.6931704136485, "surfaceWater": 6.0, "sediment": 6.0}, "plant_uptake": 0.5, "name": "Compound -7685862161498220817", "model_specific_data": {}, "metabolites": []}}]}}