{"gap": {"type": "relative", "arguments": {"name": "GAP -296091488377847865", "modelCrop": "WC", "rate": 250.0, "apply_every_n_years": 1, "number_of_applications": 2, "interval": 14, "model_specific_data": {}, "bbch": 31, "season": 0}}, "compound": {"molarMass": 300.0, "water_solubility": 0.0008334189730164461, "vapor_pressure": 4.033100128102597e-05, "reference_temperature": 20.0, "koc": 147.62579035551855, "freundlich": 1.1001170750161593, "dt50": {"system": 6.0, "soil": 103.3418554831321, "surfaceWater": 6.0, "sediment": 6.0}, "plant_uptake": 0.0, "name": "Compound -1485803096061288546", "model_specific_data": {}, "metabolites": [{"formation_fraction": 0.2, "metabolite": {"molarMass": 300.0, "water_solubility": 0.0008124074759078259, "vapor_pressure": 1.2877954081696314e-05, "reference_temperature": 20.0, "koc": 1208.593857598311, "freundlich": 1.042403446265951, "dt50": {"system": 6.0, "soil": 9.202900606509218, "surfaceWater": 6.0, "sediment": 6.0}, "plant_uptake": 0.5, "name": "Compound -3709068437488096681", "model_specific_data": {}, "metabolites": []}}]}}