{"gap": {"type": "relative", "arguments": {"name": "GAP -296091488377847865", "modelCrop": "WC", "rate": 250.0, "apply_every_n_years": 1, "number_of_applications": 2, "interval": 14, "model_specific_data": {}, "bbch": 31, "season": 0}}, "compound": {"molarMass": 300.0, "water_solubility": 0.07989616321489273, "vapor_pressure": 8.544652238766322e-05, "reference_temperature": 20.0, "koc": 24.172103750187905, "freundlich": 0.9995391127288559, "dt50": {"system": 6.0, "soil": 254.04937895626813, "surfaceWater": 6.0, "sediment": 6.0}, "plant_uptake": 0.0, "name": "Compound -803212188877997924", "model_specific_data": {}, "metabolites": [{"formation_fraction": 0.2, "metabolite": {"molarMass": 300.0, "water_solubility": 0.031271596185127766, "vapor_pressure": 0.00420841699757714, "reference_temperature": 20.0, "koc": 65.69953377326547, "freundlich": 1.188345494559401, "dt50": {"system": 6.0, "soil": 129.22852972821696, "surfaceWater": 6.0, "sediment": 6.0}, "plant_uptake": 0.5, "name": "Compound 4492842907151572006", "model_specific_data": {}, "metabolites": []}}]}}