{"gap": {"type": "relative", "arguments": {"name": "GAP -296091488377847865", "modelCrop": "WC", "rate": 250.0, "apply_every_n_years": 1, "number_of_applications": 2, "interval": 14, "model_specific_data": {}, "bbch": 31, "season": 0}}, "compound": {"molarMass": 300.0, "water_solubility": 0.015495615075279606, "vapor_pressure": 6.873974059711106e-08, "reference_temperature": 20.0, "koc": 1403.3012877035062, "freundlich": 1.1695155770780308, "dt50": {"system": 6.0, "soil": 2.5124780024650675, "surfaceWater": 6.0, "sediment": 6.0}, "plant_uptake": 0.0, "name": "Compound 8587757357021396892", "model_specific_data": {}, "metabolites": [{"formation_fraction": 0.2, "metabolite": {"molarMass": 300.0, "water_solubility": 0.3584454166118242, "vapor_pressure": 6.960535107243428e-05, "reference_temperature": 20.0, "koc": 161.91341257919728, "freundlich": 0.9278300127679617, "dt50": {"system": 6.0, "soil": 256.3495648094167, "surfaceWater": 6.0, "sediment": 6.0}, "plant_uptake": 0.5, "name": "Compound -7779888326770785667", "model_specific_data": {}, "metabolites": []}}]}}