{"gap": {"type": "relative", "arguments": {"name": "GAP -296091488377847865", "modelCrop": "WC", "rate": 250.0, "apply_every_n_years": 1, "number_of_applications": 2, "interval": 14, "model_specific_data": {}, "bbch": 31, "season": 0}}, "compound": {"molarMass": 300.0, "water_solubility": 0.032219249335699314, "vapor_pressure": 5.7195808147795815e-06, "reference_temperature": 20.0, "koc": 572.7549659248192, "freundlich": 1.0144020783015497, "dt50": {"system": 6.0, "soil": 48.21679183379746, "surfaceWater": 6.0, "sediment": 6.0}, "plant_uptake": 0.0, "name": "Compound 2554298264653165125", "model_specific_data": {}, "metabolites": [{"formation_fraction": 0.2, "metabolite": {"molarMass": 300.0, "water_solubility": 0.006559847256288286, "vapor_pressure": 8.800631174237335e-06, "reference_temperature": 20.0, "koc": 4530.595551564606, "freundlich": 0.7378816778717301, "dt50": {"system": 6.0, "soil": 244.99699109054097, "surfaceWater": 6.0, "sediment": 6.0}, "plant_uptake": 0.5, "name": "Compound 3030054350968842680", "model_specific_data": {}, "metabolites": []}}]}}