{"gap": {"type": "relative", "arguments": {"name": "GAP -296091488377847865", "modelCrop": "WC", "rate": 250.0, "apply_every_n_years": 1, "number_of_applications": 2, "interval": 14, "model_specific_data": {}, "bbch": 31, "season": 0}}, "compound": {"molarMass": 300.0, "water_solubility": 0.00421570014862722, "vapor_pressure": 9.034724525733603e-06, "reference_temperature": 20.0, "koc": 2792.3830599743615, "freundlich": 0.7885357665954045, "dt50": {"system": 6.0, "soil": 67.98060881316256, "surfaceWater": 6.0, "sediment": 6.0}, "plant_uptake": 0.0, "name": "Compound -1144693346377240081", "model_specific_data": {}, "metabolites": [{"formation_fraction": 0.2, "metabolite": {"molarMass": 300.0, "water_solubility": 0.0476542838113834, "vapor_pressure": 1.0778762109575256e-07, "reference_temperature": 20.0, "koc": 548.194172287952, "freundlich": 1.038338059632142, "dt50": {"system": 6.0, "soil": 283.0054003436659, "surfaceWater": 6.0, "sediment": 6.0}, "plant_uptake": 0.5, "name": "Compound -8918984924109679222", "model_specific_data": {}, "metabolites": []}}]}}