{"gap": {"type": "relative", "arguments": {"name": "GAP -296091488377847865", "modelCrop": "WC", "rate": 250.0, "apply_every_n_years": 1, "number_of_applications": 2, "interval": 14, "model_specific_data": {}, "bbch": 31, "season": 0}}, "compound": {"molarMass": 300.0, "water_solubility": 0.0011684411907564168, "vapor_pressure": 7.510009277007306e-07, "reference_temperature": 20.0, "koc": 91.43387834123568, "freundlich": 1.039387010902925, "dt50": {"system": 6.0, "soil": 224.52669367551763, "surfaceWater": 6.0, "sediment": 6.0}, "plant_uptake": 0.0, "name": "Compound -1019928237294865445", "model_specific_data": {}, "metabolites": [{"formation_fraction": 0.2, "metabolite": {"molarMass": 300.0, "water_solubility": 0.017415057075893307, "vapor_pressure": 2.1236767958557917e-07, "reference_temperature": 20.0, "koc": 2463.54747019381, "freundlich": 0.9849509564984922, "dt50": {"system": 6.0, "soil": 19.200963504016634, "surfaceWater": 6.0, "sediment": 6.0}, "plant_uptake": 0.5, "name": "Compound -9178683020586244606", "model_specific_data": {}, "metabolites": []}}]}}