{"gap": {"type": "relative", "arguments": {"name": "GAP -296091488377847865", "modelCrop": "WC", "rate": 250.0, "apply_every_n_years": 1, "number_of_applications": 2, "interval": 14, "model_specific_data": {}, "bbch": 31, "season": 0}}, "compound": {"molarMass": 300.0, "water_solubility": 0.0005323429930100746, "vapor_pressure": 1.7330375099255392e-07, "reference_temperature": 20.0, "koc": 40.86917299456917, "freundlich": 0.8514519788848143, "dt50": {"system": 6.0, "soil": 231.1727027587973, "surfaceWater": 6.0, "sediment": 6.0}, "plant_uptake": 0.0, "name": "Compound -6659356950302991689", "model_specific_data": {}, "metabolites": [{"formation_fraction": 0.2, "metabolite": {"molarMass": 300.0, "water_solubility": 0.0005540327993474791, "vapor_pressure": 3.887936209321487e-06, "reference_temperature": 20.0, "koc": 1588.1252910509359, "freundlich": 1.1471789416894045, "dt50": {"system": 6.0, "soil": 236.3554101160141, "surfaceWater": 6.0, "sediment": 6.0}, "plant_uptake": 0.5, "name": "Compound -4003370405286987944", "model_specific_data": {}, "metabolites": []}}]}}