{"gap": {"type": "relative", "arguments": {"name": "GAP -296091488377847865", "modelCrop": "WC", "rate": 250.0, "apply_every_n_years": 1, "number_of_applications": 2, "interval": 14, "model_specific_data": {}, "bbch": 31, "season": 0}}, "compound": {"molarMass": 300.0, "water_solubility": 0.020386278540687048, "vapor_pressure": 6.966238239219537e-07, "reference_temperature": 20.0, "koc": 99.00240993757191, "freundlich": 0.9360402948946909, "dt50": {"system": 6.0, "soil": 13.326723973289882, "surfaceWater": 6.0, "sediment": 6.0}, "plant_uptake": 0.0, "name": "Compound -1424991474411545963", "model_specific_data": {}, "metabolites": [{"formation_fraction": 0.2, "metabolite": {"molarMass": 300.0, "water_solubility": 4.901341874897546e-05, "vapor_pressure": 1.5781189537232901e-06, "reference_temperature": 20.0, "koc": 1111.9803149014213, "freundlich": 1.0985334643772158, "dt50": {"system": 6.0, "soil": 218.9941770865003, "surfaceWater": 6.0, "sediment": 6.0}, "plant_uptake": 0.5, "name": "Compound -5900718625151243303", "model_specific_data": {}, "metabolites": []}}]}}