{"gap": {"type": "relative", "arguments": {"name": "GAP -296091488377847865", "modelCrop": "WC", "rate": 250.0, "apply_every_n_years": 1, "number_of_applications": 2, "interval": 14, "model_specific_data": {}, "bbch": 31, "season": 0}}, "compound": {"molarMass": 300.0, "water_solubility": 0.007266101533577093, "vapor_pressure": 0.0002804475078461196, "reference_temperature": 20.0, "koc": 10.56237649768749, "freundlich": 1.1462405259597437, "dt50": {"system": 6.0, "soil": 145.39358692924114, "surfaceWater": 6.0, "sediment": 6.0}, "plant_uptake": 0.0, "name": "Compound 861725117026023693", "model_specific_data": {}, "metabolites": [{"formation_fraction": 0.2, "metabolite": {"molarMass": 300.0, "water_solubility": 0.001575464154959335, "vapor_pressure": 0.0010023785988849485, "reference_temperature": 20.0, "koc": 34.84067507247901, "freundlich": 0.7481577813357219, "dt50": {"system": 6.0, "soil": 47.488958563898464, "surfaceWater": 6.0, "sediment": 6.0}, "plant_uptake": 0.5, "name": "Compound 614737881680728146", "model_specific_data": {}, "metabolites": []}}]}}