{"gap": {"type": "relative", "arguments": {"name": "GAP -296091488377847865", "modelCrop": "WC", "rate": 250.0, "apply_every_n_years": 1, "number_of_applications": 2, "interval": 14, "model_specific_data": {}, "bbch": 31, "season": 0}}, "compound": {"molarMass": 300.0, "water_solubility": 0.0074876324969391575, "vapor_pressure": 1.022030737951661e-05, "reference_temperature": 20.0, "koc": 15.105629704713072, "freundlich": 0.7475573337978816, "dt50": {"system": 6.0, "soil": 154.72338322684095, "surfaceWater": 6.0, "sediment": 6.0}, "plant_uptake": 0.0, "name": "Compound 5762948718868184617", "model_specific_data": {}, "metabolites": [{"formation_fraction": 0.2, "metabolite": {"molarMass": 300.0, "water_solubility": 0.6679429383936323, "vapor_pressure": 9.916253194004727e-08, "reference_temperature": 20.0, "koc": 4726.654603210629, "freundlich": 0.9987899698532687, "dt50": {"system": 6.0, "soil": 151.44192223268496, "surfaceWater": 6.0, "sediment": 6.0}, "plant_uptake": 0.5, "name": "Compound 1578744524371152317", "model_specific_data": {}, "metabolites": []}}]}}