{"gap": {"type": "relative", "arguments": {"name": "GAP -296091488377847865", "modelCrop": "WC", "rate": 250.0, "apply_every_n_years": 1, "number_of_applications": 2, "interval": 14, "model_specific_data": {}, "bbch": 31, "season": 0}}, "compound": {"molarMass": 300.0, "water_solubility": 0.0016748558684683593, "vapor_pressure": 4.0438351997035435e-06, "reference_temperature": 20.0, "koc": 15.20479609751157, "freundlich": 1.0779263949920326, "dt50": {"system": 6.0, "soil": 92.81572248812635, "surfaceWater": 6.0, "sediment": 6.0}, "plant_uptake": 0.0, "name": "Compound 6690908868111862121", "model_specific_data": {}, "metabolites": [{"formation_fraction": 0.2, "metabolite": {"molarMass": 300.0, "water_solubility": 0.5022110853817733, "vapor_pressure": 7.951752407958189e-05, "reference_temperature": 20.0, "koc": 2475.14304846157, "freundlich": 0.8730639046554942, "dt50": {"system": 6.0, "soil": 78.57073289829113, "surfaceWater": 6.0, "sediment": 6.0}, "plant_uptake": 0.5, "name": "Compound -3835742451472791327", "model_specific_data": {}, "metabolites": []}}]}}