{"gap": {"type": "relative", "arguments": {"name": "GAP -296091488377847865", "modelCrop": "WC", "rate": 250.0, "apply_every_n_years": 1, "number_of_applications": 2, "interval": 14, "model_specific_data": {}, "bbch": 31, "season": 0}}, "compound": {"molarMass": 300.0, "water_solubility": 0.0016698230863876069, "vapor_pressure": 1.247114041381119e-07, "reference_temperature": 20.0, "koc": 14.529840462383234, "freundlich": 0.9195931305575973, "dt50": {"system": 6.0, "soil": 60.437425075241016, "surfaceWater": 6.0, "sediment": 6.0}, "plant_uptake": 0.0, "name": "Compound -2790050556402931167", "model_specific_data": {}, "metabolites": [{"formation_fraction": 0.2, "metabolite": {"molarMass": 300.0, "water_solubility": 0.00022833873031703845, "vapor_pressure": 2.161247319464517e-06, "reference_temperature": 20.0, "koc": 258.47262623335183, "freundlich": 0.8785542627814671, "dt50": {"system": 6.0, "soil": 13.822399188428067, "surfaceWater": 6.0, "sediment": 6.0}, "plant_uptake": 0.5, "name": "Compound -7166793535335755379", "model_specific_data": {}, "metabolites": []}}]}}