{"gap": {"type": "relative", "arguments": {"name": "GAP -296091488377847865", "modelCrop": "WC", "rate": 250.0, "apply_every_n_years": 1, "number_of_applications": 2, "interval": 14, "model_specific_data": {}, "bbch": 31, "season": 0}}, "compound": {"molarMass": 300.0, "water_solubility": 0.2212194738607147, "vapor_pressure": 1.8234672792806227e-05, "reference_temperature": 20.0, "koc": 15.014652796133666, "freundlich": 0.9724955806987989, "dt50": {"system": 6.0, "soil": 79.34736260026517, "surfaceWater": 6.0, "sediment": 6.0}, "plant_uptake": 0.0, "name": "Compound 8517461278175226962", "model_specific_data": {}, "metabolites": [{"formation_fraction": 0.2, "metabolite": {"molarMass": 300.0, "water_solubility": 0.032043845531036154, "vapor_pressure": 1.8668412929541975e-05, "reference_temperature": 20.0, "koc": 619.9932082921723, "freundlich": 0.7160183686066155, "dt50": {"system": 6.0, "soil": 153.24004608896252, "surfaceWater": 6.0, "sediment": 6.0}, "plant_uptake": 0.5, "name": "Compound 8617545681546778489", "model_specific_data": {}, "metabolites": []}}]}}