{"gap": {"type": "relative", "arguments": {"name": "GAP -296091488377847865", "modelCrop": "WC", "rate": 250.0, "apply_every_n_years": 1, "number_of_applications": 2, "interval": 14, "model_specific_data": {}, "bbch": 31, "season": 0}}, "compound": {"molarMass": 300.0, "water_solubility": 0.0006977953550546892, "vapor_pressure": 2.5786731735717114e-05, "reference_temperature": 20.0, "koc": 43.2945254202016, "freundlich": 0.850503553423062, "dt50": {"system": 6.0, "soil": 272.3860233956947, "surfaceWater": 6.0, "sediment": 6.0}, "plant_uptake": 0.0, "name": "Compound -2869642705775356195", "model_specific_data": {}, "metabolites": [{"formation_fraction": 0.2, "metabolite": {"molarMass": 300.0, "water_solubility": 0.06573687111525628, "vapor_pressure": 2.1182340010432788e-07, "reference_temperature": 20.0, "koc": 11.062623191240691, "freundlich": 0.9059413553962928, "dt50": {"system": 6.0, "soil": 162.48690088979868, "surfaceWater": 6.0, "sediment": 6.0}, "plant_uptake": 0.5, "name": "Compound -3046866767238813430", "model_specific_data": {}, "metabolites": []}}]}}