{"gap": {"type": "relative", "arguments": {"name": "GAP -296091488377847865", "modelCrop": "WC", "rate": 250.0, "apply_every_n_years": 1, "number_of_applications": 2, "interval": 14, "model_specific_data": {}, "bbch": 31, "season": 0}}, "compound": {"molarMass": 300.0, "water_solubility": 0.028127839391197035, "vapor_pressure": 0.0034352818096589845, "reference_temperature": 20.0, "koc": 500.5634684113207, "freundlich": 1.1809222295054824, "dt50": {"system": 6.0, "soil": 102.21856908305246, "surfaceWater": 6.0, "sediment": 6.0}, "plant_uptake": 0.0, "name": "Compound 5777182450375633708", "model_specific_data": {}, "metabolites": [{"formation_fraction": 0.2, "metabolite": {"molarMass": 300.0, "water_solubility": 0.037129737960034034, "vapor_pressure": 0.0003866043446212709, "reference_temperature": 20.0, "koc": 273.00324298841184, "freundlich": 1.191226587206461, "dt50": {"system": 6.0, "soil": 254.51201328050152, "surfaceWater": 6.0, "sediment": 6.0}, "plant_uptake": 0.5, "name": "Compound -3629328224708283126", "model_specific_data": {}, "metabolites": []}}]}}