{"gap": {"type": "relative", "arguments": {"name": "GAP -296091488377847865", "modelCrop": "WC", "rate": 250.0, "apply_every_n_years": 1, "number_of_applications": 2, "interval": 14, "model_specific_data": {}, "bbch": 31, "season": 0}}, "compound": {"molarMass": 300.0, "water_solubility": 0.009197884085540366, "vapor_pressure": 1.028939776846296e-05, "reference_temperature": 20.0, "koc": 14.337505497131176, "freundlich": 0.7392106413980881, "dt50": {"system": 6.0, "soil": 195.63395703531035, "surfaceWater": 6.0, "sediment": 6.0}, "plant_uptake": 0.0, "name": "Compound -4305637194367631624", "model_specific_data": {}, "metabolites": [{"formation_fraction": 0.2, "metabolite": {"molarMass": 300.0, "water_solubility": 0.00018502280553775463, "vapor_pressure": 1.0253573187703118e-06, "reference_temperature": 20.0, "koc": 1027.7490231017218, "freundlich": 1.1626429883204272, "dt50": {"system": 6.0, "soil": 271.272223884959, "surfaceWater": 6.0, "sediment": 6.0}, "plant_uptake": 0.5, "name": "Compound 6999216048105325898", "model_specific_data": {}, "metabolites": []}}]}}