{"gap": {"type": "relative", "arguments": {"name": "GAP -296091488377847865", "modelCrop": "WC", "rate": 250.0, "apply_every_n_years": 1, "number_of_applications": 2, "interval": 14, "model_specific_data": {}, "bbch": 31, "season": 0}}, "compound": {"molarMass": 300.0, "water_solubility": 0.004696201149844544, "vapor_pressure": 4.526306174632021e-06, "reference_temperature": 20.0, "koc": 1436.4679741812606, "freundlich": 1.1818100826344486, "dt50": {"system": 6.0, "soil": 77.36180948944204, "surfaceWater": 6.0, "sediment": 6.0}, "plant_uptake": 0.0, "name": "Compound -8695691669979879476", "model_specific_data": {}, "metabolites": [{"formation_fraction": 0.2, "metabolite": {"molarMass": 300.0, "water_solubility": 0.02995186740768952, "vapor_pressure": 1.1915445457000545e-07, "reference_temperature": 20.0, "koc": 1263.5401554541204, "freundlich": 0.7922517693710526, "dt50": {"system": 6.0, "soil": 202.60480921660124, "surfaceWater": 6.0, "sediment": 6.0}, "plant_uptake": 0.5, "name": "Compound 4156539324970918334", "model_specific_data": {}, "metabolites": []}}]}}