{"gap": {"type": "relative", "arguments": {"name": "GAP -296091488377847865", "modelCrop": "WC", "rate": 250.0, "apply_every_n_years": 1, "number_of_applications": 2, "interval": 14, "model_specific_data": {}, "bbch": 31, "season": 0}}, "compound": {"molarMass": 300.0, "water_solubility": 0.040474713559920224, "vapor_pressure": 2.1962386197721388e-08, "reference_temperature": 20.0, "koc": 719.937346015186, "freundlich": 0.8725563510728132, "dt50": {"system": 6.0, "soil": 257.62970067794095, "surfaceWater": 6.0, "sediment": 6.0}, "plant_uptake": 0.0, "name": "Compound -4589433342323779754", "model_specific_data": {}, "metabolites": [{"formation_fraction": 0.2, "metabolite": {"molarMass": 300.0, "water_solubility": 0.01281265081294008, "vapor_pressure": 2.620758550591618e-08, "reference_temperature": 20.0, "koc": 4300.273386382395, "freundlich": 1.0910264619096437, "dt50": {"system": 6.0, "soil": 118.95506334423285, "surfaceWater": 6.0, "sediment": 6.0}, "plant_uptake": 0.5, "name": "Compound -3854039966185921029", "model_specific_data": {}, "metabolites": []}}]}}