{"gap": {"type": "relative", "arguments": {"name": "GAP -296091488377847865", "modelCrop": "WC", "rate": 250.0, "apply_every_n_years": 1, "number_of_applications": 2, "interval": 14, "model_specific_data": {}, "bbch": 31, "season": 0}}, "compound": {"molarMass": 300.0, "water_solubility": 0.005279822954228585, "vapor_pressure": 5.765021966625317e-07, "reference_temperature": 20.0, "koc": 149.80350890857164, "freundlich": 1.092665058347495, "dt50": {"system": 6.0, "soil": 202.79957818647563, "surfaceWater": 6.0, "sediment": 6.0}, "plant_uptake": 0.0, "name": "Compound 2241087878733189390", "model_specific_data": {}, "metabolites": [{"formation_fraction": 0.2, "metabolite": {"molarMass": 300.0, "water_solubility": 0.1504865591289875, "vapor_pressure": 2.0636562829237565e-05, "reference_temperature": 20.0, "koc": 2285.230233701182, "freundlich": 0.9956441793723364, "dt50": {"system": 6.0, "soil": 66.51927807231206, "surfaceWater": 6.0, "sediment": 6.0}, "plant_uptake": 0.5, "name": "Compound -6925376997272876650", "model_specific_data": {}, "metabolites": []}}]}}