{"gap": {"type": "relative", "arguments": {"name": "GAP -296091488377847865", "modelCrop": "WC", "rate": 250.0, "apply_every_n_years": 1, "number_of_applications": 2, "interval": 14, "model_specific_data": {}, "bbch": 31, "season": 0}}, "compound": {"molarMass": 300.0, "water_solubility": 0.009407867864895966, "vapor_pressure": 6.9973068442377034e-06, "reference_temperature": 20.0, "koc": 1722.251814528234, "freundlich": 0.8346867718113963, "dt50": {"system": 6.0, "soil": 202.61345043659387, "surfaceWater": 6.0, "sediment": 6.0}, "plant_uptake": 0.0, "name": "Compound -7217748978867967703", "model_specific_data": {}, "metabolites": [{"formation_fraction": 0.2, "metabolite": {"molarMass": 300.0, "water_solubility": 1.1171965966971737, "vapor_pressure": 2.5225498958595155e-06, "reference_temperature": 20.0, "koc": 14.885969721763134, "freundlich": 0.8842035722759346, "dt50": {"system": 6.0, "soil": 221.46489032877545, "surfaceWater": 6.0, "sediment": 6.0}, "plant_uptake": 0.5, "name": "Compound 2406310507995928501", "model_specific_data": {}, "metabolites": []}}]}}