{"gap": {"type": "relative", "arguments": {"name": "GAP -296091488377847865", "modelCrop": "WC", "rate": 250.0, "apply_every_n_years": 1, "number_of_applications": 2, "interval": 14, "model_specific_data": {}, "bbch": 31, "season": 0}}, "compound": {"molarMass": 300.0, "water_solubility": 0.014138392170941563, "vapor_pressure": 0.00013506867448876122, "reference_temperature": 20.0, "koc": 504.1538613824294, "freundlich": 1.1125541174911076, "dt50": {"system": 6.0, "soil": 42.86177357373861, "surfaceWater": 6.0, "sediment": 6.0}, "plant_uptake": 0.0, "name": "Compound -4460750227607557972", "model_specific_data": {}, "metabolites": [{"formation_fraction": 0.2, "metabolite": {"molarMass": 300.0, "water_solubility": 0.003021721143548081, "vapor_pressure": 2.0701755738388175e-06, "reference_temperature": 20.0, "koc": 815.6955550885581, "freundlich": 1.145758403309053, "dt50": {"system": 6.0, "soil": 3.326653785723992, "surfaceWater": 6.0, "sediment": 6.0}, "plant_uptake": 0.5, "name": "Compound 6312004523069156727", "model_specific_data": {}, "metabolites": []}}]}}