{"gap": {"type": "relative", "arguments": {"name": "GAP -296091488377847865", "modelCrop": "WC", "rate": 250.0, "apply_every_n_years": 1, "number_of_applications": 2, "interval": 14, "model_specific_data": {}, "bbch": 31, "season": 0}}, "compound": {"molarMass": 300.0, "water_solubility": 0.02049527109796281, "vapor_pressure": 0.0015490535803270294, "reference_temperature": 20.0, "koc": 501.76013277108166, "freundlich": 0.9002213595468999, "dt50": {"system": 6.0, "soil": 240.00153826016933, "surfaceWater": 6.0, "sediment": 6.0}, "plant_uptake": 0.0, "name": "Compound -1248204288539811197", "model_specific_data": {}, "metabolites": [{"formation_fraction": 0.2, "metabolite": {"molarMass": 300.0, "water_solubility": 0.0028158001993197133, "vapor_pressure": 1.7555727091556335e-08, "reference_temperature": 20.0, "koc": 772.4925791282226, "freundlich": 0.7574084252071271, "dt50": {"system": 6.0, "soil": 229.08366950435135, "surfaceWater": 6.0, "sediment": 6.0}, "plant_uptake": 0.5, "name": "Compound 1476964203258097716", "model_specific_data": {}, "metabolites": []}}]}}