{"gap": {"type": "relative", "arguments": {"name": "GAP -296091488377847865", "modelCrop": "WC", "rate": 250.0, "apply_every_n_years": 1, "number_of_applications": 2, "interval": 14, "model_specific_data": {}, "bbch": 31, "season": 0}}, "compound": {"molarMass": 300.0, "water_solubility": 0.00017100316615992304, "vapor_pressure": 3.9909781985582496e-05, "reference_temperature": 20.0, "koc": 268.4708650545472, "freundlich": 0.9406903740573299, "dt50": {"system": 6.0, "soil": 236.48893400536042, "surfaceWater": 6.0, "sediment": 6.0}, "plant_uptake": 0.0, "name": "Compound 437694556893700062", "model_specific_data": {}, "metabolites": [{"formation_fraction": 0.2, "metabolite": {"molarMass": 300.0, "water_solubility": 0.000796390581143444, "vapor_pressure": 0.001526265211483386, "reference_temperature": 20.0, "koc": 459.7713360306699, "freundlich": 0.8747148195954986, "dt50": {"system": 6.0, "soil": 235.3388905933147, "surfaceWater": 6.0, "sediment": 6.0}, "plant_uptake": 0.5, "name": "Compound 969839241948818228", "model_specific_data": {}, "metabolites": []}}]}}