{"gap": {"type": "relative", "arguments": {"name": "GAP -296091488377847865", "modelCrop": "WC", "rate": 250.0, "apply_every_n_years": 1, "number_of_applications": 2, "interval": 14, "model_specific_data": {}, "bbch": 31, "season": 0}}, "compound": {"molarMass": 300.0, "water_solubility": 0.8904316391114936, "vapor_pressure": 9.788261417486023e-08, "reference_temperature": 20.0, "koc": 916.2601784070838, "freundlich": 0.8380339199539251, "dt50": {"system": 6.0, "soil": 237.71373755263798, "surfaceWater": 6.0, "sediment": 6.0}, "plant_uptake": 0.0, "name": "Compound 2694596772858098371", "model_specific_data": {}, "metabolites": [{"formation_fraction": 0.2, "metabolite": {"molarMass": 300.0, "water_solubility": 0.00039717061743590597, "vapor_pressure": 8.267087056818073e-06, "reference_temperature": 20.0, "koc": 904.9215136860457, "freundlich": 1.07097894336896, "dt50": {"system": 6.0, "soil": 54.29749424993039, "surfaceWater": 6.0, "sediment": 6.0}, "plant_uptake": 0.5, "name": "Compound 7972879558233663974", "model_specific_data": {}, "metabolites": []}}]}}