{"gap": {"type": "relative", "arguments": {"name": "GAP -296091488377847865", "modelCrop": "WC", "rate": 250.0, "apply_every_n_years": 1, "number_of_applications": 2, "interval": 14, "model_specific_data": {}, "bbch": 31, "season": 0}}, "compound": {"molarMass": 300.0, "water_solubility": 0.0535265833140213, "vapor_pressure": 2.619429669575767e-07, "reference_temperature": 20.0, "koc": 2254.8369817990833, "freundlich": 1.0710554499549176, "dt50": {"system": 6.0, "soil": 95.87653581972826, "surfaceWater": 6.0, "sediment": 6.0}, "plant_uptake": 0.0, "name": "Compound -7687201641331883992", "model_specific_data": {}, "metabolites": [{"formation_fraction": 0.2, "metabolite": {"molarMass": 300.0, "water_solubility": 0.025915672638227014, "vapor_pressure": 1.3001920927979212e-05, "reference_temperature": 20.0, "koc": 1989.5862671680684, "freundlich": 1.0390763159614151, "dt50": {"system": 6.0, "soil": 80.49567121389973, "surfaceWater": 6.0, "sediment": 6.0}, "plant_uptake": 0.5, "name": "Compound 3022556407223332741", "model_specific_data": {}, "metabolites": []}}]}}