{"gap": {"type": "relative", "arguments": {"name": "GAP -296091488377847865", "modelCrop": "WC", "rate": 250.0, "apply_every_n_years": 1, "number_of_applications": 2, "interval": 14, "model_specific_data": {}, "bbch": 31, "season": 0}}, "compound": {"molarMass": 300.0, "water_solubility": 0.06286531359803335, "vapor_pressure": 2.0842334775802072e-05, "reference_temperature": 20.0, "koc": 2590.8804337799975, "freundlich": 0.8829412211258886, "dt50": {"system": 6.0, "soil": 246.26934301633028, "surfaceWater": 6.0, "sediment": 6.0}, "plant_uptake": 0.0, "name": "Compound -7934151218968397056", "model_specific_data": {}, "metabolites": [{"formation_fraction": 0.2, "metabolite": {"molarMass": 300.0, "water_solubility": 0.0031094454877212793, "vapor_pressure": 1.1941507675891608e-07, "reference_temperature": 20.0, "koc": 281.3749304276774, "freundlich": 0.8654797001711434, "dt50": {"system": 6.0, "soil": 32.06420326908264, "surfaceWater": 6.0, "sediment": 6.0}, "plant_uptake": 0.5, "name": "Compound 9061529651784663972", "model_specific_data": {}, "metabolites": []}}]}}