{"gap": {"type": "relative", "arguments": {"name": "GAP -296091488377847865", "modelCrop": "WC", "rate": 250.0, "apply_every_n_years": 1, "number_of_applications": 2, "interval": 14, "model_specific_data": {}, "bbch": 31, "season": 0}}, "compound": {"molarMass": 300.0, "water_solubility": 0.1604509034404919, "vapor_pressure": 1.0788841023653303e-06, "reference_temperature": 20.0, "koc": 673.5935737714532, "freundlich": 0.8518595562851152, "dt50": {"system": 6.0, "soil": 70.31348899671517, "surfaceWater": 6.0, "sediment": 6.0}, "plant_uptake": 0.0, "name": "Compound -8395832719914184587", "model_specific_data": {}, "metabolites": [{"formation_fraction": 0.2, "metabolite": {"molarMass": 300.0, "water_solubility": 0.007441230244075438, "vapor_pressure": 0.000224185209960942, "reference_temperature": 20.0, "koc": 847.7961337621521, "freundlich": 1.1110987687147633, "dt50": {"system": 6.0, "soil": 15.743563208809286, "surfaceWater": 6.0, "sediment": 6.0}, "plant_uptake": 0.5, "name": "Compound 911377795889770038", "model_specific_data": {}, "metabolites": []}}]}}