{"gap": {"type": "relative", "arguments": {"name": "GAP -296091488377847865", "modelCrop": "WC", "rate": 250.0, "apply_every_n_years": 1, "number_of_applications": 2, "interval": 14, "model_specific_data": {}, "bbch": 31, "season": 0}}, "compound": {"molarMass": 300.0, "water_solubility": 0.03315327795781155, "vapor_pressure": 1.4127710133466308e-05, "reference_temperature": 20.0, "koc": 680.0123350729491, "freundlich": 1.0993992864168975, "dt50": {"system": 6.0, "soil": 212.18128356198068, "surfaceWater": 6.0, "sediment": 6.0}, "plant_uptake": 0.0, "name": "Compound -6297619485851080784", "model_specific_data": {}, "metabolites": [{"formation_fraction": 0.2, "metabolite": {"molarMass": 300.0, "water_solubility": 0.00705762213304028, "vapor_pressure": 1.2071772208501138e-05, "reference_temperature": 20.0, "koc": 1361.117487952384, "freundlich": 1.1452303749637631, "dt50": {"system": 6.0, "soil": 214.9535584261849, "surfaceWater": 6.0, "sediment": 6.0}, "plant_uptake": 0.5, "name": "Compound -6979602557800305039", "model_specific_data": {}, "metabolites": []}}]}}