{"gap": {"type": "relative", "arguments": {"name": "GAP -296091488377847865", "modelCrop": "WC", "rate": 250.0, "apply_every_n_years": 1, "number_of_applications": 2, "interval": 14, "model_specific_data": {}, "bbch": 31, "season": 0}}, "compound": {"molarMass": 300.0, "water_solubility": 0.0011350949948431895, "vapor_pressure": 9.763051757068596e-06, "reference_temperature": 20.0, "koc": 835.4054945287927, "freundlich": 0.7869539921179162, "dt50": {"system": 6.0, "soil": 37.502005151828115, "surfaceWater": 6.0, "sediment": 6.0}, "plant_uptake": 0.0, "name": "Compound -1910156823905436820", "model_specific_data": {}, "metabolites": [{"formation_fraction": 0.2, "metabolite": {"molarMass": 300.0, "water_solubility": 0.04645969515360564, "vapor_pressure": 0.04296088809198303, "reference_temperature": 20.0, "koc": 28.68141133133283, "freundlich": 1.1023399948521135, "dt50": {"system": 6.0, "soil": 76.36276732494429, "surfaceWater": 6.0, "sediment": 6.0}, "plant_uptake": 0.5, "name": "Compound -7766401060097397702", "model_specific_data": {}, "metabolites": []}}]}}