{"gap": {"type": "relative", "arguments": {"name": "GAP -296091488377847865", "modelCrop": "WC", "rate": 250.0, "apply_every_n_years": 1, "number_of_applications": 2, "interval": 14, "model_specific_data": {}, "bbch": 31, "season": 0}}, "compound": {"molarMass": 300.0, "water_solubility": 0.023850409213625044, "vapor_pressure": 1.7421049504834807e-05, "reference_temperature": 20.0, "koc": 59.32598506631313, "freundlich": 0.7351342129711105, "dt50": {"system": 6.0, "soil": 169.37854427043092, "surfaceWater": 6.0, "sediment": 6.0}, "plant_uptake": 0.0, "name": "Compound 669305690489587575", "model_specific_data": {}, "metabolites": [{"formation_fraction": 0.2, "metabolite": {"molarMass": 300.0, "water_solubility": 0.0074020079521250086, "vapor_pressure": 0.00043684022559026866, "reference_temperature": 20.0, "koc": 216.97693936389615, "freundlich": 1.1154062680606875, "dt50": {"system": 6.0, "soil": 64.68880457366039, "surfaceWater": 6.0, "sediment": 6.0}, "plant_uptake": 0.5, "name": "Compound -704375180983336530", "model_specific_data": {}, "metabolites": []}}]}}