{"gap": {"type": "relative", "arguments": {"name": "GAP -296091488377847865", "modelCrop": "WC", "rate": 250.0, "apply_every_n_years": 1, "number_of_applications": 2, "interval": 14, "model_specific_data": {}, "bbch": 31, "season": 0}}, "compound": {"molarMass": 300.0, "water_solubility": 0.010612865460720647, "vapor_pressure": 2.0868446596120704e-08, "reference_temperature": 20.0, "koc": 69.28999738122276, "freundlich": 0.7129879455266785, "dt50": {"system": 6.0, "soil": 125.17902813625855, "surfaceWater": 6.0, "sediment": 6.0}, "plant_uptake": 0.0, "name": "Compound 5228980928533461485", "model_specific_data": {}, "metabolites": [{"formation_fraction": 0.2, "metabolite": {"molarMass": 300.0, "water_solubility": 0.004774316907818805, "vapor_pressure": 0.0005537775510143082, "reference_temperature": 20.0, "koc": 1425.9519570439015, "freundlich": 0.9119258943200392, "dt50": {"system": 6.0, "soil": 11.947491964982662, "surfaceWater": 6.0, "sediment": 6.0}, "plant_uptake": 0.5, "name": "Compound 379775374238666345", "model_specific_data": {}, "metabolites": []}}]}}