{"gap": {"type": "relative", "arguments": {"name": "GAP -296091488377847865", "modelCrop": "WC", "rate": 250.0, "apply_every_n_years": 1, "number_of_applications": 2, "interval": 14, "model_specific_data": {}, "bbch": 31, "season": 0}}, "compound": {"molarMass": 300.0, "water_solubility": 8.736258712616868, "vapor_pressure": 3.557184579401215e-05, "reference_temperature": 20.0, "koc": 197.15031378757232, "freundlich": 0.8564368936213214, "dt50": {"system": 6.0, "soil": 68.20441668939029, "surfaceWater": 6.0, "sediment": 6.0}, "plant_uptake": 0.0, "name": "Compound -2608912598243115166", "model_specific_data": {}, "metabolites": [{"formation_fraction": 0.2, "metabolite": {"molarMass": 300.0, "water_solubility": 0.17873751056974232, "vapor_pressure": 2.0925256658769127e-08, "reference_temperature": 20.0, "koc": 31.550425682315684, "freundlich": 0.9843313665605824, "dt50": {"system": 6.0, "soil": 1.447606878175709, "surfaceWater": 6.0, "sediment": 6.0}, "plant_uptake": 0.5, "name": "Compound 2141647894570266673", "model_specific_data": {}, "metabolites": []}}]}}