{"gap": {"type": "relative", "arguments": {"name": "GAP -296091488377847865", "modelCrop": "WC", "rate": 250.0, "apply_every_n_years": 1, "number_of_applications": 2, "interval": 14, "model_specific_data": {}, "bbch": 31, "season": 0}}, "compound": {"molarMass": 300.0, "water_solubility": 0.006989192199065891, "vapor_pressure": 1.0010180765226481e-08, "reference_temperature": 20.0, "koc": 157.96469973994252, "freundlich": 1.0310597277526377, "dt50": {"system": 6.0, "soil": 140.92344934425492, "surfaceWater": 6.0, "sediment": 6.0}, "plant_uptake": 0.0, "name": "Compound 3802451003491572965", "model_specific_data": {}, "metabolites": [{"formation_fraction": 0.2, "metabolite": {"molarMass": 300.0, "water_solubility": 0.17791142309207691, "vapor_pressure": 2.2508414542163982e-07, "reference_temperature": 20.0, "koc": 430.34594160132025, "freundlich": 1.0080156081814007, "dt50": {"system": 6.0, "soil": 218.20415754642187, "surfaceWater": 6.0, "sediment": 6.0}, "plant_uptake": 0.5, "name": "Compound -7109398001919118929", "model_specific_data": {}, "metabolites": []}}]}}