{"gap": {"type": "relative", "arguments": {"name": "GAP -296091488377847865", "modelCrop": "WC", "rate": 250.0, "apply_every_n_years": 1, "number_of_applications": 2, "interval": 14, "model_specific_data": {}, "bbch": 31, "season": 0}}, "compound": {"molarMass": 300.0, "water_solubility": 0.041253747007288726, "vapor_pressure": 4.7553654937265815e-05, "reference_temperature": 20.0, "koc": 202.99055697304664, "freundlich": 0.9752782199939827, "dt50": {"system": 6.0, "soil": 61.24365318459524, "surfaceWater": 6.0, "sediment": 6.0}, "plant_uptake": 0.0, "name": "Compound 7219718266428352081", "model_specific_data": {}, "metabolites": [{"formation_fraction": 0.2, "metabolite": {"molarMass": 300.0, "water_solubility": 0.056837277874957876, "vapor_pressure": 7.43871400256961e-08, "reference_temperature": 20.0, "koc": 3126.8705704373556, "freundlich": 0.8368322340312043, "dt50": {"system": 6.0, "soil": 178.22183312884218, "surfaceWater": 6.0, "sediment": 6.0}, "plant_uptake": 0.5, "name": "Compound -6440908207951675938", "model_specific_data": {}, "metabolites": []}}]}}