{"gap": {"type": "relative", "arguments": {"name": "GAP -296091488377847865", "modelCrop": "WC", "rate": 250.0, "apply_every_n_years": 1, "number_of_applications": 2, "interval": 14, "model_specific_data": {}, "bbch": 31, "season": 0}}, "compound": {"molarMass": 300.0, "water_solubility": 0.0009021988077996285, "vapor_pressure": 0.00024991484538187074, "reference_temperature": 20.0, "koc": 223.13857224308776, "freundlich": 0.9247681536757542, "dt50": {"system": 6.0, "soil": 43.37008589175429, "surfaceWater": 6.0, "sediment": 6.0}, "plant_uptake": 0.0, "name": "Compound 2589154657253787971", "model_specific_data": {}, "metabolites": [{"formation_fraction": 0.2, "metabolite": {"molarMass": 300.0, "water_solubility": 0.0016975384003900121, "vapor_pressure": 0.001546079417272619, "reference_temperature": 20.0, "koc": 309.32236641045245, "freundlich": 0.7145141293685501, "dt50": {"system": 6.0, "soil": 84.63566377172342, "surfaceWater": 6.0, "sediment": 6.0}, "plant_uptake": 0.5, "name": "Compound -20271812942763864", "model_specific_data": {}, "metabolites": []}}]}}