{"gap": {"type": "relative", "arguments": {"name": "GAP -296091488377847865", "modelCrop": "WC", "rate": 250.0, "apply_every_n_years": 1, "number_of_applications": 2, "interval": 14, "model_specific_data": {}, "bbch": 31, "season": 0}}, "compound": {"molarMass": 300.0, "water_solubility": 0.04354273625702319, "vapor_pressure": 5.947389545312646e-05, "reference_temperature": 20.0, "koc": 16.818748017286012, "freundlich": 0.8912163675450715, "dt50": {"system": 6.0, "soil": 118.10101314194497, "surfaceWater": 6.0, "sediment": 6.0}, "plant_uptake": 0.0, "name": "Compound 3244207149753577694", "model_specific_data": {}, "metabolites": [{"formation_fraction": 0.2, "metabolite": {"molarMass": 300.0, "water_solubility": 0.0005586993008360394, "vapor_pressure": 6.023026339810808e-06, "reference_temperature": 20.0, "koc": 1145.5576377893328, "freundlich": 0.7995798931975631, "dt50": {"system": 6.0, "soil": 267.637490496808, "surfaceWater": 6.0, "sediment": 6.0}, "plant_uptake": 0.5, "name": "Compound -8297312671044746655", "model_specific_data": {}, "metabolites": []}}]}}