{"gap": {"type": "relative", "arguments": {"name": "GAP -296091488377847865", "modelCrop": "WC", "rate": 250.0, "apply_every_n_years": 1, "number_of_applications": 2, "interval": 14, "model_specific_data": {}, "bbch": 31, "season": 0}}, "compound": {"molarMass": 300.0, "water_solubility": 0.026771893483446586, "vapor_pressure": 2.0735011938697585e-06, "reference_temperature": 20.0, "koc": 20.711116436155514, "freundlich": 0.7596045999193424, "dt50": {"system": 6.0, "soil": 96.85059538809519, "surfaceWater": 6.0, "sediment": 6.0}, "plant_uptake": 0.0, "name": "Compound 4572392559741136120", "model_specific_data": {}, "metabolites": [{"formation_fraction": 0.2, "metabolite": {"molarMass": 300.0, "water_solubility": 0.02236664719397709, "vapor_pressure": 9.430120780622499e-07, "reference_temperature": 20.0, "koc": 310.90635130999374, "freundlich": 1.1693453624019303, "dt50": {"system": 6.0, "soil": 245.78604232376875, "surfaceWater": 6.0, "sediment": 6.0}, "plant_uptake": 0.5, "name": "Compound 1967045901772365070", "model_specific_data": {}, "metabolites": []}}]}}