{"gap": {"type": "relative", "arguments": {"name": "GAP -296091488377847865", "modelCrop": "WC", "rate": 250.0, "apply_every_n_years": 1, "number_of_applications": 2, "interval": 14, "model_specific_data": {}, "bbch": 31, "season": 0}}, "compound": {"molarMass": 300.0, "water_solubility": 0.0038113415721304886, "vapor_pressure": 0.013680974449641059, "reference_temperature": 20.0, "koc": 62.86265772918637, "freundlich": 1.0718678520428586, "dt50": {"system": 6.0, "soil": 297.7236120443278, "surfaceWater": 6.0, "sediment": 6.0}, "plant_uptake": 0.0, "name": "Compound 730527000620766226", "model_specific_data": {}, "metabolites": [{"formation_fraction": 0.2, "metabolite": {"molarMass": 300.0, "water_solubility": 0.010426645400520983, "vapor_pressure": 3.9816610076673265e-06, "reference_temperature": 20.0, "koc": 14.946084305771851, "freundlich": 0.7633647558785261, "dt50": {"system": 6.0, "soil": 30.127138840087344, "surfaceWater": 6.0, "sediment": 6.0}, "plant_uptake": 0.5, "name": "Compound 6290216613411007321", "model_specific_data": {}, "metabolites": []}}]}}