{"gap": {"type": "relative", "arguments": {"name": "GAP -296091488377847865", "modelCrop": "WC", "rate": 250.0, "apply_every_n_years": 1, "number_of_applications": 2, "interval": 14, "model_specific_data": {}, "bbch": 31, "season": 0}}, "compound": {"molarMass": 300.0, "water_solubility": 0.01937318222781122, "vapor_pressure": 9.161539482837038e-05, "reference_temperature": 20.0, "koc": 42.786032621253625, "freundlich": 0.7926950047011948, "dt50": {"system": 6.0, "soil": 290.60141590790516, "surfaceWater": 6.0, "sediment": 6.0}, "plant_uptake": 0.0, "name": "Compound -4080941990453353364", "model_specific_data": {}, "metabolites": [{"formation_fraction": 0.2, "metabolite": {"molarMass": 300.0, "water_solubility": 0.00013637504647362724, "vapor_pressure": 0.0007744194886502577, "reference_temperature": 20.0, "koc": 15.326540975826479, "freundlich": 0.9021424266643822, "dt50": {"system": 6.0, "soil": 164.4622849963982, "surfaceWater": 6.0, "sediment": 6.0}, "plant_uptake": 0.5, "name": "Compound 6254539949516046060", "model_specific_data": {}, "metabolites": []}}]}}