{"gap": {"type": "relative", "arguments": {"name": "GAP -296091488377847865", "modelCrop": "WC", "rate": 250.0, "apply_every_n_years": 1, "number_of_applications": 2, "interval": 14, "model_specific_data": {}, "bbch": 31, "season": 0}}, "compound": {"molarMass": 300.0, "water_solubility": 1.6048278328009646, "vapor_pressure": 3.6503128185809694e-06, "reference_temperature": 20.0, "koc": 1079.9256422829365, "freundlich": 0.8363774162098347, "dt50": {"system": 6.0, "soil": 267.8900794987831, "surfaceWater": 6.0, "sediment": 6.0}, "plant_uptake": 0.0, "name": "Compound -4537648950859127123", "model_specific_data": {}, "metabolites": [{"formation_fraction": 0.2, "metabolite": {"molarMass": 300.0, "water_solubility": 0.01363343342349296, "vapor_pressure": 3.068241712346327e-07, "reference_temperature": 20.0, "koc": 4487.061591471613, "freundlich": 1.164200347836118, "dt50": {"system": 6.0, "soil": 62.18382894638357, "surfaceWater": 6.0, "sediment": 6.0}, "plant_uptake": 0.5, "name": "Compound 7691559781346311084", "model_specific_data": {}, "metabolites": []}}]}}