{"gap": {"type": "relative", "arguments": {"name": "GAP -296091488377847865", "modelCrop": "WC", "rate": 250.0, "apply_every_n_years": 1, "number_of_applications": 2, "interval": 14, "model_specific_data": {}, "bbch": 31, "season": 0}}, "compound": {"molarMass": 300.0, "water_solubility": 0.005836135426588179, "vapor_pressure": 4.993086810222333e-05, "reference_temperature": 20.0, "koc": 1263.881367860795, "freundlich": 0.9928426276219735, "dt50": {"system": 6.0, "soil": 167.50021844494145, "surfaceWater": 6.0, "sediment": 6.0}, "plant_uptake": 0.0, "name": "Compound -5104619335219705707", "model_specific_data": {}, "metabolites": [{"formation_fraction": 0.2, "metabolite": {"molarMass": 300.0, "water_solubility": 6.860157494945239e-05, "vapor_pressure": 2.736691708197787e-09, "reference_temperature": 20.0, "koc": 60.02963427271608, "freundlich": 0.73979463635763, "dt50": {"system": 6.0, "soil": 29.737131557637618, "surfaceWater": 6.0, "sediment": 6.0}, "plant_uptake": 0.5, "name": "Compound -6990845161647045549", "model_specific_data": {}, "metabolites": []}}]}}