{"gap": {"type": "relative", "arguments": {"name": "GAP -296091488377847865", "modelCrop": "WC", "rate": 250.0, "apply_every_n_years": 1, "number_of_applications": 2, "interval": 14, "model_specific_data": {}, "bbch": 31, "season": 0}}, "compound": {"molarMass": 300.0, "water_solubility": 0.04263095676656617, "vapor_pressure": 9.300350791781255e-05, "reference_temperature": 20.0, "koc": 27.889284813737266, "freundlich": 1.1953039849071394, "dt50": {"system": 6.0, "soil": 89.33195620585381, "surfaceWater": 6.0, "sediment": 6.0}, "plant_uptake": 0.0, "name": "Compound 1338577244279371357", "model_specific_data": {}, "metabolites": [{"formation_fraction": 0.2, "metabolite": {"molarMass": 300.0, "water_solubility": 0.07184365791882726, "vapor_pressure": 3.208980530046684e-05, "reference_temperature": 20.0, "koc": 387.1217388278642, "freundlich": 1.076232600974548, "dt50": {"system": 6.0, "soil": 287.35698660959406, "surfaceWater": 6.0, "sediment": 6.0}, "plant_uptake": 0.5, "name": "Compound 3518660531755044952", "model_specific_data": {}, "metabolites": []}}]}}