{"gap": {"type": "relative", "arguments": {"name": "GAP -296091488377847865", "modelCrop": "WC", "rate": 250.0, "apply_every_n_years": 1, "number_of_applications": 2, "interval": 14, "model_specific_data": {}, "bbch": 31, "season": 0}}, "compound": {"molarMass": 300.0, "water_solubility": 0.00440799588415181, "vapor_pressure": 1.1183485446920214e-05, "reference_temperature": 20.0, "koc": 24.56027145057427, "freundlich": 1.0241952387397455, "dt50": {"system": 6.0, "soil": 278.3918964663272, "surfaceWater": 6.0, "sediment": 6.0}, "plant_uptake": 0.0, "name": "Compound 8858649750697805573", "model_specific_data": {}, "metabolites": [{"formation_fraction": 0.2, "metabolite": {"molarMass": 300.0, "water_solubility": 0.0004767097956766799, "vapor_pressure": 1.5063597651744578e-06, "reference_temperature": 20.0, "koc": 33.93413377548691, "freundlich": 1.1154966046448291, "dt50": {"system": 6.0, "soil": 97.29658114942055, "surfaceWater": 6.0, "sediment": 6.0}, "plant_uptake": 0.5, "name": "Compound 1904919594165912778", "model_specific_data": {}, "metabolites": []}}]}}