{"gap": {"type": "relative", "arguments": {"name": "GAP -296091488377847865", "modelCrop": "WC", "rate": 250.0, "apply_every_n_years": 1, "number_of_applications": 2, "interval": 14, "model_specific_data": {}, "bbch": 31, "season": 0}}, "compound": {"molarMass": 300.0, "water_solubility": 0.0036807607055198213, "vapor_pressure": 3.072143495455841e-07, "reference_temperature": 20.0, "koc": 599.2970365070466, "freundlich": 1.0566153316114852, "dt50": {"system": 6.0, "soil": 15.138913938827226, "surfaceWater": 6.0, "sediment": 6.0}, "plant_uptake": 0.0, "name": "Compound 3501719027956679869", "model_specific_data": {}, "metabolites": [{"formation_fraction": 0.2, "metabolite": {"molarMass": 300.0, "water_solubility": 0.017111472106022513, "vapor_pressure": 3.931950151558096e-07, "reference_temperature": 20.0, "koc": 30.23527380344858, "freundlich": 1.1042687335669843, "dt50": {"system": 6.0, "soil": 85.67039539804043, "surfaceWater": 6.0, "sediment": 6.0}, "plant_uptake": 0.5, "name": "Compound 1040523860985545887", "model_specific_data": {}, "metabolites": []}}]}}