{"gap": {"type": "relative", "arguments": {"name": "GAP -296091488377847865", "modelCrop": "WC", "rate": 250.0, "apply_every_n_years": 1, "number_of_applications": 2, "interval": 14, "model_specific_data": {}, "bbch": 31, "season": 0}}, "compound": {"molarMass": 300.0, "water_solubility": 0.04098641415400471, "vapor_pressure": 0.04447048183443928, "reference_temperature": 20.0, "koc": 2607.1131184624123, "freundlich": 0.8705029141878835, "dt50": {"system": 6.0, "soil": 188.45776043620276, "surfaceWater": 6.0, "sediment": 6.0}, "plant_uptake": 0.0, "name": "Compound -2650861820847329225", "model_specific_data": {}, "metabolites": [{"formation_fraction": 0.2, "metabolite": {"molarMass": 300.0, "water_solubility": 0.0010237417638713784, "vapor_pressure": 5.806005320588686e-08, "reference_temperature": 20.0, "koc": 1049.7188901247607, "freundlich": 0.8302250265934914, "dt50": {"system": 6.0, "soil": 67.39761116658936, "surfaceWater": 6.0, "sediment": 6.0}, "plant_uptake": 0.5, "name": "Compound 4097812482936243350", "model_specific_data": {}, "metabolites": []}}]}}