{"gap": {"type": "relative", "arguments": {"name": "GAP -296091488377847865", "modelCrop": "WC", "rate": 250.0, "apply_every_n_years": 1, "number_of_applications": 2, "interval": 14, "model_specific_data": {}, "bbch": 31, "season": 0}}, "compound": {"molarMass": 300.0, "water_solubility": 0.0024031547982422607, "vapor_pressure": 0.0007020347329291378, "reference_temperature": 20.0, "koc": 415.3891158972468, "freundlich": 1.0637668842597474, "dt50": {"system": 6.0, "soil": 193.44283602689742, "surfaceWater": 6.0, "sediment": 6.0}, "plant_uptake": 0.0, "name": "Compound 2695242665185950926", "model_specific_data": {}, "metabolites": [{"formation_fraction": 0.2, "metabolite": {"molarMass": 300.0, "water_solubility": 0.1405188251567064, "vapor_pressure": 4.052398630476191e-06, "reference_temperature": 20.0, "koc": 124.52840656271165, "freundlich": 0.9911064047406566, "dt50": {"system": 6.0, "soil": 131.34569915889537, "surfaceWater": 6.0, "sediment": 6.0}, "plant_uptake": 0.5, "name": "Compound 493304155177974672", "model_specific_data": {}, "metabolites": []}}]}}