{"gap": {"type": "relative", "arguments": {"name": "GAP -296091488377847865", "modelCrop": "WC", "rate": 250.0, "apply_every_n_years": 1, "number_of_applications": 2, "interval": 14, "model_specific_data": {}, "bbch": 31, "season": 0}}, "compound": {"molarMass": 300.0, "water_solubility": 0.13509051628674545, "vapor_pressure": 4.426075709536932e-06, "reference_temperature": 20.0, "koc": 172.59947559917723, "freundlich": 1.1065976409332698, "dt50": {"system": 6.0, "soil": 34.19595795867029, "surfaceWater": 6.0, "sediment": 6.0}, "plant_uptake": 0.0, "name": "Compound 3501003986542313976", "model_specific_data": {}, "metabolites": [{"formation_fraction": 0.2, "metabolite": {"molarMass": 300.0, "water_solubility": 0.22265147143545178, "vapor_pressure": 0.0029666695413881738, "reference_temperature": 20.0, "koc": 1327.455975409442, "freundlich": 1.1719522001199254, "dt50": {"system": 6.0, "soil": 270.84619113827466, "surfaceWater": 6.0, "sediment": 6.0}, "plant_uptake": 0.5, "name": "Compound -256998811543956513", "model_specific_data": {}, "metabolites": []}}]}}