{"gap": {"type": "relative", "arguments": {"name": "GAP -296091488377847865", "modelCrop": "WC", "rate": 250.0, "apply_every_n_years": 1, "number_of_applications": 2, "interval": 14, "model_specific_data": {}, "bbch": 31, "season": 0}}, "compound": {"molarMass": 300.0, "water_solubility": 0.07422497409179614, "vapor_pressure": 1.131486265736253e-06, "reference_temperature": 20.0, "koc": 54.25368055922007, "freundlich": 0.9428864275569369, "dt50": {"system": 6.0, "soil": 168.6005268187891, "surfaceWater": 6.0, "sediment": 6.0}, "plant_uptake": 0.0, "name": "Compound 7962435820472028414", "model_specific_data": {}, "metabolites": [{"formation_fraction": 0.2, "metabolite": {"molarMass": 300.0, "water_solubility": 0.0009520323942785115, "vapor_pressure": 2.0572750666093564e-05, "reference_temperature": 20.0, "koc": 20.48837389987617, "freundlich": 0.8531905351637675, "dt50": {"system": 6.0, "soil": 227.24250941095016, "surfaceWater": 6.0, "sediment": 6.0}, "plant_uptake": 0.5, "name": "Compound -8878839068616560091", "model_specific_data": {}, "metabolites": []}}]}}