{"gap": {"type": "relative", "arguments": {"name": "GAP -296091488377847865", "modelCrop": "WC", "rate": 250.0, "apply_every_n_years": 1, "number_of_applications": 2, "interval": 14, "model_specific_data": {}, "bbch": 31, "season": 0}}, "compound": {"molarMass": 300.0, "water_solubility": 0.0006667502471208407, "vapor_pressure": 8.468127064550805e-07, "reference_temperature": 20.0, "koc": 433.3732471280992, "freundlich": 0.7712318842808512, "dt50": {"system": 6.0, "soil": 11.774352524596479, "surfaceWater": 6.0, "sediment": 6.0}, "plant_uptake": 0.0, "name": "Compound 2792627764402674258", "model_specific_data": {}, "metabolites": [{"formation_fraction": 0.2, "metabolite": {"molarMass": 300.0, "water_solubility": 0.1861305314784558, "vapor_pressure": 2.35385621868289e-06, "reference_temperature": 20.0, "koc": 640.5395710940758, "freundlich": 1.1024010855994335, "dt50": {"system": 6.0, "soil": 17.182578371205175, "surfaceWater": 6.0, "sediment": 6.0}, "plant_uptake": 0.5, "name": "Compound 6220382821769620591", "model_specific_data": {}, "metabolites": []}}]}}