{"gap": {"type": "relative", "arguments": {"name": "GAP -296091488377847865", "modelCrop": "WC", "rate": 250.0, "apply_every_n_years": 1, "number_of_applications": 2, "interval": 14, "model_specific_data": {}, "bbch": 31, "season": 0}}, "compound": {"molarMass": 300.0, "water_solubility": 0.00185887166448308, "vapor_pressure": 0.0006941548088136638, "reference_temperature": 20.0, "koc": 359.18577588771757, "freundlich": 0.9530521226304267, "dt50": {"system": 6.0, "soil": 32.262072428675296, "surfaceWater": 6.0, "sediment": 6.0}, "plant_uptake": 0.0, "name": "Compound 4373817440632630229", "model_specific_data": {}, "metabolites": [{"formation_fraction": 0.2, "metabolite": {"molarMass": 300.0, "water_solubility": 0.01726830837720938, "vapor_pressure": 0.0016192365058141397, "reference_temperature": 20.0, "koc": 3605.72338223855, "freundlich": 1.1794374600869357, "dt50": {"system": 6.0, "soil": 116.1673186801976, "surfaceWater": 6.0, "sediment": 6.0}, "plant_uptake": 0.5, "name": "Compound -7907250048977697004", "model_specific_data": {}, "metabolites": []}}]}}