{"gap": {"type": "relative", "arguments": {"name": "GAP -296091488377847865", "modelCrop": "WC", "rate": 250.0, "apply_every_n_years": 1, "number_of_applications": 2, "interval": 14, "model_specific_data": {}, "bbch": 31, "season": 0}}, "compound": {"molarMass": 300.0, "water_solubility": 0.0030531445217515975, "vapor_pressure": 0.011673689639795572, "reference_temperature": 20.0, "koc": 263.4625758114023, "freundlich": 0.8866953251223624, "dt50": {"system": 6.0, "soil": 6.6978935566086495, "surfaceWater": 6.0, "sediment": 6.0}, "plant_uptake": 0.0, "name": "Compound -5286625448274218039", "model_specific_data": {}, "metabolites": [{"formation_fraction": 0.2, "metabolite": {"molarMass": 300.0, "water_solubility": 0.9046840925583614, "vapor_pressure": 9.356509821710739e-06, "reference_temperature": 20.0, "koc": 91.22365748344498, "freundlich": 0.7558175644854819, "dt50": {"system": 6.0, "soil": 138.78728581418014, "surfaceWater": 6.0, "sediment": 6.0}, "plant_uptake": 0.5, "name": "Compound 6593171087076838250", "model_specific_data": {}, "metabolites": []}}]}}