{"gap": {"type": "relative", "arguments": {"name": "GAP -296091488377847865", "modelCrop": "WC", "rate": 250.0, "apply_every_n_years": 1, "number_of_applications": 2, "interval": 14, "model_specific_data": {}, "bbch": 31, "season": 0}}, "compound": {"molarMass": 300.0, "water_solubility": 0.010191781542468852, "vapor_pressure": 0.0002609838051949415, "reference_temperature": 20.0, "koc": 95.16433299810981, "freundlich": 0.881578291821151, "dt50": {"system": 6.0, "soil": 284.83917771867675, "surfaceWater": 6.0, "sediment": 6.0}, "plant_uptake": 0.0, "name": "Compound -3131004923204039959", "model_specific_data": {}, "metabolites": [{"formation_fraction": 0.2, "metabolite": {"molarMass": 300.0, "water_solubility": 0.006183120939810735, "vapor_pressure": 5.102774432187773e-06, "reference_temperature": 20.0, "koc": 36.14407632720711, "freundlich": 0.70684473711895, "dt50": {"system": 6.0, "soil": 115.0390343817155, "surfaceWater": 6.0, "sediment": 6.0}, "plant_uptake": 0.5, "name": "Compound -2810670141837525300", "model_specific_data": {}, "metabolites": []}}]}}