{"gap": {"type": "relative", "arguments": {"name": "GAP -296091488377847865", "modelCrop": "WC", "rate": 250.0, "apply_every_n_years": 1, "number_of_applications": 2, "interval": 14, "model_specific_data": {}, "bbch": 31, "season": 0}}, "compound": {"molarMass": 300.0, "water_solubility": 0.053927149356179586, "vapor_pressure": 8.824176210311178e-06, "reference_temperature": 20.0, "koc": 1194.0397689581473, "freundlich": 1.174890807054765, "dt50": {"system": 6.0, "soil": 199.02551571784068, "surfaceWater": 6.0, "sediment": 6.0}, "plant_uptake": 0.0, "name": "Compound 1112340580770294394", "model_specific_data": {}, "metabolites": [{"formation_fraction": 0.2, "metabolite": {"molarMass": 300.0, "water_solubility": 0.005077489053799802, "vapor_pressure": 8.802747780000067e-05, "reference_temperature": 20.0, "koc": 65.04753155736157, "freundlich": 0.7379679527107715, "dt50": {"system": 6.0, "soil": 2.611799601612929, "surfaceWater": 6.0, "sediment": 6.0}, "plant_uptake": 0.5, "name": "Compound 3342697665432479759", "model_specific_data": {}, "metabolites": []}}]}}