{"gap": {"type": "relative", "arguments": {"name": "GAP -296091488377847865", "modelCrop": "WC", "rate": 250.0, "apply_every_n_years": 1, "number_of_applications": 2, "interval": 14, "model_specific_data": {}, "bbch": 31, "season": 0}}, "compound": {"molarMass": 300.0, "water_solubility": 0.001309974449026186, "vapor_pressure": 1.9442924538721303e-06, "reference_temperature": 20.0, "koc": 16.623088456985425, "freundlich": 1.184408125986273, "dt50": {"system": 6.0, "soil": 223.87940672711514, "surfaceWater": 6.0, "sediment": 6.0}, "plant_uptake": 0.0, "name": "Compound -8758021624194004954", "model_specific_data": {}, "metabolites": [{"formation_fraction": 0.2, "metabolite": {"molarMass": 300.0, "water_solubility": 0.33111118708450366, "vapor_pressure": 2.2826138299812787e-07, "reference_temperature": 20.0, "koc": 93.17667207326983, "freundlich": 1.1825245768826118, "dt50": {"system": 6.0, "soil": 166.6320703119052, "surfaceWater": 6.0, "sediment": 6.0}, "plant_uptake": 0.5, "name": "Compound 8722921188097390866", "model_specific_data": {}, "metabolites": []}}]}}