{"gap": {"type": "relative", "arguments": {"name": "GAP -296091488377847865", "modelCrop": "WC", "rate": 250.0, "apply_every_n_years": 1, "number_of_applications": 2, "interval": 14, "model_specific_data": {}, "bbch": 31, "season": 0}}, "compound": {"molarMass": 300.0, "water_solubility": 0.059683662756128644, "vapor_pressure": 2.9005967784730324e-07, "reference_temperature": 20.0, "koc": 20.371039291979173, "freundlich": 0.9757789318068452, "dt50": {"system": 6.0, "soil": 62.077142051757775, "surfaceWater": 6.0, "sediment": 6.0}, "plant_uptake": 0.0, "name": "Compound -8946532122693086327", "model_specific_data": {}, "metabolites": [{"formation_fraction": 0.2, "metabolite": {"molarMass": 300.0, "water_solubility": 0.1951974035812635, "vapor_pressure": 0.0007248945690416645, "reference_temperature": 20.0, "koc": 11.986508039992287, "freundlich": 0.9308474385827539, "dt50": {"system": 6.0, "soil": 232.18790950680997, "surfaceWater": 6.0, "sediment": 6.0}, "plant_uptake": 0.5, "name": "Compound 5290121986906099157", "model_specific_data": {}, "metabolites": []}}]}}