{"gap": {"type": "relative", "arguments": {"name": "GAP -296091488377847865", "modelCrop": "WC", "rate": 250.0, "apply_every_n_years": 1, "number_of_applications": 2, "interval": 14, "model_specific_data": {}, "bbch": 31, "season": 0}}, "compound": {"molarMass": 300.0, "water_solubility": 0.025509455795107647, "vapor_pressure": 4.248461025174876e-06, "reference_temperature": 20.0, "koc": 21.337252296628872, "freundlich": 1.105890462000895, "dt50": {"system": 6.0, "soil": 129.39812369891044, "surfaceWater": 6.0, "sediment": 6.0}, "plant_uptake": 0.0, "name": "Compound -8479597675072792727", "model_specific_data": {}, "metabolites": [{"formation_fraction": 0.2, "metabolite": {"molarMass": 300.0, "water_solubility": 0.002590357920630123, "vapor_pressure": 4.2756224228544364e-06, "reference_temperature": 20.0, "koc": 922.1493221968003, "freundlich": 0.9869914228910402, "dt50": {"system": 6.0, "soil": 145.7297813800137, "surfaceWater": 6.0, "sediment": 6.0}, "plant_uptake": 0.5, "name": "Compound -3472582848864356636", "model_specific_data": {}, "metabolites": []}}]}}