{"gap": {"type": "relative", "arguments": {"name": "GAP -296091488377847865", "modelCrop": "WC", "rate": 250.0, "apply_every_n_years": 1, "number_of_applications": 2, "interval": 14, "model_specific_data": {}, "bbch": 31, "season": 0}}, "compound": {"molarMass": 300.0, "water_solubility": 0.010877325762354161, "vapor_pressure": 1.4281461331191077e-06, "reference_temperature": 20.0, "koc": 44.534438968112276, "freundlich": 0.8891979494817859, "dt50": {"system": 6.0, "soil": 227.11427178454028, "surfaceWater": 6.0, "sediment": 6.0}, "plant_uptake": 0.0, "name": "Compound 1156306547039327224", "model_specific_data": {}, "metabolites": [{"formation_fraction": 0.2, "metabolite": {"molarMass": 300.0, "water_solubility": 0.1228660403605475, "vapor_pressure": 5.801361047523479e-05, "reference_temperature": 20.0, "koc": 1271.9764469728545, "freundlich": 0.8052666954124607, "dt50": {"system": 6.0, "soil": 239.2315481247917, "surfaceWater": 6.0, "sediment": 6.0}, "plant_uptake": 0.5, "name": "Compound -7585403293274477361", "model_specific_data": {}, "metabolites": []}}]}}