{"gap": {"type": "relative", "arguments": {"name": "GAP -296091488377847865", "modelCrop": "WC", "rate": 250.0, "apply_every_n_years": 1, "number_of_applications": 2, "interval": 14, "model_specific_data": {}, "bbch": 31, "season": 0}}, "compound": {"molarMass": 300.0, "water_solubility": 0.04604598698164549, "vapor_pressure": 3.50465589645447e-07, "reference_temperature": 20.0, "koc": 374.2814027141899, "freundlich": 1.1436110207988384, "dt50": {"system": 6.0, "soil": 203.3117745307138, "surfaceWater": 6.0, "sediment": 6.0}, "plant_uptake": 0.0, "name": "Compound -909167590957552473", "model_specific_data": {}, "metabolites": [{"formation_fraction": 0.2, "metabolite": {"molarMass": 300.0, "water_solubility": 0.004061740870319468, "vapor_pressure": 0.00016149405446988388, "reference_temperature": 20.0, "koc": 37.97049027634871, "freundlich": 1.0572010368341471, "dt50": {"system": 6.0, "soil": 166.43977341428214, "surfaceWater": 6.0, "sediment": 6.0}, "plant_uptake": 0.5, "name": "Compound -3442923254691225454", "model_specific_data": {}, "metabolites": []}}]}}