{"gap": {"type": "relative", "arguments": {"name": "GAP -296091488377847865", "modelCrop": "WC", "rate": 250.0, "apply_every_n_years": 1, "number_of_applications": 2, "interval": 14, "model_specific_data": {}, "bbch": 31, "season": 0}}, "compound": {"molarMass": 300.0, "water_solubility": 0.11985495065302257, "vapor_pressure": 2.1985247417401307e-08, "reference_temperature": 20.0, "koc": 33.360084339885645, "freundlich": 0.9772164551808358, "dt50": {"system": 6.0, "soil": 92.45215779983056, "surfaceWater": 6.0, "sediment": 6.0}, "plant_uptake": 0.0, "name": "Compound -3240570727783514263", "model_specific_data": {}, "metabolites": [{"formation_fraction": 0.2, "metabolite": {"molarMass": 300.0, "water_solubility": 0.0017337123437723236, "vapor_pressure": 1.921478843016449e-06, "reference_temperature": 20.0, "koc": 36.76028517260613, "freundlich": 1.1146912555831765, "dt50": {"system": 6.0, "soil": 283.66079548716584, "surfaceWater": 6.0, "sediment": 6.0}, "plant_uptake": 0.5, "name": "Compound 6688894513469634971", "model_specific_data": {}, "metabolites": []}}]}}