{"gap": {"type": "relative", "arguments": {"name": "GAP -296091488377847865", "modelCrop": "WC", "rate": 250.0, "apply_every_n_years": 1, "number_of_applications": 2, "interval": 14, "model_specific_data": {}, "bbch": 31, "season": 0}}, "compound": {"molarMass": 300.0, "water_solubility": 0.039096558516819244, "vapor_pressure": 0.0002029286365756974, "reference_temperature": 20.0, "koc": 254.81652411782088, "freundlich": 1.175250800621531, "dt50": {"system": 6.0, "soil": 257.644604254848, "surfaceWater": 6.0, "sediment": 6.0}, "plant_uptake": 0.0, "name": "Compound 8910724087197803625", "model_specific_data": {}, "metabolites": [{"formation_fraction": 0.2, "metabolite": {"molarMass": 300.0, "water_solubility": 0.03730206218275952, "vapor_pressure": 3.50482391893304e-06, "reference_temperature": 20.0, "koc": 976.5916238144541, "freundlich": 0.8990668660115988, "dt50": {"system": 6.0, "soil": 98.90689060791668, "surfaceWater": 6.0, "sediment": 6.0}, "plant_uptake": 0.5, "name": "Compound 17540244278582939", "model_specific_data": {}, "metabolites": []}}]}}