{"gap": {"type": "relative", "arguments": {"name": "GAP -296091488377847865", "modelCrop": "WC", "rate": 250.0, "apply_every_n_years": 1, "number_of_applications": 2, "interval": 14, "model_specific_data": {}, "bbch": 31, "season": 0}}, "compound": {"molarMass": 300.0, "water_solubility": 0.008630904237174577, "vapor_pressure": 0.000540878160901996, "reference_temperature": 20.0, "koc": 2850.6430423878505, "freundlich": 0.9710428707123977, "dt50": {"system": 6.0, "soil": 114.95442111695391, "surfaceWater": 6.0, "sediment": 6.0}, "plant_uptake": 0.0, "name": "Compound 6549783080448537497", "model_specific_data": {}, "metabolites": [{"formation_fraction": 0.2, "metabolite": {"molarMass": 300.0, "water_solubility": 0.01951654082558935, "vapor_pressure": 1.0721869115523522e-05, "reference_temperature": 20.0, "koc": 635.359419805933, "freundlich": 0.8272840670409276, "dt50": {"system": 6.0, "soil": 160.1530275307671, "surfaceWater": 6.0, "sediment": 6.0}, "plant_uptake": 0.5, "name": "Compound 8754205377313897760", "model_specific_data": {}, "metabolites": []}}]}}