{"gap": {"type": "relative", "arguments": {"name": "GAP -296091488377847865", "modelCrop": "WC", "rate": 250.0, "apply_every_n_years": 1, "number_of_applications": 2, "interval": 14, "model_specific_data": {}, "bbch": 31, "season": 0}}, "compound": {"molarMass": 300.0, "water_solubility": 0.12495938457561846, "vapor_pressure": 0.005424862917769209, "reference_temperature": 20.0, "koc": 59.825893305921916, "freundlich": 1.1458347005241922, "dt50": {"system": 6.0, "soil": 255.31058181994712, "surfaceWater": 6.0, "sediment": 6.0}, "plant_uptake": 0.0, "name": "Compound -2556095839812297313", "model_specific_data": {}, "metabolites": [{"formation_fraction": 0.2, "metabolite": {"molarMass": 300.0, "water_solubility": 0.001402301561094894, "vapor_pressure": 6.702654257101669e-08, "reference_temperature": 20.0, "koc": 727.4818285047093, "freundlich": 0.7495191212448773, "dt50": {"system": 6.0, "soil": 146.9985411920434, "surfaceWater": 6.0, "sediment": 6.0}, "plant_uptake": 0.5, "name": "Compound -4726567157717846842", "model_specific_data": {}, "metabolites": []}}]}}