{"gap": {"type": "relative", "arguments": {"name": "GAP -296091488377847865", "modelCrop": "WC", "rate": 250.0, "apply_every_n_years": 1, "number_of_applications": 2, "interval": 14, "model_specific_data": {}, "bbch": 31, "season": 0}}, "compound": {"molarMass": 300.0, "water_solubility": 0.010233220077014393, "vapor_pressure": 6.6943169949554684e-06, "reference_temperature": 20.0, "koc": 442.7217951398642, "freundlich": 0.8010917513224087, "dt50": {"system": 6.0, "soil": 271.30454414146453, "surfaceWater": 6.0, "sediment": 6.0}, "plant_uptake": 0.0, "name": "Compound -6770646998180271296", "model_specific_data": {}, "metabolites": [{"formation_fraction": 0.2, "metabolite": {"molarMass": 300.0, "water_solubility": 0.017601268052276076, "vapor_pressure": 8.238201550261307e-05, "reference_temperature": 20.0, "koc": 3448.793084098847, "freundlich": 0.8097786890698376, "dt50": {"system": 6.0, "soil": 76.60514763218058, "surfaceWater": 6.0, "sediment": 6.0}, "plant_uptake": 0.5, "name": "Compound -2586042191590966181", "model_specific_data": {}, "metabolites": []}}]}}