{"gap": {"type": "relative", "arguments": {"name": "GAP -296091488377847865", "modelCrop": "WC", "rate": 250.0, "apply_every_n_years": 1, "number_of_applications": 2, "interval": 14, "model_specific_data": {}, "bbch": 31, "season": 0}}, "compound": {"molarMass": 300.0, "water_solubility": 0.007920566554358697, "vapor_pressure": 0.00040167516189343485, "reference_temperature": 20.0, "koc": 22.47277870051707, "freundlich": 1.193324584468768, "dt50": {"system": 6.0, "soil": 107.97011222219345, "surfaceWater": 6.0, "sediment": 6.0}, "plant_uptake": 0.0, "name": "Compound 6607603890057603015", "model_specific_data": {}, "metabolites": [{"formation_fraction": 0.2, "metabolite": {"molarMass": 300.0, "water_solubility": 9.029290441986734e-05, "vapor_pressure": 6.926967031549284e-07, "reference_temperature": 20.0, "koc": 59.53170232363257, "freundlich": 0.820098691746195, "dt50": {"system": 6.0, "soil": 192.33342166014603, "surfaceWater": 6.0, "sediment": 6.0}, "plant_uptake": 0.5, "name": "Compound -7342795017847602744", "model_specific_data": {}, "metabolites": []}}]}}