{"gap": {"type": "relative", "arguments": {"name": "GAP -296091488377847865", "modelCrop": "WC", "rate": 250.0, "apply_every_n_years": 1, "number_of_applications": 2, "interval": 14, "model_specific_data": {}, "bbch": 31, "season": 0}}, "compound": {"molarMass": 300.0, "water_solubility": 0.3662034196736477, "vapor_pressure": 9.309653077696326e-06, "reference_temperature": 20.0, "koc": 440.4199531984183, "freundlich": 0.8097403659143718, "dt50": {"system": 6.0, "soil": 13.422006516513683, "surfaceWater": 6.0, "sediment": 6.0}, "plant_uptake": 0.0, "name": "Compound -3354672616364099332", "model_specific_data": {}, "metabolites": [{"formation_fraction": 0.2, "metabolite": {"molarMass": 300.0, "water_solubility": 0.002304099132046742, "vapor_pressure": 1.5307761469958798e-05, "reference_temperature": 20.0, "koc": 2966.0977213059746, "freundlich": 0.7516919946996081, "dt50": {"system": 6.0, "soil": 79.22190397021546, "surfaceWater": 6.0, "sediment": 6.0}, "plant_uptake": 0.5, "name": "Compound -100471280137296413", "model_specific_data": {}, "metabolites": []}}]}}