{"gap": {"type": "relative", "arguments": {"name": "GAP -296091488377847865", "modelCrop": "WC", "rate": 250.0, "apply_every_n_years": 1, "number_of_applications": 2, "interval": 14, "model_specific_data": {}, "bbch": 31, "season": 0}}, "compound": {"molarMass": 300.0, "water_solubility": 6.101710884082007e-05, "vapor_pressure": 6.131650623912608e-05, "reference_temperature": 20.0, "koc": 10.699144394909888, "freundlich": 1.1244003155760902, "dt50": {"system": 6.0, "soil": 26.481924547389248, "surfaceWater": 6.0, "sediment": 6.0}, "plant_uptake": 0.0, "name": "Compound 4385903077347354087", "model_specific_data": {}, "metabolites": [{"formation_fraction": 0.2, "metabolite": {"molarMass": 300.0, "water_solubility": 0.006271214247931688, "vapor_pressure": 0.002617593569071998, "reference_temperature": 20.0, "koc": 326.9513544316406, "freundlich": 0.9580821810056208, "dt50": {"system": 6.0, "soil": 52.38066898761527, "surfaceWater": 6.0, "sediment": 6.0}, "plant_uptake": 0.5, "name": "Compound -7919642392799662942", "model_specific_data": {}, "metabolites": []}}]}}