{"gap": {"type": "relative", "arguments": {"name": "GAP -296091488377847865", "modelCrop": "WC", "rate": 250.0, "apply_every_n_years": 1, "number_of_applications": 2, "interval": 14, "model_specific_data": {}, "bbch": 31, "season": 0}}, "compound": {"molarMass": 300.0, "water_solubility": 0.04535406480086766, "vapor_pressure": 1.978804145335945e-08, "reference_temperature": 20.0, "koc": 1142.76785561515, "freundlich": 0.8540140486096877, "dt50": {"system": 6.0, "soil": 181.7172049304577, "surfaceWater": 6.0, "sediment": 6.0}, "plant_uptake": 0.0, "name": "Compound 6803036470574438382", "model_specific_data": {}, "metabolites": [{"formation_fraction": 0.2, "metabolite": {"molarMass": 300.0, "water_solubility": 0.14068707994719448, "vapor_pressure": 3.121901051695141e-06, "reference_temperature": 20.0, "koc": 244.3393714835503, "freundlich": 0.9287315039087556, "dt50": {"system": 6.0, "soil": 121.92689236337009, "surfaceWater": 6.0, "sediment": 6.0}, "plant_uptake": 0.5, "name": "Compound 2857254956231843600", "model_specific_data": {}, "metabolites": []}}]}}