{"gap": {"type": "relative", "arguments": {"name": "GAP -296091488377847865", "modelCrop": "WC", "rate": 250.0, "apply_every_n_years": 1, "number_of_applications": 2, "interval": 14, "model_specific_data": {}, "bbch": 31, "season": 0}}, "compound": {"molarMass": 300.0, "water_solubility": 0.0007311418234434823, "vapor_pressure": 1.1847535804448483e-07, "reference_temperature": 20.0, "koc": 538.5288881006619, "freundlich": 1.0047593914135766, "dt50": {"system": 6.0, "soil": 17.476838447865195, "surfaceWater": 6.0, "sediment": 6.0}, "plant_uptake": 0.0, "name": "Compound 6588135672302237467", "model_specific_data": {}, "metabolites": [{"formation_fraction": 0.2, "metabolite": {"molarMass": 300.0, "water_solubility": 0.24782542068561597, "vapor_pressure": 1.61295308129266e-05, "reference_temperature": 20.0, "koc": 1614.6175773249406, "freundlich": 1.1988378395105337, "dt50": {"system": 6.0, "soil": 188.80406984969997, "surfaceWater": 6.0, "sediment": 6.0}, "plant_uptake": 0.5, "name": "Compound -1308064617691376589", "model_specific_data": {}, "metabolites": []}}]}}