{"gap": {"type": "relative", "arguments": {"name": "GAP -296091488377847865", "modelCrop": "WC", "rate": 250.0, "apply_every_n_years": 1, "number_of_applications": 2, "interval": 14, "model_specific_data": {}, "bbch": 31, "season": 0}}, "compound": {"molarMass": 300.0, "water_solubility": 0.012555115262607632, "vapor_pressure": 2.558188308951563e-07, "reference_temperature": 20.0, "koc": 39.31267079687932, "freundlich": 1.1446290635853316, "dt50": {"system": 6.0, "soil": 32.245392779697355, "surfaceWater": 6.0, "sediment": 6.0}, "plant_uptake": 0.0, "name": "Compound 871160686160158036", "model_specific_data": {}, "metabolites": [{"formation_fraction": 0.2, "metabolite": {"molarMass": 300.0, "water_solubility": 0.0019577939925763594, "vapor_pressure": 2.606092776520534e-06, "reference_temperature": 20.0, "koc": 96.28463756356656, "freundlich": 1.1298495990633826, "dt50": {"system": 6.0, "soil": 77.66019252963089, "surfaceWater": 6.0, "sediment": 6.0}, "plant_uptake": 0.5, "name": "Compound 3952132419246051938", "model_specific_data": {}, "metabolites": []}}]}}