{"gap": {"type": "relative", "arguments": {"name": "GAP -296091488377847865", "modelCrop": "WC", "rate": 250.0, "apply_every_n_years": 1, "number_of_applications": 2, "interval": 14, "model_specific_data": {}, "bbch": 31, "season": 0}}, "compound": {"molarMass": 300.0, "water_solubility": 0.0071801652311525785, "vapor_pressure": 0.005708166235607608, "reference_temperature": 20.0, "koc": 24.38169081084784, "freundlich": 0.8736990457578456, "dt50": {"system": 6.0, "soil": 267.6955799622062, "surfaceWater": 6.0, "sediment": 6.0}, "plant_uptake": 0.0, "name": "Compound -2690720263765035405", "model_specific_data": {}, "metabolites": [{"formation_fraction": 0.2, "metabolite": {"molarMass": 300.0, "water_solubility": 1.1259636941008495, "vapor_pressure": 8.388765583204879e-05, "reference_temperature": 20.0, "koc": 18.238859192443154, "freundlich": 1.06650966802356, "dt50": {"system": 6.0, "soil": 173.44143054331914, "surfaceWater": 6.0, "sediment": 6.0}, "plant_uptake": 0.5, "name": "Compound -2914579328696328392", "model_specific_data": {}, "metabolites": []}}]}}