{"gap": {"type": "relative", "arguments": {"name": "GAP -296091488377847865", "modelCrop": "WC", "rate": 250.0, "apply_every_n_years": 1, "number_of_applications": 2, "interval": 14, "model_specific_data": {}, "bbch": 31, "season": 0}}, "compound": {"molarMass": 300.0, "water_solubility": 0.019590457975967798, "vapor_pressure": 6.538513640036091e-05, "reference_temperature": 20.0, "koc": 18.162626551569513, "freundlich": 0.8618426058069797, "dt50": {"system": 6.0, "soil": 191.12751558622531, "surfaceWater": 6.0, "sediment": 6.0}, "plant_uptake": 0.0, "name": "Compound 4632714283656241884", "model_specific_data": {}, "metabolites": [{"formation_fraction": 0.2, "metabolite": {"molarMass": 300.0, "water_solubility": 0.01280174338093022, "vapor_pressure": 1.6889408831602224e-06, "reference_temperature": 20.0, "koc": 1535.5449491843895, "freundlich": 1.0768387257453613, "dt50": {"system": 6.0, "soil": 102.36662213810975, "surfaceWater": 6.0, "sediment": 6.0}, "plant_uptake": 0.5, "name": "Compound 3880298242034919609", "model_specific_data": {}, "metabolites": []}}]}}