{"gap": {"type": "relative", "arguments": {"name": "GAP -296091488377847865", "modelCrop": "WC", "rate": 250.0, "apply_every_n_years": 1, "number_of_applications": 2, "interval": 14, "model_specific_data": {}, "bbch": 31, "season": 0}}, "compound": {"molarMass": 300.0, "water_solubility": 0.003003480713879959, "vapor_pressure": 3.993897519278124e-06, "reference_temperature": 20.0, "koc": 113.2584313340654, "freundlich": 0.9524416929118278, "dt50": {"system": 6.0, "soil": 175.55292820008037, "surfaceWater": 6.0, "sediment": 6.0}, "plant_uptake": 0.0, "name": "Compound -6099025282389231059", "model_specific_data": {}, "metabolites": [{"formation_fraction": 0.2, "metabolite": {"molarMass": 300.0, "water_solubility": 0.0015219114809617428, "vapor_pressure": 2.347997054860465e-06, "reference_temperature": 20.0, "koc": 63.15482419126534, "freundlich": 0.703795807711433, "dt50": {"system": 6.0, "soil": 232.93991109230797, "surfaceWater": 6.0, "sediment": 6.0}, "plant_uptake": 0.5, "name": "Compound -4352452016555965460", "model_specific_data": {}, "metabolites": []}}]}}