{"gap": {"type": "relative", "arguments": {"name": "GAP -296091488377847865", "modelCrop": "WC", "rate": 250.0, "apply_every_n_years": 1, "number_of_applications": 2, "interval": 14, "model_specific_data": {}, "bbch": 31, "season": 0}}, "compound": {"molarMass": 300.0, "water_solubility": 0.10896959089293508, "vapor_pressure": 1.7721511185022387e-07, "reference_temperature": 20.0, "koc": 489.0506463164205, "freundlich": 1.123471044118566, "dt50": {"system": 6.0, "soil": 141.54714394595712, "surfaceWater": 6.0, "sediment": 6.0}, "plant_uptake": 0.0, "name": "Compound 1950285055348191742", "model_specific_data": {}, "metabolites": [{"formation_fraction": 0.2, "metabolite": {"molarMass": 300.0, "water_solubility": 0.006029249937759568, "vapor_pressure": 1.373036344846098e-06, "reference_temperature": 20.0, "koc": 186.78574231293558, "freundlich": 1.1481869706964747, "dt50": {"system": 6.0, "soil": 224.73941823929775, "surfaceWater": 6.0, "sediment": 6.0}, "plant_uptake": 0.5, "name": "Compound 3000343173575266023", "model_specific_data": {}, "metabolites": []}}]}}