{"gap": {"type": "relative", "arguments": {"name": "GAP -296091488377847865", "modelCrop": "WC", "rate": 250.0, "apply_every_n_years": 1, "number_of_applications": 2, "interval": 14, "model_specific_data": {}, "bbch": 31, "season": 0}}, "compound": {"molarMass": 300.0, "water_solubility": 0.03323409863222787, "vapor_pressure": 2.504838116880203e-05, "reference_temperature": 20.0, "koc": 33.7195618360812, "freundlich": 1.1324236688062987, "dt50": {"system": 6.0, "soil": 223.0406302027191, "surfaceWater": 6.0, "sediment": 6.0}, "plant_uptake": 0.0, "name": "Compound -8314058590609548362", "model_specific_data": {}, "metabolites": [{"formation_fraction": 0.2, "metabolite": {"molarMass": 300.0, "water_solubility": 0.000101094870885425, "vapor_pressure": 1.8041496196324724e-06, "reference_temperature": 20.0, "koc": 202.55421580034778, "freundlich": 1.1663355997714115, "dt50": {"system": 6.0, "soil": 290.86635905210755, "surfaceWater": 6.0, "sediment": 6.0}, "plant_uptake": 0.5, "name": "Compound 527538780037468253", "model_specific_data": {}, "metabolites": []}}]}}