{"gap": {"type": "relative", "arguments": {"name": "GAP -296091488377847865", "modelCrop": "WC", "rate": 250.0, "apply_every_n_years": 1, "number_of_applications": 2, "interval": 14, "model_specific_data": {}, "bbch": 31, "season": 0}}, "compound": {"molarMass": 300.0, "water_solubility": 0.0001299575817690226, "vapor_pressure": 3.918980004938386e-05, "reference_temperature": 20.0, "koc": 1105.8793723092422, "freundlich": 1.0313147514040737, "dt50": {"system": 6.0, "soil": 255.6373700388203, "surfaceWater": 6.0, "sediment": 6.0}, "plant_uptake": 0.0, "name": "Compound -1496401399204568006", "model_specific_data": {}, "metabolites": [{"formation_fraction": 0.2, "metabolite": {"molarMass": 300.0, "water_solubility": 0.007074167245578681, "vapor_pressure": 1.4376078869942138e-05, "reference_temperature": 20.0, "koc": 52.78079226008253, "freundlich": 0.9003446434955121, "dt50": {"system": 6.0, "soil": 11.22818630356471, "surfaceWater": 6.0, "sediment": 6.0}, "plant_uptake": 0.5, "name": "Compound 5117586936164184228", "model_specific_data": {}, "metabolites": []}}]}}