{"gap": {"type": "relative", "arguments": {"name": "GAP -296091488377847865", "modelCrop": "WC", "rate": 250.0, "apply_every_n_years": 1, "number_of_applications": 2, "interval": 14, "model_specific_data": {}, "bbch": 31, "season": 0}}, "compound": {"molarMass": 300.0, "water_solubility": 0.00035902263980275946, "vapor_pressure": 1.1188265337167627e-07, "reference_temperature": 20.0, "koc": 1219.2174032119806, "freundlich": 1.1905497426752873, "dt50": {"system": 6.0, "soil": 144.25935161682276, "surfaceWater": 6.0, "sediment": 6.0}, "plant_uptake": 0.0, "name": "Compound -466318151282285605", "model_specific_data": {}, "metabolites": [{"formation_fraction": 0.2, "metabolite": {"molarMass": 300.0, "water_solubility": 0.0016297772572668862, "vapor_pressure": 1.5006125427971045e-07, "reference_temperature": 20.0, "koc": 115.61523221196504, "freundlich": 1.0927169077168506, "dt50": {"system": 6.0, "soil": 139.91493742703616, "surfaceWater": 6.0, "sediment": 6.0}, "plant_uptake": 0.5, "name": "Compound 2467544119874360335", "model_specific_data": {}, "metabolites": []}}]}}