{"gap": {"type": "relative", "arguments": {"name": "GAP -296091488377847865", "modelCrop": "WC", "rate": 250.0, "apply_every_n_years": 1, "number_of_applications": 2, "interval": 14, "model_specific_data": {}, "bbch": 31, "season": 0}}, "compound": {"molarMass": 300.0, "water_solubility": 0.006740499506898267, "vapor_pressure": 6.068222412107e-07, "reference_temperature": 20.0, "koc": 51.567860935592456, "freundlich": 0.9335172497501767, "dt50": {"system": 6.0, "soil": 17.138254388434614, "surfaceWater": 6.0, "sediment": 6.0}, "plant_uptake": 0.0, "name": "Compound -390972971147585987", "model_specific_data": {}, "metabolites": [{"formation_fraction": 0.2, "metabolite": {"molarMass": 300.0, "water_solubility": 0.0031692380257114846, "vapor_pressure": 1.3699037706656685e-06, "reference_temperature": 20.0, "koc": 342.90075477361694, "freundlich": 0.7974268671713929, "dt50": {"system": 6.0, "soil": 81.00108662560783, "surfaceWater": 6.0, "sediment": 6.0}, "plant_uptake": 0.5, "name": "Compound -4205861835041811922", "model_specific_data": {}, "metabolites": []}}]}}