{"gap": {"type": "relative", "arguments": {"name": "GAP -296091488377847865", "modelCrop": "WC", "rate": 250.0, "apply_every_n_years": 1, "number_of_applications": 2, "interval": 14, "model_specific_data": {}, "bbch": 31, "season": 0}}, "compound": {"molarMass": 300.0, "water_solubility": 0.0030433779259498306, "vapor_pressure": 1.8559966416795476e-05, "reference_temperature": 20.0, "koc": 553.7503888795726, "freundlich": 0.7119560803956818, "dt50": {"system": 6.0, "soil": 280.4916459464927, "surfaceWater": 6.0, "sediment": 6.0}, "plant_uptake": 0.0, "name": "Compound 4486549767623673410", "model_specific_data": {}, "metabolites": [{"formation_fraction": 0.2, "metabolite": {"molarMass": 300.0, "water_solubility": 0.008857142253098258, "vapor_pressure": 0.00010588800826674121, "reference_temperature": 20.0, "koc": 266.3332731291889, "freundlich": 0.7822497395280967, "dt50": {"system": 6.0, "soil": 31.135391947498427, "surfaceWater": 6.0, "sediment": 6.0}, "plant_uptake": 0.5, "name": "Compound -220965995925538929", "model_specific_data": {}, "metabolites": []}}]}}