{"gap": {"type": "relative", "arguments": {"name": "GAP -296091488377847865", "modelCrop": "WC", "rate": 250.0, "apply_every_n_years": 1, "number_of_applications": 2, "interval": 14, "model_specific_data": {}, "bbch": 31, "season": 0}}, "compound": {"molarMass": 300.0, "water_solubility": 0.1238071138630408, "vapor_pressure": 8.181799806030333e-05, "reference_temperature": 20.0, "koc": 13.44049814791204, "freundlich": 0.8982184425771929, "dt50": {"system": 6.0, "soil": 64.99382389029748, "surfaceWater": 6.0, "sediment": 6.0}, "plant_uptake": 0.0, "name": "Compound -7526028863938843930", "model_specific_data": {}, "metabolites": [{"formation_fraction": 0.2, "metabolite": {"molarMass": 300.0, "water_solubility": 0.005974674552076187, "vapor_pressure": 3.1413474029637035e-05, "reference_temperature": 20.0, "koc": 17.121696021025485, "freundlich": 1.075367468050045, "dt50": {"system": 6.0, "soil": 14.597471027170815, "surfaceWater": 6.0, "sediment": 6.0}, "plant_uptake": 0.5, "name": "Compound -3511780306328466883", "model_specific_data": {}, "metabolites": []}}]}}