{"gap": {"type": "relative", "arguments": {"name": "GAP -296091488377847865", "modelCrop": "WC", "rate": 250.0, "apply_every_n_years": 1, "number_of_applications": 2, "interval": 14, "model_specific_data": {}, "bbch": 31, "season": 0}}, "compound": {"molarMass": 300.0, "water_solubility": 0.008849578617777045, "vapor_pressure": 0.0003301494516476235, "reference_temperature": 20.0, "koc": 2057.1495286734844, "freundlich": 0.8160661993056805, "dt50": {"system": 6.0, "soil": 294.5311522902325, "surfaceWater": 6.0, "sediment": 6.0}, "plant_uptake": 0.0, "name": "Compound 71810066611310740", "model_specific_data": {}, "metabolites": [{"formation_fraction": 0.2, "metabolite": {"molarMass": 300.0, "water_solubility": 0.11127580520277325, "vapor_pressure": 0.00037184713176136394, "reference_temperature": 20.0, "koc": 163.29544877390444, "freundlich": 0.7269307564482239, "dt50": {"system": 6.0, "soil": 12.706863773900977, "surfaceWater": 6.0, "sediment": 6.0}, "plant_uptake": 0.5, "name": "Compound 3256318367826030082", "model_specific_data": {}, "metabolites": []}}]}}