{"gap": {"type": "relative", "arguments": {"name": "GAP -296091488377847865", "modelCrop": "WC", "rate": 250.0, "apply_every_n_years": 1, "number_of_applications": 2, "interval": 14, "model_specific_data": {}, "bbch": 31, "season": 0}}, "compound": {"molarMass": 300.0, "water_solubility": 0.0002522476829490573, "vapor_pressure": 3.918804848136e-05, "reference_temperature": 20.0, "koc": 2010.9467039153644, "freundlich": 1.0933411959663915, "dt50": {"system": 6.0, "soil": 111.30864943695401, "surfaceWater": 6.0, "sediment": 6.0}, "plant_uptake": 0.0, "name": "Compound 3121314722108794745", "model_specific_data": {}, "metabolites": [{"formation_fraction": 0.2, "metabolite": {"molarMass": 300.0, "water_solubility": 0.0011508526089680081, "vapor_pressure": 7.451809548005097e-08, "reference_temperature": 20.0, "koc": 1101.78771082415, "freundlich": 0.9366576448911339, "dt50": {"system": 6.0, "soil": 182.22303976169732, "surfaceWater": 6.0, "sediment": 6.0}, "plant_uptake": 0.5, "name": "Compound 2472068135467627350", "model_specific_data": {}, "metabolites": []}}]}}