{"gap": {"type": "relative", "arguments": {"name": "GAP -296091488377847865", "modelCrop": "WC", "rate": 250.0, "apply_every_n_years": 1, "number_of_applications": 2, "interval": 14, "model_specific_data": {}, "bbch": 31, "season": 0}}, "compound": {"molarMass": 300.0, "water_solubility": 0.0014036373730126758, "vapor_pressure": 3.797557470016315e-05, "reference_temperature": 20.0, "koc": 92.71564905029744, "freundlich": 0.7082112287593925, "dt50": {"system": 6.0, "soil": 244.47573580280127, "surfaceWater": 6.0, "sediment": 6.0}, "plant_uptake": 0.0, "name": "Compound -4555521173536680346", "model_specific_data": {}, "metabolites": [{"formation_fraction": 0.2, "metabolite": {"molarMass": 300.0, "water_solubility": 0.16829090329539126, "vapor_pressure": 2.0914049676031775e-05, "reference_temperature": 20.0, "koc": 825.6371685212398, "freundlich": 0.9747777950931498, "dt50": {"system": 6.0, "soil": 252.70737589145148, "surfaceWater": 6.0, "sediment": 6.0}, "plant_uptake": 0.5, "name": "Compound -4856139435687461627", "model_specific_data": {}, "metabolites": []}}]}}