{"gap": {"type": "relative", "arguments": {"name": "GAP -296091488377847865", "modelCrop": "WC", "rate": 250.0, "apply_every_n_years": 1, "number_of_applications": 2, "interval": 14, "model_specific_data": {}, "bbch": 31, "season": 0}}, "compound": {"molarMass": 300.0, "water_solubility": 0.009514067674814544, "vapor_pressure": 6.77805698282096e-06, "reference_temperature": 20.0, "koc": 4014.6105183766135, "freundlich": 1.183053291227231, "dt50": {"system": 6.0, "soil": 75.64971320642586, "surfaceWater": 6.0, "sediment": 6.0}, "plant_uptake": 0.0, "name": "Compound -4977063821029723283", "model_specific_data": {}, "metabolites": [{"formation_fraction": 0.2, "metabolite": {"molarMass": 300.0, "water_solubility": 0.0072155744958444295, "vapor_pressure": 1.4711431123335958e-07, "reference_temperature": 20.0, "koc": 3557.5063004833964, "freundlich": 1.0217918916370383, "dt50": {"system": 6.0, "soil": 133.22096590315726, "surfaceWater": 6.0, "sediment": 6.0}, "plant_uptake": 0.5, "name": "Compound 4424115127141896836", "model_specific_data": {}, "metabolites": []}}]}}