{"gap": {"type": "relative", "arguments": {"name": "GAP -296091488377847865", "modelCrop": "WC", "rate": 250.0, "apply_every_n_years": 1, "number_of_applications": 2, "interval": 14, "model_specific_data": {}, "bbch": 31, "season": 0}}, "compound": {"molarMass": 300.0, "water_solubility": 0.0038452909926049773, "vapor_pressure": 6.058432372456483e-06, "reference_temperature": 20.0, "koc": 60.94464263737002, "freundlich": 0.7842853951083008, "dt50": {"system": 6.0, "soil": 233.96244823923558, "surfaceWater": 6.0, "sediment": 6.0}, "plant_uptake": 0.0, "name": "Compound -1702838392991269847", "model_specific_data": {}, "metabolites": [{"formation_fraction": 0.2, "metabolite": {"molarMass": 300.0, "water_solubility": 0.048816005237216006, "vapor_pressure": 8.594563243652897e-05, "reference_temperature": 20.0, "koc": 175.67093424506302, "freundlich": 1.1520634969340526, "dt50": {"system": 6.0, "soil": 88.85216801329733, "surfaceWater": 6.0, "sediment": 6.0}, "plant_uptake": 0.5, "name": "Compound 431672773456539545", "model_specific_data": {}, "metabolites": []}}]}}