{"gap": {"type": "relative", "arguments": {"name": "GAP -296091488377847865", "modelCrop": "WC", "rate": 250.0, "apply_every_n_years": 1, "number_of_applications": 2, "interval": 14, "model_specific_data": {}, "bbch": 31, "season": 0}}, "compound": {"molarMass": 300.0, "water_solubility": 0.006034184087931129, "vapor_pressure": 1.9234624273813215e-05, "reference_temperature": 20.0, "koc": 145.60799182805354, "freundlich": 0.7140175881675234, "dt50": {"system": 6.0, "soil": 288.121181224144, "surfaceWater": 6.0, "sediment": 6.0}, "plant_uptake": 0.0, "name": "Compound -2282752391186461086", "model_specific_data": {}, "metabolites": [{"formation_fraction": 0.2, "metabolite": {"molarMass": 300.0, "water_solubility": 0.30002721347555134, "vapor_pressure": 2.939304952913429e-06, "reference_temperature": 20.0, "koc": 2603.740342859461, "freundlich": 1.1447554377854874, "dt50": {"system": 6.0, "soil": 108.80238622691202, "surfaceWater": 6.0, "sediment": 6.0}, "plant_uptake": 0.5, "name": "Compound -5770740938820213913", "model_specific_data": {}, "metabolites": []}}]}}