{"gap": {"type": "relative", "arguments": {"name": "GAP -296091488377847865", "modelCrop": "WC", "rate": 250.0, "apply_every_n_years": 1, "number_of_applications": 2, "interval": 14, "model_specific_data": {}, "bbch": 31, "season": 0}}, "compound": {"molarMass": 300.0, "water_solubility": 0.045160679381931204, "vapor_pressure": 0.0010833059390283127, "reference_temperature": 20.0, "koc": 2018.2344698668066, "freundlich": 1.179778520055618, "dt50": {"system": 6.0, "soil": 42.169173096081586, "surfaceWater": 6.0, "sediment": 6.0}, "plant_uptake": 0.0, "name": "Compound 321255634503532413", "model_specific_data": {}, "metabolites": [{"formation_fraction": 0.2, "metabolite": {"molarMass": 300.0, "water_solubility": 3.7351262623583468, "vapor_pressure": 3.970991229255786e-05, "reference_temperature": 20.0, "koc": 2224.1308311555235, "freundlich": 0.9503768554136881, "dt50": {"system": 6.0, "soil": 254.73702835264385, "surfaceWater": 6.0, "sediment": 6.0}, "plant_uptake": 0.5, "name": "Compound 1407508810319242017", "model_specific_data": {}, "metabolites": []}}]}}