{"gap": {"type": "relative", "arguments": {"name": "GAP -296091488377847865", "modelCrop": "WC", "rate": 250.0, "apply_every_n_years": 1, "number_of_applications": 2, "interval": 14, "model_specific_data": {}, "bbch": 31, "season": 0}}, "compound": {"molarMass": 300.0, "water_solubility": 0.004502430796324251, "vapor_pressure": 0.00018622711351683763, "reference_temperature": 20.0, "koc": 2054.6713424138447, "freundlich": 0.8968238255843235, "dt50": {"system": 6.0, "soil": 60.08867115981232, "surfaceWater": 6.0, "sediment": 6.0}, "plant_uptake": 0.0, "name": "Compound -72661579781537472", "model_specific_data": {}, "metabolites": [{"formation_fraction": 0.2, "metabolite": {"molarMass": 300.0, "water_solubility": 0.025827280051419595, "vapor_pressure": 0.012597783674749702, "reference_temperature": 20.0, "koc": 1349.0824202265767, "freundlich": 1.13388464845824, "dt50": {"system": 6.0, "soil": 28.162975546900768, "surfaceWater": 6.0, "sediment": 6.0}, "plant_uptake": 0.5, "name": "Compound -5178637061846022145", "model_specific_data": {}, "metabolites": []}}]}}