{"gap": {"type": "relative", "arguments": {"name": "GAP -296091488377847865", "modelCrop": "WC", "rate": 250.0, "apply_every_n_years": 1, "number_of_applications": 2, "interval": 14, "model_specific_data": {}, "bbch": 31, "season": 0}}, "compound": {"molarMass": 300.0, "water_solubility": 0.013253550239524335, "vapor_pressure": 0.0001083047954404179, "reference_temperature": 20.0, "koc": 313.12043260466834, "freundlich": 1.1222305230150382, "dt50": {"system": 6.0, "soil": 80.61093626310362, "surfaceWater": 6.0, "sediment": 6.0}, "plant_uptake": 0.0, "name": "Compound 2063523641645279453", "model_specific_data": {}, "metabolites": [{"formation_fraction": 0.2, "metabolite": {"molarMass": 300.0, "water_solubility": 4.421146185310487e-05, "vapor_pressure": 0.00037332128942041604, "reference_temperature": 20.0, "koc": 276.49411512188425, "freundlich": 0.8215795653376473, "dt50": {"system": 6.0, "soil": 257.61699226778916, "surfaceWater": 6.0, "sediment": 6.0}, "plant_uptake": 0.5, "name": "Compound 7478039648785478525", "model_specific_data": {}, "metabolites": []}}]}}