{"gap": {"type": "relative", "arguments": {"name": "GAP -296091488377847865", "modelCrop": "WC", "rate": 250.0, "apply_every_n_years": 1, "number_of_applications": 2, "interval": 14, "model_specific_data": {}, "bbch": 31, "season": 0}}, "compound": {"molarMass": 300.0, "water_solubility": 0.09607375014355787, "vapor_pressure": 1.172088743296772e-06, "reference_temperature": 20.0, "koc": 37.14305167769318, "freundlich": 0.8066516132267845, "dt50": {"system": 6.0, "soil": 255.7059028515929, "surfaceWater": 6.0, "sediment": 6.0}, "plant_uptake": 0.0, "name": "Compound 1775523553858225282", "model_specific_data": {}, "metabolites": [{"formation_fraction": 0.2, "metabolite": {"molarMass": 300.0, "water_solubility": 0.021422525788664604, "vapor_pressure": 2.1955079803767943e-06, "reference_temperature": 20.0, "koc": 491.3900956867294, "freundlich": 0.7508767763853429, "dt50": {"system": 6.0, "soil": 228.97010772699218, "surfaceWater": 6.0, "sediment": 6.0}, "plant_uptake": 0.5, "name": "Compound 1654078194304124922", "model_specific_data": {}, "metabolites": []}}]}}