{"gap": {"type": "relative", "arguments": {"name": "GAP -296091488377847865", "modelCrop": "WC", "rate": 250.0, "apply_every_n_years": 1, "number_of_applications": 2, "interval": 14, "model_specific_data": {}, "bbch": 31, "season": 0}}, "compound": {"molarMass": 300.0, "water_solubility": 0.004158187900526911, "vapor_pressure": 1.0563408975553727e-05, "reference_temperature": 20.0, "koc": 321.9144228210684, "freundlich": 0.733699661553896, "dt50": {"system": 6.0, "soil": 291.02185471478936, "surfaceWater": 6.0, "sediment": 6.0}, "plant_uptake": 0.0, "name": "Compound 3574456461067991339", "model_specific_data": {}, "metabolites": [{"formation_fraction": 0.2, "metabolite": {"molarMass": 300.0, "water_solubility": 0.20141364658918484, "vapor_pressure": 4.557494484427714e-08, "reference_temperature": 20.0, "koc": 687.3481757434025, "freundlich": 0.8042280772347152, "dt50": {"system": 6.0, "soil": 44.31358626599591, "surfaceWater": 6.0, "sediment": 6.0}, "plant_uptake": 0.5, "name": "Compound -3189814343283448630", "model_specific_data": {}, "metabolites": []}}]}}