{"gap": {"type": "relative", "arguments": {"name": "GAP -296091488377847865", "modelCrop": "WC", "rate": 250.0, "apply_every_n_years": 1, "number_of_applications": 2, "interval": 14, "model_specific_data": {}, "bbch": 31, "season": 0}}, "compound": {"molarMass": 300.0, "water_solubility": 0.0002622949163851962, "vapor_pressure": 0.00018098092837989433, "reference_temperature": 20.0, "koc": 114.99999790492937, "freundlich": 1.059792523116899, "dt50": {"system": 6.0, "soil": 10.71922490992995, "surfaceWater": 6.0, "sediment": 6.0}, "plant_uptake": 0.0, "name": "Compound -6095716749880356379", "model_specific_data": {}, "metabolites": [{"formation_fraction": 0.2, "metabolite": {"molarMass": 300.0, "water_solubility": 0.2368249734804951, "vapor_pressure": 0.0014095308994555213, "reference_temperature": 20.0, "koc": 2566.4803369363317, "freundlich": 0.9223223080884458, "dt50": {"system": 6.0, "soil": 97.41665264396791, "surfaceWater": 6.0, "sediment": 6.0}, "plant_uptake": 0.5, "name": "Compound 8284514227111877346", "model_specific_data": {}, "metabolites": []}}]}}