{"gap": {"type": "relative", "arguments": {"name": "GAP -296091488377847865", "modelCrop": "WC", "rate": 250.0, "apply_every_n_years": 1, "number_of_applications": 2, "interval": 14, "model_specific_data": {}, "bbch": 31, "season": 0}}, "compound": {"molarMass": 300.0, "water_solubility": 0.036457213373391896, "vapor_pressure": 8.005414011681346e-06, "reference_temperature": 20.0, "koc": 17.985521902443782, "freundlich": 0.7309547231949839, "dt50": {"system": 6.0, "soil": 119.61310320347373, "surfaceWater": 6.0, "sediment": 6.0}, "plant_uptake": 0.0, "name": "Compound 4224203425309319843", "model_specific_data": {}, "metabolites": [{"formation_fraction": 0.2, "metabolite": {"molarMass": 300.0, "water_solubility": 0.003925352670414446, "vapor_pressure": 0.0026472824723000623, "reference_temperature": 20.0, "koc": 473.1106045893832, "freundlich": 1.1396348005548411, "dt50": {"system": 6.0, "soil": 9.266653471954376, "surfaceWater": 6.0, "sediment": 6.0}, "plant_uptake": 0.5, "name": "Compound -7737271725534558387", "model_specific_data": {}, "metabolites": []}}]}}