{"gap": {"type": "relative", "arguments": {"name": "GAP -296091488377847865", "modelCrop": "WC", "rate": 250.0, "apply_every_n_years": 1, "number_of_applications": 2, "interval": 14, "model_specific_data": {}, "bbch": 31, "season": 0}}, "compound": {"molarMass": 300.0, "water_solubility": 9.231851459880121e-05, "vapor_pressure": 7.009792009474418e-09, "reference_temperature": 20.0, "koc": 2304.1154365973784, "freundlich": 0.7529401270407353, "dt50": {"system": 6.0, "soil": 157.9964202239035, "surfaceWater": 6.0, "sediment": 6.0}, "plant_uptake": 0.0, "name": "Compound 3558567285600942078", "model_specific_data": {}, "metabolites": [{"formation_fraction": 0.2, "metabolite": {"molarMass": 300.0, "water_solubility": 9.151897060228996e-05, "vapor_pressure": 1.5672962860957023e-07, "reference_temperature": 20.0, "koc": 334.066119189432, "freundlich": 1.1848293528583178, "dt50": {"system": 6.0, "soil": 45.070842101114145, "surfaceWater": 6.0, "sediment": 6.0}, "plant_uptake": 0.5, "name": "Compound 9040873600047258294", "model_specific_data": {}, "metabolites": []}}]}}