{"gap": {"type": "relative", "arguments": {"name": "GAP -296091488377847865", "modelCrop": "WC", "rate": 250.0, "apply_every_n_years": 1, "number_of_applications": 2, "interval": 14, "model_specific_data": {}, "bbch": 31, "season": 0}}, "compound": {"molarMass": 300.0, "water_solubility": 0.5891883014007379, "vapor_pressure": 1.5817833484109334e-06, "reference_temperature": 20.0, "koc": 11.389309575800771, "freundlich": 0.916982969443866, "dt50": {"system": 6.0, "soil": 246.87714980250502, "surfaceWater": 6.0, "sediment": 6.0}, "plant_uptake": 0.0, "name": "Compound -2548610970115719153", "model_specific_data": {}, "metabolites": [{"formation_fraction": 0.2, "metabolite": {"molarMass": 300.0, "water_solubility": 0.0012545122839314972, "vapor_pressure": 7.207759583392929e-06, "reference_temperature": 20.0, "koc": 3111.40554552987, "freundlich": 0.8141610200820766, "dt50": {"system": 6.0, "soil": 57.48922166955972, "surfaceWater": 6.0, "sediment": 6.0}, "plant_uptake": 0.5, "name": "Compound -4225232842826862067", "model_specific_data": {}, "metabolites": []}}]}}