{"gap": {"type": "relative", "arguments": {"name": "GAP -296091488377847865", "modelCrop": "WC", "rate": 250.0, "apply_every_n_years": 1, "number_of_applications": 2, "interval": 14, "model_specific_data": {}, "bbch": 31, "season": 0}}, "compound": {"molarMass": 300.0, "water_solubility": 0.32581798833889697, "vapor_pressure": 5.35807311945351e-08, "reference_temperature": 20.0, "koc": 263.02994429097305, "freundlich": 1.084824544385966, "dt50": {"system": 6.0, "soil": 181.09862442438543, "surfaceWater": 6.0, "sediment": 6.0}, "plant_uptake": 0.0, "name": "Compound 5478164718115884572", "model_specific_data": {}, "metabolites": [{"formation_fraction": 0.2, "metabolite": {"molarMass": 300.0, "water_solubility": 0.009278554271193194, "vapor_pressure": 0.0007111193474466792, "reference_temperature": 20.0, "koc": 128.1451617333371, "freundlich": 0.732737639854447, "dt50": {"system": 6.0, "soil": 2.907889064372656, "surfaceWater": 6.0, "sediment": 6.0}, "plant_uptake": 0.5, "name": "Compound -7267996098864562702", "model_specific_data": {}, "metabolites": []}}]}}