{"gap": {"type": "relative", "arguments": {"name": "GAP -296091488377847865", "modelCrop": "WC", "rate": 250.0, "apply_every_n_years": 1, "number_of_applications": 2, "interval": 14, "model_specific_data": {}, "bbch": 31, "season": 0}}, "compound": {"molarMass": 300.0, "water_solubility": 0.07244060578199346, "vapor_pressure": 3.564466765232958e-06, "reference_temperature": 20.0, "koc": 419.2565046967609, "freundlich": 1.0138184668067625, "dt50": {"system": 6.0, "soil": 133.56945565151608, "surfaceWater": 6.0, "sediment": 6.0}, "plant_uptake": 0.0, "name": "Compound -7867390352450233441", "model_specific_data": {}, "metabolites": [{"formation_fraction": 0.2, "metabolite": {"molarMass": 300.0, "water_solubility": 0.0014855688278095057, "vapor_pressure": 7.676801452921683e-06, "reference_temperature": 20.0, "koc": 92.27468668316257, "freundlich": 1.1312570598151022, "dt50": {"system": 6.0, "soil": 198.96559592806275, "surfaceWater": 6.0, "sediment": 6.0}, "plant_uptake": 0.5, "name": "Compound 5634662900901059742", "model_specific_data": {}, "metabolites": []}}]}}