{"gap": {"type": "relative", "arguments": {"name": "GAP -296091488377847865", "modelCrop": "WC", "rate": 250.0, "apply_every_n_years": 1, "number_of_applications": 2, "interval": 14, "model_specific_data": {}, "bbch": 31, "season": 0}}, "compound": {"molarMass": 300.0, "water_solubility": 0.03241098147080678, "vapor_pressure": 2.0554615463181605e-06, "reference_temperature": 20.0, "koc": 110.99473295261167, "freundlich": 1.1608183570068613, "dt50": {"system": 6.0, "soil": 122.60370970174971, "surfaceWater": 6.0, "sediment": 6.0}, "plant_uptake": 0.0, "name": "Compound -8078267232226644228", "model_specific_data": {}, "metabolites": [{"formation_fraction": 0.2, "metabolite": {"molarMass": 300.0, "water_solubility": 0.05032053553718321, "vapor_pressure": 0.0002325492518327214, "reference_temperature": 20.0, "koc": 1231.7597146786063, "freundlich": 0.9614469981608613, "dt50": {"system": 6.0, "soil": 153.37190784811602, "surfaceWater": 6.0, "sediment": 6.0}, "plant_uptake": 0.5, "name": "Compound -413338093775102736", "model_specific_data": {}, "metabolites": []}}]}}