{"gap": {"type": "relative", "arguments": {"name": "GAP -296091488377847865", "modelCrop": "WC", "rate": 250.0, "apply_every_n_years": 1, "number_of_applications": 2, "interval": 14, "model_specific_data": {}, "bbch": 31, "season": 0}}, "compound": {"molarMass": 300.0, "water_solubility": 0.000879327471814068, "vapor_pressure": 2.1705513316475178e-05, "reference_temperature": 20.0, "koc": 2812.742617529686, "freundlich": 0.7352822455164243, "dt50": {"system": 6.0, "soil": 1.332212632967126, "surfaceWater": 6.0, "sediment": 6.0}, "plant_uptake": 0.0, "name": "Compound 8727158219422179621", "model_specific_data": {}, "metabolites": [{"formation_fraction": 0.2, "metabolite": {"molarMass": 300.0, "water_solubility": 0.004231051917036853, "vapor_pressure": 2.1815643052935865e-07, "reference_temperature": 20.0, "koc": 128.50186086530988, "freundlich": 0.8678842452360858, "dt50": {"system": 6.0, "soil": 269.8924004701715, "surfaceWater": 6.0, "sediment": 6.0}, "plant_uptake": 0.5, "name": "Compound -4754332063518890507", "model_specific_data": {}, "metabolites": []}}]}}