{"gap": {"type": "relative", "arguments": {"name": "GAP -296091488377847865", "modelCrop": "WC", "rate": 250.0, "apply_every_n_years": 1, "number_of_applications": 2, "interval": 14, "model_specific_data": {}, "bbch": 31, "season": 0}}, "compound": {"molarMass": 300.0, "water_solubility": 0.004076165692625789, "vapor_pressure": 7.195245015251894e-06, "reference_temperature": 20.0, "koc": 779.0558861901816, "freundlich": 0.8893242387919399, "dt50": {"system": 6.0, "soil": 232.44725346089538, "surfaceWater": 6.0, "sediment": 6.0}, "plant_uptake": 0.0, "name": "Compound 4065213224717088703", "model_specific_data": {}, "metabolites": [{"formation_fraction": 0.2, "metabolite": {"molarMass": 300.0, "water_solubility": 0.05327129374280424, "vapor_pressure": 0.00011471789679250379, "reference_temperature": 20.0, "koc": 583.2546841998535, "freundlich": 1.1455344601819397, "dt50": {"system": 6.0, "soil": 159.8555990046742, "surfaceWater": 6.0, "sediment": 6.0}, "plant_uptake": 0.5, "name": "Compound -2877617900067976494", "model_specific_data": {}, "metabolites": []}}]}}