{"gap": {"type": "relative", "arguments": {"name": "GAP -296091488377847865", "modelCrop": "WC", "rate": 250.0, "apply_every_n_years": 1, "number_of_applications": 2, "interval": 14, "model_specific_data": {}, "bbch": 31, "season": 0}}, "compound": {"molarMass": 300.0, "water_solubility": 0.03968015163616061, "vapor_pressure": 0.010171546567218307, "reference_temperature": 20.0, "koc": 43.800070310599246, "freundlich": 0.7944214136930244, "dt50": {"system": 6.0, "soil": 15.674628979127595, "surfaceWater": 6.0, "sediment": 6.0}, "plant_uptake": 0.0, "name": "Compound -6361447005578338019", "model_specific_data": {}, "metabolites": [{"formation_fraction": 0.2, "metabolite": {"molarMass": 300.0, "water_solubility": 0.002469332053092087, "vapor_pressure": 4.176654877934804e-05, "reference_temperature": 20.0, "koc": 1651.192919221847, "freundlich": 0.7032356987931443, "dt50": {"system": 6.0, "soil": 220.05459678023263, "surfaceWater": 6.0, "sediment": 6.0}, "plant_uptake": 0.5, "name": "Compound -1313514362095100671", "model_specific_data": {}, "metabolites": []}}]}}