{"gap": {"type": "relative", "arguments": {"name": "GAP -296091488377847865", "modelCrop": "WC", "rate": 250.0, "apply_every_n_years": 1, "number_of_applications": 2, "interval": 14, "model_specific_data": {}, "bbch": 31, "season": 0}}, "compound": {"molarMass": 300.0, "water_solubility": 2.2840116963432102e-05, "vapor_pressure": 1.0311219163588768e-05, "reference_temperature": 20.0, "koc": 259.4897303149868, "freundlich": 0.8739154002401979, "dt50": {"system": 6.0, "soil": 282.62779280623477, "surfaceWater": 6.0, "sediment": 6.0}, "plant_uptake": 0.0, "name": "Compound 1636030963119545531", "model_specific_data": {}, "metabolites": [{"formation_fraction": 0.2, "metabolite": {"molarMass": 300.0, "water_solubility": 0.04440657768311603, "vapor_pressure": 1.3212564230502077e-05, "reference_temperature": 20.0, "koc": 11.692606973846269, "freundlich": 0.7585642626135414, "dt50": {"system": 6.0, "soil": 132.9850457095491, "surfaceWater": 6.0, "sediment": 6.0}, "plant_uptake": 0.5, "name": "Compound 553171379028429136", "model_specific_data": {}, "metabolites": []}}]}}