{"gap": {"type": "relative", "arguments": {"name": "GAP -296091488377847865", "modelCrop": "WC", "rate": 250.0, "apply_every_n_years": 1, "number_of_applications": 2, "interval": 14, "model_specific_data": {}, "bbch": 31, "season": 0}}, "compound": {"molarMass": 300.0, "water_solubility": 0.002582161398454466, "vapor_pressure": 0.0001056425211630902, "reference_temperature": 20.0, "koc": 482.8458668872428, "freundlich": 0.7822192019242699, "dt50": {"system": 6.0, "soil": 165.1961485249972, "surfaceWater": 6.0, "sediment": 6.0}, "plant_uptake": 0.0, "name": "Compound 1439164098660116949", "model_specific_data": {}, "metabolites": [{"formation_fraction": 0.2, "metabolite": {"molarMass": 300.0, "water_solubility": 0.02886957634688556, "vapor_pressure": 5.595421353007933e-07, "reference_temperature": 20.0, "koc": 2919.723681070281, "freundlich": 0.900003075836143, "dt50": {"system": 6.0, "soil": 132.88461124960762, "surfaceWater": 6.0, "sediment": 6.0}, "plant_uptake": 0.5, "name": "Compound -3967041529208953887", "model_specific_data": {}, "metabolites": []}}]}}