{"gap": {"type": "relative", "arguments": {"name": "GAP -296091488377847865", "modelCrop": "WC", "rate": 250.0, "apply_every_n_years": 1, "number_of_applications": 2, "interval": 14, "model_specific_data": {}, "bbch": 31, "season": 0}}, "compound": {"molarMass": 300.0, "water_solubility": 0.09534460695422813, "vapor_pressure": 7.224477040931076e-05, "reference_temperature": 20.0, "koc": 1373.5022979570622, "freundlich": 0.7200761262582451, "dt50": {"system": 6.0, "soil": 114.85457449051243, "surfaceWater": 6.0, "sediment": 6.0}, "plant_uptake": 0.0, "name": "Compound -2684877281234483645", "model_specific_data": {}, "metabolites": [{"formation_fraction": 0.2, "metabolite": {"molarMass": 300.0, "water_solubility": 0.002883473870600831, "vapor_pressure": 0.10883751767417303, "reference_temperature": 20.0, "koc": 2198.9355961968317, "freundlich": 1.089820794711637, "dt50": {"system": 6.0, "soil": 43.82953142023941, "surfaceWater": 6.0, "sediment": 6.0}, "plant_uptake": 0.5, "name": "Compound -4223118567500444423", "model_specific_data": {}, "metabolites": []}}]}}