{"gap": {"type": "relative", "arguments": {"name": "GAP -296091488377847865", "modelCrop": "WC", "rate": 250.0, "apply_every_n_years": 1, "number_of_applications": 2, "interval": 14, "model_specific_data": {}, "bbch": 31, "season": 0}}, "compound": {"molarMass": 300.0, "water_solubility": 0.184828578485354, "vapor_pressure": 0.0006543708079660654, "reference_temperature": 20.0, "koc": 3076.3240900564683, "freundlich": 1.173076916872985, "dt50": {"system": 6.0, "soil": 142.81766676674374, "surfaceWater": 6.0, "sediment": 6.0}, "plant_uptake": 0.0, "name": "Compound 2102619748152135933", "model_specific_data": {}, "metabolites": [{"formation_fraction": 0.2, "metabolite": {"molarMass": 300.0, "water_solubility": 0.03524750635408486, "vapor_pressure": 5.098908909903129e-07, "reference_temperature": 20.0, "koc": 17.20105601066936, "freundlich": 1.1172480155834468, "dt50": {"system": 6.0, "soil": 86.3899716309777, "surfaceWater": 6.0, "sediment": 6.0}, "plant_uptake": 0.5, "name": "Compound -1286661127568467010", "model_specific_data": {}, "metabolites": []}}]}}