{"gap": {"type": "relative", "arguments": {"name": "GAP -296091488377847865", "modelCrop": "WC", "rate": 250.0, "apply_every_n_years": 1, "number_of_applications": 2, "interval": 14, "model_specific_data": {}, "bbch": 31, "season": 0}}, "compound": {"molarMass": 300.0, "water_solubility": 0.010745214319164371, "vapor_pressure": 1.408972444419345e-06, "reference_temperature": 20.0, "koc": 173.52252693670252, "freundlich": 0.8195837846951697, "dt50": {"system": 6.0, "soil": 18.891550703306443, "surfaceWater": 6.0, "sediment": 6.0}, "plant_uptake": 0.0, "name": "Compound -5078883439369271484", "model_specific_data": {}, "metabolites": [{"formation_fraction": 0.2, "metabolite": {"molarMass": 300.0, "water_solubility": 0.0005802460489107465, "vapor_pressure": 2.4032565722867477e-06, "reference_temperature": 20.0, "koc": 813.8870255847322, "freundlich": 0.7544755907146157, "dt50": {"system": 6.0, "soil": 260.69395517723893, "surfaceWater": 6.0, "sediment": 6.0}, "plant_uptake": 0.5, "name": "Compound -427031829461736634", "model_specific_data": {}, "metabolites": []}}]}}