{"gap": {"type": "relative", "arguments": {"name": "GAP -296091488377847865", "modelCrop": "WC", "rate": 250.0, "apply_every_n_years": 1, "number_of_applications": 2, "interval": 14, "model_specific_data": {}, "bbch": 31, "season": 0}}, "compound": {"molarMass": 300.0, "water_solubility": 0.14067311086839734, "vapor_pressure": 5.187509712419172e-06, "reference_temperature": 20.0, "koc": 43.35687043573279, "freundlich": 0.911554236679142, "dt50": {"system": 6.0, "soil": 277.4166509817315, "surfaceWater": 6.0, "sediment": 6.0}, "plant_uptake": 0.0, "name": "Compound -358949290420952011", "model_specific_data": {}, "metabolites": [{"formation_fraction": 0.2, "metabolite": {"molarMass": 300.0, "water_solubility": 0.04334357149401241, "vapor_pressure": 6.269299693530956e-07, "reference_temperature": 20.0, "koc": 67.29658848600288, "freundlich": 0.7023513512143953, "dt50": {"system": 6.0, "soil": 193.12628191733435, "surfaceWater": 6.0, "sediment": 6.0}, "plant_uptake": 0.5, "name": "Compound -3682093210052141860", "model_specific_data": {}, "metabolites": []}}]}}