{"gap": {"type": "relative", "arguments": {"name": "GAP -296091488377847865", "modelCrop": "WC", "rate": 250.0, "apply_every_n_years": 1, "number_of_applications": 2, "interval": 14, "model_specific_data": {}, "bbch": 31, "season": 0}}, "compound": {"molarMass": 300.0, "water_solubility": 0.0005622891818940357, "vapor_pressure": 4.410829017791182e-06, "reference_temperature": 20.0, "koc": 42.781790943488296, "freundlich": 0.9132583797055711, "dt50": {"system": 6.0, "soil": 18.654442634347813, "surfaceWater": 6.0, "sediment": 6.0}, "plant_uptake": 0.0, "name": "Compound -5761607471067459889", "model_specific_data": {}, "metabolites": [{"formation_fraction": 0.2, "metabolite": {"molarMass": 300.0, "water_solubility": 0.005159646023886828, "vapor_pressure": 1.9910241439746203e-06, "reference_temperature": 20.0, "koc": 40.82053852235548, "freundlich": 0.928583897731595, "dt50": {"system": 6.0, "soil": 216.0911382889448, "surfaceWater": 6.0, "sediment": 6.0}, "plant_uptake": 0.5, "name": "Compound 5234591356366183472", "model_specific_data": {}, "metabolites": []}}]}}