{"gap": {"type": "relative", "arguments": {"name": "GAP -296091488377847865", "modelCrop": "WC", "rate": 250.0, "apply_every_n_years": 1, "number_of_applications": 2, "interval": 14, "model_specific_data": {}, "bbch": 31, "season": 0}}, "compound": {"molarMass": 300.0, "water_solubility": 0.026258286832202094, "vapor_pressure": 6.445687058331333e-07, "reference_temperature": 20.0, "koc": 106.68127988722082, "freundlich": 0.8117668400888014, "dt50": {"system": 6.0, "soil": 152.3170740686401, "surfaceWater": 6.0, "sediment": 6.0}, "plant_uptake": 0.0, "name": "Compound 8305933569441166881", "model_specific_data": {}, "metabolites": [{"formation_fraction": 0.2, "metabolite": {"molarMass": 300.0, "water_solubility": 0.0062008638417831215, "vapor_pressure": 2.42759512217188e-08, "reference_temperature": 20.0, "koc": 801.4664533088921, "freundlich": 1.0684233012671964, "dt50": {"system": 6.0, "soil": 269.28685106684236, "surfaceWater": 6.0, "sediment": 6.0}, "plant_uptake": 0.5, "name": "Compound 3230137175165551674", "model_specific_data": {}, "metabolites": []}}]}}