{"gap": {"type": "relative", "arguments": {"name": "GAP -296091488377847865", "modelCrop": "WC", "rate": 250.0, "apply_every_n_years": 1, "number_of_applications": 2, "interval": 14, "model_specific_data": {}, "bbch": 31, "season": 0}}, "compound": {"molarMass": 300.0, "water_solubility": 0.010570986173727164, "vapor_pressure": 6.619452395948456e-07, "reference_temperature": 20.0, "koc": 119.92252580553681, "freundlich": 0.9622329809511267, "dt50": {"system": 6.0, "soil": 35.65258590425798, "surfaceWater": 6.0, "sediment": 6.0}, "plant_uptake": 0.0, "name": "Compound 3954272983785703345", "model_specific_data": {}, "metabolites": [{"formation_fraction": 0.2, "metabolite": {"molarMass": 300.0, "water_solubility": 0.001801355160747152, "vapor_pressure": 4.558566934375425e-06, "reference_temperature": 20.0, "koc": 1993.6323357723654, "freundlich": 1.1419252260270767, "dt50": {"system": 6.0, "soil": 176.45058598281528, "surfaceWater": 6.0, "sediment": 6.0}, "plant_uptake": 0.5, "name": "Compound 8965662819028854155", "model_specific_data": {}, "metabolites": []}}]}}