{"gap": {"type": "relative", "arguments": {"name": "GAP -296091488377847865", "modelCrop": "WC", "rate": 250.0, "apply_every_n_years": 1, "number_of_applications": 2, "interval": 14, "model_specific_data": {}, "bbch": 31, "season": 0}}, "compound": {"molarMass": 300.0, "water_solubility": 0.0043887866497408935, "vapor_pressure": 0.0001672320009511883, "reference_temperature": 20.0, "koc": 147.7086533399311, "freundlich": 1.1250837473172544, "dt50": {"system": 6.0, "soil": 123.6491875503076, "surfaceWater": 6.0, "sediment": 6.0}, "plant_uptake": 0.0, "name": "Compound 3882574732999984437", "model_specific_data": {}, "metabolites": [{"formation_fraction": 0.2, "metabolite": {"molarMass": 300.0, "water_solubility": 0.0001970492674801843, "vapor_pressure": 1.4669604724333847e-05, "reference_temperature": 20.0, "koc": 909.8059556492578, "freundlich": 1.05132968004331, "dt50": {"system": 6.0, "soil": 189.83348495467834, "surfaceWater": 6.0, "sediment": 6.0}, "plant_uptake": 0.5, "name": "Compound 4674783430729490193", "model_specific_data": {}, "metabolites": []}}]}}