{"gap": {"type": "relative", "arguments": {"name": "GAP -296091488377847865", "modelCrop": "WC", "rate": 250.0, "apply_every_n_years": 1, "number_of_applications": 2, "interval": 14, "model_specific_data": {}, "bbch": 31, "season": 0}}, "compound": {"molarMass": 300.0, "water_solubility": 0.15347531366951947, "vapor_pressure": 0.00011207939984166765, "reference_temperature": 20.0, "koc": 19.277792631064592, "freundlich": 1.1908024322459432, "dt50": {"system": 6.0, "soil": 183.3822655945715, "surfaceWater": 6.0, "sediment": 6.0}, "plant_uptake": 0.0, "name": "Compound 1484878602377459824", "model_specific_data": {}, "metabolites": [{"formation_fraction": 0.2, "metabolite": {"molarMass": 300.0, "water_solubility": 0.22074649365319593, "vapor_pressure": 2.1017681608509632e-09, "reference_temperature": 20.0, "koc": 26.163594146039927, "freundlich": 0.7796695370929048, "dt50": {"system": 6.0, "soil": 41.603817265539185, "surfaceWater": 6.0, "sediment": 6.0}, "plant_uptake": 0.5, "name": "Compound -3697723136226232250", "model_specific_data": {}, "metabolites": []}}]}}