{"gap": {"type": "relative", "arguments": {"name": "GAP -296091488377847865", "modelCrop": "WC", "rate": 250.0, "apply_every_n_years": 1, "number_of_applications": 2, "interval": 14, "model_specific_data": {}, "bbch": 31, "season": 0}}, "compound": {"molarMass": 300.0, "water_solubility": 0.05839954323022256, "vapor_pressure": 0.00027545958267976737, "reference_temperature": 20.0, "koc": 1242.6521179054157, "freundlich": 0.7760085676036468, "dt50": {"system": 6.0, "soil": 28.39417891808624, "surfaceWater": 6.0, "sediment": 6.0}, "plant_uptake": 0.0, "name": "Compound 6965070228036606241", "model_specific_data": {}, "metabolites": [{"formation_fraction": 0.2, "metabolite": {"molarMass": 300.0, "water_solubility": 0.0005873882026322188, "vapor_pressure": 2.8190682766789347e-05, "reference_temperature": 20.0, "koc": 138.05811952906615, "freundlich": 1.043715091076229, "dt50": {"system": 6.0, "soil": 262.3787595274539, "surfaceWater": 6.0, "sediment": 6.0}, "plant_uptake": 0.5, "name": "Compound -4719965159201500386", "model_specific_data": {}, "metabolites": []}}]}}