{"gap": {"type": "relative", "arguments": {"name": "GAP -296091488377847865", "modelCrop": "WC", "rate": 250.0, "apply_every_n_years": 1, "number_of_applications": 2, "interval": 14, "model_specific_data": {}, "bbch": 31, "season": 0}}, "compound": {"molarMass": 300.0, "water_solubility": 0.03501385775206492, "vapor_pressure": 4.654760688015957e-06, "reference_temperature": 20.0, "koc": 71.97649576833035, "freundlich": 1.1029349762226428, "dt50": {"system": 6.0, "soil": 12.085930026594744, "surfaceWater": 6.0, "sediment": 6.0}, "plant_uptake": 0.0, "name": "Compound -2610639929074607531", "model_specific_data": {}, "metabolites": [{"formation_fraction": 0.2, "metabolite": {"molarMass": 300.0, "water_solubility": 0.00732432334273259, "vapor_pressure": 0.00022947474619411704, "reference_temperature": 20.0, "koc": 616.1309020757247, "freundlich": 1.041550761229498, "dt50": {"system": 6.0, "soil": 62.45269509335475, "surfaceWater": 6.0, "sediment": 6.0}, "plant_uptake": 0.5, "name": "Compound 463036672609512021", "model_specific_data": {}, "metabolites": []}}]}}