{"gap": {"type": "relative", "arguments": {"name": "GAP -296091488377847865", "modelCrop": "WC", "rate": 250.0, "apply_every_n_years": 1, "number_of_applications": 2, "interval": 14, "model_specific_data": {}, "bbch": 31, "season": 0}}, "compound": {"molarMass": 300.0, "water_solubility": 0.24456900472911636, "vapor_pressure": 1.624917055378128e-06, "reference_temperature": 20.0, "koc": 198.4027823339779, "freundlich": 1.1922371609660973, "dt50": {"system": 6.0, "soil": 83.03475261920642, "surfaceWater": 6.0, "sediment": 6.0}, "plant_uptake": 0.0, "name": "Compound 5424110693569327871", "model_specific_data": {}, "metabolites": [{"formation_fraction": 0.2, "metabolite": {"molarMass": 300.0, "water_solubility": 0.0037781614586548436, "vapor_pressure": 9.069353879616748e-05, "reference_temperature": 20.0, "koc": 363.32188357945563, "freundlich": 0.9975540766183817, "dt50": {"system": 6.0, "soil": 203.56191367154253, "surfaceWater": 6.0, "sediment": 6.0}, "plant_uptake": 0.5, "name": "Compound 8358997986001508752", "model_specific_data": {}, "metabolites": []}}]}}