{"gap": {"type": "relative", "arguments": {"name": "GAP -296091488377847865", "modelCrop": "WC", "rate": 250.0, "apply_every_n_years": 1, "number_of_applications": 2, "interval": 14, "model_specific_data": {}, "bbch": 31, "season": 0}}, "compound": {"molarMass": 300.0, "water_solubility": 0.0007495003613811954, "vapor_pressure": 2.2777578452210798e-07, "reference_temperature": 20.0, "koc": 3332.9743416642873, "freundlich": 0.7055607823676431, "dt50": {"system": 6.0, "soil": 84.60868756006278, "surfaceWater": 6.0, "sediment": 6.0}, "plant_uptake": 0.0, "name": "Compound 794933160272438123", "model_specific_data": {}, "metabolites": [{"formation_fraction": 0.2, "metabolite": {"molarMass": 300.0, "water_solubility": 0.0016346860167470868, "vapor_pressure": 5.394059958590048e-05, "reference_temperature": 20.0, "koc": 53.361888404865205, "freundlich": 0.8983374723433897, "dt50": {"system": 6.0, "soil": 189.47263645802093, "surfaceWater": 6.0, "sediment": 6.0}, "plant_uptake": 0.5, "name": "Compound 3486587156687460285", "model_specific_data": {}, "metabolites": []}}]}}