{"gap": {"type": "relative", "arguments": {"name": "GAP -296091488377847865", "modelCrop": "WC", "rate": 250.0, "apply_every_n_years": 1, "number_of_applications": 2, "interval": 14, "model_specific_data": {}, "bbch": 31, "season": 0}}, "compound": {"molarMass": 300.0, "water_solubility": 0.15515464051628594, "vapor_pressure": 5.204874782381287e-07, "reference_temperature": 20.0, "koc": 10.631427564754699, "freundlich": 1.0300289087130967, "dt50": {"system": 6.0, "soil": 38.601213500372225, "surfaceWater": 6.0, "sediment": 6.0}, "plant_uptake": 0.0, "name": "Compound 2941002990391195694", "model_specific_data": {}, "metabolites": [{"formation_fraction": 0.2, "metabolite": {"molarMass": 300.0, "water_solubility": 0.00353926389377992, "vapor_pressure": 1.9226467862721196e-06, "reference_temperature": 20.0, "koc": 13.476015060673323, "freundlich": 0.8312520087977795, "dt50": {"system": 6.0, "soil": 157.5347966928109, "surfaceWater": 6.0, "sediment": 6.0}, "plant_uptake": 0.5, "name": "Compound -2014101785494338353", "model_specific_data": {}, "metabolites": []}}]}}