{"gap": {"type": "relative", "arguments": {"name": "GAP -296091488377847865", "modelCrop": "WC", "rate": 250.0, "apply_every_n_years": 1, "number_of_applications": 2, "interval": 14, "model_specific_data": {}, "bbch": 31, "season": 0}}, "compound": {"molarMass": 300.0, "water_solubility": 0.01582285521995017, "vapor_pressure": 2.4533029116268408e-05, "reference_temperature": 20.0, "koc": 302.99090715108997, "freundlich": 1.084002914392812, "dt50": {"system": 6.0, "soil": 123.53629679120239, "surfaceWater": 6.0, "sediment": 6.0}, "plant_uptake": 0.0, "name": "Compound -3202602868963108403", "model_specific_data": {}, "metabolites": [{"formation_fraction": 0.2, "metabolite": {"molarMass": 300.0, "water_solubility": 0.0059772460836567485, "vapor_pressure": 7.88842247788049e-06, "reference_temperature": 20.0, "koc": 156.88101519458155, "freundlich": 0.7006501195809725, "dt50": {"system": 6.0, "soil": 263.8350678815483, "surfaceWater": 6.0, "sediment": 6.0}, "plant_uptake": 0.5, "name": "Compound 208286953161148574", "model_specific_data": {}, "metabolites": []}}]}}