{"gap": {"type": "relative", "arguments": {"name": "GAP -296091488377847865", "modelCrop": "WC", "rate": 250.0, "apply_every_n_years": 1, "number_of_applications": 2, "interval": 14, "model_specific_data": {}, "bbch": 31, "season": 0}}, "compound": {"molarMass": 300.0, "water_solubility": 0.017934401029231724, "vapor_pressure": 5.638229292167501e-06, "reference_temperature": 20.0, "koc": 82.54129009378126, "freundlich": 0.7900134345341843, "dt50": {"system": 6.0, "soil": 147.12860069750204, "surfaceWater": 6.0, "sediment": 6.0}, "plant_uptake": 0.0, "name": "Compound 8071189208673380284", "model_specific_data": {}, "metabolites": [{"formation_fraction": 0.2, "metabolite": {"molarMass": 300.0, "water_solubility": 0.001050746572273094, "vapor_pressure": 6.484154648695112e-07, "reference_temperature": 20.0, "koc": 31.964127898304252, "freundlich": 1.1373105406179935, "dt50": {"system": 6.0, "soil": 264.2763975708499, "surfaceWater": 6.0, "sediment": 6.0}, "plant_uptake": 0.5, "name": "Compound 5750753438352923789", "model_specific_data": {}, "metabolites": []}}]}}