{"gap": {"type": "relative", "arguments": {"name": "GAP -296091488377847865", "modelCrop": "WC", "rate": 250.0, "apply_every_n_years": 1, "number_of_applications": 2, "interval": 14, "model_specific_data": {}, "bbch": 31, "season": 0}}, "compound": {"molarMass": 300.0, "water_solubility": 0.005518665883796293, "vapor_pressure": 0.00010700460289952519, "reference_temperature": 20.0, "koc": 37.04256548512148, "freundlich": 0.9702071341516452, "dt50": {"system": 6.0, "soil": 29.455696236633486, "surfaceWater": 6.0, "sediment": 6.0}, "plant_uptake": 0.0, "name": "Compound 3755981892713808073", "model_specific_data": {}, "metabolites": [{"formation_fraction": 0.2, "metabolite": {"molarMass": 300.0, "water_solubility": 0.01335720458595162, "vapor_pressure": 1.947826985767545e-06, "reference_temperature": 20.0, "koc": 26.484369766093472, "freundlich": 1.1233464398555568, "dt50": {"system": 6.0, "soil": 105.80875012807365, "surfaceWater": 6.0, "sediment": 6.0}, "plant_uptake": 0.5, "name": "Compound 6921760860134530436", "model_specific_data": {}, "metabolites": []}}]}}