{"gap": {"type": "relative", "arguments": {"name": "GAP -296091488377847865", "modelCrop": "WC", "rate": 250.0, "apply_every_n_years": 1, "number_of_applications": 2, "interval": 14, "model_specific_data": {}, "bbch": 31, "season": 0}}, "compound": {"molarMass": 300.0, "water_solubility": 0.036135681612359145, "vapor_pressure": 0.00018553858487008786, "reference_temperature": 20.0, "koc": 142.58989431026143, "freundlich": 0.771552453966504, "dt50": {"system": 6.0, "soil": 267.609489724465, "surfaceWater": 6.0, "sediment": 6.0}, "plant_uptake": 0.0, "name": "Compound -3734193145142800991", "model_specific_data": {}, "metabolites": [{"formation_fraction": 0.2, "metabolite": {"molarMass": 300.0, "water_solubility": 0.0038768346553030796, "vapor_pressure": 3.0687339616642888e-06, "reference_temperature": 20.0, "koc": 907.4622671061572, "freundlich": 0.803312705284474, "dt50": {"system": 6.0, "soil": 134.8448645097128, "surfaceWater": 6.0, "sediment": 6.0}, "plant_uptake": 0.5, "name": "Compound -1935213408646535467", "model_specific_data": {}, "metabolites": []}}]}}