{"gap": {"type": "relative", "arguments": {"name": "GAP -296091488377847865", "modelCrop": "WC", "rate": 250.0, "apply_every_n_years": 1, "number_of_applications": 2, "interval": 14, "model_specific_data": {}, "bbch": 31, "season": 0}}, "compound": {"molarMass": 300.0, "water_solubility": 0.02207539502503005, "vapor_pressure": 1.5854049516042035e-05, "reference_temperature": 20.0, "koc": 1484.809477433005, "freundlich": 0.7278594082667883, "dt50": {"system": 6.0, "soil": 107.3968573167495, "surfaceWater": 6.0, "sediment": 6.0}, "plant_uptake": 0.0, "name": "Compound 3112223223663274009", "model_specific_data": {}, "metabolites": [{"formation_fraction": 0.2, "metabolite": {"molarMass": 300.0, "water_solubility": 0.11382640247980898, "vapor_pressure": 1.2058384803160167e-08, "reference_temperature": 20.0, "koc": 39.420063845319184, "freundlich": 1.1465618405528177, "dt50": {"system": 6.0, "soil": 254.4212336838388, "surfaceWater": 6.0, "sediment": 6.0}, "plant_uptake": 0.5, "name": "Compound 4776819960195235991", "model_specific_data": {}, "metabolites": []}}]}}