{"gap": {"type": "relative", "arguments": {"name": "GAP -296091488377847865", "modelCrop": "WC", "rate": 250.0, "apply_every_n_years": 1, "number_of_applications": 2, "interval": 14, "model_specific_data": {}, "bbch": 31, "season": 0}}, "compound": {"molarMass": 300.0, "water_solubility": 0.11219620645073561, "vapor_pressure": 3.2523969119560006e-05, "reference_temperature": 20.0, "koc": 80.29643983830377, "freundlich": 0.8672460989394304, "dt50": {"system": 6.0, "soil": 27.940913567814814, "surfaceWater": 6.0, "sediment": 6.0}, "plant_uptake": 0.0, "name": "Compound -7681187202100273182", "model_specific_data": {}, "metabolites": [{"formation_fraction": 0.2, "metabolite": {"molarMass": 300.0, "water_solubility": 0.0035449762567994216, "vapor_pressure": 4.455908703004651e-06, "reference_temperature": 20.0, "koc": 14.758041286867318, "freundlich": 1.1753555808608318, "dt50": {"system": 6.0, "soil": 80.67972549451486, "surfaceWater": 6.0, "sediment": 6.0}, "plant_uptake": 0.5, "name": "Compound -7248943242341524980", "model_specific_data": {}, "metabolites": []}}]}}