{"gap": {"type": "relative", "arguments": {"name": "GAP -296091488377847865", "modelCrop": "WC", "rate": 250.0, "apply_every_n_years": 1, "number_of_applications": 2, "interval": 14, "model_specific_data": {}, "bbch": 31, "season": 0}}, "compound": {"molarMass": 300.0, "water_solubility": 0.0006118222913174512, "vapor_pressure": 0.0005657318641595385, "reference_temperature": 20.0, "koc": 284.10764406593404, "freundlich": 0.7583198925946775, "dt50": {"system": 6.0, "soil": 159.01755579502014, "surfaceWater": 6.0, "sediment": 6.0}, "plant_uptake": 0.0, "name": "Compound -2463129381400737904", "model_specific_data": {}, "metabolites": [{"formation_fraction": 0.2, "metabolite": {"molarMass": 300.0, "water_solubility": 0.0545117236307823, "vapor_pressure": 1.1724221206552865e-05, "reference_temperature": 20.0, "koc": 67.44797880654855, "freundlich": 1.0358660739625378, "dt50": {"system": 6.0, "soil": 98.04427897327042, "surfaceWater": 6.0, "sediment": 6.0}, "plant_uptake": 0.5, "name": "Compound -5143116806732240137", "model_specific_data": {}, "metabolites": []}}]}}