{"gap": {"type": "relative", "arguments": {"name": "GAP -296091488377847865", "modelCrop": "WC", "rate": 250.0, "apply_every_n_years": 1, "number_of_applications": 2, "interval": 14, "model_specific_data": {}, "bbch": 31, "season": 0}}, "compound": {"molarMass": 300.0, "water_solubility": 0.16341464930629684, "vapor_pressure": 0.0007003741943332681, "reference_temperature": 20.0, "koc": 41.67802444259288, "freundlich": 1.006118756783084, "dt50": {"system": 6.0, "soil": 60.478339396719505, "surfaceWater": 6.0, "sediment": 6.0}, "plant_uptake": 0.0, "name": "Compound -27202997688729680", "model_specific_data": {}, "metabolites": [{"formation_fraction": 0.2, "metabolite": {"molarMass": 300.0, "water_solubility": 0.00955389133163491, "vapor_pressure": 0.00021079956120606625, "reference_temperature": 20.0, "koc": 345.3880547561256, "freundlich": 0.9585340640871909, "dt50": {"system": 6.0, "soil": 31.095433308316203, "surfaceWater": 6.0, "sediment": 6.0}, "plant_uptake": 0.5, "name": "Compound 9198978374194381969", "model_specific_data": {}, "metabolites": []}}]}}