{"gap": {"type": "relative", "arguments": {"name": "GAP -296091488377847865", "modelCrop": "WC", "rate": 250.0, "apply_every_n_years": 1, "number_of_applications": 2, "interval": 14, "model_specific_data": {}, "bbch": 31, "season": 0}}, "compound": {"molarMass": 300.0, "water_solubility": 0.0007475633873682698, "vapor_pressure": 0.06639295383416728, "reference_temperature": 20.0, "koc": 551.9072632132463, "freundlich": 0.8302136036536915, "dt50": {"system": 6.0, "soil": 280.72708425778825, "surfaceWater": 6.0, "sediment": 6.0}, "plant_uptake": 0.0, "name": "Compound -6506965823101801952", "model_specific_data": {}, "metabolites": [{"formation_fraction": 0.2, "metabolite": {"molarMass": 300.0, "water_solubility": 0.002570561828510199, "vapor_pressure": 0.001472761440607427, "reference_temperature": 20.0, "koc": 464.2174757981417, "freundlich": 0.8864789653665247, "dt50": {"system": 6.0, "soil": 208.92072110287756, "surfaceWater": 6.0, "sediment": 6.0}, "plant_uptake": 0.5, "name": "Compound -149101389674495958", "model_specific_data": {}, "metabolites": []}}]}}