{"gap": {"type": "relative", "arguments": {"name": "GAP -296091488377847865", "modelCrop": "WC", "rate": 250.0, "apply_every_n_years": 1, "number_of_applications": 2, "interval": 14, "model_specific_data": {}, "bbch": 31, "season": 0}}, "compound": {"molarMass": 300.0, "water_solubility": 0.005117375055020482, "vapor_pressure": 0.0029400394994027923, "reference_temperature": 20.0, "koc": 72.4679817801728, "freundlich": 0.847114111017304, "dt50": {"system": 6.0, "soil": 7.763513321033652, "surfaceWater": 6.0, "sediment": 6.0}, "plant_uptake": 0.0, "name": "Compound -1870523110237181325", "model_specific_data": {}, "metabolites": [{"formation_fraction": 0.2, "metabolite": {"molarMass": 300.0, "water_solubility": 0.002717983235870598, "vapor_pressure": 2.6361754611613976e-06, "reference_temperature": 20.0, "koc": 17.79656426910832, "freundlich": 1.0008669212518193, "dt50": {"system": 6.0, "soil": 198.2864361382687, "surfaceWater": 6.0, "sediment": 6.0}, "plant_uptake": 0.5, "name": "Compound 2693602592473388209", "model_specific_data": {}, "metabolites": []}}]}}