{"gap": {"type": "relative", "arguments": {"name": "GAP -296091488377847865", "modelCrop": "WC", "rate": 250.0, "apply_every_n_years": 1, "number_of_applications": 2, "interval": 14, "model_specific_data": {}, "bbch": 31, "season": 0}}, "compound": {"molarMass": 300.0, "water_solubility": 0.0012879134430668544, "vapor_pressure": 3.509196527580235e-08, "reference_temperature": 20.0, "koc": 342.96552712858085, "freundlich": 1.1085892679846983, "dt50": {"system": 6.0, "soil": 90.0055690125883, "surfaceWater": 6.0, "sediment": 6.0}, "plant_uptake": 0.0, "name": "Compound 8130110483602362142", "model_specific_data": {}, "metabolites": [{"formation_fraction": 0.2, "metabolite": {"molarMass": 300.0, "water_solubility": 0.04822123045386054, "vapor_pressure": 4.085955452082106e-06, "reference_temperature": 20.0, "koc": 34.83634593739948, "freundlich": 1.1388986642231231, "dt50": {"system": 6.0, "soil": 208.2564846246895, "surfaceWater": 6.0, "sediment": 6.0}, "plant_uptake": 0.5, "name": "Compound -249495452553350754", "model_specific_data": {}, "metabolites": []}}]}}