{"gap": {"type": "relative", "arguments": {"name": "GAP -296091488377847865", "modelCrop": "WC", "rate": 250.0, "apply_every_n_years": 1, "number_of_applications": 2, "interval": 14, "model_specific_data": {}, "bbch": 31, "season": 0}}, "compound": {"molarMass": 300.0, "water_solubility": 0.007703601949666084, "vapor_pressure": 3.1989336743654307e-06, "reference_temperature": 20.0, "koc": 216.5826387607232, "freundlich": 1.0435475100223508, "dt50": {"system": 6.0, "soil": 239.93974159376359, "surfaceWater": 6.0, "sediment": 6.0}, "plant_uptake": 0.0, "name": "Compound -2027251682692575501", "model_specific_data": {}, "metabolites": [{"formation_fraction": 0.2, "metabolite": {"molarMass": 300.0, "water_solubility": 0.0007469563231413116, "vapor_pressure": 2.9090062776146975e-06, "reference_temperature": 20.0, "koc": 3357.506002665056, "freundlich": 1.1323699917116448, "dt50": {"system": 6.0, "soil": 23.85132020016583, "surfaceWater": 6.0, "sediment": 6.0}, "plant_uptake": 0.5, "name": "Compound 5573438556894922890", "model_specific_data": {}, "metabolites": []}}]}}