{"gap": {"type": "relative", "arguments": {"name": "GAP -296091488377847865", "modelCrop": "WC", "rate": 250.0, "apply_every_n_years": 1, "number_of_applications": 2, "interval": 14, "model_specific_data": {}, "bbch": 31, "season": 0}}, "compound": {"molarMass": 300.0, "water_solubility": 0.0288945790173282, "vapor_pressure": 1.0605644801570403e-05, "reference_temperature": 20.0, "koc": 52.83947780604905, "freundlich": 0.8151941560926906, "dt50": {"system": 6.0, "soil": 188.7897804385573, "surfaceWater": 6.0, "sediment": 6.0}, "plant_uptake": 0.0, "name": "Compound 7018086159131227102", "model_specific_data": {}, "metabolites": [{"formation_fraction": 0.2, "metabolite": {"molarMass": 300.0, "water_solubility": 0.002951045791606069, "vapor_pressure": 0.0023117561250528564, "reference_temperature": 20.0, "koc": 70.55134658572393, "freundlich": 0.9441341641685821, "dt50": {"system": 6.0, "soil": 82.52825847539948, "surfaceWater": 6.0, "sediment": 6.0}, "plant_uptake": 0.5, "name": "Compound -4656530044242779848", "model_specific_data": {}, "metabolites": []}}]}}