{"gap": {"type": "relative", "arguments": {"name": "GAP -296091488377847865", "modelCrop": "WC", "rate": 250.0, "apply_every_n_years": 1, "number_of_applications": 2, "interval": 14, "model_specific_data": {}, "bbch": 31, "season": 0}}, "compound": {"molarMass": 300.0, "water_solubility": 0.06928616347849628, "vapor_pressure": 4.637967032807522e-06, "reference_temperature": 20.0, "koc": 3159.5954538898786, "freundlich": 1.194549152037721, "dt50": {"system": 6.0, "soil": 159.47719054745062, "surfaceWater": 6.0, "sediment": 6.0}, "plant_uptake": 0.0, "name": "Compound -1091301705748369541", "model_specific_data": {}, "metabolites": [{"formation_fraction": 0.2, "metabolite": {"molarMass": 300.0, "water_solubility": 0.009124768367945051, "vapor_pressure": 0.0007496067199242399, "reference_temperature": 20.0, "koc": 45.068227058260995, "freundlich": 0.7910771098492855, "dt50": {"system": 6.0, "soil": 68.27397959366174, "surfaceWater": 6.0, "sediment": 6.0}, "plant_uptake": 0.5, "name": "Compound 8537542222103042720", "model_specific_data": {}, "metabolites": []}}]}}