{"gap": {"type": "relative", "arguments": {"name": "GAP -296091488377847865", "modelCrop": "WC", "rate": 250.0, "apply_every_n_years": 1, "number_of_applications": 2, "interval": 14, "model_specific_data": {}, "bbch": 31, "season": 0}}, "compound": {"molarMass": 300.0, "water_solubility": 0.011718540084845208, "vapor_pressure": 7.156790074614628e-06, "reference_temperature": 20.0, "koc": 863.110762116169, "freundlich": 0.8958552444065127, "dt50": {"system": 6.0, "soil": 290.50551767399884, "surfaceWater": 6.0, "sediment": 6.0}, "plant_uptake": 0.0, "name": "Compound 4597296337172505245", "model_specific_data": {}, "metabolites": [{"formation_fraction": 0.2, "metabolite": {"molarMass": 300.0, "water_solubility": 0.014296352592824016, "vapor_pressure": 9.238152645337485e-10, "reference_temperature": 20.0, "koc": 10.794316602285805, "freundlich": 1.0636502423025531, "dt50": {"system": 6.0, "soil": 51.52766380643221, "surfaceWater": 6.0, "sediment": 6.0}, "plant_uptake": 0.5, "name": "Compound -3483216571747572554", "model_specific_data": {}, "metabolites": []}}]}}