{"gap": {"type": "relative", "arguments": {"name": "GAP -296091488377847865", "modelCrop": "WC", "rate": 250.0, "apply_every_n_years": 1, "number_of_applications": 2, "interval": 14, "model_specific_data": {}, "bbch": 31, "season": 0}}, "compound": {"molarMass": 300.0, "water_solubility": 0.007537044172097804, "vapor_pressure": 1.6677752274751412e-06, "reference_temperature": 20.0, "koc": 3877.6010229831068, "freundlich": 1.0943952242114936, "dt50": {"system": 6.0, "soil": 188.3006379220882, "surfaceWater": 6.0, "sediment": 6.0}, "plant_uptake": 0.0, "name": "Compound -8719593751526099591", "model_specific_data": {}, "metabolites": [{"formation_fraction": 0.2, "metabolite": {"molarMass": 300.0, "water_solubility": 0.014964495403433946, "vapor_pressure": 6.992842048483445e-07, "reference_temperature": 20.0, "koc": 3627.682304170808, "freundlich": 1.1892670471322948, "dt50": {"system": 6.0, "soil": 152.61125630384188, "surfaceWater": 6.0, "sediment": 6.0}, "plant_uptake": 0.5, "name": "Compound -4884639834382089958", "model_specific_data": {}, "metabolites": []}}]}}