{"gap": {"type": "relative", "arguments": {"name": "GAP -296091488377847865", "modelCrop": "WC", "rate": 250.0, "apply_every_n_years": 1, "number_of_applications": 2, "interval": 14, "model_specific_data": {}, "bbch": 31, "season": 0}}, "compound": {"molarMass": 300.0, "water_solubility": 0.008154224031355217, "vapor_pressure": 4.312631682090336e-05, "reference_temperature": 20.0, "koc": 307.81796621450786, "freundlich": 0.8019746831482251, "dt50": {"system": 6.0, "soil": 211.8826017438359, "surfaceWater": 6.0, "sediment": 6.0}, "plant_uptake": 0.0, "name": "Compound -5015590591593406308", "model_specific_data": {}, "metabolites": [{"formation_fraction": 0.2, "metabolite": {"molarMass": 300.0, "water_solubility": 0.18706105708344842, "vapor_pressure": 0.004835091545882761, "reference_temperature": 20.0, "koc": 2315.3955601949992, "freundlich": 0.7421446922854347, "dt50": {"system": 6.0, "soil": 180.81566770045652, "surfaceWater": 6.0, "sediment": 6.0}, "plant_uptake": 0.5, "name": "Compound 4532314757228022380", "model_specific_data": {}, "metabolites": []}}]}}