{"gap": {"type": "relative", "arguments": {"name": "GAP -296091488377847865", "modelCrop": "WC", "rate": 250.0, "apply_every_n_years": 1, "number_of_applications": 2, "interval": 14, "model_specific_data": {}, "bbch": 31, "season": 0}}, "compound": {"molarMass": 300.0, "water_solubility": 0.00291565065416407, "vapor_pressure": 3.737845006658422e-07, "reference_temperature": 20.0, "koc": 23.903151103269238, "freundlich": 0.7969342418516117, "dt50": {"system": 6.0, "soil": 259.6645790869163, "surfaceWater": 6.0, "sediment": 6.0}, "plant_uptake": 0.0, "name": "Compound 3628618702847847408", "model_specific_data": {}, "metabolites": [{"formation_fraction": 0.2, "metabolite": {"molarMass": 300.0, "water_solubility": 0.12129286335249763, "vapor_pressure": 1.2802139644975142e-05, "reference_temperature": 20.0, "koc": 114.04847969555726, "freundlich": 0.7031612070628546, "dt50": {"system": 6.0, "soil": 64.99493189577188, "surfaceWater": 6.0, "sediment": 6.0}, "plant_uptake": 0.5, "name": "Compound -8516096557299200924", "model_specific_data": {}, "metabolites": []}}]}}