{"gap": {"type": "relative", "arguments": {"name": "GAP -296091488377847865", "modelCrop": "WC", "rate": 250.0, "apply_every_n_years": 1, "number_of_applications": 2, "interval": 14, "model_specific_data": {}, "bbch": 31, "season": 0}}, "compound": {"molarMass": 300.0, "water_solubility": 0.06737246746308596, "vapor_pressure": 5.945741228757421e-09, "reference_temperature": 20.0, "koc": 1359.9622573967938, "freundlich": 1.040180145739207, "dt50": {"system": 6.0, "soil": 162.71576451911793, "surfaceWater": 6.0, "sediment": 6.0}, "plant_uptake": 0.0, "name": "Compound 1324672867664667041", "model_specific_data": {}, "metabolites": [{"formation_fraction": 0.2, "metabolite": {"molarMass": 300.0, "water_solubility": 1.874541560435829, "vapor_pressure": 9.718291517998533e-07, "reference_temperature": 20.0, "koc": 2867.75802758611, "freundlich": 1.047908030403359, "dt50": {"system": 6.0, "soil": 60.03322704816367, "surfaceWater": 6.0, "sediment": 6.0}, "plant_uptake": 0.5, "name": "Compound 3220127900498438285", "model_specific_data": {}, "metabolites": []}}]}}