{"gap": {"type": "relative", "arguments": {"name": "GAP -296091488377847865", "modelCrop": "WC", "rate": 250.0, "apply_every_n_years": 1, "number_of_applications": 2, "interval": 14, "model_specific_data": {}, "bbch": 31, "season": 0}}, "compound": {"molarMass": 300.0, "water_solubility": 0.015499322638662579, "vapor_pressure": 1.0356423075378517e-07, "reference_temperature": 20.0, "koc": 15.455991283065806, "freundlich": 0.977211358186307, "dt50": {"system": 6.0, "soil": 110.6627893751382, "surfaceWater": 6.0, "sediment": 6.0}, "plant_uptake": 0.0, "name": "Compound -8969240817937060116", "model_specific_data": {}, "metabolites": [{"formation_fraction": 0.2, "metabolite": {"molarMass": 300.0, "water_solubility": 0.005639494105291806, "vapor_pressure": 0.04848593592316819, "reference_temperature": 20.0, "koc": 24.209765496536686, "freundlich": 0.7303695005366309, "dt50": {"system": 6.0, "soil": 38.47153855913859, "surfaceWater": 6.0, "sediment": 6.0}, "plant_uptake": 0.5, "name": "Compound 5396147681152643381", "model_specific_data": {}, "metabolites": []}}]}}