{"gap": {"type": "relative", "arguments": {"name": "GAP -296091488377847865", "modelCrop": "WC", "rate": 250.0, "apply_every_n_years": 1, "number_of_applications": 2, "interval": 14, "model_specific_data": {}, "bbch": 31, "season": 0}}, "compound": {"molarMass": 300.0, "water_solubility": 0.11078596883355267, "vapor_pressure": 1.0866047922765164e-07, "reference_temperature": 20.0, "koc": 385.4774491243377, "freundlich": 0.7607629962147303, "dt50": {"system": 6.0, "soil": 33.64000801476197, "surfaceWater": 6.0, "sediment": 6.0}, "plant_uptake": 0.0, "name": "Compound 9158393067369849323", "model_specific_data": {}, "metabolites": [{"formation_fraction": 0.2, "metabolite": {"molarMass": 300.0, "water_solubility": 0.0010734023961151214, "vapor_pressure": 0.0007959081129077808, "reference_temperature": 20.0, "koc": 570.1288773809498, "freundlich": 0.7995888186492279, "dt50": {"system": 6.0, "soil": 30.11323104386375, "surfaceWater": 6.0, "sediment": 6.0}, "plant_uptake": 0.5, "name": "Compound -8564481133116829217", "model_specific_data": {}, "metabolites": []}}]}}