{"gap": {"type": "relative", "arguments": {"name": "GAP -296091488377847865", "modelCrop": "WC", "rate": 250.0, "apply_every_n_years": 1, "number_of_applications": 2, "interval": 14, "model_specific_data": {}, "bbch": 31, "season": 0}}, "compound": {"molarMass": 300.0, "water_solubility": 0.1670303221370109, "vapor_pressure": 3.805640424858329e-06, "reference_temperature": 20.0, "koc": 16.173442459981008, "freundlich": 1.1746509264476654, "dt50": {"system": 6.0, "soil": 186.93072822062086, "surfaceWater": 6.0, "sediment": 6.0}, "plant_uptake": 0.0, "name": "Compound 4786976820630912107", "model_specific_data": {}, "metabolites": [{"formation_fraction": 0.2, "metabolite": {"molarMass": 300.0, "water_solubility": 0.009200785881815924, "vapor_pressure": 9.900631771847917e-06, "reference_temperature": 20.0, "koc": 35.38267894045125, "freundlich": 1.1349598709882036, "dt50": {"system": 6.0, "soil": 295.47971678396567, "surfaceWater": 6.0, "sediment": 6.0}, "plant_uptake": 0.5, "name": "Compound 1742820615568370176", "model_specific_data": {}, "metabolites": []}}]}}