{"gap": {"type": "relative", "arguments": {"name": "GAP -296091488377847865", "modelCrop": "WC", "rate": 250.0, "apply_every_n_years": 1, "number_of_applications": 2, "interval": 14, "model_specific_data": {}, "bbch": 31, "season": 0}}, "compound": {"molarMass": 300.0, "water_solubility": 0.053717238680243085, "vapor_pressure": 4.433248851843749e-06, "reference_temperature": 20.0, "koc": 429.12474115519274, "freundlich": 1.128448966183881, "dt50": {"system": 6.0, "soil": 33.37375100300809, "surfaceWater": 6.0, "sediment": 6.0}, "plant_uptake": 0.0, "name": "Compound 901511482530157787", "model_specific_data": {}, "metabolites": [{"formation_fraction": 0.2, "metabolite": {"molarMass": 300.0, "water_solubility": 0.008611019814783162, "vapor_pressure": 0.0002691706017623936, "reference_temperature": 20.0, "koc": 11.287845620551817, "freundlich": 0.9408655890673792, "dt50": {"system": 6.0, "soil": 238.56628497788935, "surfaceWater": 6.0, "sediment": 6.0}, "plant_uptake": 0.5, "name": "Compound -7785918644170575334", "model_specific_data": {}, "metabolites": []}}]}}