{"gap": {"type": "relative", "arguments": {"name": "GAP -296091488377847865", "modelCrop": "WC", "rate": 250.0, "apply_every_n_years": 1, "number_of_applications": 2, "interval": 14, "model_specific_data": {}, "bbch": 31, "season": 0}}, "compound": {"molarMass": 300.0, "water_solubility": 0.0022230371576466334, "vapor_pressure": 9.897336073918959e-06, "reference_temperature": 20.0, "koc": 121.68712386537854, "freundlich": 1.047661541346324, "dt50": {"system": 6.0, "soil": 15.989708517733721, "surfaceWater": 6.0, "sediment": 6.0}, "plant_uptake": 0.0, "name": "Compound 2560068849503507514", "model_specific_data": {}, "metabolites": [{"formation_fraction": 0.2, "metabolite": {"molarMass": 300.0, "water_solubility": 0.0002515038241921514, "vapor_pressure": 0.005583008433798592, "reference_temperature": 20.0, "koc": 431.6991656080334, "freundlich": 0.9241232450238988, "dt50": {"system": 6.0, "soil": 135.7882505094165, "surfaceWater": 6.0, "sediment": 6.0}, "plant_uptake": 0.5, "name": "Compound -6875502696023464271", "model_specific_data": {}, "metabolites": []}}]}}