{"gap": {"type": "relative", "arguments": {"name": "GAP -296091488377847865", "modelCrop": "WC", "rate": 250.0, "apply_every_n_years": 1, "number_of_applications": 2, "interval": 14, "model_specific_data": {}, "bbch": 31, "season": 0}}, "compound": {"molarMass": 300.0, "water_solubility": 0.12470997518952236, "vapor_pressure": 1.1701757180048544e-07, "reference_temperature": 20.0, "koc": 154.4592997561481, "freundlich": 0.8609223224685527, "dt50": {"system": 6.0, "soil": 132.16778393292486, "surfaceWater": 6.0, "sediment": 6.0}, "plant_uptake": 0.0, "name": "Compound -1949433867835239563", "model_specific_data": {}, "metabolites": [{"formation_fraction": 0.2, "metabolite": {"molarMass": 300.0, "water_solubility": 0.05395628544935385, "vapor_pressure": 0.00038506696593219327, "reference_temperature": 20.0, "koc": 79.41853020959583, "freundlich": 1.1753642850069725, "dt50": {"system": 6.0, "soil": 84.5048075188661, "surfaceWater": 6.0, "sediment": 6.0}, "plant_uptake": 0.5, "name": "Compound 3719967544511090838", "model_specific_data": {}, "metabolites": []}}]}}