{"gap": {"type": "relative", "arguments": {"name": "GAP -296091488377847865", "modelCrop": "WC", "rate": 250.0, "apply_every_n_years": 1, "number_of_applications": 2, "interval": 14, "model_specific_data": {}, "bbch": 31, "season": 0}}, "compound": {"molarMass": 300.0, "water_solubility": 0.1301781450797131, "vapor_pressure": 2.7830307242867676e-05, "reference_temperature": 20.0, "koc": 24.436015297359504, "freundlich": 1.1773277345077882, "dt50": {"system": 6.0, "soil": 7.171033546557748, "surfaceWater": 6.0, "sediment": 6.0}, "plant_uptake": 0.0, "name": "Compound -9144243975052793594", "model_specific_data": {}, "metabolites": [{"formation_fraction": 0.2, "metabolite": {"molarMass": 300.0, "water_solubility": 0.004258178592179817, "vapor_pressure": 6.324130500073276e-06, "reference_temperature": 20.0, "koc": 88.61236599958707, "freundlich": 0.7725350374920656, "dt50": {"system": 6.0, "soil": 185.69805469636867, "surfaceWater": 6.0, "sediment": 6.0}, "plant_uptake": 0.5, "name": "Compound -7894596579346435655", "model_specific_data": {}, "metabolites": []}}]}}