{"gap": {"type": "relative", "arguments": {"name": "GAP -296091488377847865", "modelCrop": "WC", "rate": 250.0, "apply_every_n_years": 1, "number_of_applications": 2, "interval": 14, "model_specific_data": {}, "bbch": 31, "season": 0}}, "compound": {"molarMass": 300.0, "water_solubility": 0.0030723035525724125, "vapor_pressure": 0.00010890730007260902, "reference_temperature": 20.0, "koc": 20.604954399405436, "freundlich": 1.1871678406807167, "dt50": {"system": 6.0, "soil": 126.74156468969485, "surfaceWater": 6.0, "sediment": 6.0}, "plant_uptake": 0.0, "name": "Compound -8803032244075418796", "model_specific_data": {}, "metabolites": [{"formation_fraction": 0.2, "metabolite": {"molarMass": 300.0, "water_solubility": 0.0009592858117437623, "vapor_pressure": 0.013822474760783972, "reference_temperature": 20.0, "koc": 1650.5954871928893, "freundlich": 1.0520278307088782, "dt50": {"system": 6.0, "soil": 160.32737049039844, "surfaceWater": 6.0, "sediment": 6.0}, "plant_uptake": 0.5, "name": "Compound -6288890833947586006", "model_specific_data": {}, "metabolites": []}}]}}