{"gap": {"type": "relative", "arguments": {"name": "GAP -296091488377847865", "modelCrop": "WC", "rate": 250.0, "apply_every_n_years": 1, "number_of_applications": 2, "interval": 14, "model_specific_data": {}, "bbch": 31, "season": 0}}, "compound": {"molarMass": 300.0, "water_solubility": 0.042409712453273095, "vapor_pressure": 3.891283340966971e-06, "reference_temperature": 20.0, "koc": 83.31500421108733, "freundlich": 0.8476590579087044, "dt50": {"system": 6.0, "soil": 172.9833608784733, "surfaceWater": 6.0, "sediment": 6.0}, "plant_uptake": 0.0, "name": "Compound 6950611142308400564", "model_specific_data": {}, "metabolites": [{"formation_fraction": 0.2, "metabolite": {"molarMass": 300.0, "water_solubility": 0.0006650695913408458, "vapor_pressure": 5.135177518271918e-05, "reference_temperature": 20.0, "koc": 47.26461911607558, "freundlich": 0.8526093201017887, "dt50": {"system": 6.0, "soil": 86.17106331902325, "surfaceWater": 6.0, "sediment": 6.0}, "plant_uptake": 0.5, "name": "Compound -7717505253103590487", "model_specific_data": {}, "metabolites": []}}]}}