{"gap": {"type": "relative", "arguments": {"name": "GAP -296091488377847865", "modelCrop": "WC", "rate": 250.0, "apply_every_n_years": 1, "number_of_applications": 2, "interval": 14, "model_specific_data": {}, "bbch": 31, "season": 0}}, "compound": {"molarMass": 300.0, "water_solubility": 0.10106199159958938, "vapor_pressure": 6.7321235967425e-05, "reference_temperature": 20.0, "koc": 542.7638693247077, "freundlich": 0.8544135704972633, "dt50": {"system": 6.0, "soil": 144.53096239765244, "surfaceWater": 6.0, "sediment": 6.0}, "plant_uptake": 0.0, "name": "Compound 6895452651415970927", "model_specific_data": {}, "metabolites": [{"formation_fraction": 0.2, "metabolite": {"molarMass": 300.0, "water_solubility": 0.12438058003362654, "vapor_pressure": 1.579438493322098e-06, "reference_temperature": 20.0, "koc": 28.617163109650523, "freundlich": 0.7527879506914019, "dt50": {"system": 6.0, "soil": 217.52786901610202, "surfaceWater": 6.0, "sediment": 6.0}, "plant_uptake": 0.5, "name": "Compound 74045246949240453", "model_specific_data": {}, "metabolites": []}}]}}