{"gap": {"type": "relative", "arguments": {"name": "GAP -296091488377847865", "modelCrop": "WC", "rate": 250.0, "apply_every_n_years": 1, "number_of_applications": 2, "interval": 14, "model_specific_data": {}, "bbch": 31, "season": 0}}, "compound": {"molarMass": 300.0, "water_solubility": 0.0004565333847555814, "vapor_pressure": 1.124368512504476e-06, "reference_temperature": 20.0, "koc": 24.45352539352432, "freundlich": 0.7826746174927803, "dt50": {"system": 6.0, "soil": 107.65831307858441, "surfaceWater": 6.0, "sediment": 6.0}, "plant_uptake": 0.0, "name": "Compound 3141517835286617595", "model_specific_data": {}, "metabolites": [{"formation_fraction": 0.2, "metabolite": {"molarMass": 300.0, "water_solubility": 0.02642278082391741, "vapor_pressure": 0.006077444680019127, "reference_temperature": 20.0, "koc": 11.014699935068888, "freundlich": 1.026492089366111, "dt50": {"system": 6.0, "soil": 274.7407712064687, "surfaceWater": 6.0, "sediment": 6.0}, "plant_uptake": 0.5, "name": "Compound 3099823362892287239", "model_specific_data": {}, "metabolites": []}}]}}