{"gap": {"type": "relative", "arguments": {"name": "GAP -296091488377847865", "modelCrop": "WC", "rate": 250.0, "apply_every_n_years": 1, "number_of_applications": 2, "interval": 14, "model_specific_data": {}, "bbch": 31, "season": 0}}, "compound": {"molarMass": 300.0, "water_solubility": 0.0101224291525572, "vapor_pressure": 0.00010636631272885456, "reference_temperature": 20.0, "koc": 159.39582779155475, "freundlich": 0.895868055589043, "dt50": {"system": 6.0, "soil": 67.41412132067687, "surfaceWater": 6.0, "sediment": 6.0}, "plant_uptake": 0.0, "name": "Compound -2086015931662276215", "model_specific_data": {}, "metabolites": [{"formation_fraction": 0.2, "metabolite": {"molarMass": 300.0, "water_solubility": 0.0019050489916049038, "vapor_pressure": 6.68855969699895e-06, "reference_temperature": 20.0, "koc": 1118.1960485714278, "freundlich": 1.0377388219504566, "dt50": {"system": 6.0, "soil": 86.11193944457919, "surfaceWater": 6.0, "sediment": 6.0}, "plant_uptake": 0.5, "name": "Compound 1988738328353541723", "model_specific_data": {}, "metabolites": []}}]}}