{"gap": {"type": "relative", "arguments": {"name": "GAP -296091488377847865", "modelCrop": "WC", "rate": 250.0, "apply_every_n_years": 1, "number_of_applications": 2, "interval": 14, "model_specific_data": {}, "bbch": 31, "season": 0}}, "compound": {"molarMass": 300.0, "water_solubility": 0.0007728192039708064, "vapor_pressure": 4.058997397937808e-06, "reference_temperature": 20.0, "koc": 208.8842623843148, "freundlich": 1.106810951089299, "dt50": {"system": 6.0, "soil": 253.16961999902196, "surfaceWater": 6.0, "sediment": 6.0}, "plant_uptake": 0.0, "name": "Compound -8245838134269793745", "model_specific_data": {}, "metabolites": [{"formation_fraction": 0.2, "metabolite": {"molarMass": 300.0, "water_solubility": 0.05065682135715371, "vapor_pressure": 5.065175755673966e-08, "reference_temperature": 20.0, "koc": 20.81231817392538, "freundlich": 0.8673456734124683, "dt50": {"system": 6.0, "soil": 20.035029521589387, "surfaceWater": 6.0, "sediment": 6.0}, "plant_uptake": 0.5, "name": "Compound 8873389970443122823", "model_specific_data": {}, "metabolites": []}}]}}