{"gap": {"type": "relative", "arguments": {"name": "GAP -296091488377847865", "modelCrop": "WC", "rate": 250.0, "apply_every_n_years": 1, "number_of_applications": 2, "interval": 14, "model_specific_data": {}, "bbch": 31, "season": 0}}, "compound": {"molarMass": 300.0, "water_solubility": 0.033154481519031234, "vapor_pressure": 0.5773299474197426, "reference_temperature": 20.0, "koc": 3640.8261151768543, "freundlich": 0.9792745045693332, "dt50": {"system": 6.0, "soil": 162.4247950900829, "surfaceWater": 6.0, "sediment": 6.0}, "plant_uptake": 0.0, "name": "Compound 5147876364080542371", "model_specific_data": {}, "metabolites": [{"formation_fraction": 0.2, "metabolite": {"molarMass": 300.0, "water_solubility": 0.007992182478542232, "vapor_pressure": 5.2776648758349164e-08, "reference_temperature": 20.0, "koc": 25.62615421067401, "freundlich": 1.1118858866101342, "dt50": {"system": 6.0, "soil": 135.04712340425735, "surfaceWater": 6.0, "sediment": 6.0}, "plant_uptake": 0.5, "name": "Compound -5474841350586548467", "model_specific_data": {}, "metabolites": []}}]}}