{"gap": {"type": "relative", "arguments": {"name": "GAP -296091488377847865", "modelCrop": "WC", "rate": 250.0, "apply_every_n_years": 1, "number_of_applications": 2, "interval": 14, "model_specific_data": {}, "bbch": 31, "season": 0}}, "compound": {"molarMass": 300.0, "water_solubility": 0.008722270269283362, "vapor_pressure": 4.029352460142795e-06, "reference_temperature": 20.0, "koc": 4040.5250077734, "freundlich": 0.7814139150676345, "dt50": {"system": 6.0, "soil": 152.91564947810474, "surfaceWater": 6.0, "sediment": 6.0}, "plant_uptake": 0.0, "name": "Compound -7632329774686274547", "model_specific_data": {}, "metabolites": [{"formation_fraction": 0.2, "metabolite": {"molarMass": 300.0, "water_solubility": 0.012095499132839964, "vapor_pressure": 5.885552390450493e-05, "reference_temperature": 20.0, "koc": 26.277705926070734, "freundlich": 1.0552958548772353, "dt50": {"system": 6.0, "soil": 79.52736882448053, "surfaceWater": 6.0, "sediment": 6.0}, "plant_uptake": 0.5, "name": "Compound 4477537122177922451", "model_specific_data": {}, "metabolites": []}}]}}