{"gap": {"type": "relative", "arguments": {"name": "GAP -296091488377847865", "modelCrop": "WC", "rate": 250.0, "apply_every_n_years": 1, "number_of_applications": 2, "interval": 14, "model_specific_data": {}, "bbch": 31, "season": 0}}, "compound": {"molarMass": 300.0, "water_solubility": 0.007586487984918972, "vapor_pressure": 0.00010004605873133694, "reference_temperature": 20.0, "koc": 93.06709247031985, "freundlich": 0.742991249961108, "dt50": {"system": 6.0, "soil": 262.83208947188086, "surfaceWater": 6.0, "sediment": 6.0}, "plant_uptake": 0.0, "name": "Compound 2328807602475805863", "model_specific_data": {}, "metabolites": [{"formation_fraction": 0.2, "metabolite": {"molarMass": 300.0, "water_solubility": 0.0022911144994262464, "vapor_pressure": 6.3581570807879e-08, "reference_temperature": 20.0, "koc": 50.732905079003196, "freundlich": 0.7878718986797068, "dt50": {"system": 6.0, "soil": 152.81695832513387, "surfaceWater": 6.0, "sediment": 6.0}, "plant_uptake": 0.5, "name": "Compound -2353763257269398217", "model_specific_data": {}, "metabolites": []}}]}}