{"gap": {"type": "relative", "arguments": {"name": "GAP -296091488377847865", "modelCrop": "WC", "rate": 250.0, "apply_every_n_years": 1, "number_of_applications": 2, "interval": 14, "model_specific_data": {}, "bbch": 31, "season": 0}}, "compound": {"molarMass": 300.0, "water_solubility": 0.0022205815811577128, "vapor_pressure": 1.0917917242840473e-06, "reference_temperature": 20.0, "koc": 24.92962593707443, "freundlich": 1.1766540330138515, "dt50": {"system": 6.0, "soil": 141.34228931271474, "surfaceWater": 6.0, "sediment": 6.0}, "plant_uptake": 0.0, "name": "Compound -6401065389506493148", "model_specific_data": {}, "metabolites": [{"formation_fraction": 0.2, "metabolite": {"molarMass": 300.0, "water_solubility": 0.05633096897966612, "vapor_pressure": 1.1880387499013696e-06, "reference_temperature": 20.0, "koc": 3183.6425890501937, "freundlich": 1.1844103917731015, "dt50": {"system": 6.0, "soil": 246.22711751151326, "surfaceWater": 6.0, "sediment": 6.0}, "plant_uptake": 0.5, "name": "Compound -4271623581257124696", "model_specific_data": {}, "metabolites": []}}]}}