{"gap": {"type": "relative", "arguments": {"name": "GAP -296091488377847865", "modelCrop": "WC", "rate": 250.0, "apply_every_n_years": 1, "number_of_applications": 2, "interval": 14, "model_specific_data": {}, "bbch": 31, "season": 0}}, "compound": {"molarMass": 300.0, "water_solubility": 0.04923531612605936, "vapor_pressure": 2.524231368451895e-06, "reference_temperature": 20.0, "koc": 26.832806669357726, "freundlich": 0.8751886639380079, "dt50": {"system": 6.0, "soil": 190.5755060486045, "surfaceWater": 6.0, "sediment": 6.0}, "plant_uptake": 0.0, "name": "Compound -8732745087163367499", "model_specific_data": {}, "metabolites": [{"formation_fraction": 0.2, "metabolite": {"molarMass": 300.0, "water_solubility": 0.02613868213967071, "vapor_pressure": 0.0005674893230034604, "reference_temperature": 20.0, "koc": 1616.3321345930349, "freundlich": 1.1780525212507924, "dt50": {"system": 6.0, "soil": 68.12187172479562, "surfaceWater": 6.0, "sediment": 6.0}, "plant_uptake": 0.5, "name": "Compound -57472400515361461", "model_specific_data": {}, "metabolites": []}}]}}