{"gap": {"type": "relative", "arguments": {"name": "GAP -296091488377847865", "modelCrop": "WC", "rate": 250.0, "apply_every_n_years": 1, "number_of_applications": 2, "interval": 14, "model_specific_data": {}, "bbch": 31, "season": 0}}, "compound": {"molarMass": 300.0, "water_solubility": 1.2254087366676478, "vapor_pressure": 2.734872266273539e-06, "reference_temperature": 20.0, "koc": 4374.487539933781, "freundlich": 0.9531482664706306, "dt50": {"system": 6.0, "soil": 237.28286710701948, "surfaceWater": 6.0, "sediment": 6.0}, "plant_uptake": 0.0, "name": "Compound -1030992786733286416", "model_specific_data": {}, "metabolites": [{"formation_fraction": 0.2, "metabolite": {"molarMass": 300.0, "water_solubility": 0.03991537514129865, "vapor_pressure": 2.299286377514723e-06, "reference_temperature": 20.0, "koc": 944.6358728751073, "freundlich": 1.1277929847668626, "dt50": {"system": 6.0, "soil": 85.35646499411465, "surfaceWater": 6.0, "sediment": 6.0}, "plant_uptake": 0.5, "name": "Compound 2136836311108747503", "model_specific_data": {}, "metabolites": []}}]}}