{"gap": {"type": "relative", "arguments": {"name": "GAP -296091488377847865", "modelCrop": "WC", "rate": 250.0, "apply_every_n_years": 1, "number_of_applications": 2, "interval": 14, "model_specific_data": {}, "bbch": 31, "season": 0}}, "compound": {"molarMass": 300.0, "water_solubility": 0.005180359186016746, "vapor_pressure": 1.801674388693811e-05, "reference_temperature": 20.0, "koc": 18.77899433670892, "freundlich": 0.9271827582993273, "dt50": {"system": 6.0, "soil": 273.8331277667546, "surfaceWater": 6.0, "sediment": 6.0}, "plant_uptake": 0.0, "name": "Compound -7460367869990817032", "model_specific_data": {}, "metabolites": [{"formation_fraction": 0.2, "metabolite": {"molarMass": 300.0, "water_solubility": 0.00920652100686084, "vapor_pressure": 9.751334566999585e-08, "reference_temperature": 20.0, "koc": 1057.1545396824788, "freundlich": 1.1940100652111907, "dt50": {"system": 6.0, "soil": 113.36695861576855, "surfaceWater": 6.0, "sediment": 6.0}, "plant_uptake": 0.5, "name": "Compound 1332995533710579964", "model_specific_data": {}, "metabolites": []}}]}}