{"gap": {"type": "relative", "arguments": {"name": "GAP -296091488377847865", "modelCrop": "WC", "rate": 250.0, "apply_every_n_years": 1, "number_of_applications": 2, "interval": 14, "model_specific_data": {}, "bbch": 31, "season": 0}}, "compound": {"molarMass": 300.0, "water_solubility": 0.237095862713091, "vapor_pressure": 3.370755994758241e-05, "reference_temperature": 20.0, "koc": 348.18539169565776, "freundlich": 1.0385652667940397, "dt50": {"system": 6.0, "soil": 61.26052737412274, "surfaceWater": 6.0, "sediment": 6.0}, "plant_uptake": 0.0, "name": "Compound 1412164192905367380", "model_specific_data": {}, "metabolites": [{"formation_fraction": 0.2, "metabolite": {"molarMass": 300.0, "water_solubility": 0.008286779392529805, "vapor_pressure": 4.573534262570114e-05, "reference_temperature": 20.0, "koc": 479.43182196637525, "freundlich": 0.9386136998300891, "dt50": {"system": 6.0, "soil": 152.9582712999796, "surfaceWater": 6.0, "sediment": 6.0}, "plant_uptake": 0.5, "name": "Compound -8264008422450285856", "model_specific_data": {}, "metabolites": []}}]}}