{"gap": {"type": "relative", "arguments": {"name": "GAP -296091488377847865", "modelCrop": "WC", "rate": 250.0, "apply_every_n_years": 1, "number_of_applications": 2, "interval": 14, "model_specific_data": {}, "bbch": 31, "season": 0}}, "compound": {"molarMass": 300.0, "water_solubility": 0.1202136219488174, "vapor_pressure": 5.010988735253445e-10, "reference_temperature": 20.0, "koc": 109.1447814167415, "freundlich": 0.8898915400401576, "dt50": {"system": 6.0, "soil": 290.2191529900133, "surfaceWater": 6.0, "sediment": 6.0}, "plant_uptake": 0.0, "name": "Compound 6659550634180332785", "model_specific_data": {}, "metabolites": [{"formation_fraction": 0.2, "metabolite": {"molarMass": 300.0, "water_solubility": 0.0010966241631026748, "vapor_pressure": 0.08667010907285623, "reference_temperature": 20.0, "koc": 27.845066147948, "freundlich": 1.1752491079464211, "dt50": {"system": 6.0, "soil": 295.1546625591213, "surfaceWater": 6.0, "sediment": 6.0}, "plant_uptake": 0.5, "name": "Compound -8508925645250026318", "model_specific_data": {}, "metabolites": []}}]}}