{"gap": {"type": "relative", "arguments": {"name": "GAP -296091488377847865", "modelCrop": "WC", "rate": 250.0, "apply_every_n_years": 1, "number_of_applications": 2, "interval": 14, "model_specific_data": {}, "bbch": 31, "season": 0}}, "compound": {"molarMass": 300.0, "water_solubility": 0.029628471711990206, "vapor_pressure": 0.0002663981357076027, "reference_temperature": 20.0, "koc": 1270.0604764497753, "freundlich": 0.8875347049728641, "dt50": {"system": 6.0, "soil": 35.14882505736887, "surfaceWater": 6.0, "sediment": 6.0}, "plant_uptake": 0.0, "name": "Compound 4834864295788157892", "model_specific_data": {}, "metabolites": [{"formation_fraction": 0.2, "metabolite": {"molarMass": 300.0, "water_solubility": 0.0019641928112892203, "vapor_pressure": 0.009380553287599794, "reference_temperature": 20.0, "koc": 145.3663634774234, "freundlich": 0.8970414643689917, "dt50": {"system": 6.0, "soil": 146.0549482434805, "surfaceWater": 6.0, "sediment": 6.0}, "plant_uptake": 0.5, "name": "Compound -1975168364255416295", "model_specific_data": {}, "metabolites": []}}]}}