{"gap": {"type": "relative", "arguments": {"name": "GAP -296091488377847865", "modelCrop": "WC", "rate": 250.0, "apply_every_n_years": 1, "number_of_applications": 2, "interval": 14, "model_specific_data": {}, "bbch": 31, "season": 0}}, "compound": {"molarMass": 300.0, "water_solubility": 0.0007492717805982674, "vapor_pressure": 7.135973614638467e-07, "reference_temperature": 20.0, "koc": 1435.4074847697225, "freundlich": 0.8379326430341449, "dt50": {"system": 6.0, "soil": 3.4374265657157133, "surfaceWater": 6.0, "sediment": 6.0}, "plant_uptake": 0.0, "name": "Compound 8339786202093710190", "model_specific_data": {}, "metabolites": [{"formation_fraction": 0.2, "metabolite": {"molarMass": 300.0, "water_solubility": 3.6694127113885826, "vapor_pressure": 5.71850676591007e-08, "reference_temperature": 20.0, "koc": 16.332296702931565, "freundlich": 1.034483138704777, "dt50": {"system": 6.0, "soil": 21.477882576910332, "surfaceWater": 6.0, "sediment": 6.0}, "plant_uptake": 0.5, "name": "Compound 332746013491849999", "model_specific_data": {}, "metabolites": []}}]}}