{"gap": {"type": "relative", "arguments": {"name": "GAP -296091488377847865", "modelCrop": "WC", "rate": 250.0, "apply_every_n_years": 1, "number_of_applications": 2, "interval": 14, "model_specific_data": {}, "bbch": 31, "season": 0}}, "compound": {"molarMass": 300.0, "water_solubility": 0.22938806495565967, "vapor_pressure": 1.2450184137688223e-06, "reference_temperature": 20.0, "koc": 440.01495177695585, "freundlich": 0.7257089365075675, "dt50": {"system": 6.0, "soil": 243.3493133823489, "surfaceWater": 6.0, "sediment": 6.0}, "plant_uptake": 0.0, "name": "Compound 3294055421743469487", "model_specific_data": {}, "metabolites": [{"formation_fraction": 0.2, "metabolite": {"molarMass": 300.0, "water_solubility": 0.008113361961441842, "vapor_pressure": 1.8567826566435066e-07, "reference_temperature": 20.0, "koc": 1124.4525714638203, "freundlich": 1.1134729940666628, "dt50": {"system": 6.0, "soil": 192.0139654734949, "surfaceWater": 6.0, "sediment": 6.0}, "plant_uptake": 0.5, "name": "Compound 787065851822565987", "model_specific_data": {}, "metabolites": []}}]}}