{"gap": {"type": "relative", "arguments": {"name": "GAP -296091488377847865", "modelCrop": "WC", "rate": 250.0, "apply_every_n_years": 1, "number_of_applications": 2, "interval": 14, "model_specific_data": {}, "bbch": 31, "season": 0}}, "compound": {"molarMass": 300.0, "water_solubility": 0.010350339539604934, "vapor_pressure": 0.0003472311419988468, "reference_temperature": 20.0, "koc": 186.0133454448574, "freundlich": 1.1129537679237296, "dt50": {"system": 6.0, "soil": 246.97074223234424, "surfaceWater": 6.0, "sediment": 6.0}, "plant_uptake": 0.0, "name": "Compound -8232909803378589021", "model_specific_data": {}, "metabolites": [{"formation_fraction": 0.2, "metabolite": {"molarMass": 300.0, "water_solubility": 0.016433555651151167, "vapor_pressure": 4.668935297725649e-08, "reference_temperature": 20.0, "koc": 69.58965410819206, "freundlich": 0.773971379553243, "dt50": {"system": 6.0, "soil": 9.910729195304071, "surfaceWater": 6.0, "sediment": 6.0}, "plant_uptake": 0.5, "name": "Compound 8611669360614737390", "model_specific_data": {}, "metabolites": []}}]}}