{"gap": {"type": "relative", "arguments": {"name": "GAP -296091488377847865", "modelCrop": "WC", "rate": 250.0, "apply_every_n_years": 1, "number_of_applications": 2, "interval": 14, "model_specific_data": {}, "bbch": 31, "season": 0}}, "compound": {"molarMass": 300.0, "water_solubility": 0.0001499268164876721, "vapor_pressure": 2.928955856742758e-05, "reference_temperature": 20.0, "koc": 231.3943380401647, "freundlich": 0.8248716862596508, "dt50": {"system": 6.0, "soil": 200.47087139202017, "surfaceWater": 6.0, "sediment": 6.0}, "plant_uptake": 0.0, "name": "Compound 7791931290182979991", "model_specific_data": {}, "metabolites": [{"formation_fraction": 0.2, "metabolite": {"molarMass": 300.0, "water_solubility": 0.005509701841743874, "vapor_pressure": 0.0036889579446218275, "reference_temperature": 20.0, "koc": 22.899495153917595, "freundlich": 0.9627316551386531, "dt50": {"system": 6.0, "soil": 185.36862400562583, "surfaceWater": 6.0, "sediment": 6.0}, "plant_uptake": 0.5, "name": "Compound 1210919657426845202", "model_specific_data": {}, "metabolites": []}}]}}