{"gap": {"type": "relative", "arguments": {"name": "GAP -296091488377847865", "modelCrop": "WC", "rate": 250.0, "apply_every_n_years": 1, "number_of_applications": 2, "interval": 14, "model_specific_data": {}, "bbch": 31, "season": 0}}, "compound": {"molarMass": 300.0, "water_solubility": 0.0029629830990934437, "vapor_pressure": 2.2985661525210493e-06, "reference_temperature": 20.0, "koc": 99.73782881836182, "freundlich": 0.9559838870096604, "dt50": {"system": 6.0, "soil": 238.92758064471752, "surfaceWater": 6.0, "sediment": 6.0}, "plant_uptake": 0.0, "name": "Compound -2858134101599632422", "model_specific_data": {}, "metabolites": [{"formation_fraction": 0.2, "metabolite": {"molarMass": 300.0, "water_solubility": 0.31876086198257503, "vapor_pressure": 4.755135174043854e-06, "reference_temperature": 20.0, "koc": 27.540549943265184, "freundlich": 1.1659198110678997, "dt50": {"system": 6.0, "soil": 149.10849674839042, "surfaceWater": 6.0, "sediment": 6.0}, "plant_uptake": 0.5, "name": "Compound 9074560997033033011", "model_specific_data": {}, "metabolites": []}}]}}