{"gap": {"type": "relative", "arguments": {"name": "GAP -296091488377847865", "modelCrop": "WC", "rate": 250.0, "apply_every_n_years": 1, "number_of_applications": 2, "interval": 14, "model_specific_data": {}, "bbch": 31, "season": 0}}, "compound": {"molarMass": 300.0, "water_solubility": 0.03918135870722233, "vapor_pressure": 3.5837019752809267e-06, "reference_temperature": 20.0, "koc": 2588.715260643181, "freundlich": 0.9089705031379784, "dt50": {"system": 6.0, "soil": 105.74768019590555, "surfaceWater": 6.0, "sediment": 6.0}, "plant_uptake": 0.0, "name": "Compound -3901620392904652079", "model_specific_data": {}, "metabolites": [{"formation_fraction": 0.2, "metabolite": {"molarMass": 300.0, "water_solubility": 0.0552682336293847, "vapor_pressure": 0.0003917906169713765, "reference_temperature": 20.0, "koc": 47.280029234499956, "freundlich": 0.8571336611852657, "dt50": {"system": 6.0, "soil": 154.7329828787183, "surfaceWater": 6.0, "sediment": 6.0}, "plant_uptake": 0.5, "name": "Compound -505798609697702312", "model_specific_data": {}, "metabolites": []}}]}}