{"gap": {"type": "relative", "arguments": {"name": "GAP -296091488377847865", "modelCrop": "WC", "rate": 250.0, "apply_every_n_years": 1, "number_of_applications": 2, "interval": 14, "model_specific_data": {}, "bbch": 31, "season": 0}}, "compound": {"molarMass": 300.0, "water_solubility": 0.030307034680716022, "vapor_pressure": 3.3826456490570385e-05, "reference_temperature": 20.0, "koc": 1151.7015748157994, "freundlich": 1.0979328956132666, "dt50": {"system": 6.0, "soil": 4.733210606084894, "surfaceWater": 6.0, "sediment": 6.0}, "plant_uptake": 0.0, "name": "Compound -1746634751955130955", "model_specific_data": {}, "metabolites": [{"formation_fraction": 0.2, "metabolite": {"molarMass": 300.0, "water_solubility": 0.18425575015747253, "vapor_pressure": 7.482737854804589e-07, "reference_temperature": 20.0, "koc": 674.8883146150345, "freundlich": 1.0706668811501225, "dt50": {"system": 6.0, "soil": 138.59001981593448, "surfaceWater": 6.0, "sediment": 6.0}, "plant_uptake": 0.5, "name": "Compound -9216962315628402431", "model_specific_data": {}, "metabolites": []}}]}}