{"gap": {"type": "relative", "arguments": {"name": "GAP -296091488377847865", "modelCrop": "WC", "rate": 250.0, "apply_every_n_years": 1, "number_of_applications": 2, "interval": 14, "model_specific_data": {}, "bbch": 31, "season": 0}}, "compound": {"molarMass": 300.0, "water_solubility": 0.00033345377178024436, "vapor_pressure": 2.256312946020581e-06, "reference_temperature": 20.0, "koc": 264.3040546818474, "freundlich": 0.9685391409902848, "dt50": {"system": 6.0, "soil": 125.92134940520693, "surfaceWater": 6.0, "sediment": 6.0}, "plant_uptake": 0.0, "name": "Compound 7766626799040486214", "model_specific_data": {}, "metabolites": [{"formation_fraction": 0.2, "metabolite": {"molarMass": 300.0, "water_solubility": 0.013954338619992483, "vapor_pressure": 1.7934757818232792e-07, "reference_temperature": 20.0, "koc": 398.7030700414521, "freundlich": 1.0366070003340848, "dt50": {"system": 6.0, "soil": 30.876103539096526, "surfaceWater": 6.0, "sediment": 6.0}, "plant_uptake": 0.5, "name": "Compound 7636928188053529373", "model_specific_data": {}, "metabolites": []}}]}}