{"gap": {"type": "relative", "arguments": {"name": "GAP -296091488377847865", "modelCrop": "WC", "rate": 250.0, "apply_every_n_years": 1, "number_of_applications": 2, "interval": 14, "model_specific_data": {}, "bbch": 31, "season": 0}}, "compound": {"molarMass": 300.0, "water_solubility": 0.04141383081501649, "vapor_pressure": 0.0002724485699271662, "reference_temperature": 20.0, "koc": 567.5383746647901, "freundlich": 1.144525441152384, "dt50": {"system": 6.0, "soil": 79.04133144226253, "surfaceWater": 6.0, "sediment": 6.0}, "plant_uptake": 0.0, "name": "Compound -1504023788114460632", "model_specific_data": {}, "metabolites": [{"formation_fraction": 0.2, "metabolite": {"molarMass": 300.0, "water_solubility": 0.24466068712726752, "vapor_pressure": 1.5354170217775415e-06, "reference_temperature": 20.0, "koc": 237.58174647021875, "freundlich": 1.088903755182667, "dt50": {"system": 6.0, "soil": 61.26782321203451, "surfaceWater": 6.0, "sediment": 6.0}, "plant_uptake": 0.5, "name": "Compound -4422550921278939281", "model_specific_data": {}, "metabolites": []}}]}}