{"gap": {"type": "relative", "arguments": {"name": "GAP -296091488377847865", "modelCrop": "WC", "rate": 250.0, "apply_every_n_years": 1, "number_of_applications": 2, "interval": 14, "model_specific_data": {}, "bbch": 31, "season": 0}}, "compound": {"molarMass": 300.0, "water_solubility": 0.01781803678926919, "vapor_pressure": 2.1717779886439857e-07, "reference_temperature": 20.0, "koc": 1709.80136855, "freundlich": 1.0538494154848388, "dt50": {"system": 6.0, "soil": 172.10700767748503, "surfaceWater": 6.0, "sediment": 6.0}, "plant_uptake": 0.0, "name": "Compound -1424039626136075669", "model_specific_data": {}, "metabolites": [{"formation_fraction": 0.2, "metabolite": {"molarMass": 300.0, "water_solubility": 0.038713353068539916, "vapor_pressure": 0.011749681607569024, "reference_temperature": 20.0, "koc": 10.744454178377495, "freundlich": 0.9624051294260034, "dt50": {"system": 6.0, "soil": 43.889742024827314, "surfaceWater": 6.0, "sediment": 6.0}, "plant_uptake": 0.5, "name": "Compound -4949257586667509896", "model_specific_data": {}, "metabolites": []}}]}}