{"gap": {"type": "relative", "arguments": {"name": "GAP -296091488377847865", "modelCrop": "WC", "rate": 250.0, "apply_every_n_years": 1, "number_of_applications": 2, "interval": 14, "model_specific_data": {}, "bbch": 31, "season": 0}}, "compound": {"molarMass": 300.0, "water_solubility": 0.29252293905126125, "vapor_pressure": 2.0429991339323968e-07, "reference_temperature": 20.0, "koc": 783.7044403959223, "freundlich": 1.133646920389073, "dt50": {"system": 6.0, "soil": 54.155842624292376, "surfaceWater": 6.0, "sediment": 6.0}, "plant_uptake": 0.0, "name": "Compound 2707906642238637516", "model_specific_data": {}, "metabolites": [{"formation_fraction": 0.2, "metabolite": {"molarMass": 300.0, "water_solubility": 0.1976412366591141, "vapor_pressure": 1.8375929511216265e-06, "reference_temperature": 20.0, "koc": 333.58487040169837, "freundlich": 0.8816828950188718, "dt50": {"system": 6.0, "soil": 48.282604653487404, "surfaceWater": 6.0, "sediment": 6.0}, "plant_uptake": 0.5, "name": "Compound 4119932238412586444", "model_specific_data": {}, "metabolites": []}}]}}