{"gap": {"type": "relative", "arguments": {"name": "GAP -296091488377847865", "modelCrop": "WC", "rate": 250.0, "apply_every_n_years": 1, "number_of_applications": 2, "interval": 14, "model_specific_data": {}, "bbch": 31, "season": 0}}, "compound": {"molarMass": 300.0, "water_solubility": 0.0011962845482192484, "vapor_pressure": 4.319646366285604e-08, "reference_temperature": 20.0, "koc": 637.337814967511, "freundlich": 0.7239363980237263, "dt50": {"system": 6.0, "soil": 189.64259697943982, "surfaceWater": 6.0, "sediment": 6.0}, "plant_uptake": 0.0, "name": "Compound -8193030554188237305", "model_specific_data": {}, "metabolites": [{"formation_fraction": 0.2, "metabolite": {"molarMass": 300.0, "water_solubility": 0.012738660341474185, "vapor_pressure": 1.1600445473662975e-06, "reference_temperature": 20.0, "koc": 222.98326677712512, "freundlich": 0.7473108059283617, "dt50": {"system": 6.0, "soil": 280.63736529162236, "surfaceWater": 6.0, "sediment": 6.0}, "plant_uptake": 0.5, "name": "Compound 3209748466234493046", "model_specific_data": {}, "metabolites": []}}]}}