{"gap": {"type": "relative", "arguments": {"name": "GAP -296091488377847865", "modelCrop": "WC", "rate": 250.0, "apply_every_n_years": 1, "number_of_applications": 2, "interval": 14, "model_specific_data": {}, "bbch": 31, "season": 0}}, "compound": {"molarMass": 300.0, "water_solubility": 0.0003721987777998318, "vapor_pressure": 2.9160756066505077e-08, "reference_temperature": 20.0, "koc": 19.63617203724148, "freundlich": 0.9607042302503481, "dt50": {"system": 6.0, "soil": 170.89854436221412, "surfaceWater": 6.0, "sediment": 6.0}, "plant_uptake": 0.0, "name": "Compound -8603034535258367844", "model_specific_data": {}, "metabolites": [{"formation_fraction": 0.2, "metabolite": {"molarMass": 300.0, "water_solubility": 0.108300744693439, "vapor_pressure": 0.00089029948329764, "reference_temperature": 20.0, "koc": 150.13513991393592, "freundlich": 0.7354940547930947, "dt50": {"system": 6.0, "soil": 147.00270009775008, "surfaceWater": 6.0, "sediment": 6.0}, "plant_uptake": 0.5, "name": "Compound -8435290620939306109", "model_specific_data": {}, "metabolites": []}}]}}