{"gap": {"type": "relative", "arguments": {"name": "GAP -296091488377847865", "modelCrop": "WC", "rate": 250.0, "apply_every_n_years": 1, "number_of_applications": 2, "interval": 14, "model_specific_data": {}, "bbch": 31, "season": 0}}, "compound": {"molarMass": 300.0, "water_solubility": 7.609644029968085e-05, "vapor_pressure": 0.0004579629966752136, "reference_temperature": 20.0, "koc": 61.05929016865945, "freundlich": 0.9038378849040952, "dt50": {"system": 6.0, "soil": 181.50923741110182, "surfaceWater": 6.0, "sediment": 6.0}, "plant_uptake": 0.0, "name": "Compound -3605904389200404117", "model_specific_data": {}, "metabolites": [{"formation_fraction": 0.2, "metabolite": {"molarMass": 300.0, "water_solubility": 0.009956575768967817, "vapor_pressure": 9.887178605511596e-07, "reference_temperature": 20.0, "koc": 14.257188906195404, "freundlich": 0.9606330636331875, "dt50": {"system": 6.0, "soil": 11.362496185062618, "surfaceWater": 6.0, "sediment": 6.0}, "plant_uptake": 0.5, "name": "Compound 8864965364418439804", "model_specific_data": {}, "metabolites": []}}]}}