{"gap": {"type": "relative", "arguments": {"name": "GAP -296091488377847865", "modelCrop": "WC", "rate": 250.0, "apply_every_n_years": 1, "number_of_applications": 2, "interval": 14, "model_specific_data": {}, "bbch": 31, "season": 0}}, "compound": {"molarMass": 300.0, "water_solubility": 0.8499080381122153, "vapor_pressure": 5.851402573199584e-06, "reference_temperature": 20.0, "koc": 207.09706342440703, "freundlich": 1.0394450746421606, "dt50": {"system": 6.0, "soil": 214.68050232262385, "surfaceWater": 6.0, "sediment": 6.0}, "plant_uptake": 0.0, "name": "Compound 2795558994742458836", "model_specific_data": {}, "metabolites": [{"formation_fraction": 0.2, "metabolite": {"molarMass": 300.0, "water_solubility": 0.1921249298290942, "vapor_pressure": 0.00013782102481063284, "reference_temperature": 20.0, "koc": 77.45572633599134, "freundlich": 0.8520783234328658, "dt50": {"system": 6.0, "soil": 293.69387828266747, "surfaceWater": 6.0, "sediment": 6.0}, "plant_uptake": 0.5, "name": "Compound -3159559879607643335", "model_specific_data": {}, "metabolites": []}}]}}