{"gap": {"type": "relative", "arguments": {"name": "GAP -296091488377847865", "modelCrop": "WC", "rate": 250.0, "apply_every_n_years": 1, "number_of_applications": 2, "interval": 14, "model_specific_data": {}, "bbch": 31, "season": 0}}, "compound": {"molarMass": 300.0, "water_solubility": 0.0940919378766287, "vapor_pressure": 1.830738063731896e-05, "reference_temperature": 20.0, "koc": 3504.067984534569, "freundlich": 1.0558986192507427, "dt50": {"system": 6.0, "soil": 265.2840669412806, "surfaceWater": 6.0, "sediment": 6.0}, "plant_uptake": 0.0, "name": "Compound -7249711298846439363", "model_specific_data": {}, "metabolites": [{"formation_fraction": 0.2, "metabolite": {"molarMass": 300.0, "water_solubility": 0.0019026997061734284, "vapor_pressure": 7.38640572508515e-08, "reference_temperature": 20.0, "koc": 46.46375698709105, "freundlich": 0.8644668768301048, "dt50": {"system": 6.0, "soil": 259.1688655800865, "surfaceWater": 6.0, "sediment": 6.0}, "plant_uptake": 0.5, "name": "Compound 8476377400301791739", "model_specific_data": {}, "metabolites": []}}]}}