{"gap": {"type": "relative", "arguments": {"name": "GAP -296091488377847865", "modelCrop": "WC", "rate": 250.0, "apply_every_n_years": 1, "number_of_applications": 2, "interval": 14, "model_specific_data": {}, "bbch": 31, "season": 0}}, "compound": {"molarMass": 300.0, "water_solubility": 0.003632636777586337, "vapor_pressure": 5.213710142316621e-07, "reference_temperature": 20.0, "koc": 246.6073200832348, "freundlich": 1.136685432595997, "dt50": {"system": 6.0, "soil": 15.759857221461516, "surfaceWater": 6.0, "sediment": 6.0}, "plant_uptake": 0.0, "name": "Compound -6430962742026457468", "model_specific_data": {}, "metabolites": [{"formation_fraction": 0.2, "metabolite": {"molarMass": 300.0, "water_solubility": 3.765192598524938e-05, "vapor_pressure": 4.5571604095802056e-05, "reference_temperature": 20.0, "koc": 179.88718658168213, "freundlich": 0.8758020745188337, "dt50": {"system": 6.0, "soil": 107.39031223569721, "surfaceWater": 6.0, "sediment": 6.0}, "plant_uptake": 0.5, "name": "Compound 410908812881807312", "model_specific_data": {}, "metabolites": []}}]}}