{"gap": {"type": "relative", "arguments": {"name": "GAP -296091488377847865", "modelCrop": "WC", "rate": 250.0, "apply_every_n_years": 1, "number_of_applications": 2, "interval": 14, "model_specific_data": {}, "bbch": 31, "season": 0}}, "compound": {"molarMass": 300.0, "water_solubility": 0.018786064909999928, "vapor_pressure": 0.00013835461746694556, "reference_temperature": 20.0, "koc": 711.3522335868549, "freundlich": 1.1178300286976064, "dt50": {"system": 6.0, "soil": 296.36731295322784, "surfaceWater": 6.0, "sediment": 6.0}, "plant_uptake": 0.0, "name": "Compound -921185579435651652", "model_specific_data": {}, "metabolites": [{"formation_fraction": 0.2, "metabolite": {"molarMass": 300.0, "water_solubility": 4.659893572428867e-05, "vapor_pressure": 0.000914986682955151, "reference_temperature": 20.0, "koc": 1301.621052067497, "freundlich": 1.104616276540885, "dt50": {"system": 6.0, "soil": 278.3022524998342, "surfaceWater": 6.0, "sediment": 6.0}, "plant_uptake": 0.5, "name": "Compound -3761999652772217053", "model_specific_data": {}, "metabolites": []}}]}}