{"gap": {"type": "relative", "arguments": {"name": "GAP -296091488377847865", "modelCrop": "WC", "rate": 250.0, "apply_every_n_years": 1, "number_of_applications": 2, "interval": 14, "model_specific_data": {}, "bbch": 31, "season": 0}}, "compound": {"molarMass": 300.0, "water_solubility": 0.0013563061175708318, "vapor_pressure": 2.688477893544906e-06, "reference_temperature": 20.0, "koc": 415.4897136283262, "freundlich": 0.8213098570971165, "dt50": {"system": 6.0, "soil": 197.52543693818566, "surfaceWater": 6.0, "sediment": 6.0}, "plant_uptake": 0.0, "name": "Compound -3879098693423859032", "model_specific_data": {}, "metabolites": [{"formation_fraction": 0.2, "metabolite": {"molarMass": 300.0, "water_solubility": 0.02644740772975056, "vapor_pressure": 9.718099560255855e-08, "reference_temperature": 20.0, "koc": 1682.8457582536787, "freundlich": 0.9920513643491, "dt50": {"system": 6.0, "soil": 180.77317573001903, "surfaceWater": 6.0, "sediment": 6.0}, "plant_uptake": 0.5, "name": "Compound -7223402639543521495", "model_specific_data": {}, "metabolites": []}}]}}