{"gap": {"type": "relative", "arguments": {"name": "GAP -296091488377847865", "modelCrop": "WC", "rate": 250.0, "apply_every_n_years": 1, "number_of_applications": 2, "interval": 14, "model_specific_data": {}, "bbch": 31, "season": 0}}, "compound": {"molarMass": 300.0, "water_solubility": 0.022019304319420955, "vapor_pressure": 3.442057097453523e-08, "reference_temperature": 20.0, "koc": 1223.5077605038184, "freundlich": 1.0030044563748293, "dt50": {"system": 6.0, "soil": 137.28503323514568, "surfaceWater": 6.0, "sediment": 6.0}, "plant_uptake": 0.0, "name": "Compound -7098420596454734981", "model_specific_data": {}, "metabolites": [{"formation_fraction": 0.2, "metabolite": {"molarMass": 300.0, "water_solubility": 0.007215772535529187, "vapor_pressure": 1.4436735079207907e-05, "reference_temperature": 20.0, "koc": 18.544914345650945, "freundlich": 0.7347306269907681, "dt50": {"system": 6.0, "soil": 234.72050789739382, "surfaceWater": 6.0, "sediment": 6.0}, "plant_uptake": 0.5, "name": "Compound 2879094798241056762", "model_specific_data": {}, "metabolites": []}}]}}