{"gap": {"type": "relative", "arguments": {"name": "GAP -296091488377847865", "modelCrop": "WC", "rate": 250.0, "apply_every_n_years": 1, "number_of_applications": 2, "interval": 14, "model_specific_data": {}, "bbch": 31, "season": 0}}, "compound": {"molarMass": 300.0, "water_solubility": 0.0002951075922035906, "vapor_pressure": 6.589242211855906e-05, "reference_temperature": 20.0, "koc": 560.6015054672149, "freundlich": 0.9691943741184355, "dt50": {"system": 6.0, "soil": 223.99236961765254, "surfaceWater": 6.0, "sediment": 6.0}, "plant_uptake": 0.0, "name": "Compound 6457962358793850313", "model_specific_data": {}, "metabolites": [{"formation_fraction": 0.2, "metabolite": {"molarMass": 300.0, "water_solubility": 0.029639015432754753, "vapor_pressure": 0.0003536333743190408, "reference_temperature": 20.0, "koc": 230.324115642774, "freundlich": 1.1615881101238466, "dt50": {"system": 6.0, "soil": 105.33637044031892, "surfaceWater": 6.0, "sediment": 6.0}, "plant_uptake": 0.5, "name": "Compound -5006108262644583700", "model_specific_data": {}, "metabolites": []}}]}}