{"gap": {"type": "relative", "arguments": {"name": "GAP -296091488377847865", "modelCrop": "WC", "rate": 250.0, "apply_every_n_years": 1, "number_of_applications": 2, "interval": 14, "model_specific_data": {}, "bbch": 31, "season": 0}}, "compound": {"molarMass": 300.0, "water_solubility": 0.013056387896583766, "vapor_pressure": 1.8934694061739483e-07, "reference_temperature": 20.0, "koc": 292.18461890017767, "freundlich": 0.7111430387791449, "dt50": {"system": 6.0, "soil": 201.7833475938648, "surfaceWater": 6.0, "sediment": 6.0}, "plant_uptake": 0.0, "name": "Compound -3057051767169698504", "model_specific_data": {}, "metabolites": [{"formation_fraction": 0.2, "metabolite": {"molarMass": 300.0, "water_solubility": 0.007071012466214608, "vapor_pressure": 2.5481544837945765e-05, "reference_temperature": 20.0, "koc": 649.3110171849678, "freundlich": 0.872178753933861, "dt50": {"system": 6.0, "soil": 129.2895491148309, "surfaceWater": 6.0, "sediment": 6.0}, "plant_uptake": 0.5, "name": "Compound -1468676323680693005", "model_specific_data": {}, "metabolites": []}}]}}