{"gap": {"type": "relative", "arguments": {"name": "GAP -296091488377847865", "modelCrop": "WC", "rate": 250.0, "apply_every_n_years": 1, "number_of_applications": 2, "interval": 14, "model_specific_data": {}, "bbch": 31, "season": 0}}, "compound": {"molarMass": 300.0, "water_solubility": 0.08054778893399119, "vapor_pressure": 1.3956815327308803e-06, "reference_temperature": 20.0, "koc": 315.67426365370585, "freundlich": 1.1337320506022475, "dt50": {"system": 6.0, "soil": 282.31316631257124, "surfaceWater": 6.0, "sediment": 6.0}, "plant_uptake": 0.0, "name": "Compound -6336088201592660139", "model_specific_data": {}, "metabolites": [{"formation_fraction": 0.2, "metabolite": {"molarMass": 300.0, "water_solubility": 0.02726336788808362, "vapor_pressure": 0.0030750895633956067, "reference_temperature": 20.0, "koc": 661.0537800796537, "freundlich": 1.1159185943031191, "dt50": {"system": 6.0, "soil": 238.58753489688925, "surfaceWater": 6.0, "sediment": 6.0}, "plant_uptake": 0.5, "name": "Compound 3591907215977043295", "model_specific_data": {}, "metabolites": []}}]}}