{"gap": {"type": "relative", "arguments": {"name": "GAP -296091488377847865", "modelCrop": "WC", "rate": 250.0, "apply_every_n_years": 1, "number_of_applications": 2, "interval": 14, "model_specific_data": {}, "bbch": 31, "season": 0}}, "compound": {"molarMass": 300.0, "water_solubility": 9.380776582200465e-05, "vapor_pressure": 0.0003619704946147326, "reference_temperature": 20.0, "koc": 255.89817802390525, "freundlich": 0.898936978524836, "dt50": {"system": 6.0, "soil": 289.54230344455794, "surfaceWater": 6.0, "sediment": 6.0}, "plant_uptake": 0.0, "name": "Compound -6307965670063921909", "model_specific_data": {}, "metabolites": [{"formation_fraction": 0.2, "metabolite": {"molarMass": 300.0, "water_solubility": 0.002545635058301844, "vapor_pressure": 0.0011395336353056975, "reference_temperature": 20.0, "koc": 384.3872075841503, "freundlich": 0.8448165234057452, "dt50": {"system": 6.0, "soil": 250.38656289557233, "surfaceWater": 6.0, "sediment": 6.0}, "plant_uptake": 0.5, "name": "Compound 4135489739885826225", "model_specific_data": {}, "metabolites": []}}]}}