{"gap": {"type": "relative", "arguments": {"name": "GAP -296091488377847865", "modelCrop": "WC", "rate": 250.0, "apply_every_n_years": 1, "number_of_applications": 2, "interval": 14, "model_specific_data": {}, "bbch": 31, "season": 0}}, "compound": {"molarMass": 300.0, "water_solubility": 0.001036754846413269, "vapor_pressure": 1.2759435790537615e-07, "reference_temperature": 20.0, "koc": 14.644205083288819, "freundlich": 0.9105940001775665, "dt50": {"system": 6.0, "soil": 57.83452583405777, "surfaceWater": 6.0, "sediment": 6.0}, "plant_uptake": 0.0, "name": "Compound -6424727543682411312", "model_specific_data": {}, "metabolites": [{"formation_fraction": 0.2, "metabolite": {"molarMass": 300.0, "water_solubility": 0.0029937214868395487, "vapor_pressure": 2.3381830301976354e-08, "reference_temperature": 20.0, "koc": 177.46370239887736, "freundlich": 1.0264095016306476, "dt50": {"system": 6.0, "soil": 193.9419401853369, "surfaceWater": 6.0, "sediment": 6.0}, "plant_uptake": 0.5, "name": "Compound -4345725621532458905", "model_specific_data": {}, "metabolites": []}}]}}