{"gap": {"type": "relative", "arguments": {"name": "GAP -296091488377847865", "modelCrop": "WC", "rate": 250.0, "apply_every_n_years": 1, "number_of_applications": 2, "interval": 14, "model_specific_data": {}, "bbch": 31, "season": 0}}, "compound": {"molarMass": 300.0, "water_solubility": 0.004985356277189705, "vapor_pressure": 3.318425090684356e-07, "reference_temperature": 20.0, "koc": 75.44102487459016, "freundlich": 0.8265287788556567, "dt50": {"system": 6.0, "soil": 120.93482709014086, "surfaceWater": 6.0, "sediment": 6.0}, "plant_uptake": 0.0, "name": "Compound 7691384469204083776", "model_specific_data": {}, "metabolites": [{"formation_fraction": 0.2, "metabolite": {"molarMass": 300.0, "water_solubility": 0.018749740845863432, "vapor_pressure": 1.1967817699586338e-05, "reference_temperature": 20.0, "koc": 754.5356508104791, "freundlich": 0.7160804347038194, "dt50": {"system": 6.0, "soil": 222.36370965406854, "surfaceWater": 6.0, "sediment": 6.0}, "plant_uptake": 0.5, "name": "Compound 5146928001268678938", "model_specific_data": {}, "metabolites": []}}]}}