{"gap": {"type": "relative", "arguments": {"name": "GAP -296091488377847865", "modelCrop": "WC", "rate": 250.0, "apply_every_n_years": 1, "number_of_applications": 2, "interval": 14, "model_specific_data": {}, "bbch": 31, "season": 0}}, "compound": {"molarMass": 300.0, "water_solubility": 0.0033746127046344427, "vapor_pressure": 5.067886215272523e-07, "reference_temperature": 20.0, "koc": 53.54247122228456, "freundlich": 0.7690160296272216, "dt50": {"system": 6.0, "soil": 288.48050700754, "surfaceWater": 6.0, "sediment": 6.0}, "plant_uptake": 0.0, "name": "Compound 2154001853447049893", "model_specific_data": {}, "metabolites": [{"formation_fraction": 0.2, "metabolite": {"molarMass": 300.0, "water_solubility": 0.0024792737311376376, "vapor_pressure": 1.0405225869966088e-07, "reference_temperature": 20.0, "koc": 197.4176492689756, "freundlich": 1.0610781662529125, "dt50": {"system": 6.0, "soil": 144.11754874990345, "surfaceWater": 6.0, "sediment": 6.0}, "plant_uptake": 0.5, "name": "Compound 8118868680248196035", "model_specific_data": {}, "metabolites": []}}]}}