{"gap": {"type": "relative", "arguments": {"name": "GAP -296091488377847865", "modelCrop": "WC", "rate": 250.0, "apply_every_n_years": 1, "number_of_applications": 2, "interval": 14, "model_specific_data": {}, "bbch": 31, "season": 0}}, "compound": {"molarMass": 300.0, "water_solubility": 0.00048369387935610165, "vapor_pressure": 1.3119624549730752e-07, "reference_temperature": 20.0, "koc": 13.857513891613095, "freundlich": 1.1971361048486846, "dt50": {"system": 6.0, "soil": 140.1621197288706, "surfaceWater": 6.0, "sediment": 6.0}, "plant_uptake": 0.0, "name": "Compound -3376103563585331587", "model_specific_data": {}, "metabolites": [{"formation_fraction": 0.2, "metabolite": {"molarMass": 300.0, "water_solubility": 0.0011657370204829812, "vapor_pressure": 1.1601574427144677e-08, "reference_temperature": 20.0, "koc": 4330.800638210187, "freundlich": 0.9696637371151668, "dt50": {"system": 6.0, "soil": 10.666294336527551, "surfaceWater": 6.0, "sediment": 6.0}, "plant_uptake": 0.5, "name": "Compound 9006685668686227568", "model_specific_data": {}, "metabolites": []}}]}}