{"gap": {"type": "relative", "arguments": {"name": "GAP -296091488377847865", "modelCrop": "WC", "rate": 250.0, "apply_every_n_years": 1, "number_of_applications": 2, "interval": 14, "model_specific_data": {}, "bbch": 31, "season": 0}}, "compound": {"molarMass": 300.0, "water_solubility": 0.03191858749002723, "vapor_pressure": 9.280439359625657e-08, "reference_temperature": 20.0, "koc": 2835.033804457258, "freundlich": 1.0795180716595314, "dt50": {"system": 6.0, "soil": 245.26442107063662, "surfaceWater": 6.0, "sediment": 6.0}, "plant_uptake": 0.0, "name": "Compound -1314339277920430782", "model_specific_data": {}, "metabolites": [{"formation_fraction": 0.2, "metabolite": {"molarMass": 300.0, "water_solubility": 0.07106912948581483, "vapor_pressure": 1.6821228434338564e-07, "reference_temperature": 20.0, "koc": 86.64602924239236, "freundlich": 1.0392639979990665, "dt50": {"system": 6.0, "soil": 220.0500198151744, "surfaceWater": 6.0, "sediment": 6.0}, "plant_uptake": 0.5, "name": "Compound -1630283480173453639", "model_specific_data": {}, "metabolites": []}}]}}