{"gap": {"type": "relative", "arguments": {"name": "GAP -296091488377847865", "modelCrop": "WC", "rate": 250.0, "apply_every_n_years": 1, "number_of_applications": 2, "interval": 14, "model_specific_data": {}, "bbch": 31, "season": 0}}, "compound": {"molarMass": 300.0, "water_solubility": 0.017229683045945025, "vapor_pressure": 6.304114314090722e-07, "reference_temperature": 20.0, "koc": 475.0161211828334, "freundlich": 0.897819542615671, "dt50": {"system": 6.0, "soil": 223.1471418971732, "surfaceWater": 6.0, "sediment": 6.0}, "plant_uptake": 0.0, "name": "Compound 6493808789922004329", "model_specific_data": {}, "metabolites": [{"formation_fraction": 0.2, "metabolite": {"molarMass": 300.0, "water_solubility": 0.010519054447479139, "vapor_pressure": 1.7734401393959896e-05, "reference_temperature": 20.0, "koc": 15.804541963688965, "freundlich": 0.7768036641771403, "dt50": {"system": 6.0, "soil": 58.65471432414603, "surfaceWater": 6.0, "sediment": 6.0}, "plant_uptake": 0.5, "name": "Compound -3625865297953565432", "model_specific_data": {}, "metabolites": []}}]}}