{"gap": {"type": "relative", "arguments": {"name": "GAP -296091488377847865", "modelCrop": "WC", "rate": 250.0, "apply_every_n_years": 1, "number_of_applications": 2, "interval": 14, "model_specific_data": {}, "bbch": 31, "season": 0}}, "compound": {"molarMass": 300.0, "water_solubility": 0.5908704009937381, "vapor_pressure": 6.636631553960059e-05, "reference_temperature": 20.0, "koc": 4965.167332797556, "freundlich": 0.9183041326786459, "dt50": {"system": 6.0, "soil": 104.87146681235143, "surfaceWater": 6.0, "sediment": 6.0}, "plant_uptake": 0.0, "name": "Compound 2139830521874585413", "model_specific_data": {}, "metabolites": [{"formation_fraction": 0.2, "metabolite": {"molarMass": 300.0, "water_solubility": 0.0019223171349081606, "vapor_pressure": 1.930295461599981e-05, "reference_temperature": 20.0, "koc": 25.593278112516806, "freundlich": 0.9912578782061429, "dt50": {"system": 6.0, "soil": 29.14475512334568, "surfaceWater": 6.0, "sediment": 6.0}, "plant_uptake": 0.5, "name": "Compound 5466674091857261740", "model_specific_data": {}, "metabolites": []}}]}}