{"gap": {"type": "relative", "arguments": {"name": "GAP -296091488377847865", "modelCrop": "WC", "rate": 250.0, "apply_every_n_years": 1, "number_of_applications": 2, "interval": 14, "model_specific_data": {}, "bbch": 31, "season": 0}}, "compound": {"molarMass": 300.0, "water_solubility": 0.0003339101989676409, "vapor_pressure": 0.00045105682545472055, "reference_temperature": 20.0, "koc": 220.39734543967757, "freundlich": 1.041118694646547, "dt50": {"system": 6.0, "soil": 216.23278064309332, "surfaceWater": 6.0, "sediment": 6.0}, "plant_uptake": 0.0, "name": "Compound 1097465542557740627", "model_specific_data": {}, "metabolites": [{"formation_fraction": 0.2, "metabolite": {"molarMass": 300.0, "water_solubility": 0.009730212925518457, "vapor_pressure": 1.3486484560411535e-05, "reference_temperature": 20.0, "koc": 19.42754299183086, "freundlich": 0.9501914900361708, "dt50": {"system": 6.0, "soil": 69.70247378400158, "surfaceWater": 6.0, "sediment": 6.0}, "plant_uptake": 0.5, "name": "Compound 8740639246980747018", "model_specific_data": {}, "metabolites": []}}]}}