{"gap": {"type": "relative", "arguments": {"name": "GAP -296091488377847865", "modelCrop": "WC", "rate": 250.0, "apply_every_n_years": 1, "number_of_applications": 2, "interval": 14, "model_specific_data": {}, "bbch": 31, "season": 0}}, "compound": {"molarMass": 300.0, "water_solubility": 0.00024270513644586742, "vapor_pressure": 4.37849997574813e-06, "reference_temperature": 20.0, "koc": 50.54073504409732, "freundlich": 0.8311483890794423, "dt50": {"system": 6.0, "soil": 287.3523874637326, "surfaceWater": 6.0, "sediment": 6.0}, "plant_uptake": 0.0, "name": "Compound -5228693078150613682", "model_specific_data": {}, "metabolites": [{"formation_fraction": 0.2, "metabolite": {"molarMass": 300.0, "water_solubility": 0.20896845616351536, "vapor_pressure": 4.0087956617023045e-06, "reference_temperature": 20.0, "koc": 111.29733843349028, "freundlich": 0.7599239227206034, "dt50": {"system": 6.0, "soil": 55.20433135808016, "surfaceWater": 6.0, "sediment": 6.0}, "plant_uptake": 0.5, "name": "Compound -2855451473731188513", "model_specific_data": {}, "metabolites": []}}]}}