{"gap": {"type": "relative", "arguments": {"name": "GAP -296091488377847865", "modelCrop": "WC", "rate": 250.0, "apply_every_n_years": 1, "number_of_applications": 2, "interval": 14, "model_specific_data": {}, "bbch": 31, "season": 0}}, "compound": {"molarMass": 300.0, "water_solubility": 0.028402752859237025, "vapor_pressure": 5.43193503988892e-08, "reference_temperature": 20.0, "koc": 2592.1420011969067, "freundlich": 0.9452105876264791, "dt50": {"system": 6.0, "soil": 96.1967362744923, "surfaceWater": 6.0, "sediment": 6.0}, "plant_uptake": 0.0, "name": "Compound 4990332530885158237", "model_specific_data": {}, "metabolites": [{"formation_fraction": 0.2, "metabolite": {"molarMass": 300.0, "water_solubility": 0.02466863475626989, "vapor_pressure": 1.860735766444917e-07, "reference_temperature": 20.0, "koc": 290.8591870966069, "freundlich": 1.1372957032983002, "dt50": {"system": 6.0, "soil": 10.228789635902363, "surfaceWater": 6.0, "sediment": 6.0}, "plant_uptake": 0.5, "name": "Compound 8563946748545398479", "model_specific_data": {}, "metabolites": []}}]}}