{"gap": {"type": "relative", "arguments": {"name": "GAP -296091488377847865", "modelCrop": "WC", "rate": 250.0, "apply_every_n_years": 1, "number_of_applications": 2, "interval": 14, "model_specific_data": {}, "bbch": 31, "season": 0}}, "compound": {"molarMass": 300.0, "water_solubility": 0.0010146393250243708, "vapor_pressure": 2.2394280375638058e-07, "reference_temperature": 20.0, "koc": 1823.9771592329837, "freundlich": 1.0929716898979984, "dt50": {"system": 6.0, "soil": 43.58215049074515, "surfaceWater": 6.0, "sediment": 6.0}, "plant_uptake": 0.0, "name": "Compound -746581494801192462", "model_specific_data": {}, "metabolites": [{"formation_fraction": 0.2, "metabolite": {"molarMass": 300.0, "water_solubility": 0.00017951323279690338, "vapor_pressure": 0.000852386479912307, "reference_temperature": 20.0, "koc": 20.01613747684969, "freundlich": 0.8681496797372816, "dt50": {"system": 6.0, "soil": 118.96023321052222, "surfaceWater": 6.0, "sediment": 6.0}, "plant_uptake": 0.5, "name": "Compound -1176987201032076920", "model_specific_data": {}, "metabolites": []}}]}}