{"gap": {"type": "relative", "arguments": {"name": "GAP -296091488377847865", "modelCrop": "WC", "rate": 250.0, "apply_every_n_years": 1, "number_of_applications": 2, "interval": 14, "model_specific_data": {}, "bbch": 31, "season": 0}}, "compound": {"molarMass": 300.0, "water_solubility": 0.021875137070611922, "vapor_pressure": 2.287030964966357e-07, "reference_temperature": 20.0, "koc": 73.76668797124698, "freundlich": 0.7783789353706256, "dt50": {"system": 6.0, "soil": 193.97451254822755, "surfaceWater": 6.0, "sediment": 6.0}, "plant_uptake": 0.0, "name": "Compound 3194993694293533248", "model_specific_data": {}, "metabolites": [{"formation_fraction": 0.2, "metabolite": {"molarMass": 300.0, "water_solubility": 0.07630054474412136, "vapor_pressure": 1.1825668790982747e-07, "reference_temperature": 20.0, "koc": 49.94879871629992, "freundlich": 1.1603888046743431, "dt50": {"system": 6.0, "soil": 282.16809942346896, "surfaceWater": 6.0, "sediment": 6.0}, "plant_uptake": 0.5, "name": "Compound 8872988688496190128", "model_specific_data": {}, "metabolites": []}}]}}