{"gap": {"type": "relative", "arguments": {"name": "GAP -296091488377847865", "modelCrop": "WC", "rate": 250.0, "apply_every_n_years": 1, "number_of_applications": 2, "interval": 14, "model_specific_data": {}, "bbch": 31, "season": 0}}, "compound": {"molarMass": 300.0, "water_solubility": 0.03665844401784839, "vapor_pressure": 5.138099267723958e-07, "reference_temperature": 20.0, "koc": 16.624456688661724, "freundlich": 1.0577436290625952, "dt50": {"system": 6.0, "soil": 39.23896018922753, "surfaceWater": 6.0, "sediment": 6.0}, "plant_uptake": 0.0, "name": "Compound 4943016246731199562", "model_specific_data": {}, "metabolites": [{"formation_fraction": 0.2, "metabolite": {"molarMass": 300.0, "water_solubility": 0.0012711386540283423, "vapor_pressure": 0.00029321072750237504, "reference_temperature": 20.0, "koc": 194.03271274162606, "freundlich": 0.9434212128719186, "dt50": {"system": 6.0, "soil": 184.91858277894133, "surfaceWater": 6.0, "sediment": 6.0}, "plant_uptake": 0.5, "name": "Compound 7480439791719422528", "model_specific_data": {}, "metabolites": []}}]}}