{"gap": {"type": "relative", "arguments": {"name": "GAP -296091488377847865", "modelCrop": "WC", "rate": 250.0, "apply_every_n_years": 1, "number_of_applications": 2, "interval": 14, "model_specific_data": {}, "bbch": 31, "season": 0}}, "compound": {"molarMass": 300.0, "water_solubility": 0.008550589878417444, "vapor_pressure": 2.2477699613473723e-05, "reference_temperature": 20.0, "koc": 754.2779011837943, "freundlich": 0.9551537561760773, "dt50": {"system": 6.0, "soil": 221.46260452781965, "surfaceWater": 6.0, "sediment": 6.0}, "plant_uptake": 0.0, "name": "Compound -3180167000541680909", "model_specific_data": {}, "metabolites": [{"formation_fraction": 0.2, "metabolite": {"molarMass": 300.0, "water_solubility": 0.1849597340109512, "vapor_pressure": 8.552200191798335e-06, "reference_temperature": 20.0, "koc": 18.540397896251736, "freundlich": 1.0531412936958793, "dt50": {"system": 6.0, "soil": 167.58437997455246, "surfaceWater": 6.0, "sediment": 6.0}, "plant_uptake": 0.5, "name": "Compound -2750434346650483883", "model_specific_data": {}, "metabolites": []}}]}}