{"gap": {"type": "relative", "arguments": {"name": "GAP -296091488377847865", "modelCrop": "WC", "rate": 250.0, "apply_every_n_years": 1, "number_of_applications": 2, "interval": 14, "model_specific_data": {}, "bbch": 31, "season": 0}}, "compound": {"molarMass": 300.0, "water_solubility": 0.0005697374502829016, "vapor_pressure": 1.4661655086321505e-06, "reference_temperature": 20.0, "koc": 4635.531636555778, "freundlich": 0.9683785991538388, "dt50": {"system": 6.0, "soil": 222.6259365623797, "surfaceWater": 6.0, "sediment": 6.0}, "plant_uptake": 0.0, "name": "Compound -2377104766635176558", "model_specific_data": {}, "metabolites": [{"formation_fraction": 0.2, "metabolite": {"molarMass": 300.0, "water_solubility": 0.0071179444186459245, "vapor_pressure": 4.4760148417063663e-08, "reference_temperature": 20.0, "koc": 1032.5379391983718, "freundlich": 1.1893993817192485, "dt50": {"system": 6.0, "soil": 199.28105480262326, "surfaceWater": 6.0, "sediment": 6.0}, "plant_uptake": 0.5, "name": "Compound 5948562670055242683", "model_specific_data": {}, "metabolites": []}}]}}