{"gap": {"type": "relative", "arguments": {"name": "GAP -296091488377847865", "modelCrop": "WC", "rate": 250.0, "apply_every_n_years": 1, "number_of_applications": 2, "interval": 14, "model_specific_data": {}, "bbch": 31, "season": 0}}, "compound": {"molarMass": 300.0, "water_solubility": 2.005961550094138, "vapor_pressure": 2.1212668455828985e-05, "reference_temperature": 20.0, "koc": 779.3683919627503, "freundlich": 1.101593130637625, "dt50": {"system": 6.0, "soil": 186.60102886488383, "surfaceWater": 6.0, "sediment": 6.0}, "plant_uptake": 0.0, "name": "Compound 5454541294972492796", "model_specific_data": {}, "metabolites": [{"formation_fraction": 0.2, "metabolite": {"molarMass": 300.0, "water_solubility": 0.005884466004223445, "vapor_pressure": 3.816843100560923e-06, "reference_temperature": 20.0, "koc": 49.046554298747544, "freundlich": 1.0486911151000915, "dt50": {"system": 6.0, "soil": 149.47109367715493, "surfaceWater": 6.0, "sediment": 6.0}, "plant_uptake": 0.5, "name": "Compound 3558648686122003445", "model_specific_data": {}, "metabolites": []}}]}}