{"gap": {"type": "relative", "arguments": {"name": "GAP -296091488377847865", "modelCrop": "WC", "rate": 250.0, "apply_every_n_years": 1, "number_of_applications": 2, "interval": 14, "model_specific_data": {}, "bbch": 31, "season": 0}}, "compound": {"molarMass": 300.0, "water_solubility": 0.001241343446932509, "vapor_pressure": 0.000540935907803946, "reference_temperature": 20.0, "koc": 3839.7427575894135, "freundlich": 1.0356025171718937, "dt50": {"system": 6.0, "soil": 112.81383922029404, "surfaceWater": 6.0, "sediment": 6.0}, "plant_uptake": 0.0, "name": "Compound -5075608639529989589", "model_specific_data": {}, "metabolites": [{"formation_fraction": 0.2, "metabolite": {"molarMass": 300.0, "water_solubility": 0.9008914633958393, "vapor_pressure": 2.3841044502528695e-07, "reference_temperature": 20.0, "koc": 239.75316167569477, "freundlich": 0.7305533276253251, "dt50": {"system": 6.0, "soil": 76.20943002019492, "surfaceWater": 6.0, "sediment": 6.0}, "plant_uptake": 0.5, "name": "Compound -7746848386934389997", "model_specific_data": {}, "metabolites": []}}]}}