{"gap": {"type": "relative", "arguments": {"name": "GAP -296091488377847865", "modelCrop": "WC", "rate": 250.0, "apply_every_n_years": 1, "number_of_applications": 2, "interval": 14, "model_specific_data": {}, "bbch": 31, "season": 0}}, "compound": {"molarMass": 300.0, "water_solubility": 0.0056053124740425625, "vapor_pressure": 3.474390047596561e-07, "reference_temperature": 20.0, "koc": 609.5431467211874, "freundlich": 1.1557908268597243, "dt50": {"system": 6.0, "soil": 218.23491766964065, "surfaceWater": 6.0, "sediment": 6.0}, "plant_uptake": 0.0, "name": "Compound -2186366587198506937", "model_specific_data": {}, "metabolites": [{"formation_fraction": 0.2, "metabolite": {"molarMass": 300.0, "water_solubility": 0.02656984669768155, "vapor_pressure": 0.0006778908982491295, "reference_temperature": 20.0, "koc": 305.390097884693, "freundlich": 0.7877251073558211, "dt50": {"system": 6.0, "soil": 224.9652982860228, "surfaceWater": 6.0, "sediment": 6.0}, "plant_uptake": 0.5, "name": "Compound -2454074008841504898", "model_specific_data": {}, "metabolites": []}}]}}