{"gap": {"type": "relative", "arguments": {"name": "GAP -296091488377847865", "modelCrop": "WC", "rate": 250.0, "apply_every_n_years": 1, "number_of_applications": 2, "interval": 14, "model_specific_data": {}, "bbch": 31, "season": 0}}, "compound": {"molarMass": 300.0, "water_solubility": 0.2954379458783867, "vapor_pressure": 3.0177413712229337e-08, "reference_temperature": 20.0, "koc": 72.1358050929703, "freundlich": 0.868973022998947, "dt50": {"system": 6.0, "soil": 66.89897927260283, "surfaceWater": 6.0, "sediment": 6.0}, "plant_uptake": 0.0, "name": "Compound 3331795879208806527", "model_specific_data": {}, "metabolites": [{"formation_fraction": 0.2, "metabolite": {"molarMass": 300.0, "water_solubility": 0.01069754914603254, "vapor_pressure": 2.1996294920403843e-06, "reference_temperature": 20.0, "koc": 1024.3575630417265, "freundlich": 1.110590080187351, "dt50": {"system": 6.0, "soil": 146.38891351413176, "surfaceWater": 6.0, "sediment": 6.0}, "plant_uptake": 0.5, "name": "Compound 9111428769539237789", "model_specific_data": {}, "metabolites": []}}]}}