{"gap": {"type": "relative", "arguments": {"name": "GAP -296091488377847865", "modelCrop": "WC", "rate": 250.0, "apply_every_n_years": 1, "number_of_applications": 2, "interval": 14, "model_specific_data": {}, "bbch": 31, "season": 0}}, "compound": {"molarMass": 300.0, "water_solubility": 0.0019354784541449174, "vapor_pressure": 1.105147300720995e-06, "reference_temperature": 20.0, "koc": 14.018032511686929, "freundlich": 1.0604614036225726, "dt50": {"system": 6.0, "soil": 194.82081293022543, "surfaceWater": 6.0, "sediment": 6.0}, "plant_uptake": 0.0, "name": "Compound -6637446056727324119", "model_specific_data": {}, "metabolites": [{"formation_fraction": 0.2, "metabolite": {"molarMass": 300.0, "water_solubility": 0.02394296574128119, "vapor_pressure": 4.428116660774738e-05, "reference_temperature": 20.0, "koc": 903.0238775571138, "freundlich": 0.8186774320288386, "dt50": {"system": 6.0, "soil": 132.00982188885106, "surfaceWater": 6.0, "sediment": 6.0}, "plant_uptake": 0.5, "name": "Compound -3356229985436141969", "model_specific_data": {}, "metabolites": []}}]}}