{"gap": {"type": "relative", "arguments": {"name": "GAP -296091488377847865", "modelCrop": "WC", "rate": 250.0, "apply_every_n_years": 1, "number_of_applications": 2, "interval": 14, "model_specific_data": {}, "bbch": 31, "season": 0}}, "compound": {"molarMass": 300.0, "water_solubility": 0.006093491706136163, "vapor_pressure": 1.2727341518511554e-05, "reference_temperature": 20.0, "koc": 84.0579770057153, "freundlich": 1.0805458149693663, "dt50": {"system": 6.0, "soil": 124.12460308595355, "surfaceWater": 6.0, "sediment": 6.0}, "plant_uptake": 0.0, "name": "Compound -961588076287090061", "model_specific_data": {}, "metabolites": [{"formation_fraction": 0.2, "metabolite": {"molarMass": 300.0, "water_solubility": 0.0014944695283412967, "vapor_pressure": 4.6938723373427456e-07, "reference_temperature": 20.0, "koc": 4440.292209937223, "freundlich": 0.9488846332965684, "dt50": {"system": 6.0, "soil": 21.215012339958033, "surfaceWater": 6.0, "sediment": 6.0}, "plant_uptake": 0.5, "name": "Compound -887208903785718901", "model_specific_data": {}, "metabolites": []}}]}}