{"gap": {"type": "relative", "arguments": {"name": "GAP -296091488377847865", "modelCrop": "WC", "rate": 250.0, "apply_every_n_years": 1, "number_of_applications": 2, "interval": 14, "model_specific_data": {}, "bbch": 31, "season": 0}}, "compound": {"molarMass": 300.0, "water_solubility": 0.0012912137361430962, "vapor_pressure": 8.961458318792305e-07, "reference_temperature": 20.0, "koc": 103.7292521364673, "freundlich": 0.8793097099079017, "dt50": {"system": 6.0, "soil": 155.43160619790598, "surfaceWater": 6.0, "sediment": 6.0}, "plant_uptake": 0.0, "name": "Compound -6779165150122594166", "model_specific_data": {}, "metabolites": [{"formation_fraction": 0.2, "metabolite": {"molarMass": 300.0, "water_solubility": 0.0008507979078662848, "vapor_pressure": 0.0014885392250402777, "reference_temperature": 20.0, "koc": 29.480598644227875, "freundlich": 1.1484684970470658, "dt50": {"system": 6.0, "soil": 57.721184800093965, "surfaceWater": 6.0, "sediment": 6.0}, "plant_uptake": 0.5, "name": "Compound 7037904877054871375", "model_specific_data": {}, "metabolites": []}}]}}