{"gap": {"type": "relative", "arguments": {"name": "GAP -296091488377847865", "modelCrop": "WC", "rate": 250.0, "apply_every_n_years": 1, "number_of_applications": 2, "interval": 14, "model_specific_data": {}, "bbch": 31, "season": 0}}, "compound": {"molarMass": 300.0, "water_solubility": 0.00454803476759672, "vapor_pressure": 6.696975615673564e-05, "reference_temperature": 20.0, "koc": 2036.5705063995622, "freundlich": 0.9091418075042118, "dt50": {"system": 6.0, "soil": 251.57835701028048, "surfaceWater": 6.0, "sediment": 6.0}, "plant_uptake": 0.0, "name": "Compound 6475448644663071994", "model_specific_data": {}, "metabolites": [{"formation_fraction": 0.2, "metabolite": {"molarMass": 300.0, "water_solubility": 0.011671735873205132, "vapor_pressure": 0.00018189126113124193, "reference_temperature": 20.0, "koc": 2841.3396589092313, "freundlich": 0.993157750442667, "dt50": {"system": 6.0, "soil": 251.39103526933815, "surfaceWater": 6.0, "sediment": 6.0}, "plant_uptake": 0.5, "name": "Compound 4162739661437661187", "model_specific_data": {}, "metabolites": []}}]}}