{"gap": {"type": "relative", "arguments": {"name": "GAP -296091488377847865", "modelCrop": "WC", "rate": 250.0, "apply_every_n_years": 1, "number_of_applications": 2, "interval": 14, "model_specific_data": {}, "bbch": 31, "season": 0}}, "compound": {"molarMass": 300.0, "water_solubility": 0.02837053277643042, "vapor_pressure": 2.3136625688622712e-05, "reference_temperature": 20.0, "koc": 25.69013988764042, "freundlich": 1.1182307305104002, "dt50": {"system": 6.0, "soil": 139.599013362336, "surfaceWater": 6.0, "sediment": 6.0}, "plant_uptake": 0.0, "name": "Compound 5890051181213539101", "model_specific_data": {}, "metabolites": [{"formation_fraction": 0.2, "metabolite": {"molarMass": 300.0, "water_solubility": 0.002496402365589082, "vapor_pressure": 7.781965303624151e-08, "reference_temperature": 20.0, "koc": 339.3175711122633, "freundlich": 1.073420649038772, "dt50": {"system": 6.0, "soil": 173.56425271063466, "surfaceWater": 6.0, "sediment": 6.0}, "plant_uptake": 0.5, "name": "Compound -5428276229551062006", "model_specific_data": {}, "metabolites": []}}]}}