{"gap": {"type": "relative", "arguments": {"name": "GAP -296091488377847865", "modelCrop": "WC", "rate": 250.0, "apply_every_n_years": 1, "number_of_applications": 2, "interval": 14, "model_specific_data": {}, "bbch": 31, "season": 0}}, "compound": {"molarMass": 300.0, "water_solubility": 0.0026673654673797934, "vapor_pressure": 0.0001552526587944625, "reference_temperature": 20.0, "koc": 10.449272134012274, "freundlich": 0.9451426911383523, "dt50": {"system": 6.0, "soil": 211.6696465386492, "surfaceWater": 6.0, "sediment": 6.0}, "plant_uptake": 0.0, "name": "Compound 724493308793569547", "model_specific_data": {}, "metabolites": [{"formation_fraction": 0.2, "metabolite": {"molarMass": 300.0, "water_solubility": 3.784049291606102, "vapor_pressure": 1.2855749231127094e-07, "reference_temperature": 20.0, "koc": 533.9897650593323, "freundlich": 0.785774791795858, "dt50": {"system": 6.0, "soil": 10.638100419554874, "surfaceWater": 6.0, "sediment": 6.0}, "plant_uptake": 0.5, "name": "Compound 9011317120392096524", "model_specific_data": {}, "metabolites": []}}]}}