{"gap": {"type": "relative", "arguments": {"name": "GAP -296091488377847865", "modelCrop": "WC", "rate": 250.0, "apply_every_n_years": 1, "number_of_applications": 2, "interval": 14, "model_specific_data": {}, "bbch": 31, "season": 0}}, "compound": {"molarMass": 300.0, "water_solubility": 0.0016888370685725514, "vapor_pressure": 1.4120400799973531e-05, "reference_temperature": 20.0, "koc": 65.5950175523484, "freundlich": 0.9808571262886783, "dt50": {"system": 6.0, "soil": 205.16306211096546, "surfaceWater": 6.0, "sediment": 6.0}, "plant_uptake": 0.0, "name": "Compound 8489141907234014236", "model_specific_data": {}, "metabolites": [{"formation_fraction": 0.2, "metabolite": {"molarMass": 300.0, "water_solubility": 0.00022486398182852935, "vapor_pressure": 7.694135744203111e-07, "reference_temperature": 20.0, "koc": 3117.8200965810115, "freundlich": 0.9992410746729048, "dt50": {"system": 6.0, "soil": 161.82233375443028, "surfaceWater": 6.0, "sediment": 6.0}, "plant_uptake": 0.5, "name": "Compound -1764194190970416311", "model_specific_data": {}, "metabolites": []}}]}}