{"gap": {"type": "relative", "arguments": {"name": "GAP -296091488377847865", "modelCrop": "WC", "rate": 250.0, "apply_every_n_years": 1, "number_of_applications": 2, "interval": 14, "model_specific_data": {}, "bbch": 31, "season": 0}}, "compound": {"molarMass": 300.0, "water_solubility": 0.0036331041588725573, "vapor_pressure": 1.0019838762188197e-05, "reference_temperature": 20.0, "koc": 35.37474201655043, "freundlich": 0.8052862672546599, "dt50": {"system": 6.0, "soil": 62.824418394092305, "surfaceWater": 6.0, "sediment": 6.0}, "plant_uptake": 0.0, "name": "Compound -2918285395308269913", "model_specific_data": {}, "metabolites": [{"formation_fraction": 0.2, "metabolite": {"molarMass": 300.0, "water_solubility": 0.0859413466509975, "vapor_pressure": 0.00030635952369870406, "reference_temperature": 20.0, "koc": 971.9247916669318, "freundlich": 0.8394864996159317, "dt50": {"system": 6.0, "soil": 251.48551148363217, "surfaceWater": 6.0, "sediment": 6.0}, "plant_uptake": 0.5, "name": "Compound -63650271488061704", "model_specific_data": {}, "metabolites": []}}]}}