{"gap": {"type": "relative", "arguments": {"name": "GAP -296091488377847865", "modelCrop": "WC", "rate": 250.0, "apply_every_n_years": 1, "number_of_applications": 2, "interval": 14, "model_specific_data": {}, "bbch": 31, "season": 0}}, "compound": {"molarMass": 300.0, "water_solubility": 0.00413186328531376, "vapor_pressure": 3.986052788722789e-05, "reference_temperature": 20.0, "koc": 159.02666314169363, "freundlich": 1.1887420979723005, "dt50": {"system": 6.0, "soil": 229.42529597024978, "surfaceWater": 6.0, "sediment": 6.0}, "plant_uptake": 0.0, "name": "Compound -6320483906287421318", "model_specific_data": {}, "metabolites": [{"formation_fraction": 0.2, "metabolite": {"molarMass": 300.0, "water_solubility": 0.18447726961774438, "vapor_pressure": 3.011307898795194e-08, "reference_temperature": 20.0, "koc": 739.9334295570399, "freundlich": 0.7888892851461728, "dt50": {"system": 6.0, "soil": 266.0168797619123, "surfaceWater": 6.0, "sediment": 6.0}, "plant_uptake": 0.5, "name": "Compound 1084457587998675050", "model_specific_data": {}, "metabolites": []}}]}}