{"gap": {"type": "relative", "arguments": {"name": "GAP -296091488377847865", "modelCrop": "WC", "rate": 250.0, "apply_every_n_years": 1, "number_of_applications": 2, "interval": 14, "model_specific_data": {}, "bbch": 31, "season": 0}}, "compound": {"molarMass": 300.0, "water_solubility": 0.00021496735021102169, "vapor_pressure": 2.3873527808741057e-07, "reference_temperature": 20.0, "koc": 34.80006233741685, "freundlich": 1.1224973520433523, "dt50": {"system": 6.0, "soil": 138.74404319004506, "surfaceWater": 6.0, "sediment": 6.0}, "plant_uptake": 0.0, "name": "Compound -5159301928176494354", "model_specific_data": {}, "metabolites": [{"formation_fraction": 0.2, "metabolite": {"molarMass": 300.0, "water_solubility": 0.0012718936574804723, "vapor_pressure": 9.170778537776231e-08, "reference_temperature": 20.0, "koc": 665.5181043870224, "freundlich": 0.8615950091730313, "dt50": {"system": 6.0, "soil": 25.563611415189037, "surfaceWater": 6.0, "sediment": 6.0}, "plant_uptake": 0.5, "name": "Compound -4204236193413661609", "model_specific_data": {}, "metabolites": []}}]}}