{"gap": {"type": "relative", "arguments": {"name": "GAP -296091488377847865", "modelCrop": "WC", "rate": 250.0, "apply_every_n_years": 1, "number_of_applications": 2, "interval": 14, "model_specific_data": {}, "bbch": 31, "season": 0}}, "compound": {"molarMass": 300.0, "water_solubility": 0.2700800884714986, "vapor_pressure": 2.6465059243329458e-05, "reference_temperature": 20.0, "koc": 1956.9043840772906, "freundlich": 1.170837010105687, "dt50": {"system": 6.0, "soil": 229.7349473770526, "surfaceWater": 6.0, "sediment": 6.0}, "plant_uptake": 0.0, "name": "Compound -6294849345340169534", "model_specific_data": {}, "metabolites": [{"formation_fraction": 0.2, "metabolite": {"molarMass": 300.0, "water_solubility": 2.230401738302746, "vapor_pressure": 0.00017037759614377073, "reference_temperature": 20.0, "koc": 71.91488008947012, "freundlich": 1.0205224523067455, "dt50": {"system": 6.0, "soil": 97.61485916279086, "surfaceWater": 6.0, "sediment": 6.0}, "plant_uptake": 0.5, "name": "Compound -96177603394493811", "model_specific_data": {}, "metabolites": []}}]}}