{"gap": {"type": "relative", "arguments": {"name": "GAP -296091488377847865", "modelCrop": "WC", "rate": 250.0, "apply_every_n_years": 1, "number_of_applications": 2, "interval": 14, "model_specific_data": {}, "bbch": 31, "season": 0}}, "compound": {"molarMass": 300.0, "water_solubility": 0.009957654052924087, "vapor_pressure": 4.181018593189112e-06, "reference_temperature": 20.0, "koc": 1301.7565466022565, "freundlich": 0.8991584677650639, "dt50": {"system": 6.0, "soil": 158.02129176114266, "surfaceWater": 6.0, "sediment": 6.0}, "plant_uptake": 0.0, "name": "Compound 3549214930940219793", "model_specific_data": {}, "metabolites": [{"formation_fraction": 0.2, "metabolite": {"molarMass": 300.0, "water_solubility": 2.894701033944719, "vapor_pressure": 0.005522025888498802, "reference_temperature": 20.0, "koc": 468.55103882300966, "freundlich": 0.7063186669545314, "dt50": {"system": 6.0, "soil": 128.88783564195887, "surfaceWater": 6.0, "sediment": 6.0}, "plant_uptake": 0.5, "name": "Compound -7823069934459502193", "model_specific_data": {}, "metabolites": []}}]}}