{"gap": {"type": "relative", "arguments": {"name": "GAP -296091488377847865", "modelCrop": "WC", "rate": 250.0, "apply_every_n_years": 1, "number_of_applications": 2, "interval": 14, "model_specific_data": {}, "bbch": 31, "season": 0}}, "compound": {"molarMass": 300.0, "water_solubility": 0.014349380501478801, "vapor_pressure": 4.009836263923151e-08, "reference_temperature": 20.0, "koc": 3181.156147826538, "freundlich": 1.0190734862509596, "dt50": {"system": 6.0, "soil": 129.20866494842826, "surfaceWater": 6.0, "sediment": 6.0}, "plant_uptake": 0.0, "name": "Compound 4043245577821475502", "model_specific_data": {}, "metabolites": [{"formation_fraction": 0.2, "metabolite": {"molarMass": 300.0, "water_solubility": 0.0075727943247542685, "vapor_pressure": 0.0014911544317520232, "reference_temperature": 20.0, "koc": 566.0564577744339, "freundlich": 1.066126016501221, "dt50": {"system": 6.0, "soil": 118.6223273913867, "surfaceWater": 6.0, "sediment": 6.0}, "plant_uptake": 0.5, "name": "Compound 5814808791303317701", "model_specific_data": {}, "metabolites": []}}]}}