{"gap": {"type": "relative", "arguments": {"name": "GAP -296091488377847865", "modelCrop": "WC", "rate": 250.0, "apply_every_n_years": 1, "number_of_applications": 2, "interval": 14, "model_specific_data": {}, "bbch": 31, "season": 0}}, "compound": {"molarMass": 300.0, "water_solubility": 3.2781728653642954, "vapor_pressure": 2.2248285706644698e-05, "reference_temperature": 20.0, "koc": 77.33962942545648, "freundlich": 1.0113594352823776, "dt50": {"system": 6.0, "soil": 148.9368333333482, "surfaceWater": 6.0, "sediment": 6.0}, "plant_uptake": 0.0, "name": "Compound 6971742476623848946", "model_specific_data": {}, "metabolites": [{"formation_fraction": 0.2, "metabolite": {"molarMass": 300.0, "water_solubility": 0.001134831789793072, "vapor_pressure": 1.3597134144883186e-06, "reference_temperature": 20.0, "koc": 310.0390280823055, "freundlich": 0.9683645685948763, "dt50": {"system": 6.0, "soil": 1.1172838078527345, "surfaceWater": 6.0, "sediment": 6.0}, "plant_uptake": 0.5, "name": "Compound -7946649182799522020", "model_specific_data": {}, "metabolites": []}}]}}