{"gap": {"type": "relative", "arguments": {"name": "GAP -296091488377847865", "modelCrop": "WC", "rate": 250.0, "apply_every_n_years": 1, "number_of_applications": 2, "interval": 14, "model_specific_data": {}, "bbch": 31, "season": 0}}, "compound": {"molarMass": 300.0, "water_solubility": 0.0009067239174458411, "vapor_pressure": 3.1571088960164343e-07, "reference_temperature": 20.0, "koc": 49.58851821174839, "freundlich": 1.0651209749009536, "dt50": {"system": 6.0, "soil": 223.62598813043306, "surfaceWater": 6.0, "sediment": 6.0}, "plant_uptake": 0.0, "name": "Compound -7229204654660944775", "model_specific_data": {}, "metabolites": [{"formation_fraction": 0.2, "metabolite": {"molarMass": 300.0, "water_solubility": 0.10816102239675648, "vapor_pressure": 1.3478103835345967e-05, "reference_temperature": 20.0, "koc": 334.75273468591877, "freundlich": 1.1241120300625558, "dt50": {"system": 6.0, "soil": 101.15995505660877, "surfaceWater": 6.0, "sediment": 6.0}, "plant_uptake": 0.5, "name": "Compound -548543253251031179", "model_specific_data": {}, "metabolites": []}}]}}