{"gap": {"type": "relative", "arguments": {"name": "GAP -296091488377847865", "modelCrop": "WC", "rate": 250.0, "apply_every_n_years": 1, "number_of_applications": 2, "interval": 14, "model_specific_data": {}, "bbch": 31, "season": 0}}, "compound": {"molarMass": 300.0, "water_solubility": 0.03826788084047308, "vapor_pressure": 2.2192699784810637e-06, "reference_temperature": 20.0, "koc": 624.9977093657823, "freundlich": 1.0326280027931851, "dt50": {"system": 6.0, "soil": 206.90549892016955, "surfaceWater": 6.0, "sediment": 6.0}, "plant_uptake": 0.0, "name": "Compound 6196191879490023158", "model_specific_data": {}, "metabolites": [{"formation_fraction": 0.2, "metabolite": {"molarMass": 300.0, "water_solubility": 0.008897749203620282, "vapor_pressure": 0.2917247766915178, "reference_temperature": 20.0, "koc": 1971.495118596766, "freundlich": 1.0448553089579935, "dt50": {"system": 6.0, "soil": 44.11162054720125, "surfaceWater": 6.0, "sediment": 6.0}, "plant_uptake": 0.5, "name": "Compound -7543468597595955287", "model_specific_data": {}, "metabolites": []}}]}}