{"gap": {"type": "relative", "arguments": {"name": "GAP -296091488377847865", "modelCrop": "WC", "rate": 250.0, "apply_every_n_years": 1, "number_of_applications": 2, "interval": 14, "model_specific_data": {}, "bbch": 31, "season": 0}}, "compound": {"molarMass": 300.0, "water_solubility": 0.019670575517878278, "vapor_pressure": 1.6021591588568258e-05, "reference_temperature": 20.0, "koc": 110.06273195850729, "freundlich": 0.8591958883234441, "dt50": {"system": 6.0, "soil": 263.95661313992014, "surfaceWater": 6.0, "sediment": 6.0}, "plant_uptake": 0.0, "name": "Compound -7440633588052237522", "model_specific_data": {}, "metabolites": [{"formation_fraction": 0.2, "metabolite": {"molarMass": 300.0, "water_solubility": 0.0022551841854424257, "vapor_pressure": 0.0003622708333595598, "reference_temperature": 20.0, "koc": 408.5338902353228, "freundlich": 0.9101974455388591, "dt50": {"system": 6.0, "soil": 193.11998100315142, "surfaceWater": 6.0, "sediment": 6.0}, "plant_uptake": 0.5, "name": "Compound 3436827616676258736", "model_specific_data": {}, "metabolites": []}}]}}