{"gap": {"type": "relative", "arguments": {"name": "GAP -296091488377847865", "modelCrop": "WC", "rate": 250.0, "apply_every_n_years": 1, "number_of_applications": 2, "interval": 14, "model_specific_data": {}, "bbch": 31, "season": 0}}, "compound": {"molarMass": 300.0, "water_solubility": 0.07566737522526247, "vapor_pressure": 3.6448630832256962e-06, "reference_temperature": 20.0, "koc": 48.048636021301064, "freundlich": 0.7970542451011943, "dt50": {"system": 6.0, "soil": 4.003079232818607, "surfaceWater": 6.0, "sediment": 6.0}, "plant_uptake": 0.0, "name": "Compound 9055910008400075578", "model_specific_data": {}, "metabolites": [{"formation_fraction": 0.2, "metabolite": {"molarMass": 300.0, "water_solubility": 0.00018481182263698235, "vapor_pressure": 1.7334140939414803e-07, "reference_temperature": 20.0, "koc": 267.07226394362175, "freundlich": 0.8765251664825201, "dt50": {"system": 6.0, "soil": 57.05043063585281, "surfaceWater": 6.0, "sediment": 6.0}, "plant_uptake": 0.5, "name": "Compound -4544859439736628269", "model_specific_data": {}, "metabolites": []}}]}}