{"gap": {"type": "relative", "arguments": {"name": "GAP -296091488377847865", "modelCrop": "WC", "rate": 250.0, "apply_every_n_years": 1, "number_of_applications": 2, "interval": 14, "model_specific_data": {}, "bbch": 31, "season": 0}}, "compound": {"molarMass": 300.0, "water_solubility": 0.0024055418755521024, "vapor_pressure": 0.000156021393140004, "reference_temperature": 20.0, "koc": 1097.385561115338, "freundlich": 0.7894597323827635, "dt50": {"system": 6.0, "soil": 31.239257349244056, "surfaceWater": 6.0, "sediment": 6.0}, "plant_uptake": 0.0, "name": "Compound 2730639262392505145", "model_specific_data": {}, "metabolites": [{"formation_fraction": 0.2, "metabolite": {"molarMass": 300.0, "water_solubility": 4.0121233356314704e-05, "vapor_pressure": 0.004780859544015794, "reference_temperature": 20.0, "koc": 72.85611574327856, "freundlich": 0.7129736268496132, "dt50": {"system": 6.0, "soil": 145.36946785724004, "surfaceWater": 6.0, "sediment": 6.0}, "plant_uptake": 0.5, "name": "Compound 2230461873912747371", "model_specific_data": {}, "metabolites": []}}]}}