{"gap": {"type": "relative", "arguments": {"name": "GAP -296091488377847865", "modelCrop": "WC", "rate": 250.0, "apply_every_n_years": 1, "number_of_applications": 2, "interval": 14, "model_specific_data": {}, "bbch": 31, "season": 0}}, "compound": {"molarMass": 300.0, "water_solubility": 0.1528196195831717, "vapor_pressure": 7.217113819837251e-06, "reference_temperature": 20.0, "koc": 45.1149222857063, "freundlich": 1.0656638400912042, "dt50": {"system": 6.0, "soil": 276.43426515718005, "surfaceWater": 6.0, "sediment": 6.0}, "plant_uptake": 0.0, "name": "Compound 982700599317979635", "model_specific_data": {}, "metabolites": [{"formation_fraction": 0.2, "metabolite": {"molarMass": 300.0, "water_solubility": 0.001727802390974685, "vapor_pressure": 1.091611915870247e-08, "reference_temperature": 20.0, "koc": 62.380083973627414, "freundlich": 0.7692440140983192, "dt50": {"system": 6.0, "soil": 79.7718691525184, "surfaceWater": 6.0, "sediment": 6.0}, "plant_uptake": 0.5, "name": "Compound -8398651155976933832", "model_specific_data": {}, "metabolites": []}}]}}