{"gap": {"type": "relative", "arguments": {"name": "GAP -296091488377847865", "modelCrop": "WC", "rate": 250.0, "apply_every_n_years": 1, "number_of_applications": 2, "interval": 14, "model_specific_data": {}, "bbch": 31, "season": 0}}, "compound": {"molarMass": 300.0, "water_solubility": 0.054004932621402955, "vapor_pressure": 1.5539340095028154e-05, "reference_temperature": 20.0, "koc": 505.9571771558819, "freundlich": 1.008501141526134, "dt50": {"system": 6.0, "soil": 271.7232610072118, "surfaceWater": 6.0, "sediment": 6.0}, "plant_uptake": 0.0, "name": "Compound -6199034431427889258", "model_specific_data": {}, "metabolites": [{"formation_fraction": 0.2, "metabolite": {"molarMass": 300.0, "water_solubility": 0.0071183910968812, "vapor_pressure": 0.0002390752797704141, "reference_temperature": 20.0, "koc": 873.9963338164562, "freundlich": 0.825292429720466, "dt50": {"system": 6.0, "soil": 146.51611264157702, "surfaceWater": 6.0, "sediment": 6.0}, "plant_uptake": 0.5, "name": "Compound 1808727515513255173", "model_specific_data": {}, "metabolites": []}}]}}