{"gap": {"type": "relative", "arguments": {"name": "GAP -296091488377847865", "modelCrop": "WC", "rate": 250.0, "apply_every_n_years": 1, "number_of_applications": 2, "interval": 14, "model_specific_data": {}, "bbch": 31, "season": 0}}, "compound": {"molarMass": 300.0, "water_solubility": 8.713259017645818e-05, "vapor_pressure": 1.744116983814449e-08, "reference_temperature": 20.0, "koc": 44.66933623778601, "freundlich": 0.9801796839235666, "dt50": {"system": 6.0, "soil": 10.363253033794772, "surfaceWater": 6.0, "sediment": 6.0}, "plant_uptake": 0.0, "name": "Compound 5864045977864585581", "model_specific_data": {}, "metabolites": [{"formation_fraction": 0.2, "metabolite": {"molarMass": 300.0, "water_solubility": 0.006057026763301912, "vapor_pressure": 9.555876155358067e-07, "reference_temperature": 20.0, "koc": 3854.7279425973684, "freundlich": 0.9333410747894931, "dt50": {"system": 6.0, "soil": 282.2243470772814, "surfaceWater": 6.0, "sediment": 6.0}, "plant_uptake": 0.5, "name": "Compound 7363915257835054873", "model_specific_data": {}, "metabolites": []}}]}}