{"gap": {"type": "relative", "arguments": {"name": "GAP -296091488377847865", "modelCrop": "WC", "rate": 250.0, "apply_every_n_years": 1, "number_of_applications": 2, "interval": 14, "model_specific_data": {}, "bbch": 31, "season": 0}}, "compound": {"molarMass": 300.0, "water_solubility": 0.0042782051798764915, "vapor_pressure": 4.430057408492994e-05, "reference_temperature": 20.0, "koc": 1861.4933639141796, "freundlich": 1.042149462661189, "dt50": {"system": 6.0, "soil": 147.23985061166442, "surfaceWater": 6.0, "sediment": 6.0}, "plant_uptake": 0.0, "name": "Compound 4922051711148496841", "model_specific_data": {}, "metabolites": [{"formation_fraction": 0.2, "metabolite": {"molarMass": 300.0, "water_solubility": 0.004919947981643007, "vapor_pressure": 4.79098651495731e-06, "reference_temperature": 20.0, "koc": 34.0622582447079, "freundlich": 1.0191467399808383, "dt50": {"system": 6.0, "soil": 260.31880823239567, "surfaceWater": 6.0, "sediment": 6.0}, "plant_uptake": 0.5, "name": "Compound -7137189442684179781", "model_specific_data": {}, "metabolites": []}}]}}