{"gap": {"type": "relative", "arguments": {"name": "GAP -296091488377847865", "modelCrop": "WC", "rate": 250.0, "apply_every_n_years": 1, "number_of_applications": 2, "interval": 14, "model_specific_data": {}, "bbch": 31, "season": 0}}, "compound": {"molarMass": 300.0, "water_solubility": 0.007128615675334471, "vapor_pressure": 6.509808146838302e-06, "reference_temperature": 20.0, "koc": 10.64060737696703, "freundlich": 1.0435486800687714, "dt50": {"system": 6.0, "soil": 251.7610184283687, "surfaceWater": 6.0, "sediment": 6.0}, "plant_uptake": 0.0, "name": "Compound -1274077617808008114", "model_specific_data": {}, "metabolites": [{"formation_fraction": 0.2, "metabolite": {"molarMass": 300.0, "water_solubility": 0.17370400164757996, "vapor_pressure": 7.977512487346367e-07, "reference_temperature": 20.0, "koc": 3679.3273081686657, "freundlich": 0.9321730225998643, "dt50": {"system": 6.0, "soil": 151.00943096702622, "surfaceWater": 6.0, "sediment": 6.0}, "plant_uptake": 0.5, "name": "Compound 1535957465640575907", "model_specific_data": {}, "metabolites": []}}]}}