{"gap": {"type": "relative", "arguments": {"name": "GAP -296091488377847865", "modelCrop": "WC", "rate": 250.0, "apply_every_n_years": 1, "number_of_applications": 2, "interval": 14, "model_specific_data": {}, "bbch": 31, "season": 0}}, "compound": {"molarMass": 300.0, "water_solubility": 0.004406095053829901, "vapor_pressure": 4.899482040671499e-06, "reference_temperature": 20.0, "koc": 23.37993345315817, "freundlich": 0.8886851185923932, "dt50": {"system": 6.0, "soil": 8.362924623472518, "surfaceWater": 6.0, "sediment": 6.0}, "plant_uptake": 0.0, "name": "Compound 3443527778747648799", "model_specific_data": {}, "metabolites": [{"formation_fraction": 0.2, "metabolite": {"molarMass": 300.0, "water_solubility": 0.00874238284004488, "vapor_pressure": 6.181157441220847e-06, "reference_temperature": 20.0, "koc": 194.21091699454882, "freundlich": 0.8817858016333002, "dt50": {"system": 6.0, "soil": 119.09850572898995, "surfaceWater": 6.0, "sediment": 6.0}, "plant_uptake": 0.5, "name": "Compound 2173492395729547268", "model_specific_data": {}, "metabolites": []}}]}}