{"gap": {"type": "relative", "arguments": {"name": "GAP -296091488377847865", "modelCrop": "WC", "rate": 250.0, "apply_every_n_years": 1, "number_of_applications": 2, "interval": 14, "model_specific_data": {}, "bbch": 31, "season": 0}}, "compound": {"molarMass": 300.0, "water_solubility": 0.3459467412143942, "vapor_pressure": 4.7265785886984366e-07, "reference_temperature": 20.0, "koc": 533.1521768467305, "freundlich": 1.122387051809215, "dt50": {"system": 6.0, "soil": 11.062297138465613, "surfaceWater": 6.0, "sediment": 6.0}, "plant_uptake": 0.0, "name": "Compound -312807322762549670", "model_specific_data": {}, "metabolites": [{"formation_fraction": 0.2, "metabolite": {"molarMass": 300.0, "water_solubility": 0.016725262918506484, "vapor_pressure": 4.3779896266283145e-07, "reference_temperature": 20.0, "koc": 1717.3257312573974, "freundlich": 0.7254521086822487, "dt50": {"system": 6.0, "soil": 74.20823172213636, "surfaceWater": 6.0, "sediment": 6.0}, "plant_uptake": 0.5, "name": "Compound -5564161937098860857", "model_specific_data": {}, "metabolites": []}}]}}