{"gap": {"type": "relative", "arguments": {"name": "GAP -296091488377847865", "modelCrop": "WC", "rate": 250.0, "apply_every_n_years": 1, "number_of_applications": 2, "interval": 14, "model_specific_data": {}, "bbch": 31, "season": 0}}, "compound": {"molarMass": 300.0, "water_solubility": 0.0033461462820355923, "vapor_pressure": 2.2767729079401622e-05, "reference_temperature": 20.0, "koc": 1152.5770154030683, "freundlich": 1.0965488391851248, "dt50": {"system": 6.0, "soil": 83.13678938309222, "surfaceWater": 6.0, "sediment": 6.0}, "plant_uptake": 0.0, "name": "Compound -891781745485868153", "model_specific_data": {}, "metabolites": [{"formation_fraction": 0.2, "metabolite": {"molarMass": 300.0, "water_solubility": 0.061584862649112775, "vapor_pressure": 4.093927359961854e-06, "reference_temperature": 20.0, "koc": 4908.792169457868, "freundlich": 0.8477223618027567, "dt50": {"system": 6.0, "soil": 85.03335606366205, "surfaceWater": 6.0, "sediment": 6.0}, "plant_uptake": 0.5, "name": "Compound 5712466665591525276", "model_specific_data": {}, "metabolites": []}}]}}