{"gap": {"type": "relative", "arguments": {"name": "GAP -296091488377847865", "modelCrop": "WC", "rate": 250.0, "apply_every_n_years": 1, "number_of_applications": 2, "interval": 14, "model_specific_data": {}, "bbch": 31, "season": 0}}, "compound": {"molarMass": 300.0, "water_solubility": 0.006018373299703153, "vapor_pressure": 2.101801265664195e-06, "reference_temperature": 20.0, "koc": 90.61935700091625, "freundlich": 0.7184149998971444, "dt50": {"system": 6.0, "soil": 193.86897336587566, "surfaceWater": 6.0, "sediment": 6.0}, "plant_uptake": 0.0, "name": "Compound -3326903420660978408", "model_specific_data": {}, "metabolites": [{"formation_fraction": 0.2, "metabolite": {"molarMass": 300.0, "water_solubility": 0.13766186226738863, "vapor_pressure": 1.284117266468604e-06, "reference_temperature": 20.0, "koc": 214.13583167177083, "freundlich": 0.9248101468600928, "dt50": {"system": 6.0, "soil": 89.58509039384904, "surfaceWater": 6.0, "sediment": 6.0}, "plant_uptake": 0.5, "name": "Compound -4708725011962707925", "model_specific_data": {}, "metabolites": []}}]}}