{"gap": {"type": "relative", "arguments": {"name": "GAP -296091488377847865", "modelCrop": "WC", "rate": 250.0, "apply_every_n_years": 1, "number_of_applications": 2, "interval": 14, "model_specific_data": {}, "bbch": 31, "season": 0}}, "compound": {"molarMass": 300.0, "water_solubility": 0.012056472864220884, "vapor_pressure": 4.142717063196021e-05, "reference_temperature": 20.0, "koc": 11.9685209928383, "freundlich": 0.8304017948168918, "dt50": {"system": 6.0, "soil": 141.09107913879416, "surfaceWater": 6.0, "sediment": 6.0}, "plant_uptake": 0.0, "name": "Compound 4804202216036172629", "model_specific_data": {}, "metabolites": [{"formation_fraction": 0.2, "metabolite": {"molarMass": 300.0, "water_solubility": 0.002738473910316191, "vapor_pressure": 1.7157902106602097e-06, "reference_temperature": 20.0, "koc": 56.439233980364506, "freundlich": 0.946323740949627, "dt50": {"system": 6.0, "soil": 177.92716308623108, "surfaceWater": 6.0, "sediment": 6.0}, "plant_uptake": 0.5, "name": "Compound 544170178887741411", "model_specific_data": {}, "metabolites": []}}]}}