{"gap": {"type": "relative", "arguments": {"name": "GAP -296091488377847865", "modelCrop": "WC", "rate": 250.0, "apply_every_n_years": 1, "number_of_applications": 2, "interval": 14, "model_specific_data": {}, "bbch": 31, "season": 0}}, "compound": {"molarMass": 300.0, "water_solubility": 0.00014626007704949891, "vapor_pressure": 7.277089598329045e-06, "reference_temperature": 20.0, "koc": 1554.404019760636, "freundlich": 1.1431592040596539, "dt50": {"system": 6.0, "soil": 249.8852130783792, "surfaceWater": 6.0, "sediment": 6.0}, "plant_uptake": 0.0, "name": "Compound 2207641563065352955", "model_specific_data": {}, "metabolites": [{"formation_fraction": 0.2, "metabolite": {"molarMass": 300.0, "water_solubility": 0.0002704101198114534, "vapor_pressure": 9.123940712939713e-08, "reference_temperature": 20.0, "koc": 42.230050530812115, "freundlich": 0.8847226802974031, "dt50": {"system": 6.0, "soil": 50.01935849818788, "surfaceWater": 6.0, "sediment": 6.0}, "plant_uptake": 0.5, "name": "Compound -5366811622198089896", "model_specific_data": {}, "metabolites": []}}]}}