{"gap": {"type": "relative", "arguments": {"name": "GAP -296091488377847865", "modelCrop": "WC", "rate": 250.0, "apply_every_n_years": 1, "number_of_applications": 2, "interval": 14, "model_specific_data": {}, "bbch": 31, "season": 0}}, "compound": {"molarMass": 300.0, "water_solubility": 0.001072844576963235, "vapor_pressure": 2.1354116198063032e-05, "reference_temperature": 20.0, "koc": 32.61313882136513, "freundlich": 0.7052341741646342, "dt50": {"system": 6.0, "soil": 272.4460566615849, "surfaceWater": 6.0, "sediment": 6.0}, "plant_uptake": 0.0, "name": "Compound 5716410502734127949", "model_specific_data": {}, "metabolites": [{"formation_fraction": 0.2, "metabolite": {"molarMass": 300.0, "water_solubility": 0.05076334092352018, "vapor_pressure": 2.0048577891457377e-07, "reference_temperature": 20.0, "koc": 400.3261998292732, "freundlich": 0.8129977265078041, "dt50": {"system": 6.0, "soil": 78.16328188030819, "surfaceWater": 6.0, "sediment": 6.0}, "plant_uptake": 0.5, "name": "Compound 3645711287239926991", "model_specific_data": {}, "metabolites": []}}]}}