{"gap": {"type": "relative", "arguments": {"name": "GAP -296091488377847865", "modelCrop": "WC", "rate": 250.0, "apply_every_n_years": 1, "number_of_applications": 2, "interval": 14, "model_specific_data": {}, "bbch": 31, "season": 0}}, "compound": {"molarMass": 300.0, "water_solubility": 0.0028545392860029276, "vapor_pressure": 1.1136430606772388e-06, "reference_temperature": 20.0, "koc": 36.05306996453724, "freundlich": 0.848987330121616, "dt50": {"system": 6.0, "soil": 157.10455484862493, "surfaceWater": 6.0, "sediment": 6.0}, "plant_uptake": 0.0, "name": "Compound 3319663943677138066", "model_specific_data": {}, "metabolites": [{"formation_fraction": 0.2, "metabolite": {"molarMass": 300.0, "water_solubility": 0.002243500147002762, "vapor_pressure": 1.0021404048607012e-07, "reference_temperature": 20.0, "koc": 656.6585793301484, "freundlich": 0.894790065723313, "dt50": {"system": 6.0, "soil": 77.6750917770652, "surfaceWater": 6.0, "sediment": 6.0}, "plant_uptake": 0.5, "name": "Compound 8697538673425565364", "model_specific_data": {}, "metabolites": []}}]}}