{"gap": {"type": "relative", "arguments": {"name": "GAP -296091488377847865", "modelCrop": "WC", "rate": 250.0, "apply_every_n_years": 1, "number_of_applications": 2, "interval": 14, "model_specific_data": {}, "bbch": 31, "season": 0}}, "compound": {"molarMass": 300.0, "water_solubility": 0.19405221764551087, "vapor_pressure": 1.1856083141654427e-05, "reference_temperature": 20.0, "koc": 1015.777832264751, "freundlich": 1.187495126806045, "dt50": {"system": 6.0, "soil": 140.28679362015046, "surfaceWater": 6.0, "sediment": 6.0}, "plant_uptake": 0.0, "name": "Compound -4247145934835871047", "model_specific_data": {}, "metabolites": [{"formation_fraction": 0.2, "metabolite": {"molarMass": 300.0, "water_solubility": 0.020901114208200216, "vapor_pressure": 0.002975181193718568, "reference_temperature": 20.0, "koc": 2184.9833823959793, "freundlich": 1.0107593301886721, "dt50": {"system": 6.0, "soil": 286.6867387434059, "surfaceWater": 6.0, "sediment": 6.0}, "plant_uptake": 0.5, "name": "Compound 6337823333029666569", "model_specific_data": {}, "metabolites": []}}]}}