{"gap": {"type": "relative", "arguments": {"name": "GAP -296091488377847865", "modelCrop": "WC", "rate": 250.0, "apply_every_n_years": 1, "number_of_applications": 2, "interval": 14, "model_specific_data": {}, "bbch": 31, "season": 0}}, "compound": {"molarMass": 300.0, "water_solubility": 0.05308696943351358, "vapor_pressure": 6.1413878069137455e-06, "reference_temperature": 20.0, "koc": 27.919692283862943, "freundlich": 1.0800690770954642, "dt50": {"system": 6.0, "soil": 43.46543004925038, "surfaceWater": 6.0, "sediment": 6.0}, "plant_uptake": 0.0, "name": "Compound -4615471498231686506", "model_specific_data": {}, "metabolites": [{"formation_fraction": 0.2, "metabolite": {"molarMass": 300.0, "water_solubility": 0.002004635310243407, "vapor_pressure": 0.000194276126467567, "reference_temperature": 20.0, "koc": 38.81562103607273, "freundlich": 0.9618946815363066, "dt50": {"system": 6.0, "soil": 193.40290801207712, "surfaceWater": 6.0, "sediment": 6.0}, "plant_uptake": 0.5, "name": "Compound 2255508060226751671", "model_specific_data": {}, "metabolites": []}}]}}