{"gap": {"type": "relative", "arguments": {"name": "GAP -296091488377847865", "modelCrop": "WC", "rate": 250.0, "apply_every_n_years": 1, "number_of_applications": 2, "interval": 14, "model_specific_data": {}, "bbch": 31, "season": 0}}, "compound": {"molarMass": 300.0, "water_solubility": 0.02766383125905122, "vapor_pressure": 3.236909074321147e-05, "reference_temperature": 20.0, "koc": 845.4990386744731, "freundlich": 0.7172419415437552, "dt50": {"system": 6.0, "soil": 161.6421496349957, "surfaceWater": 6.0, "sediment": 6.0}, "plant_uptake": 0.0, "name": "Compound 2736646166440078506", "model_specific_data": {}, "metabolites": [{"formation_fraction": 0.2, "metabolite": {"molarMass": 300.0, "water_solubility": 0.22157526587254, "vapor_pressure": 4.307312190573159e-07, "reference_temperature": 20.0, "koc": 477.9343720626335, "freundlich": 1.1925719045881333, "dt50": {"system": 6.0, "soil": 225.65960866553507, "surfaceWater": 6.0, "sediment": 6.0}, "plant_uptake": 0.5, "name": "Compound -5494563785580059041", "model_specific_data": {}, "metabolites": []}}]}}