{"gap": {"type": "relative", "arguments": {"name": "GAP -296091488377847865", "modelCrop": "WC", "rate": 250.0, "apply_every_n_years": 1, "number_of_applications": 2, "interval": 14, "model_specific_data": {}, "bbch": 31, "season": 0}}, "compound": {"molarMass": 300.0, "water_solubility": 0.00022647434109377326, "vapor_pressure": 6.612707604386093e-05, "reference_temperature": 20.0, "koc": 35.452583238065685, "freundlich": 1.1649673026905418, "dt50": {"system": 6.0, "soil": 224.88944464156634, "surfaceWater": 6.0, "sediment": 6.0}, "plant_uptake": 0.0, "name": "Compound -8093047451728305977", "model_specific_data": {}, "metabolites": [{"formation_fraction": 0.2, "metabolite": {"molarMass": 300.0, "water_solubility": 0.212597508458249, "vapor_pressure": 2.4142370603879405e-09, "reference_temperature": 20.0, "koc": 132.2493260492355, "freundlich": 0.959466585551503, "dt50": {"system": 6.0, "soil": 73.71691118125608, "surfaceWater": 6.0, "sediment": 6.0}, "plant_uptake": 0.5, "name": "Compound 4646476732645501556", "model_specific_data": {}, "metabolites": []}}]}}