{"gap": {"type": "relative", "arguments": {"name": "GAP -296091488377847865", "modelCrop": "WC", "rate": 250.0, "apply_every_n_years": 1, "number_of_applications": 2, "interval": 14, "model_specific_data": {}, "bbch": 31, "season": 0}}, "compound": {"molarMass": 300.0, "water_solubility": 0.09873853508496382, "vapor_pressure": 8.147019312304493e-07, "reference_temperature": 20.0, "koc": 187.52355395499362, "freundlich": 0.7132993092567527, "dt50": {"system": 6.0, "soil": 293.8094789692294, "surfaceWater": 6.0, "sediment": 6.0}, "plant_uptake": 0.0, "name": "Compound -3328919723811221645", "model_specific_data": {}, "metabolites": [{"formation_fraction": 0.2, "metabolite": {"molarMass": 300.0, "water_solubility": 0.013068700003765435, "vapor_pressure": 0.000156378203826231, "reference_temperature": 20.0, "koc": 80.73363568530557, "freundlich": 1.0974003343812315, "dt50": {"system": 6.0, "soil": 151.02333883019614, "surfaceWater": 6.0, "sediment": 6.0}, "plant_uptake": 0.5, "name": "Compound 5346502850383869893", "model_specific_data": {}, "metabolites": []}}]}}