{"gap": {"type": "relative", "arguments": {"name": "GAP -296091488377847865", "modelCrop": "WC", "rate": 250.0, "apply_every_n_years": 1, "number_of_applications": 2, "interval": 14, "model_specific_data": {}, "bbch": 31, "season": 0}}, "compound": {"molarMass": 300.0, "water_solubility": 0.008287544965571127, "vapor_pressure": 0.0005872333713939808, "reference_temperature": 20.0, "koc": 33.961696940923076, "freundlich": 1.0743917402183474, "dt50": {"system": 6.0, "soil": 8.145809195406477, "surfaceWater": 6.0, "sediment": 6.0}, "plant_uptake": 0.0, "name": "Compound -3527958091739198888", "model_specific_data": {}, "metabolites": [{"formation_fraction": 0.2, "metabolite": {"molarMass": 300.0, "water_solubility": 0.017654390003988645, "vapor_pressure": 1.3788023263564368e-06, "reference_temperature": 20.0, "koc": 1589.9698374822892, "freundlich": 0.8170392817916439, "dt50": {"system": 6.0, "soil": 165.9481209508666, "surfaceWater": 6.0, "sediment": 6.0}, "plant_uptake": 0.5, "name": "Compound -1206269288813864907", "model_specific_data": {}, "metabolites": []}}]}}