{"gap": {"type": "relative", "arguments": {"name": "GAP -296091488377847865", "modelCrop": "WC", "rate": 250.0, "apply_every_n_years": 1, "number_of_applications": 2, "interval": 14, "model_specific_data": {}, "bbch": 31, "season": 0}}, "compound": {"molarMass": 300.0, "water_solubility": 2.0582579233709476e-05, "vapor_pressure": 1.3297059425659895e-05, "reference_temperature": 20.0, "koc": 86.13823242534816, "freundlich": 1.178544417777087, "dt50": {"system": 6.0, "soil": 296.4095075150614, "surfaceWater": 6.0, "sediment": 6.0}, "plant_uptake": 0.0, "name": "Compound -3627831065744787749", "model_specific_data": {}, "metabolites": [{"formation_fraction": 0.2, "metabolite": {"molarMass": 300.0, "water_solubility": 0.5974928953535175, "vapor_pressure": 0.0016692425705487077, "reference_temperature": 20.0, "koc": 278.87941035536187, "freundlich": 0.8516342210836219, "dt50": {"system": 6.0, "soil": 22.78761948042348, "surfaceWater": 6.0, "sediment": 6.0}, "plant_uptake": 0.5, "name": "Compound -7732400106150851801", "model_specific_data": {}, "metabolites": []}}]}}