{"gap": {"type": "relative", "arguments": {"name": "GAP -296091488377847865", "modelCrop": "WC", "rate": 250.0, "apply_every_n_years": 1, "number_of_applications": 2, "interval": 14, "model_specific_data": {}, "bbch": 31, "season": 0}}, "compound": {"molarMass": 300.0, "water_solubility": 0.0060972412536117295, "vapor_pressure": 3.973602131494108e-05, "reference_temperature": 20.0, "koc": 80.71691780727068, "freundlich": 0.8787905006292508, "dt50": {"system": 6.0, "soil": 28.677951699195994, "surfaceWater": 6.0, "sediment": 6.0}, "plant_uptake": 0.0, "name": "Compound 4670036612338649769", "model_specific_data": {}, "metabolites": [{"formation_fraction": 0.2, "metabolite": {"molarMass": 300.0, "water_solubility": 0.017951896321568767, "vapor_pressure": 1.8466242710032542e-06, "reference_temperature": 20.0, "koc": 189.71338599317704, "freundlich": 0.9954497999919383, "dt50": {"system": 6.0, "soil": 179.0253497829183, "surfaceWater": 6.0, "sediment": 6.0}, "plant_uptake": 0.5, "name": "Compound -6277330573530089766", "model_specific_data": {}, "metabolites": []}}]}}