{"gap": {"type": "relative", "arguments": {"name": "GAP -296091488377847865", "modelCrop": "WC", "rate": 250.0, "apply_every_n_years": 1, "number_of_applications": 2, "interval": 14, "model_specific_data": {}, "bbch": 31, "season": 0}}, "compound": {"molarMass": 300.0, "water_solubility": 0.022449178987111146, "vapor_pressure": 2.6348270231769916e-05, "reference_temperature": 20.0, "koc": 800.6746642339319, "freundlich": 0.9249265155609043, "dt50": {"system": 6.0, "soil": 87.31907008097235, "surfaceWater": 6.0, "sediment": 6.0}, "plant_uptake": 0.0, "name": "Compound -7710203939490355177", "model_specific_data": {}, "metabolites": [{"formation_fraction": 0.2, "metabolite": {"molarMass": 300.0, "water_solubility": 0.004555744184859989, "vapor_pressure": 1.4600251469756193e-06, "reference_temperature": 20.0, "koc": 76.6873034506205, "freundlich": 0.9228008777098284, "dt50": {"system": 6.0, "soil": 103.12828559538738, "surfaceWater": 6.0, "sediment": 6.0}, "plant_uptake": 0.5, "name": "Compound 2358307703317726699", "model_specific_data": {}, "metabolites": []}}]}}