{"gap": {"type": "relative", "arguments": {"name": "GAP -296091488377847865", "modelCrop": "WC", "rate": 250.0, "apply_every_n_years": 1, "number_of_applications": 2, "interval": 14, "model_specific_data": {}, "bbch": 31, "season": 0}}, "compound": {"molarMass": 300.0, "water_solubility": 0.10565388229536486, "vapor_pressure": 0.0060420714016582765, "reference_temperature": 20.0, "koc": 4591.099725397621, "freundlich": 0.9037383064303501, "dt50": {"system": 6.0, "soil": 283.8902084866288, "surfaceWater": 6.0, "sediment": 6.0}, "plant_uptake": 0.0, "name": "Compound -6369281753250769253", "model_specific_data": {}, "metabolites": [{"formation_fraction": 0.2, "metabolite": {"molarMass": 300.0, "water_solubility": 0.0034183643975577637, "vapor_pressure": 0.000386728506574168, "reference_temperature": 20.0, "koc": 686.9527883168868, "freundlich": 0.7989786704925393, "dt50": {"system": 6.0, "soil": 69.21822809148115, "surfaceWater": 6.0, "sediment": 6.0}, "plant_uptake": 0.5, "name": "Compound -2733136607866724659", "model_specific_data": {}, "metabolites": []}}]}}