{"gap": {"type": "relative", "arguments": {"name": "GAP -296091488377847865", "modelCrop": "WC", "rate": 250.0, "apply_every_n_years": 1, "number_of_applications": 2, "interval": 14, "model_specific_data": {}, "bbch": 31, "season": 0}}, "compound": {"molarMass": 300.0, "water_solubility": 0.011486709923952986, "vapor_pressure": 0.0013299909110892727, "reference_temperature": 20.0, "koc": 11.387736915211025, "freundlich": 0.7070336934643131, "dt50": {"system": 6.0, "soil": 2.7406747937296827, "surfaceWater": 6.0, "sediment": 6.0}, "plant_uptake": 0.0, "name": "Compound -2000953193688050762", "model_specific_data": {}, "metabolites": [{"formation_fraction": 0.2, "metabolite": {"molarMass": 300.0, "water_solubility": 7.03947576692328e-05, "vapor_pressure": 4.949535252175758e-07, "reference_temperature": 20.0, "koc": 195.58118672226897, "freundlich": 0.8942265190058714, "dt50": {"system": 6.0, "soil": 144.37101310196493, "surfaceWater": 6.0, "sediment": 6.0}, "plant_uptake": 0.5, "name": "Compound 3417260409681859730", "model_specific_data": {}, "metabolites": []}}]}}