{"gap": {"type": "relative", "arguments": {"name": "GAP -296091488377847865", "modelCrop": "WC", "rate": 250.0, "apply_every_n_years": 1, "number_of_applications": 2, "interval": 14, "model_specific_data": {}, "bbch": 31, "season": 0}}, "compound": {"molarMass": 300.0, "water_solubility": 0.006446386224624634, "vapor_pressure": 6.55755099799872e-10, "reference_temperature": 20.0, "koc": 315.2572000782511, "freundlich": 0.8140278287209927, "dt50": {"system": 6.0, "soil": 143.37158585013864, "surfaceWater": 6.0, "sediment": 6.0}, "plant_uptake": 0.0, "name": "Compound 5473213591918314108", "model_specific_data": {}, "metabolites": [{"formation_fraction": 0.2, "metabolite": {"molarMass": 300.0, "water_solubility": 0.20448516458852306, "vapor_pressure": 3.6995830915565114e-05, "reference_temperature": 20.0, "koc": 1829.7793157162944, "freundlich": 0.831309108590748, "dt50": {"system": 6.0, "soil": 95.75435318966116, "surfaceWater": 6.0, "sediment": 6.0}, "plant_uptake": 0.5, "name": "Compound -267838941975117740", "model_specific_data": {}, "metabolites": []}}]}}