{"gap": {"type": "relative", "arguments": {"name": "GAP -296091488377847865", "modelCrop": "WC", "rate": 250.0, "apply_every_n_years": 1, "number_of_applications": 2, "interval": 14, "model_specific_data": {}, "bbch": 31, "season": 0}}, "compound": {"molarMass": 300.0, "water_solubility": 0.0005506913683223836, "vapor_pressure": 9.212574621705429e-09, "reference_temperature": 20.0, "koc": 35.256430940229876, "freundlich": 1.1966355487110152, "dt50": {"system": 6.0, "soil": 212.13567689615172, "surfaceWater": 6.0, "sediment": 6.0}, "plant_uptake": 0.0, "name": "Compound 3406378222939876469", "model_specific_data": {}, "metabolites": [{"formation_fraction": 0.2, "metabolite": {"molarMass": 300.0, "water_solubility": 0.06736199409596558, "vapor_pressure": 1.0258745144987759e-06, "reference_temperature": 20.0, "koc": 69.5353538553157, "freundlich": 1.088012631749322, "dt50": {"system": 6.0, "soil": 14.173848980847534, "surfaceWater": 6.0, "sediment": 6.0}, "plant_uptake": 0.5, "name": "Compound -3006648782882442990", "model_specific_data": {}, "metabolites": []}}]}}