{"gap": {"type": "relative", "arguments": {"name": "GAP -296091488377847865", "modelCrop": "WC", "rate": 250.0, "apply_every_n_years": 1, "number_of_applications": 2, "interval": 14, "model_specific_data": {}, "bbch": 31, "season": 0}}, "compound": {"molarMass": 300.0, "water_solubility": 0.003392142316042806, "vapor_pressure": 6.265718486001159e-06, "reference_temperature": 20.0, "koc": 22.096588453552307, "freundlich": 0.9273789199601408, "dt50": {"system": 6.0, "soil": 99.48691354105375, "surfaceWater": 6.0, "sediment": 6.0}, "plant_uptake": 0.0, "name": "Compound 8509259351611112339", "model_specific_data": {}, "metabolites": [{"formation_fraction": 0.2, "metabolite": {"molarMass": 300.0, "water_solubility": 0.0010961482915801126, "vapor_pressure": 6.134493082976496e-06, "reference_temperature": 20.0, "koc": 41.12972108098314, "freundlich": 0.8785497087354387, "dt50": {"system": 6.0, "soil": 96.90036719876937, "surfaceWater": 6.0, "sediment": 6.0}, "plant_uptake": 0.5, "name": "Compound -5270864408438896133", "model_specific_data": {}, "metabolites": []}}]}}