{"gap": {"type": "relative", "arguments": {"name": "GAP -296091488377847865", "modelCrop": "WC", "rate": 250.0, "apply_every_n_years": 1, "number_of_applications": 2, "interval": 14, "model_specific_data": {}, "bbch": 31, "season": 0}}, "compound": {"molarMass": 300.0, "water_solubility": 0.19022208594949527, "vapor_pressure": 0.01893202755889603, "reference_temperature": 20.0, "koc": 1708.8747466952395, "freundlich": 0.8643314902601515, "dt50": {"system": 6.0, "soil": 209.04974047368745, "surfaceWater": 6.0, "sediment": 6.0}, "plant_uptake": 0.0, "name": "Compound 6179020285945385276", "model_specific_data": {}, "metabolites": [{"formation_fraction": 0.2, "metabolite": {"molarMass": 300.0, "water_solubility": 0.027144465295333566, "vapor_pressure": 1.3967198100656224e-05, "reference_temperature": 20.0, "koc": 511.88732794032563, "freundlich": 0.8819969426731363, "dt50": {"system": 6.0, "soil": 51.42879315102696, "surfaceWater": 6.0, "sediment": 6.0}, "plant_uptake": 0.5, "name": "Compound 6694386241573334201", "model_specific_data": {}, "metabolites": []}}]}}