{"gap": {"type": "relative", "arguments": {"name": "GAP -296091488377847865", "modelCrop": "WC", "rate": 250.0, "apply_every_n_years": 1, "number_of_applications": 2, "interval": 14, "model_specific_data": {}, "bbch": 31, "season": 0}}, "compound": {"molarMass": 300.0, "water_solubility": 8.126726855535534e-06, "vapor_pressure": 1.3883860561118733e-06, "reference_temperature": 20.0, "koc": 284.0545494754353, "freundlich": 1.0294148574335547, "dt50": {"system": 6.0, "soil": 281.5258285220196, "surfaceWater": 6.0, "sediment": 6.0}, "plant_uptake": 0.0, "name": "Compound -6709350714086931510", "model_specific_data": {}, "metabolites": [{"formation_fraction": 0.2, "metabolite": {"molarMass": 300.0, "water_solubility": 0.036048538879232525, "vapor_pressure": 0.00011293353208846431, "reference_temperature": 20.0, "koc": 72.37226304552982, "freundlich": 1.0533802030780837, "dt50": {"system": 6.0, "soil": 67.42385609053242, "surfaceWater": 6.0, "sediment": 6.0}, "plant_uptake": 0.5, "name": "Compound -8476894132049885142", "model_specific_data": {}, "metabolites": []}}]}}