{"gap": {"type": "relative", "arguments": {"name": "GAP -296091488377847865", "modelCrop": "WC", "rate": 250.0, "apply_every_n_years": 1, "number_of_applications": 2, "interval": 14, "model_specific_data": {}, "bbch": 31, "season": 0}}, "compound": {"molarMass": 300.0, "water_solubility": 0.13808149741661266, "vapor_pressure": 1.1663695832065807e-08, "reference_temperature": 20.0, "koc": 68.24386418994895, "freundlich": 0.9688214911289752, "dt50": {"system": 6.0, "soil": 24.924780706261505, "surfaceWater": 6.0, "sediment": 6.0}, "plant_uptake": 0.0, "name": "Compound 8221493253816371706", "model_specific_data": {}, "metabolites": [{"formation_fraction": 0.2, "metabolite": {"molarMass": 300.0, "water_solubility": 0.013317057683908387, "vapor_pressure": 1.3895700144377545e-06, "reference_temperature": 20.0, "koc": 3525.7983649784205, "freundlich": 1.174407613390513, "dt50": {"system": 6.0, "soil": 210.03281239214473, "surfaceWater": 6.0, "sediment": 6.0}, "plant_uptake": 0.5, "name": "Compound 7684020626805529865", "model_specific_data": {}, "metabolites": []}}]}}