{"gap": {"type": "relative", "arguments": {"name": "GAP -296091488377847865", "modelCrop": "WC", "rate": 250.0, "apply_every_n_years": 1, "number_of_applications": 2, "interval": 14, "model_specific_data": {}, "bbch": 31, "season": 0}}, "compound": {"molarMass": 300.0, "water_solubility": 0.0014363777128532326, "vapor_pressure": 1.8117678811451445e-05, "reference_temperature": 20.0, "koc": 18.74868656273828, "freundlich": 1.096677873398266, "dt50": {"system": 6.0, "soil": 140.97120387121694, "surfaceWater": 6.0, "sediment": 6.0}, "plant_uptake": 0.0, "name": "Compound -6702341827421969729", "model_specific_data": {}, "metabolites": [{"formation_fraction": 0.2, "metabolite": {"molarMass": 300.0, "water_solubility": 0.007882713301292085, "vapor_pressure": 5.201680634793173e-07, "reference_temperature": 20.0, "koc": 73.3326794868039, "freundlich": 0.7147053465618345, "dt50": {"system": 6.0, "soil": 31.7088425342958, "surfaceWater": 6.0, "sediment": 6.0}, "plant_uptake": 0.5, "name": "Compound -6511256263390218799", "model_specific_data": {}, "metabolites": []}}]}}