{"gap": {"type": "relative", "arguments": {"name": "GAP -296091488377847865", "modelCrop": "WC", "rate": 250.0, "apply_every_n_years": 1, "number_of_applications": 2, "interval": 14, "model_specific_data": {}, "bbch": 31, "season": 0}}, "compound": {"molarMass": 300.0, "water_solubility": 0.001931559660001474, "vapor_pressure": 2.6601070130682595e-06, "reference_temperature": 20.0, "koc": 506.0928360014133, "freundlich": 0.784294750337083, "dt50": {"system": 6.0, "soil": 260.2720974968675, "surfaceWater": 6.0, "sediment": 6.0}, "plant_uptake": 0.0, "name": "Compound -2037725217035210448", "model_specific_data": {}, "metabolites": [{"formation_fraction": 0.2, "metabolite": {"molarMass": 300.0, "water_solubility": 0.0006997688936736838, "vapor_pressure": 1.778905417715991e-06, "reference_temperature": 20.0, "koc": 357.60333437206657, "freundlich": 1.1770565195344342, "dt50": {"system": 6.0, "soil": 12.09396755149043, "surfaceWater": 6.0, "sediment": 6.0}, "plant_uptake": 0.5, "name": "Compound -8010895461524084197", "model_specific_data": {}, "metabolites": []}}]}}