{"gap": {"type": "relative", "arguments": {"name": "GAP -296091488377847865", "modelCrop": "WC", "rate": 250.0, "apply_every_n_years": 1, "number_of_applications": 2, "interval": 14, "model_specific_data": {}, "bbch": 31, "season": 0}}, "compound": {"molarMass": 300.0, "water_solubility": 0.0370109647557273, "vapor_pressure": 0.000631227086674141, "reference_temperature": 20.0, "koc": 1044.096105543544, "freundlich": 0.7030278086279749, "dt50": {"system": 6.0, "soil": 137.66860379137114, "surfaceWater": 6.0, "sediment": 6.0}, "plant_uptake": 0.0, "name": "Compound 6495808612972118227", "model_specific_data": {}, "metabolites": [{"formation_fraction": 0.2, "metabolite": {"molarMass": 300.0, "water_solubility": 0.002054819055990181, "vapor_pressure": 0.011451205100318189, "reference_temperature": 20.0, "koc": 2216.722368226215, "freundlich": 0.8274298438424357, "dt50": {"system": 6.0, "soil": 168.93261130500014, "surfaceWater": 6.0, "sediment": 6.0}, "plant_uptake": 0.5, "name": "Compound -5714683219047841274", "model_specific_data": {}, "metabolites": []}}]}}