{"gap": {"type": "relative", "arguments": {"name": "GAP -296091488377847865", "modelCrop": "WC", "rate": 250.0, "apply_every_n_years": 1, "number_of_applications": 2, "interval": 14, "model_specific_data": {}, "bbch": 31, "season": 0}}, "compound": {"molarMass": 300.0, "water_solubility": 0.017698038735964514, "vapor_pressure": 6.16577523115586e-08, "reference_temperature": 20.0, "koc": 443.8422606518873, "freundlich": 0.8262830486181006, "dt50": {"system": 6.0, "soil": 16.354147000624845, "surfaceWater": 6.0, "sediment": 6.0}, "plant_uptake": 0.0, "name": "Compound -4489354694108350867", "model_specific_data": {}, "metabolites": [{"formation_fraction": 0.2, "metabolite": {"molarMass": 300.0, "water_solubility": 0.002999295021305229, "vapor_pressure": 4.1293409295658956e-09, "reference_temperature": 20.0, "koc": 434.66290591189306, "freundlich": 0.7783750535201878, "dt50": {"system": 6.0, "soil": 77.90180534518164, "surfaceWater": 6.0, "sediment": 6.0}, "plant_uptake": 0.5, "name": "Compound -8235270155073132491", "model_specific_data": {}, "metabolites": []}}]}}