{"gap": {"type": "relative", "arguments": {"name": "GAP -296091488377847865", "modelCrop": "WC", "rate": 250.0, "apply_every_n_years": 1, "number_of_applications": 2, "interval": 14, "model_specific_data": {}, "bbch": 31, "season": 0}}, "compound": {"molarMass": 300.0, "water_solubility": 0.006358506030332242, "vapor_pressure": 9.356812475512166e-05, "reference_temperature": 20.0, "koc": 52.41655268477272, "freundlich": 0.8934531308895254, "dt50": {"system": 6.0, "soil": 75.95624787412008, "surfaceWater": 6.0, "sediment": 6.0}, "plant_uptake": 0.0, "name": "Compound -966842119204380145", "model_specific_data": {}, "metabolites": [{"formation_fraction": 0.2, "metabolite": {"molarMass": 300.0, "water_solubility": 0.03188609660337257, "vapor_pressure": 1.1262260624802613e-06, "reference_temperature": 20.0, "koc": 1286.4783640197352, "freundlich": 0.8528066152056759, "dt50": {"system": 6.0, "soil": 169.21131298951457, "surfaceWater": 6.0, "sediment": 6.0}, "plant_uptake": 0.5, "name": "Compound 8311018725109773330", "model_specific_data": {}, "metabolites": []}}]}}