{"gap": {"type": "relative", "arguments": {"name": "GAP -296091488377847865", "modelCrop": "WC", "rate": 250.0, "apply_every_n_years": 1, "number_of_applications": 2, "interval": 14, "model_specific_data": {}, "bbch": 31, "season": 0}}, "compound": {"molarMass": 300.0, "water_solubility": 0.05353816516763299, "vapor_pressure": 3.2817629890894e-06, "reference_temperature": 20.0, "koc": 1296.59796246629, "freundlich": 0.8366470597821235, "dt50": {"system": 6.0, "soil": 26.128415039404768, "surfaceWater": 6.0, "sediment": 6.0}, "plant_uptake": 0.0, "name": "Compound 8220801912371352245", "model_specific_data": {}, "metabolites": [{"formation_fraction": 0.2, "metabolite": {"molarMass": 300.0, "water_solubility": 0.009102603806198907, "vapor_pressure": 1.7644684437419815e-05, "reference_temperature": 20.0, "koc": 1219.0165822975152, "freundlich": 1.0227024654596648, "dt50": {"system": 6.0, "soil": 288.99687340844196, "surfaceWater": 6.0, "sediment": 6.0}, "plant_uptake": 0.5, "name": "Compound -2579637602378918413", "model_specific_data": {}, "metabolites": []}}]}}