{"gap": {"type": "relative", "arguments": {"name": "GAP -296091488377847865", "modelCrop": "WC", "rate": 250.0, "apply_every_n_years": 1, "number_of_applications": 2, "interval": 14, "model_specific_data": {}, "bbch": 31, "season": 0}}, "compound": {"molarMass": 300.0, "water_solubility": 2.394885637124214e-05, "vapor_pressure": 0.0009583358470812532, "reference_temperature": 20.0, "koc": 10.870262366285873, "freundlich": 1.1237468219342182, "dt50": {"system": 6.0, "soil": 181.29602840007863, "surfaceWater": 6.0, "sediment": 6.0}, "plant_uptake": 0.0, "name": "Compound -655816670333786531", "model_specific_data": {}, "metabolites": [{"formation_fraction": 0.2, "metabolite": {"molarMass": 300.0, "water_solubility": 0.0032984199139051173, "vapor_pressure": 7.884770910947814e-08, "reference_temperature": 20.0, "koc": 645.2116167517215, "freundlich": 1.0473842573247882, "dt50": {"system": 6.0, "soil": 161.63008798034048, "surfaceWater": 6.0, "sediment": 6.0}, "plant_uptake": 0.5, "name": "Compound -2962092708650803405", "model_specific_data": {}, "metabolites": []}}]}}