{"gap": {"type": "relative", "arguments": {"name": "GAP -296091488377847865", "modelCrop": "WC", "rate": 250.0, "apply_every_n_years": 1, "number_of_applications": 2, "interval": 14, "model_specific_data": {}, "bbch": 31, "season": 0}}, "compound": {"molarMass": 300.0, "water_solubility": 0.10491742274831875, "vapor_pressure": 8.953529013370208e-08, "reference_temperature": 20.0, "koc": 159.3998754511724, "freundlich": 0.8830594734054218, "dt50": {"system": 6.0, "soil": 48.3893346956571, "surfaceWater": 6.0, "sediment": 6.0}, "plant_uptake": 0.0, "name": "Compound 1921089012231392550", "model_specific_data": {}, "metabolites": [{"formation_fraction": 0.2, "metabolite": {"molarMass": 300.0, "water_solubility": 0.00010545997424604268, "vapor_pressure": 4.321652768080591e-05, "reference_temperature": 20.0, "koc": 126.77157802347976, "freundlich": 1.1266666024987857, "dt50": {"system": 6.0, "soil": 202.44662832208516, "surfaceWater": 6.0, "sediment": 6.0}, "plant_uptake": 0.5, "name": "Compound 4029752182154101949", "model_specific_data": {}, "metabolites": []}}]}}