{"gap": {"type": "relative", "arguments": {"name": "GAP -296091488377847865", "modelCrop": "WC", "rate": 250.0, "apply_every_n_years": 1, "number_of_applications": 2, "interval": 14, "model_specific_data": {}, "bbch": 31, "season": 0}}, "compound": {"molarMass": 300.0, "water_solubility": 0.005775417905120383, "vapor_pressure": 5.3376799815887295e-08, "reference_temperature": 20.0, "koc": 189.13056267132882, "freundlich": 0.9810518797527341, "dt50": {"system": 6.0, "soil": 138.90504334965627, "surfaceWater": 6.0, "sediment": 6.0}, "plant_uptake": 0.0, "name": "Compound -6011876604281686708", "model_specific_data": {}, "metabolites": [{"formation_fraction": 0.2, "metabolite": {"molarMass": 300.0, "water_solubility": 0.02014375417833541, "vapor_pressure": 2.8220721940756915e-06, "reference_temperature": 20.0, "koc": 11.954997571629473, "freundlich": 0.8450949129098002, "dt50": {"system": 6.0, "soil": 31.9864667202778, "surfaceWater": 6.0, "sediment": 6.0}, "plant_uptake": 0.5, "name": "Compound 1241501911327195412", "model_specific_data": {}, "metabolites": []}}]}}