{"gap": {"type": "relative", "arguments": {"name": "GAP -296091488377847865", "modelCrop": "WC", "rate": 250.0, "apply_every_n_years": 1, "number_of_applications": 2, "interval": 14, "model_specific_data": {}, "bbch": 31, "season": 0}}, "compound": {"molarMass": 300.0, "water_solubility": 0.16904679386913576, "vapor_pressure": 1.952396029162909e-05, "reference_temperature": 20.0, "koc": 17.303660257650694, "freundlich": 0.8478549645760938, "dt50": {"system": 6.0, "soil": 295.25331629752685, "surfaceWater": 6.0, "sediment": 6.0}, "plant_uptake": 0.0, "name": "Compound 5566007567270040285", "model_specific_data": {}, "metabolites": [{"formation_fraction": 0.2, "metabolite": {"molarMass": 300.0, "water_solubility": 0.025405088854614108, "vapor_pressure": 2.547081818637366e-05, "reference_temperature": 20.0, "koc": 38.241262473035796, "freundlich": 0.9082356773974745, "dt50": {"system": 6.0, "soil": 8.382744414946421, "surfaceWater": 6.0, "sediment": 6.0}, "plant_uptake": 0.5, "name": "Compound 4457386831071882681", "model_specific_data": {}, "metabolites": []}}]}}