{"gap": {"type": "relative", "arguments": {"name": "GAP -296091488377847865", "modelCrop": "WC", "rate": 250.0, "apply_every_n_years": 1, "number_of_applications": 2, "interval": 14, "model_specific_data": {}, "bbch": 31, "season": 0}}, "compound": {"molarMass": 300.0, "water_solubility": 0.004731677934474696, "vapor_pressure": 1.6319126496199716e-06, "reference_temperature": 20.0, "koc": 4049.821853534491, "freundlich": 0.8119310316052242, "dt50": {"system": 6.0, "soil": 192.22579276319752, "surfaceWater": 6.0, "sediment": 6.0}, "plant_uptake": 0.0, "name": "Compound -5731509493899835175", "model_specific_data": {}, "metabolites": [{"formation_fraction": 0.2, "metabolite": {"molarMass": 300.0, "water_solubility": 0.0015384420579875086, "vapor_pressure": 9.547580172121142e-07, "reference_temperature": 20.0, "koc": 71.58281193082723, "freundlich": 0.9949588795377886, "dt50": {"system": 6.0, "soil": 271.551658446976, "surfaceWater": 6.0, "sediment": 6.0}, "plant_uptake": 0.5, "name": "Compound -5775386779252246307", "model_specific_data": {}, "metabolites": []}}]}}