{"gap": {"type": "relative", "arguments": {"name": "GAP -296091488377847865", "modelCrop": "WC", "rate": 250.0, "apply_every_n_years": 1, "number_of_applications": 2, "interval": 14, "model_specific_data": {}, "bbch": 31, "season": 0}}, "compound": {"molarMass": 300.0, "water_solubility": 0.0020856084952139585, "vapor_pressure": 3.668509826777317e-05, "reference_temperature": 20.0, "koc": 3209.9649547789836, "freundlich": 0.780024346290443, "dt50": {"system": 6.0, "soil": 121.75617881302568, "surfaceWater": 6.0, "sediment": 6.0}, "plant_uptake": 0.0, "name": "Compound 2173229788037943868", "model_specific_data": {}, "metabolites": [{"formation_fraction": 0.2, "metabolite": {"molarMass": 300.0, "water_solubility": 0.00031724108709776526, "vapor_pressure": 2.6484975656962264e-06, "reference_temperature": 20.0, "koc": 66.07091818898014, "freundlich": 1.0903171938010463, "dt50": {"system": 6.0, "soil": 208.74473076326726, "surfaceWater": 6.0, "sediment": 6.0}, "plant_uptake": 0.5, "name": "Compound -7523729759276480578", "model_specific_data": {}, "metabolites": []}}]}}