{"gap": {"type": "relative", "arguments": {"name": "GAP -296091488377847865", "modelCrop": "WC", "rate": 250.0, "apply_every_n_years": 1, "number_of_applications": 2, "interval": 14, "model_specific_data": {}, "bbch": 31, "season": 0}}, "compound": {"molarMass": 300.0, "water_solubility": 0.013855356784719837, "vapor_pressure": 3.024712573380361e-05, "reference_temperature": 20.0, "koc": 493.34744507257477, "freundlich": 0.7576448257320855, "dt50": {"system": 6.0, "soil": 45.53717061812194, "surfaceWater": 6.0, "sediment": 6.0}, "plant_uptake": 0.0, "name": "Compound 8498947846782476803", "model_specific_data": {}, "metabolites": [{"formation_fraction": 0.2, "metabolite": {"molarMass": 300.0, "water_solubility": 0.017956906830417747, "vapor_pressure": 8.248007526718377e-07, "reference_temperature": 20.0, "koc": 22.06893106582084, "freundlich": 1.0694193278516602, "dt50": {"system": 6.0, "soil": 215.3288904123175, "surfaceWater": 6.0, "sediment": 6.0}, "plant_uptake": 0.5, "name": "Compound 7913756881508698065", "model_specific_data": {}, "metabolites": []}}]}}