{"gap": {"type": "relative", "arguments": {"name": "GAP -296091488377847865", "modelCrop": "WC", "rate": 250.0, "apply_every_n_years": 1, "number_of_applications": 2, "interval": 14, "model_specific_data": {}, "bbch": 31, "season": 0}}, "compound": {"molarMass": 300.0, "water_solubility": 0.031211424926002103, "vapor_pressure": 2.1912616085287453e-07, "reference_temperature": 20.0, "koc": 588.5406395207494, "freundlich": 1.0944923197574745, "dt50": {"system": 6.0, "soil": 209.28154244702998, "surfaceWater": 6.0, "sediment": 6.0}, "plant_uptake": 0.0, "name": "Compound -85614060671019325", "model_specific_data": {}, "metabolites": [{"formation_fraction": 0.2, "metabolite": {"molarMass": 300.0, "water_solubility": 0.047622350225516016, "vapor_pressure": 3.1773418751613335e-07, "reference_temperature": 20.0, "koc": 417.62822896107224, "freundlich": 0.7316661819489595, "dt50": {"system": 6.0, "soil": 71.56082765235072, "surfaceWater": 6.0, "sediment": 6.0}, "plant_uptake": 0.5, "name": "Compound -586793746750432777", "model_specific_data": {}, "metabolites": []}}]}}