{"gap": {"type": "relative", "arguments": {"name": "GAP -296091488377847865", "modelCrop": "WC", "rate": 250.0, "apply_every_n_years": 1, "number_of_applications": 2, "interval": 14, "model_specific_data": {}, "bbch": 31, "season": 0}}, "compound": {"molarMass": 300.0, "water_solubility": 0.0032612181181416655, "vapor_pressure": 8.036133679557648e-06, "reference_temperature": 20.0, "koc": 22.86329314052073, "freundlich": 0.7370450464338913, "dt50": {"system": 6.0, "soil": 32.641228713320714, "surfaceWater": 6.0, "sediment": 6.0}, "plant_uptake": 0.0, "name": "Compound 6878457707047625586", "model_specific_data": {}, "metabolites": [{"formation_fraction": 0.2, "metabolite": {"molarMass": 300.0, "water_solubility": 0.011700922654560563, "vapor_pressure": 1.3362932163594874e-05, "reference_temperature": 20.0, "koc": 2361.2392752218657, "freundlich": 0.7146080923513078, "dt50": {"system": 6.0, "soil": 64.46336725226695, "surfaceWater": 6.0, "sediment": 6.0}, "plant_uptake": 0.5, "name": "Compound 2184700723936624822", "model_specific_data": {}, "metabolites": []}}]}}