{"gap": {"type": "relative", "arguments": {"name": "GAP -296091488377847865", "modelCrop": "WC", "rate": 250.0, "apply_every_n_years": 1, "number_of_applications": 2, "interval": 14, "model_specific_data": {}, "bbch": 31, "season": 0}}, "compound": {"molarMass": 300.0, "water_solubility": 0.1817473615698632, "vapor_pressure": 5.729440529278515e-06, "reference_temperature": 20.0, "koc": 86.68482727260854, "freundlich": 0.7913067404607548, "dt50": {"system": 6.0, "soil": 79.66031699532536, "surfaceWater": 6.0, "sediment": 6.0}, "plant_uptake": 0.0, "name": "Compound -7575661810718830508", "model_specific_data": {}, "metabolites": [{"formation_fraction": 0.2, "metabolite": {"molarMass": 300.0, "water_solubility": 0.0017635215892185677, "vapor_pressure": 4.653159889553132e-06, "reference_temperature": 20.0, "koc": 22.443975259653914, "freundlich": 0.8912015753822567, "dt50": {"system": 6.0, "soil": 97.83299481227935, "surfaceWater": 6.0, "sediment": 6.0}, "plant_uptake": 0.5, "name": "Compound 6269430422836844667", "model_specific_data": {}, "metabolites": []}}]}}