{"gap": {"type": "relative", "arguments": {"name": "GAP -296091488377847865", "modelCrop": "WC", "rate": 250.0, "apply_every_n_years": 1, "number_of_applications": 2, "interval": 14, "model_specific_data": {}, "bbch": 31, "season": 0}}, "compound": {"molarMass": 300.0, "water_solubility": 0.0294516126642631, "vapor_pressure": 4.477360398258664e-06, "reference_temperature": 20.0, "koc": 149.06190212646507, "freundlich": 0.8302542590075803, "dt50": {"system": 6.0, "soil": 44.30444209982102, "surfaceWater": 6.0, "sediment": 6.0}, "plant_uptake": 0.0, "name": "Compound -7252660732774405544", "model_specific_data": {}, "metabolites": [{"formation_fraction": 0.2, "metabolite": {"molarMass": 300.0, "water_solubility": 0.001067445574356017, "vapor_pressure": 2.3612507869522726e-05, "reference_temperature": 20.0, "koc": 1826.2885687823766, "freundlich": 1.130396551229075, "dt50": {"system": 6.0, "soil": 71.42339070542639, "surfaceWater": 6.0, "sediment": 6.0}, "plant_uptake": 0.5, "name": "Compound -3572672188672811077", "model_specific_data": {}, "metabolites": []}}]}}