{"gap": {"type": "relative", "arguments": {"name": "GAP -296091488377847865", "modelCrop": "WC", "rate": 250.0, "apply_every_n_years": 1, "number_of_applications": 2, "interval": 14, "model_specific_data": {}, "bbch": 31, "season": 0}}, "compound": {"molarMass": 300.0, "water_solubility": 0.04687099933481245, "vapor_pressure": 1.3429206672896743e-06, "reference_temperature": 20.0, "koc": 14.986436726920598, "freundlich": 1.0480314257232384, "dt50": {"system": 6.0, "soil": 210.3486522919574, "surfaceWater": 6.0, "sediment": 6.0}, "plant_uptake": 0.0, "name": "Compound -1829080883575518951", "model_specific_data": {}, "metabolites": [{"formation_fraction": 0.2, "metabolite": {"molarMass": 300.0, "water_solubility": 0.0029856829408360683, "vapor_pressure": 3.4369863605943512e-09, "reference_temperature": 20.0, "koc": 13.620009248932167, "freundlich": 1.1462005143375678, "dt50": {"system": 6.0, "soil": 12.891158093791002, "surfaceWater": 6.0, "sediment": 6.0}, "plant_uptake": 0.5, "name": "Compound -7881525424967758074", "model_specific_data": {}, "metabolites": []}}]}}