{"gap": {"type": "relative", "arguments": {"name": "GAP -296091488377847865", "modelCrop": "WC", "rate": 250.0, "apply_every_n_years": 1, "number_of_applications": 2, "interval": 14, "model_specific_data": {}, "bbch": 31, "season": 0}}, "compound": {"molarMass": 300.0, "water_solubility": 0.003943677138181809, "vapor_pressure": 0.003397927708834348, "reference_temperature": 20.0, "koc": 449.5214465779417, "freundlich": 1.1354457496961774, "dt50": {"system": 6.0, "soil": 52.013920750447, "surfaceWater": 6.0, "sediment": 6.0}, "plant_uptake": 0.0, "name": "Compound -1939223334558430132", "model_specific_data": {}, "metabolites": [{"formation_fraction": 0.2, "metabolite": {"molarMass": 300.0, "water_solubility": 0.024897154382781197, "vapor_pressure": 1.4357785052746925e-06, "reference_temperature": 20.0, "koc": 251.96004506652622, "freundlich": 1.0293666796998546, "dt50": {"system": 6.0, "soil": 180.5454122965809, "surfaceWater": 6.0, "sediment": 6.0}, "plant_uptake": 0.5, "name": "Compound -1486015674030205281", "model_specific_data": {}, "metabolites": []}}]}}