{"gap": {"type": "relative", "arguments": {"name": "GAP -296091488377847865", "modelCrop": "WC", "rate": 250.0, "apply_every_n_years": 1, "number_of_applications": 2, "interval": 14, "model_specific_data": {}, "bbch": 31, "season": 0}}, "compound": {"molarMass": 300.0, "water_solubility": 0.02066050852578992, "vapor_pressure": 3.781926176699578e-05, "reference_temperature": 20.0, "koc": 10.433606753593272, "freundlich": 0.9949892235491362, "dt50": {"system": 6.0, "soil": 61.09603046802777, "surfaceWater": 6.0, "sediment": 6.0}, "plant_uptake": 0.0, "name": "Compound 5914078389193559553", "model_specific_data": {}, "metabolites": [{"formation_fraction": 0.2, "metabolite": {"molarMass": 300.0, "water_solubility": 0.0021253244644539176, "vapor_pressure": 2.9202547726754383e-07, "reference_temperature": 20.0, "koc": 155.41540763924013, "freundlich": 0.7126446214168449, "dt50": {"system": 6.0, "soil": 220.8339860197034, "surfaceWater": 6.0, "sediment": 6.0}, "plant_uptake": 0.5, "name": "Compound 5230629621649566715", "model_specific_data": {}, "metabolites": []}}]}}