{"gap": {"type": "relative", "arguments": {"name": "GAP -296091488377847865", "modelCrop": "WC", "rate": 250.0, "apply_every_n_years": 1, "number_of_applications": 2, "interval": 14, "model_specific_data": {}, "bbch": 31, "season": 0}}, "compound": {"molarMass": 300.0, "water_solubility": 0.10597246345264476, "vapor_pressure": 0.0005360676345688191, "reference_temperature": 20.0, "koc": 37.77915713060572, "freundlich": 0.9683187005665317, "dt50": {"system": 6.0, "soil": 224.79651617028657, "surfaceWater": 6.0, "sediment": 6.0}, "plant_uptake": 0.0, "name": "Compound -363431978869768434", "model_specific_data": {}, "metabolites": [{"formation_fraction": 0.2, "metabolite": {"molarMass": 300.0, "water_solubility": 0.000819248488434266, "vapor_pressure": 2.8527825510561286e-06, "reference_temperature": 20.0, "koc": 33.76011583188204, "freundlich": 0.748181892969444, "dt50": {"system": 6.0, "soil": 282.14131833016125, "surfaceWater": 6.0, "sediment": 6.0}, "plant_uptake": 0.5, "name": "Compound -5003540897922694705", "model_specific_data": {}, "metabolites": []}}]}}