{"gap": {"type": "relative", "arguments": {"name": "GAP -296091488377847865", "modelCrop": "WC", "rate": 250.0, "apply_every_n_years": 1, "number_of_applications": 2, "interval": 14, "model_specific_data": {}, "bbch": 31, "season": 0}}, "compound": {"molarMass": 300.0, "water_solubility": 0.0008677306310161107, "vapor_pressure": 4.03250677717312e-06, "reference_temperature": 20.0, "koc": 255.41881215199734, "freundlich": 0.9077794778648546, "dt50": {"system": 6.0, "soil": 30.586272939074, "surfaceWater": 6.0, "sediment": 6.0}, "plant_uptake": 0.0, "name": "Compound -2935713340384295138", "model_specific_data": {}, "metabolites": [{"formation_fraction": 0.2, "metabolite": {"molarMass": 300.0, "water_solubility": 0.0014640165367505904, "vapor_pressure": 1.4594142449191614e-06, "reference_temperature": 20.0, "koc": 1651.8162608000296, "freundlich": 0.7482136805923625, "dt50": {"system": 6.0, "soil": 199.6718466466644, "surfaceWater": 6.0, "sediment": 6.0}, "plant_uptake": 0.5, "name": "Compound 7511931662538656488", "model_specific_data": {}, "metabolites": []}}]}}