{"gap": {"type": "relative", "arguments": {"name": "GAP -296091488377847865", "modelCrop": "WC", "rate": 250.0, "apply_every_n_years": 1, "number_of_applications": 2, "interval": 14, "model_specific_data": {}, "bbch": 31, "season": 0}}, "compound": {"molarMass": 300.0, "water_solubility": 3.978237267326105, "vapor_pressure": 0.0004727436799300243, "reference_temperature": 20.0, "koc": 19.795355539543003, "freundlich": 1.0077718944773508, "dt50": {"system": 6.0, "soil": 204.13756827368596, "surfaceWater": 6.0, "sediment": 6.0}, "plant_uptake": 0.0, "name": "Compound -5249437284491086511", "model_specific_data": {}, "metabolites": [{"formation_fraction": 0.2, "metabolite": {"molarMass": 300.0, "water_solubility": 0.0014888803942805149, "vapor_pressure": 0.00016890277648027015, "reference_temperature": 20.0, "koc": 1653.595767315902, "freundlich": 0.8859169169754648, "dt50": {"system": 6.0, "soil": 89.16165276864243, "surfaceWater": 6.0, "sediment": 6.0}, "plant_uptake": 0.5, "name": "Compound 4086326654668890488", "model_specific_data": {}, "metabolites": []}}]}}