{"gap": {"type": "relative", "arguments": {"name": "GAP -296091488377847865", "modelCrop": "WC", "rate": 250.0, "apply_every_n_years": 1, "number_of_applications": 2, "interval": 14, "model_specific_data": {}, "bbch": 31, "season": 0}}, "compound": {"molarMass": 300.0, "water_solubility": 0.1754447043352504, "vapor_pressure": 2.1026419242655405e-05, "reference_temperature": 20.0, "koc": 21.15325486136334, "freundlich": 0.9098081319653446, "dt50": {"system": 6.0, "soil": 54.79368310770895, "surfaceWater": 6.0, "sediment": 6.0}, "plant_uptake": 0.0, "name": "Compound 2983837221629430721", "model_specific_data": {}, "metabolites": [{"formation_fraction": 0.2, "metabolite": {"molarMass": 300.0, "water_solubility": 0.0037075488182415155, "vapor_pressure": 9.018794973056271e-07, "reference_temperature": 20.0, "koc": 31.222726190364526, "freundlich": 0.9426745298402537, "dt50": {"system": 6.0, "soil": 59.634233512749894, "surfaceWater": 6.0, "sediment": 6.0}, "plant_uptake": 0.5, "name": "Compound 989301843839913091", "model_specific_data": {}, "metabolites": []}}]}}