{"gap": {"type": "relative", "arguments": {"name": "GAP -296091488377847865", "modelCrop": "WC", "rate": 250.0, "apply_every_n_years": 1, "number_of_applications": 2, "interval": 14, "model_specific_data": {}, "bbch": 31, "season": 0}}, "compound": {"molarMass": 300.0, "water_solubility": 0.763503576491577, "vapor_pressure": 1.3048695678920422e-06, "reference_temperature": 20.0, "koc": 32.720870530831355, "freundlich": 1.0590745452489834, "dt50": {"system": 6.0, "soil": 140.16204407346407, "surfaceWater": 6.0, "sediment": 6.0}, "plant_uptake": 0.0, "name": "Compound 7248421198473154295", "model_specific_data": {}, "metabolites": [{"formation_fraction": 0.2, "metabolite": {"molarMass": 300.0, "water_solubility": 0.00837907687468957, "vapor_pressure": 0.0004923728046225689, "reference_temperature": 20.0, "koc": 163.2308112186662, "freundlich": 0.9974156503751177, "dt50": {"system": 6.0, "soil": 23.41869659507308, "surfaceWater": 6.0, "sediment": 6.0}, "plant_uptake": 0.5, "name": "Compound 2952973959552097967", "model_specific_data": {}, "metabolites": []}}]}}