{"gap": {"type": "relative", "arguments": {"name": "GAP -296091488377847865", "modelCrop": "WC", "rate": 250.0, "apply_every_n_years": 1, "number_of_applications": 2, "interval": 14, "model_specific_data": {}, "bbch": 31, "season": 0}}, "compound": {"molarMass": 300.0, "water_solubility": 0.06771563466710688, "vapor_pressure": 1.3171366077730164e-07, "reference_temperature": 20.0, "koc": 107.02373611108253, "freundlich": 1.0953402160934715, "dt50": {"system": 6.0, "soil": 205.96558051988237, "surfaceWater": 6.0, "sediment": 6.0}, "plant_uptake": 0.0, "name": "Compound 6450618766728848532", "model_specific_data": {}, "metabolites": [{"formation_fraction": 0.2, "metabolite": {"molarMass": 300.0, "water_solubility": 0.01374224213201292, "vapor_pressure": 1.2359084243916306e-05, "reference_temperature": 20.0, "koc": 287.4984863939022, "freundlich": 1.0584996904610906, "dt50": {"system": 6.0, "soil": 274.5678635743659, "surfaceWater": 6.0, "sediment": 6.0}, "plant_uptake": 0.5, "name": "Compound -5621516928527592478", "model_specific_data": {}, "metabolites": []}}]}}