{"gap": {"type": "relative", "arguments": {"name": "GAP -296091488377847865", "modelCrop": "WC", "rate": 250.0, "apply_every_n_years": 1, "number_of_applications": 2, "interval": 14, "model_specific_data": {}, "bbch": 31, "season": 0}}, "compound": {"molarMass": 300.0, "water_solubility": 0.0007178591930301688, "vapor_pressure": 4.018835722338075e-06, "reference_temperature": 20.0, "koc": 131.85907980938325, "freundlich": 1.0108658528536956, "dt50": {"system": 6.0, "soil": 298.49364057782435, "surfaceWater": 6.0, "sediment": 6.0}, "plant_uptake": 0.0, "name": "Compound 1566846398162643065", "model_specific_data": {}, "metabolites": [{"formation_fraction": 0.2, "metabolite": {"molarMass": 300.0, "water_solubility": 0.0937404472232151, "vapor_pressure": 0.00021715157020624592, "reference_temperature": 20.0, "koc": 598.5859696262861, "freundlich": 0.7983819954292128, "dt50": {"system": 6.0, "soil": 167.54500141802052, "surfaceWater": 6.0, "sediment": 6.0}, "plant_uptake": 0.5, "name": "Compound 2734987104334808216", "model_specific_data": {}, "metabolites": []}}]}}