{"gap": {"type": "relative", "arguments": {"name": "GAP -296091488377847865", "modelCrop": "WC", "rate": 250.0, "apply_every_n_years": 1, "number_of_applications": 2, "interval": 14, "model_specific_data": {}, "bbch": 31, "season": 0}}, "compound": {"molarMass": 300.0, "water_solubility": 0.0006224004273151051, "vapor_pressure": 2.9264015207455432e-06, "reference_temperature": 20.0, "koc": 12.521233069121875, "freundlich": 0.7802341252194838, "dt50": {"system": 6.0, "soil": 261.77866062685706, "surfaceWater": 6.0, "sediment": 6.0}, "plant_uptake": 0.0, "name": "Compound 2921251240180203120", "model_specific_data": {}, "metabolites": [{"formation_fraction": 0.2, "metabolite": {"molarMass": 300.0, "water_solubility": 0.03090191336712921, "vapor_pressure": 4.6129544968053174e-08, "reference_temperature": 20.0, "koc": 49.589899331111646, "freundlich": 1.0157991769894332, "dt50": {"system": 6.0, "soil": 98.6424809495018, "surfaceWater": 6.0, "sediment": 6.0}, "plant_uptake": 0.5, "name": "Compound 5470733267994613535", "model_specific_data": {}, "metabolites": []}}]}}