{"gap": {"type": "relative", "arguments": {"name": "GAP -296091488377847865", "modelCrop": "WC", "rate": 250.0, "apply_every_n_years": 1, "number_of_applications": 2, "interval": 14, "model_specific_data": {}, "bbch": 31, "season": 0}}, "compound": {"molarMass": 300.0, "water_solubility": 0.0013127154337849445, "vapor_pressure": 6.808591702500252e-08, "reference_temperature": 20.0, "koc": 496.1730461774558, "freundlich": 1.1391334458369469, "dt50": {"system": 6.0, "soil": 169.53467903492043, "surfaceWater": 6.0, "sediment": 6.0}, "plant_uptake": 0.0, "name": "Compound 5180068398582592822", "model_specific_data": {}, "metabolites": [{"formation_fraction": 0.2, "metabolite": {"molarMass": 300.0, "water_solubility": 0.04389614944503759, "vapor_pressure": 0.0003855847958955759, "reference_temperature": 20.0, "koc": 762.0643798688171, "freundlich": 1.0379595098209888, "dt50": {"system": 6.0, "soil": 134.63193880273957, "surfaceWater": 6.0, "sediment": 6.0}, "plant_uptake": 0.5, "name": "Compound -8351043750064497904", "model_specific_data": {}, "metabolites": []}}]}}