{"gap": {"type": "relative", "arguments": {"name": "GAP -296091488377847865", "modelCrop": "WC", "rate": 250.0, "apply_every_n_years": 1, "number_of_applications": 2, "interval": 14, "model_specific_data": {}, "bbch": 31, "season": 0}}, "compound": {"molarMass": 300.0, "water_solubility": 0.0012501460928292204, "vapor_pressure": 5.458722036581539e-07, "reference_temperature": 20.0, "koc": 32.970075029870436, "freundlich": 0.7620682009372579, "dt50": {"system": 6.0, "soil": 111.35891448461172, "surfaceWater": 6.0, "sediment": 6.0}, "plant_uptake": 0.0, "name": "Compound -5715760055379655469", "model_specific_data": {}, "metabolites": [{"formation_fraction": 0.2, "metabolite": {"molarMass": 300.0, "water_solubility": 0.0640679445372586, "vapor_pressure": 8.795888142160857e-07, "reference_temperature": 20.0, "koc": 135.03798562893547, "freundlich": 0.9797204767215957, "dt50": {"system": 6.0, "soil": 294.0869960470213, "surfaceWater": 6.0, "sediment": 6.0}, "plant_uptake": 0.5, "name": "Compound 7031078990436738582", "model_specific_data": {}, "metabolites": []}}]}}