{"gap": {"type": "relative", "arguments": {"name": "GAP -296091488377847865", "modelCrop": "WC", "rate": 250.0, "apply_every_n_years": 1, "number_of_applications": 2, "interval": 14, "model_specific_data": {}, "bbch": 31, "season": 0}}, "compound": {"molarMass": 300.0, "water_solubility": 0.02423434900779998, "vapor_pressure": 2.4993146710815767e-05, "reference_temperature": 20.0, "koc": 101.91962511391476, "freundlich": 0.9658145911600693, "dt50": {"system": 6.0, "soil": 201.89048056951913, "surfaceWater": 6.0, "sediment": 6.0}, "plant_uptake": 0.0, "name": "Compound -5375279289991928126", "model_specific_data": {}, "metabolites": [{"formation_fraction": 0.2, "metabolite": {"molarMass": 300.0, "water_solubility": 0.11321696663086289, "vapor_pressure": 2.1980276464903054e-05, "reference_temperature": 20.0, "koc": 34.120419057836436, "freundlich": 0.9946655771231241, "dt50": {"system": 6.0, "soil": 37.31477984444115, "surfaceWater": 6.0, "sediment": 6.0}, "plant_uptake": 0.5, "name": "Compound 1654876104700189986", "model_specific_data": {}, "metabolites": []}}]}}