{"gap": {"type": "relative", "arguments": {"name": "GAP -296091488377847865", "modelCrop": "WC", "rate": 250.0, "apply_every_n_years": 1, "number_of_applications": 2, "interval": 14, "model_specific_data": {}, "bbch": 31, "season": 0}}, "compound": {"molarMass": 300.0, "water_solubility": 0.10453524347566133, "vapor_pressure": 0.00014205928773522593, "reference_temperature": 20.0, "koc": 1811.2852839369343, "freundlich": 0.7888435002217803, "dt50": {"system": 6.0, "soil": 57.76919484597355, "surfaceWater": 6.0, "sediment": 6.0}, "plant_uptake": 0.0, "name": "Compound -7627355349167544164", "model_specific_data": {}, "metabolites": [{"formation_fraction": 0.2, "metabolite": {"molarMass": 300.0, "water_solubility": 7.444101752564916e-05, "vapor_pressure": 2.7374917846752584e-06, "reference_temperature": 20.0, "koc": 442.02033202603343, "freundlich": 1.1958601837383842, "dt50": {"system": 6.0, "soil": 212.02336869341244, "surfaceWater": 6.0, "sediment": 6.0}, "plant_uptake": 0.5, "name": "Compound -8725369165187727151", "model_specific_data": {}, "metabolites": []}}]}}