{"gap": {"type": "relative", "arguments": {"name": "GAP -296091488377847865", "modelCrop": "WC", "rate": 250.0, "apply_every_n_years": 1, "number_of_applications": 2, "interval": 14, "model_specific_data": {}, "bbch": 31, "season": 0}}, "compound": {"molarMass": 300.0, "water_solubility": 0.003931818896020466, "vapor_pressure": 1.3321030883539705e-06, "reference_temperature": 20.0, "koc": 782.5998917684996, "freundlich": 0.8770566328152367, "dt50": {"system": 6.0, "soil": 71.9134246357213, "surfaceWater": 6.0, "sediment": 6.0}, "plant_uptake": 0.0, "name": "Compound 7038265501902454663", "model_specific_data": {}, "metabolites": [{"formation_fraction": 0.2, "metabolite": {"molarMass": 300.0, "water_solubility": 0.009126666281883444, "vapor_pressure": 1.1819472259124115e-05, "reference_temperature": 20.0, "koc": 14.506926791884009, "freundlich": 0.9994756856822573, "dt50": {"system": 6.0, "soil": 263.3647255287675, "surfaceWater": 6.0, "sediment": 6.0}, "plant_uptake": 0.5, "name": "Compound -1687240863269367860", "model_specific_data": {}, "metabolites": []}}]}}