{"gap": {"type": "relative", "arguments": {"name": "GAP -296091488377847865", "modelCrop": "WC", "rate": 250.0, "apply_every_n_years": 1, "number_of_applications": 2, "interval": 14, "model_specific_data": {}, "bbch": 31, "season": 0}}, "compound": {"molarMass": 300.0, "water_solubility": 0.0053678417674837865, "vapor_pressure": 4.1608014286538903e-05, "reference_temperature": 20.0, "koc": 359.2757398210201, "freundlich": 0.7318450806168841, "dt50": {"system": 6.0, "soil": 4.775992138899927, "surfaceWater": 6.0, "sediment": 6.0}, "plant_uptake": 0.0, "name": "Compound 7782532785050515330", "model_specific_data": {}, "metabolites": [{"formation_fraction": 0.2, "metabolite": {"molarMass": 300.0, "water_solubility": 0.38910020625065483, "vapor_pressure": 2.872012475493554e-06, "reference_temperature": 20.0, "koc": 12.023935010885433, "freundlich": 0.967630924230701, "dt50": {"system": 6.0, "soil": 198.82332313660723, "surfaceWater": 6.0, "sediment": 6.0}, "plant_uptake": 0.5, "name": "Compound -5786905294956559380", "model_specific_data": {}, "metabolites": []}}]}}