{"gap": {"type": "relative", "arguments": {"name": "GAP -296091488377847865", "modelCrop": "WC", "rate": 250.0, "apply_every_n_years": 1, "number_of_applications": 2, "interval": 14, "model_specific_data": {}, "bbch": 31, "season": 0}}, "compound": {"molarMass": 300.0, "water_solubility": 0.0007907038259543275, "vapor_pressure": 0.003735199035908775, "reference_temperature": 20.0, "koc": 627.0197975140675, "freundlich": 0.9894147594477032, "dt50": {"system": 6.0, "soil": 153.14126433343347, "surfaceWater": 6.0, "sediment": 6.0}, "plant_uptake": 0.0, "name": "Compound 7476813914255891994", "model_specific_data": {}, "metabolites": [{"formation_fraction": 0.2, "metabolite": {"molarMass": 300.0, "water_solubility": 0.022816824693706394, "vapor_pressure": 0.0002687701902368795, "reference_temperature": 20.0, "koc": 83.30274204569442, "freundlich": 0.8220807200063778, "dt50": {"system": 6.0, "soil": 106.67679534141551, "surfaceWater": 6.0, "sediment": 6.0}, "plant_uptake": 0.5, "name": "Compound -7059996871350185161", "model_specific_data": {}, "metabolites": []}}]}}