{"gap": {"type": "relative", "arguments": {"name": "GAP -296091488377847865", "modelCrop": "WC", "rate": 250.0, "apply_every_n_years": 1, "number_of_applications": 2, "interval": 14, "model_specific_data": {}, "bbch": 31, "season": 0}}, "compound": {"molarMass": 300.0, "water_solubility": 0.09149548623424553, "vapor_pressure": 0.00022859829051734268, "reference_temperature": 20.0, "koc": 157.86891469673355, "freundlich": 0.9298302065630965, "dt50": {"system": 6.0, "soil": 38.18580518669626, "surfaceWater": 6.0, "sediment": 6.0}, "plant_uptake": 0.0, "name": "Compound 4488683132206603928", "model_specific_data": {}, "metabolites": [{"formation_fraction": 0.2, "metabolite": {"molarMass": 300.0, "water_solubility": 0.001717204526875062, "vapor_pressure": 1.1769255887223593e-05, "reference_temperature": 20.0, "koc": 4635.541985079024, "freundlich": 1.0901340425977786, "dt50": {"system": 6.0, "soil": 216.17320403037093, "surfaceWater": 6.0, "sediment": 6.0}, "plant_uptake": 0.5, "name": "Compound 4173596941020062874", "model_specific_data": {}, "metabolites": []}}]}}