{"gap": {"type": "relative", "arguments": {"name": "GAP -296091488377847865", "modelCrop": "WC", "rate": 250.0, "apply_every_n_years": 1, "number_of_applications": 2, "interval": 14, "model_specific_data": {}, "bbch": 31, "season": 0}}, "compound": {"molarMass": 300.0, "water_solubility": 0.0037037808690139596, "vapor_pressure": 3.288702263502555e-06, "reference_temperature": 20.0, "koc": 1155.981475240146, "freundlich": 1.0807827002364898, "dt50": {"system": 6.0, "soil": 104.04478139767276, "surfaceWater": 6.0, "sediment": 6.0}, "plant_uptake": 0.0, "name": "Compound 4645103151398325057", "model_specific_data": {}, "metabolites": [{"formation_fraction": 0.2, "metabolite": {"molarMass": 300.0, "water_solubility": 0.03559381087038232, "vapor_pressure": 0.000788573210785119, "reference_temperature": 20.0, "koc": 734.23662645893, "freundlich": 0.9045154059559585, "dt50": {"system": 6.0, "soil": 180.17711119269345, "surfaceWater": 6.0, "sediment": 6.0}, "plant_uptake": 0.5, "name": "Compound -6627316694972200124", "model_specific_data": {}, "metabolites": []}}]}}