{"gap": {"type": "relative", "arguments": {"name": "GAP -296091488377847865", "modelCrop": "WC", "rate": 250.0, "apply_every_n_years": 1, "number_of_applications": 2, "interval": 14, "model_specific_data": {}, "bbch": 31, "season": 0}}, "compound": {"molarMass": 300.0, "water_solubility": 0.002610027732809617, "vapor_pressure": 1.9453384733704538e-07, "reference_temperature": 20.0, "koc": 1927.4518096944546, "freundlich": 1.0108537752235165, "dt50": {"system": 6.0, "soil": 238.6066073514648, "surfaceWater": 6.0, "sediment": 6.0}, "plant_uptake": 0.0, "name": "Compound 3429482366192154184", "model_specific_data": {}, "metabolites": [{"formation_fraction": 0.2, "metabolite": {"molarMass": 300.0, "water_solubility": 0.8460063294612866, "vapor_pressure": 1.838716059279891e-05, "reference_temperature": 20.0, "koc": 485.8740236414032, "freundlich": 1.0401959235447733, "dt50": {"system": 6.0, "soil": 12.208650558545676, "surfaceWater": 6.0, "sediment": 6.0}, "plant_uptake": 0.5, "name": "Compound 5930038967091553969", "model_specific_data": {}, "metabolites": []}}]}}