{"gap": {"type": "relative", "arguments": {"name": "GAP -296091488377847865", "modelCrop": "WC", "rate": 250.0, "apply_every_n_years": 1, "number_of_applications": 2, "interval": 14, "model_specific_data": {}, "bbch": 31, "season": 0}}, "compound": {"molarMass": 300.0, "water_solubility": 0.005305729315827045, "vapor_pressure": 1.334480176586315e-07, "reference_temperature": 20.0, "koc": 12.952570476786942, "freundlich": 0.8750479831861329, "dt50": {"system": 6.0, "soil": 260.8330046712614, "surfaceWater": 6.0, "sediment": 6.0}, "plant_uptake": 0.0, "name": "Compound 995028816281341745", "model_specific_data": {}, "metabolites": [{"formation_fraction": 0.2, "metabolite": {"molarMass": 300.0, "water_solubility": 0.12562348974428683, "vapor_pressure": 9.089402243936908e-07, "reference_temperature": 20.0, "koc": 1202.5508420520196, "freundlich": 1.0138885514952465, "dt50": {"system": 6.0, "soil": 211.1359023798633, "surfaceWater": 6.0, "sediment": 6.0}, "plant_uptake": 0.5, "name": "Compound 195135338646156388", "model_specific_data": {}, "metabolites": []}}]}}