{"gap": {"type": "relative", "arguments": {"name": "GAP -296091488377847865", "modelCrop": "WC", "rate": 250.0, "apply_every_n_years": 1, "number_of_applications": 2, "interval": 14, "model_specific_data": {}, "bbch": 31, "season": 0}}, "compound": {"molarMass": 300.0, "water_solubility": 0.00273227876982732, "vapor_pressure": 2.0190901091613287e-08, "reference_temperature": 20.0, "koc": 359.57234828815353, "freundlich": 0.9099389167177556, "dt50": {"system": 6.0, "soil": 98.3598861793191, "surfaceWater": 6.0, "sediment": 6.0}, "plant_uptake": 0.0, "name": "Compound 7322351512216851028", "model_specific_data": {}, "metabolites": [{"formation_fraction": 0.2, "metabolite": {"molarMass": 300.0, "water_solubility": 0.0003655824593078125, "vapor_pressure": 4.682892215259719e-07, "reference_temperature": 20.0, "koc": 97.85346663516165, "freundlich": 1.0727540781004308, "dt50": {"system": 6.0, "soil": 44.198488103173325, "surfaceWater": 6.0, "sediment": 6.0}, "plant_uptake": 0.5, "name": "Compound 2439421985865306001", "model_specific_data": {}, "metabolites": []}}]}}