{"gap": {"type": "relative", "arguments": {"name": "GAP -296091488377847865", "modelCrop": "WC", "rate": 250.0, "apply_every_n_years": 1, "number_of_applications": 2, "interval": 14, "model_specific_data": {}, "bbch": 31, "season": 0}}, "compound": {"molarMass": 300.0, "water_solubility": 0.00041071654079207767, "vapor_pressure": 1.1699585097601141e-05, "reference_temperature": 20.0, "koc": 1407.3920218288047, "freundlich": 1.194216139265413, "dt50": {"system": 6.0, "soil": 20.93251575476039, "surfaceWater": 6.0, "sediment": 6.0}, "plant_uptake": 0.0, "name": "Compound 8794403554478084256", "model_specific_data": {}, "metabolites": [{"formation_fraction": 0.2, "metabolite": {"molarMass": 300.0, "water_solubility": 0.04448195318411009, "vapor_pressure": 7.927448856082878e-07, "reference_temperature": 20.0, "koc": 375.3487573835307, "freundlich": 0.8857075075946088, "dt50": {"system": 6.0, "soil": 106.99580588736136, "surfaceWater": 6.0, "sediment": 6.0}, "plant_uptake": 0.5, "name": "Compound 8493764384205240229", "model_specific_data": {}, "metabolites": []}}]}}