{"gap": {"type": "relative", "arguments": {"name": "GAP -296091488377847865", "modelCrop": "WC", "rate": 250.0, "apply_every_n_years": 1, "number_of_applications": 2, "interval": 14, "model_specific_data": {}, "bbch": 31, "season": 0}}, "compound": {"molarMass": 300.0, "water_solubility": 0.06476745208868993, "vapor_pressure": 0.00011637062693276285, "reference_temperature": 20.0, "koc": 720.0427307650523, "freundlich": 0.9254105817757133, "dt50": {"system": 6.0, "soil": 173.30878417316075, "surfaceWater": 6.0, "sediment": 6.0}, "plant_uptake": 0.0, "name": "Compound -6943504388385772107", "model_specific_data": {}, "metabolites": [{"formation_fraction": 0.2, "metabolite": {"molarMass": 300.0, "water_solubility": 0.16429475752587683, "vapor_pressure": 0.04759684125915097, "reference_temperature": 20.0, "koc": 837.7409927771815, "freundlich": 0.8693408566122109, "dt50": {"system": 6.0, "soil": 284.61926495831375, "surfaceWater": 6.0, "sediment": 6.0}, "plant_uptake": 0.5, "name": "Compound -4316887984356364564", "model_specific_data": {}, "metabolites": []}}]}}