{"gap": {"type": "relative", "arguments": {"name": "GAP -296091488377847865", "modelCrop": "WC", "rate": 250.0, "apply_every_n_years": 1, "number_of_applications": 2, "interval": 14, "model_specific_data": {}, "bbch": 31, "season": 0}}, "compound": {"molarMass": 300.0, "water_solubility": 0.004484626888015978, "vapor_pressure": 5.907955287376016e-06, "reference_temperature": 20.0, "koc": 1518.2434912237204, "freundlich": 0.985165309815518, "dt50": {"system": 6.0, "soil": 260.76886561868054, "surfaceWater": 6.0, "sediment": 6.0}, "plant_uptake": 0.0, "name": "Compound -8562972774744752861", "model_specific_data": {}, "metabolites": [{"formation_fraction": 0.2, "metabolite": {"molarMass": 300.0, "water_solubility": 0.0005766355656105126, "vapor_pressure": 0.0002973891078128986, "reference_temperature": 20.0, "koc": 529.5052222841412, "freundlich": 0.9676724072536196, "dt50": {"system": 6.0, "soil": 131.63702470386005, "surfaceWater": 6.0, "sediment": 6.0}, "plant_uptake": 0.5, "name": "Compound -3788896434001692310", "model_specific_data": {}, "metabolites": []}}]}}