{"gap": {"type": "relative", "arguments": {"name": "GAP -296091488377847865", "modelCrop": "WC", "rate": 250.0, "apply_every_n_years": 1, "number_of_applications": 2, "interval": 14, "model_specific_data": {}, "bbch": 31, "season": 0}}, "compound": {"molarMass": 300.0, "water_solubility": 0.002781284598265226, "vapor_pressure": 1.0004471437196377e-06, "reference_temperature": 20.0, "koc": 11.669677740696242, "freundlich": 0.9059867748888866, "dt50": {"system": 6.0, "soil": 121.27790299905132, "surfaceWater": 6.0, "sediment": 6.0}, "plant_uptake": 0.0, "name": "Compound 5596535099657784697", "model_specific_data": {}, "metabolites": [{"formation_fraction": 0.2, "metabolite": {"molarMass": 300.0, "water_solubility": 0.028696392932363087, "vapor_pressure": 4.281330559066461e-05, "reference_temperature": 20.0, "koc": 22.577571423735492, "freundlich": 1.0486860704196013, "dt50": {"system": 6.0, "soil": 234.04780059719553, "surfaceWater": 6.0, "sediment": 6.0}, "plant_uptake": 0.5, "name": "Compound 3246874641947951229", "model_specific_data": {}, "metabolites": []}}]}}