{"gap": {"type": "relative", "arguments": {"name": "GAP -296091488377847865", "modelCrop": "WC", "rate": 250.0, "apply_every_n_years": 1, "number_of_applications": 2, "interval": 14, "model_specific_data": {}, "bbch": 31, "season": 0}}, "compound": {"molarMass": 300.0, "water_solubility": 0.341527597835272, "vapor_pressure": 3.6421826439312855e-07, "reference_temperature": 20.0, "koc": 10.152497396150363, "freundlich": 1.198763682527512, "dt50": {"system": 6.0, "soil": 204.13000167295792, "surfaceWater": 6.0, "sediment": 6.0}, "plant_uptake": 0.0, "name": "Compound 2153150126294432973", "model_specific_data": {}, "metabolites": [{"formation_fraction": 0.2, "metabolite": {"molarMass": 300.0, "water_solubility": 0.0028763115675440407, "vapor_pressure": 1.5954892902915502e-05, "reference_temperature": 20.0, "koc": 47.723133921320624, "freundlich": 0.9690461541534822, "dt50": {"system": 6.0, "soil": 18.808688954261246, "surfaceWater": 6.0, "sediment": 6.0}, "plant_uptake": 0.5, "name": "Compound -2795984385703779064", "model_specific_data": {}, "metabolites": []}}]}}