{"gap": {"type": "relative", "arguments": {"name": "GAP -296091488377847865", "modelCrop": "WC", "rate": 250.0, "apply_every_n_years": 1, "number_of_applications": 2, "interval": 14, "model_specific_data": {}, "bbch": 31, "season": 0}}, "compound": {"molarMass": 300.0, "water_solubility": 0.01709391915425083, "vapor_pressure": 1.3356628943701962e-07, "reference_temperature": 20.0, "koc": 26.897976639311143, "freundlich": 0.8286732196217526, "dt50": {"system": 6.0, "soil": 195.5698256746339, "surfaceWater": 6.0, "sediment": 6.0}, "plant_uptake": 0.0, "name": "Compound -7042474881763542251", "model_specific_data": {}, "metabolites": [{"formation_fraction": 0.2, "metabolite": {"molarMass": 300.0, "water_solubility": 0.0013231094580195264, "vapor_pressure": 1.8023474795993263e-06, "reference_temperature": 20.0, "koc": 54.92358253718967, "freundlich": 1.1313943075411141, "dt50": {"system": 6.0, "soil": 234.14717902394753, "surfaceWater": 6.0, "sediment": 6.0}, "plant_uptake": 0.5, "name": "Compound -7329070274095339586", "model_specific_data": {}, "metabolites": []}}]}}