{"gap": {"type": "relative", "arguments": {"name": "GAP -296091488377847865", "modelCrop": "WC", "rate": 250.0, "apply_every_n_years": 1, "number_of_applications": 2, "interval": 14, "model_specific_data": {}, "bbch": 31, "season": 0}}, "compound": {"molarMass": 300.0, "water_solubility": 0.01819998863923898, "vapor_pressure": 1.0433124334077126e-07, "reference_temperature": 20.0, "koc": 1320.305525487899, "freundlich": 1.0029428933816371, "dt50": {"system": 6.0, "soil": 69.13117326854359, "surfaceWater": 6.0, "sediment": 6.0}, "plant_uptake": 0.0, "name": "Compound 9173032693534174454", "model_specific_data": {}, "metabolites": [{"formation_fraction": 0.2, "metabolite": {"molarMass": 300.0, "water_solubility": 0.5711807946545513, "vapor_pressure": 1.5141639858120013e-05, "reference_temperature": 20.0, "koc": 15.845901190655553, "freundlich": 1.1819193341101897, "dt50": {"system": 6.0, "soil": 55.62993359170894, "surfaceWater": 6.0, "sediment": 6.0}, "plant_uptake": 0.5, "name": "Compound 4874955350106194787", "model_specific_data": {}, "metabolites": []}}]}}