{"gap": {"type": "relative", "arguments": {"name": "GAP -296091488377847865", "modelCrop": "WC", "rate": 250.0, "apply_every_n_years": 1, "number_of_applications": 2, "interval": 14, "model_specific_data": {}, "bbch": 31, "season": 0}}, "compound": {"molarMass": 300.0, "water_solubility": 0.10625167298646968, "vapor_pressure": 4.89377907132119e-05, "reference_temperature": 20.0, "koc": 2473.55335131377, "freundlich": 0.9883308639962103, "dt50": {"system": 6.0, "soil": 192.15197126859098, "surfaceWater": 6.0, "sediment": 6.0}, "plant_uptake": 0.0, "name": "Compound -1631983017605674783", "model_specific_data": {}, "metabolites": [{"formation_fraction": 0.2, "metabolite": {"molarMass": 300.0, "water_solubility": 0.02091804453686315, "vapor_pressure": 1.9171958621550863e-05, "reference_temperature": 20.0, "koc": 42.558224231783505, "freundlich": 1.0231512184496934, "dt50": {"system": 6.0, "soil": 221.04663158075948, "surfaceWater": 6.0, "sediment": 6.0}, "plant_uptake": 0.5, "name": "Compound -201609650668152400", "model_specific_data": {}, "metabolites": []}}]}}