{"gap": {"type": "relative", "arguments": {"name": "GAP -296091488377847865", "modelCrop": "WC", "rate": 250.0, "apply_every_n_years": 1, "number_of_applications": 2, "interval": 14, "model_specific_data": {}, "bbch": 31, "season": 0}}, "compound": {"molarMass": 300.0, "water_solubility": 0.0004995712975422019, "vapor_pressure": 9.88403155475306e-08, "reference_temperature": 20.0, "koc": 660.3514200527723, "freundlich": 0.7680956305315292, "dt50": {"system": 6.0, "soil": 246.33118523632564, "surfaceWater": 6.0, "sediment": 6.0}, "plant_uptake": 0.0, "name": "Compound 8736615235821053765", "model_specific_data": {}, "metabolites": [{"formation_fraction": 0.2, "metabolite": {"molarMass": 300.0, "water_solubility": 11.927545285164143, "vapor_pressure": 3.4728340953530645e-08, "reference_temperature": 20.0, "koc": 132.89301218938908, "freundlich": 1.0184704303470602, "dt50": {"system": 6.0, "soil": 278.18654335614247, "surfaceWater": 6.0, "sediment": 6.0}, "plant_uptake": 0.5, "name": "Compound -3716857996873826248", "model_specific_data": {}, "metabolites": []}}]}}