{"gap": {"type": "relative", "arguments": {"name": "GAP -296091488377847865", "modelCrop": "WC", "rate": 250.0, "apply_every_n_years": 1, "number_of_applications": 2, "interval": 14, "model_specific_data": {}, "bbch": 31, "season": 0}}, "compound": {"molarMass": 300.0, "water_solubility": 0.038931130785559494, "vapor_pressure": 0.0004082884328873055, "reference_temperature": 20.0, "koc": 2531.646160216607, "freundlich": 0.7655660701820801, "dt50": {"system": 6.0, "soil": 54.95446742165309, "surfaceWater": 6.0, "sediment": 6.0}, "plant_uptake": 0.0, "name": "Compound -8945963583023835334", "model_specific_data": {}, "metabolites": [{"formation_fraction": 0.2, "metabolite": {"molarMass": 300.0, "water_solubility": 0.021197789268795758, "vapor_pressure": 5.230822046993871e-08, "reference_temperature": 20.0, "koc": 77.1572631143405, "freundlich": 1.069762613234495, "dt50": {"system": 6.0, "soil": 174.06893855838456, "surfaceWater": 6.0, "sediment": 6.0}, "plant_uptake": 0.5, "name": "Compound 4664090388442785982", "model_specific_data": {}, "metabolites": []}}]}}