{"gap": {"type": "relative", "arguments": {"name": "GAP -296091488377847865", "modelCrop": "WC", "rate": 250.0, "apply_every_n_years": 1, "number_of_applications": 2, "interval": 14, "model_specific_data": {}, "bbch": 31, "season": 0}}, "compound": {"molarMass": 300.0, "water_solubility": 0.039881986343230515, "vapor_pressure": 5.4204471354063024e-05, "reference_temperature": 20.0, "koc": 407.59099695108193, "freundlich": 0.854276898597206, "dt50": {"system": 6.0, "soil": 99.29631682312903, "surfaceWater": 6.0, "sediment": 6.0}, "plant_uptake": 0.0, "name": "Compound 8766872009807680221", "model_specific_data": {}, "metabolites": [{"formation_fraction": 0.2, "metabolite": {"molarMass": 300.0, "water_solubility": 0.0006126851622838673, "vapor_pressure": 4.24673784744438e-06, "reference_temperature": 20.0, "koc": 294.18522968978255, "freundlich": 1.1590086946392655, "dt50": {"system": 6.0, "soil": 84.5519537812627, "surfaceWater": 6.0, "sediment": 6.0}, "plant_uptake": 0.5, "name": "Compound -5317311788027457413", "model_specific_data": {}, "metabolites": []}}]}}