{"gap": {"type": "relative", "arguments": {"name": "GAP -296091488377847865", "modelCrop": "WC", "rate": 250.0, "apply_every_n_years": 1, "number_of_applications": 2, "interval": 14, "model_specific_data": {}, "bbch": 31, "season": 0}}, "compound": {"molarMass": 300.0, "water_solubility": 0.008806095875484156, "vapor_pressure": 4.65906288592864e-07, "reference_temperature": 20.0, "koc": 12.890177888857874, "freundlich": 1.1316949616018355, "dt50": {"system": 6.0, "soil": 218.79531271464464, "surfaceWater": 6.0, "sediment": 6.0}, "plant_uptake": 0.0, "name": "Compound 6022166420777509007", "model_specific_data": {}, "metabolites": [{"formation_fraction": 0.2, "metabolite": {"molarMass": 300.0, "water_solubility": 0.005116382665569699, "vapor_pressure": 9.558142843321192e-09, "reference_temperature": 20.0, "koc": 527.0552858304225, "freundlich": 0.8408167660557846, "dt50": {"system": 6.0, "soil": 258.79507860443346, "surfaceWater": 6.0, "sediment": 6.0}, "plant_uptake": 0.5, "name": "Compound -2109359296214204624", "model_specific_data": {}, "metabolites": []}}]}}