{"gap": {"type": "relative", "arguments": {"name": "GAP -296091488377847865", "modelCrop": "WC", "rate": 250.0, "apply_every_n_years": 1, "number_of_applications": 2, "interval": 14, "model_specific_data": {}, "bbch": 31, "season": 0}}, "compound": {"molarMass": 300.0, "water_solubility": 0.04972256816619931, "vapor_pressure": 2.761481220574464e-07, "reference_temperature": 20.0, "koc": 1108.9708971946634, "freundlich": 1.015836646437012, "dt50": {"system": 6.0, "soil": 53.542105472315725, "surfaceWater": 6.0, "sediment": 6.0}, "plant_uptake": 0.0, "name": "Compound 3938853829360928839", "model_specific_data": {}, "metabolites": [{"formation_fraction": 0.2, "metabolite": {"molarMass": 300.0, "water_solubility": 0.00811528457145677, "vapor_pressure": 1.4238647668634374e-05, "reference_temperature": 20.0, "koc": 2104.3986873299245, "freundlich": 1.124853860373042, "dt50": {"system": 6.0, "soil": 53.93028822801815, "surfaceWater": 6.0, "sediment": 6.0}, "plant_uptake": 0.5, "name": "Compound -7828109342126766826", "model_specific_data": {}, "metabolites": []}}]}}