{"gap": {"type": "relative", "arguments": {"name": "GAP -296091488377847865", "modelCrop": "WC", "rate": 250.0, "apply_every_n_years": 1, "number_of_applications": 2, "interval": 14, "model_specific_data": {}, "bbch": 31, "season": 0}}, "compound": {"molarMass": 300.0, "water_solubility": 0.00457843780004741, "vapor_pressure": 0.00039964430881052706, "reference_temperature": 20.0, "koc": 52.220168912305624, "freundlich": 1.152505083794611, "dt50": {"system": 6.0, "soil": 156.40603766496156, "surfaceWater": 6.0, "sediment": 6.0}, "plant_uptake": 0.0, "name": "Compound -5634304802738800719", "model_specific_data": {}, "metabolites": [{"formation_fraction": 0.2, "metabolite": {"molarMass": 300.0, "water_solubility": 0.0032357887554438454, "vapor_pressure": 5.788631481978391e-06, "reference_temperature": 20.0, "koc": 13.105067543440967, "freundlich": 1.010193644962583, "dt50": {"system": 6.0, "soil": 75.24235779697861, "surfaceWater": 6.0, "sediment": 6.0}, "plant_uptake": 0.5, "name": "Compound 3314485095190202340", "model_specific_data": {}, "metabolites": []}}]}}