{"gap": {"type": "relative", "arguments": {"name": "GAP -296091488377847865", "modelCrop": "WC", "rate": 250.0, "apply_every_n_years": 1, "number_of_applications": 2, "interval": 14, "model_specific_data": {}, "bbch": 31, "season": 0}}, "compound": {"molarMass": 300.0, "water_solubility": 3.814249322105025, "vapor_pressure": 2.5157709804142874e-05, "reference_temperature": 20.0, "koc": 2390.8625365049925, "freundlich": 0.9151575406132688, "dt50": {"system": 6.0, "soil": 244.06239841614263, "surfaceWater": 6.0, "sediment": 6.0}, "plant_uptake": 0.0, "name": "Compound 4522314656297280002", "model_specific_data": {}, "metabolites": [{"formation_fraction": 0.2, "metabolite": {"molarMass": 300.0, "water_solubility": 0.33915653317331085, "vapor_pressure": 3.0237778034540625e-07, "reference_temperature": 20.0, "koc": 1048.2415515742373, "freundlich": 1.1108076467435422, "dt50": {"system": 6.0, "soil": 275.22993274301365, "surfaceWater": 6.0, "sediment": 6.0}, "plant_uptake": 0.5, "name": "Compound 6926234686053899366", "model_specific_data": {}, "metabolites": []}}]}}