{"gap": {"type": "relative", "arguments": {"name": "GAP -296091488377847865", "modelCrop": "WC", "rate": 250.0, "apply_every_n_years": 1, "number_of_applications": 2, "interval": 14, "model_specific_data": {}, "bbch": 31, "season": 0}}, "compound": {"molarMass": 300.0, "water_solubility": 0.032609617620527026, "vapor_pressure": 8.020298419941334e-06, "reference_temperature": 20.0, "koc": 54.789226317393904, "freundlich": 0.7181060734525465, "dt50": {"system": 6.0, "soil": 211.7256551413049, "surfaceWater": 6.0, "sediment": 6.0}, "plant_uptake": 0.0, "name": "Compound -2469595465987515771", "model_specific_data": {}, "metabolites": [{"formation_fraction": 0.2, "metabolite": {"molarMass": 300.0, "water_solubility": 0.01460404049837016, "vapor_pressure": 3.69840322808405e-07, "reference_temperature": 20.0, "koc": 1779.21781181903, "freundlich": 1.1446852658517657, "dt50": {"system": 6.0, "soil": 189.12022806034673, "surfaceWater": 6.0, "sediment": 6.0}, "plant_uptake": 0.5, "name": "Compound -6380809775488392055", "model_specific_data": {}, "metabolites": []}}]}}