{"gap": {"type": "relative", "arguments": {"name": "GAP -296091488377847865", "modelCrop": "WC", "rate": 250.0, "apply_every_n_years": 1, "number_of_applications": 2, "interval": 14, "model_specific_data": {}, "bbch": 31, "season": 0}}, "compound": {"molarMass": 300.0, "water_solubility": 0.00037093822739216317, "vapor_pressure": 1.3599917569214196e-05, "reference_temperature": 20.0, "koc": 11.669909636955754, "freundlich": 0.7423520287528269, "dt50": {"system": 6.0, "soil": 65.65462126602027, "surfaceWater": 6.0, "sediment": 6.0}, "plant_uptake": 0.0, "name": "Compound -7242995810546408516", "model_specific_data": {}, "metabolites": [{"formation_fraction": 0.2, "metabolite": {"molarMass": 300.0, "water_solubility": 0.002679325083239718, "vapor_pressure": 9.823795107323822e-08, "reference_temperature": 20.0, "koc": 81.24364592609076, "freundlich": 0.9648768555402019, "dt50": {"system": 6.0, "soil": 181.9427934948721, "surfaceWater": 6.0, "sediment": 6.0}, "plant_uptake": 0.5, "name": "Compound -6557211767369902730", "model_specific_data": {}, "metabolites": []}}]}}