{"gap": {"type": "relative", "arguments": {"name": "GAP -296091488377847865", "modelCrop": "WC", "rate": 250.0, "apply_every_n_years": 1, "number_of_applications": 2, "interval": 14, "model_specific_data": {}, "bbch": 31, "season": 0}}, "compound": {"molarMass": 300.0, "water_solubility": 0.02721157552173608, "vapor_pressure": 0.0005105832461182737, "reference_temperature": 20.0, "koc": 1268.2622357309206, "freundlich": 1.186654355611625, "dt50": {"system": 6.0, "soil": 257.9627789345413, "surfaceWater": 6.0, "sediment": 6.0}, "plant_uptake": 0.0, "name": "Compound -8664602737204380279", "model_specific_data": {}, "metabolites": [{"formation_fraction": 0.2, "metabolite": {"molarMass": 300.0, "water_solubility": 0.10782349790874028, "vapor_pressure": 0.001209165455292844, "reference_temperature": 20.0, "koc": 2636.1038974049625, "freundlich": 0.8291700189395542, "dt50": {"system": 6.0, "soil": 267.52733491153, "surfaceWater": 6.0, "sediment": 6.0}, "plant_uptake": 0.5, "name": "Compound 1127145377253332451", "model_specific_data": {}, "metabolites": []}}]}}