{"gap": {"type": "relative", "arguments": {"name": "GAP -296091488377847865", "modelCrop": "WC", "rate": 250.0, "apply_every_n_years": 1, "number_of_applications": 2, "interval": 14, "model_specific_data": {}, "bbch": 31, "season": 0}}, "compound": {"molarMass": 300.0, "water_solubility": 0.00424560211737144, "vapor_pressure": 0.0009472422051983208, "reference_temperature": 20.0, "koc": 1963.7993830940843, "freundlich": 1.1635621985061677, "dt50": {"system": 6.0, "soil": 202.4312202288132, "surfaceWater": 6.0, "sediment": 6.0}, "plant_uptake": 0.0, "name": "Compound -8333838817734052392", "model_specific_data": {}, "metabolites": [{"formation_fraction": 0.2, "metabolite": {"molarMass": 300.0, "water_solubility": 1.0207482952284541, "vapor_pressure": 1.8412708668928395e-07, "reference_temperature": 20.0, "koc": 186.06325307627512, "freundlich": 0.8947209704189204, "dt50": {"system": 6.0, "soil": 52.13792464290242, "surfaceWater": 6.0, "sediment": 6.0}, "plant_uptake": 0.5, "name": "Compound -6488965357622176007", "model_specific_data": {}, "metabolites": []}}]}}