{"gap": {"type": "relative", "arguments": {"name": "GAP -296091488377847865", "modelCrop": "WC", "rate": 250.0, "apply_every_n_years": 1, "number_of_applications": 2, "interval": 14, "model_specific_data": {}, "bbch": 31, "season": 0}}, "compound": {"molarMass": 300.0, "water_solubility": 0.24018057766950796, "vapor_pressure": 2.8382856379302674e-05, "reference_temperature": 20.0, "koc": 10.1690941553658, "freundlich": 1.0697416469801708, "dt50": {"system": 6.0, "soil": 86.16240193240499, "surfaceWater": 6.0, "sediment": 6.0}, "plant_uptake": 0.0, "name": "Compound 7677452227095589860", "model_specific_data": {}, "metabolites": [{"formation_fraction": 0.2, "metabolite": {"molarMass": 300.0, "water_solubility": 0.018788691563161018, "vapor_pressure": 1.2586363688231833e-05, "reference_temperature": 20.0, "koc": 114.97921580685119, "freundlich": 1.0335791603700029, "dt50": {"system": 6.0, "soil": 44.78910060539013, "surfaceWater": 6.0, "sediment": 6.0}, "plant_uptake": 0.5, "name": "Compound 7981503934057297014", "model_specific_data": {}, "metabolites": []}}]}}