{"gap": {"type": "relative", "arguments": {"name": "GAP -296091488377847865", "modelCrop": "WC", "rate": 250.0, "apply_every_n_years": 1, "number_of_applications": 2, "interval": 14, "model_specific_data": {}, "bbch": 31, "season": 0}}, "compound": {"molarMass": 300.0, "water_solubility": 0.0004905780672156332, "vapor_pressure": 5.900436477280903e-07, "reference_temperature": 20.0, "koc": 3238.854320171757, "freundlich": 0.7802471414168757, "dt50": {"system": 6.0, "soil": 227.60505923940732, "surfaceWater": 6.0, "sediment": 6.0}, "plant_uptake": 0.0, "name": "Compound 4581511757802484666", "model_specific_data": {}, "metabolites": [{"formation_fraction": 0.2, "metabolite": {"molarMass": 300.0, "water_solubility": 0.00023622282828075634, "vapor_pressure": 2.192198628567345e-07, "reference_temperature": 20.0, "koc": 596.3677149079982, "freundlich": 1.0989366464396553, "dt50": {"system": 6.0, "soil": 28.47805566844069, "surfaceWater": 6.0, "sediment": 6.0}, "plant_uptake": 0.5, "name": "Compound -6018247747897421386", "model_specific_data": {}, "metabolites": []}}]}}