{"gap": {"type": "relative", "arguments": {"name": "GAP -296091488377847865", "modelCrop": "WC", "rate": 250.0, "apply_every_n_years": 1, "number_of_applications": 2, "interval": 14, "model_specific_data": {}, "bbch": 31, "season": 0}}, "compound": {"molarMass": 300.0, "water_solubility": 0.0008779068238270696, "vapor_pressure": 7.011216033439868e-07, "reference_temperature": 20.0, "koc": 232.88534950109235, "freundlich": 0.8492061448626252, "dt50": {"system": 6.0, "soil": 56.807491050623746, "surfaceWater": 6.0, "sediment": 6.0}, "plant_uptake": 0.0, "name": "Compound -94390915522994202", "model_specific_data": {}, "metabolites": [{"formation_fraction": 0.2, "metabolite": {"molarMass": 300.0, "water_solubility": 0.03789765827208761, "vapor_pressure": 2.8224911785038208e-06, "reference_temperature": 20.0, "koc": 163.0590801112274, "freundlich": 1.0672064780248645, "dt50": {"system": 6.0, "soil": 218.23415626424492, "surfaceWater": 6.0, "sediment": 6.0}, "plant_uptake": 0.5, "name": "Compound 4711943529177175371", "model_specific_data": {}, "metabolites": []}}]}}