{"gap": {"type": "relative", "arguments": {"name": "GAP -296091488377847865", "modelCrop": "WC", "rate": 250.0, "apply_every_n_years": 1, "number_of_applications": 2, "interval": 14, "model_specific_data": {}, "bbch": 31, "season": 0}}, "compound": {"molarMass": 300.0, "water_solubility": 0.03912165427724321, "vapor_pressure": 1.1897363872861568e-05, "reference_temperature": 20.0, "koc": 2316.199952660349, "freundlich": 1.1509030792322372, "dt50": {"system": 6.0, "soil": 54.732030680676836, "surfaceWater": 6.0, "sediment": 6.0}, "plant_uptake": 0.0, "name": "Compound 1312958134289034747", "model_specific_data": {}, "metabolites": [{"formation_fraction": 0.2, "metabolite": {"molarMass": 300.0, "water_solubility": 0.0011012842134772518, "vapor_pressure": 7.894048999237426e-06, "reference_temperature": 20.0, "koc": 52.80937706872329, "freundlich": 1.0438261604851757, "dt50": {"system": 6.0, "soil": 58.083589537624455, "surfaceWater": 6.0, "sediment": 6.0}, "plant_uptake": 0.5, "name": "Compound 5007999430566296887", "model_specific_data": {}, "metabolites": []}}]}}