{"gap": {"type": "relative", "arguments": {"name": "GAP -296091488377847865", "modelCrop": "WC", "rate": 250.0, "apply_every_n_years": 1, "number_of_applications": 2, "interval": 14, "model_specific_data": {}, "bbch": 31, "season": 0}}, "compound": {"molarMass": 300.0, "water_solubility": 0.0165500398195392, "vapor_pressure": 4.010534708822156e-06, "reference_temperature": 20.0, "koc": 28.43520700038551, "freundlich": 0.8855962815010223, "dt50": {"system": 6.0, "soil": 147.896821264197, "surfaceWater": 6.0, "sediment": 6.0}, "plant_uptake": 0.0, "name": "Compound 1089576440647657938", "model_specific_data": {}, "metabolites": [{"formation_fraction": 0.2, "metabolite": {"molarMass": 300.0, "water_solubility": 0.00988535072958259, "vapor_pressure": 1.1598562436574787e-06, "reference_temperature": 20.0, "koc": 43.04142848501463, "freundlich": 0.8337547668827694, "dt50": {"system": 6.0, "soil": 79.29576668719122, "surfaceWater": 6.0, "sediment": 6.0}, "plant_uptake": 0.5, "name": "Compound 7974181686288972647", "model_specific_data": {}, "metabolites": []}}]}}