{"gap": {"type": "relative", "arguments": {"name": "GAP -296091488377847865", "modelCrop": "WC", "rate": 250.0, "apply_every_n_years": 1, "number_of_applications": 2, "interval": 14, "model_specific_data": {}, "bbch": 31, "season": 0}}, "compound": {"molarMass": 300.0, "water_solubility": 0.07978237781389091, "vapor_pressure": 1.707255005111052e-05, "reference_temperature": 20.0, "koc": 595.8613298738652, "freundlich": 0.9561071260561593, "dt50": {"system": 6.0, "soil": 91.79796736460654, "surfaceWater": 6.0, "sediment": 6.0}, "plant_uptake": 0.0, "name": "Compound 6783720699645512660", "model_specific_data": {}, "metabolites": [{"formation_fraction": 0.2, "metabolite": {"molarMass": 300.0, "water_solubility": 0.048829735490058104, "vapor_pressure": 8.79142974740347e-06, "reference_temperature": 20.0, "koc": 2094.799801094315, "freundlich": 0.8136091355600805, "dt50": {"system": 6.0, "soil": 98.71071491735144, "surfaceWater": 6.0, "sediment": 6.0}, "plant_uptake": 0.5, "name": "Compound -8847289168126282146", "model_specific_data": {}, "metabolites": []}}]}}