{"gap": {"type": "relative", "arguments": {"name": "GAP -296091488377847865", "modelCrop": "WC", "rate": 250.0, "apply_every_n_years": 1, "number_of_applications": 2, "interval": 14, "model_specific_data": {}, "bbch": 31, "season": 0}}, "compound": {"molarMass": 300.0, "water_solubility": 0.00022968374621463701, "vapor_pressure": 0.00027247011865416524, "reference_temperature": 20.0, "koc": 10.343110597048724, "freundlich": 1.1807077990738126, "dt50": {"system": 6.0, "soil": 55.55223193236522, "surfaceWater": 6.0, "sediment": 6.0}, "plant_uptake": 0.0, "name": "Compound 5586333670847158304", "model_specific_data": {}, "metabolites": [{"formation_fraction": 0.2, "metabolite": {"molarMass": 300.0, "water_solubility": 0.5446615941286808, "vapor_pressure": 2.237189823654321e-06, "reference_temperature": 20.0, "koc": 54.12161174979409, "freundlich": 0.814915433828928, "dt50": {"system": 6.0, "soil": 91.8003437602011, "surfaceWater": 6.0, "sediment": 6.0}, "plant_uptake": 0.5, "name": "Compound -9062451720185366587", "model_specific_data": {}, "metabolites": []}}]}}