{"gap": {"type": "relative", "arguments": {"name": "GAP -296091488377847865", "modelCrop": "WC", "rate": 250.0, "apply_every_n_years": 1, "number_of_applications": 2, "interval": 14, "model_specific_data": {}, "bbch": 31, "season": 0}}, "compound": {"molarMass": 300.0, "water_solubility": 4.8174393615037445, "vapor_pressure": 2.971783453551365e-06, "reference_temperature": 20.0, "koc": 29.387212528838685, "freundlich": 0.9416134385380314, "dt50": {"system": 6.0, "soil": 37.007774511038456, "surfaceWater": 6.0, "sediment": 6.0}, "plant_uptake": 0.0, "name": "Compound 4597261316867022671", "model_specific_data": {}, "metabolites": [{"formation_fraction": 0.2, "metabolite": {"molarMass": 300.0, "water_solubility": 0.0004607979217404082, "vapor_pressure": 0.00013550798083716652, "reference_temperature": 20.0, "koc": 1465.4714916184366, "freundlich": 0.7300161237954144, "dt50": {"system": 6.0, "soil": 1.9037986408101002, "surfaceWater": 6.0, "sediment": 6.0}, "plant_uptake": 0.5, "name": "Compound -3777548110105850513", "model_specific_data": {}, "metabolites": []}}]}}