{"gap": {"type": "relative", "arguments": {"name": "GAP -296091488377847865", "modelCrop": "WC", "rate": 250.0, "apply_every_n_years": 1, "number_of_applications": 2, "interval": 14, "model_specific_data": {}, "bbch": 31, "season": 0}}, "compound": {"molarMass": 300.0, "water_solubility": 0.00040807141503989723, "vapor_pressure": 0.03438307399777314, "reference_temperature": 20.0, "koc": 66.0208015236336, "freundlich": 0.8333295675765857, "dt50": {"system": 6.0, "soil": 209.2315294630269, "surfaceWater": 6.0, "sediment": 6.0}, "plant_uptake": 0.0, "name": "Compound 4117058744990322594", "model_specific_data": {}, "metabolites": [{"formation_fraction": 0.2, "metabolite": {"molarMass": 300.0, "water_solubility": 0.004209387749340328, "vapor_pressure": 3.409688530951273e-05, "reference_temperature": 20.0, "koc": 2592.127173674621, "freundlich": 0.7697634056998178, "dt50": {"system": 6.0, "soil": 187.6057818926499, "surfaceWater": 6.0, "sediment": 6.0}, "plant_uptake": 0.5, "name": "Compound 1992289289281398499", "model_specific_data": {}, "metabolites": []}}]}}