{"gap": {"type": "relative", "arguments": {"name": "GAP -296091488377847865", "modelCrop": "WC", "rate": 250.0, "apply_every_n_years": 1, "number_of_applications": 2, "interval": 14, "model_specific_data": {}, "bbch": 31, "season": 0}}, "compound": {"molarMass": 300.0, "water_solubility": 0.00019263237561013128, "vapor_pressure": 0.004248243424021257, "reference_temperature": 20.0, "koc": 151.16259112299537, "freundlich": 1.1778245846278814, "dt50": {"system": 6.0, "soil": 283.5024044459892, "surfaceWater": 6.0, "sediment": 6.0}, "plant_uptake": 0.0, "name": "Compound -5632452588693406049", "model_specific_data": {}, "metabolites": [{"formation_fraction": 0.2, "metabolite": {"molarMass": 300.0, "water_solubility": 0.0032238215595327287, "vapor_pressure": 1.1012495019951206e-06, "reference_temperature": 20.0, "koc": 1620.1835424189599, "freundlich": 1.1691413179827972, "dt50": {"system": 6.0, "soil": 115.78955917044871, "surfaceWater": 6.0, "sediment": 6.0}, "plant_uptake": 0.5, "name": "Compound 3538848161312427763", "model_specific_data": {}, "metabolites": []}}]}}