{"gap": {"type": "relative", "arguments": {"name": "GAP -296091488377847865", "modelCrop": "WC", "rate": 250.0, "apply_every_n_years": 1, "number_of_applications": 2, "interval": 14, "model_specific_data": {}, "bbch": 31, "season": 0}}, "compound": {"molarMass": 300.0, "water_solubility": 0.041730952629980396, "vapor_pressure": 4.971230381725702e-07, "reference_temperature": 20.0, "koc": 14.416588894746138, "freundlich": 0.7143366492860548, "dt50": {"system": 6.0, "soil": 36.91871346706052, "surfaceWater": 6.0, "sediment": 6.0}, "plant_uptake": 0.0, "name": "Compound 2602582241765476387", "model_specific_data": {}, "metabolites": [{"formation_fraction": 0.2, "metabolite": {"molarMass": 300.0, "water_solubility": 0.011498102277840537, "vapor_pressure": 9.134370294478235e-09, "reference_temperature": 20.0, "koc": 1990.2379751910064, "freundlich": 0.7165588056439844, "dt50": {"system": 6.0, "soil": 194.37136810556927, "surfaceWater": 6.0, "sediment": 6.0}, "plant_uptake": 0.5, "name": "Compound -8271683082694059354", "model_specific_data": {}, "metabolites": []}}]}}