{"gap": {"type": "relative", "arguments": {"name": "GAP -296091488377847865", "modelCrop": "WC", "rate": 250.0, "apply_every_n_years": 1, "number_of_applications": 2, "interval": 14, "model_specific_data": {}, "bbch": 31, "season": 0}}, "compound": {"molarMass": 300.0, "water_solubility": 0.021518010694339795, "vapor_pressure": 4.2378354398014226e-06, "reference_temperature": 20.0, "koc": 52.234992821066285, "freundlich": 0.7403587669910925, "dt50": {"system": 6.0, "soil": 192.06290481441707, "surfaceWater": 6.0, "sediment": 6.0}, "plant_uptake": 0.0, "name": "Compound 8588550695375810659", "model_specific_data": {}, "metabolites": [{"formation_fraction": 0.2, "metabolite": {"molarMass": 300.0, "water_solubility": 0.1243109853110544, "vapor_pressure": 6.426825879149237e-06, "reference_temperature": 20.0, "koc": 161.14480606631372, "freundlich": 0.8646024369134131, "dt50": {"system": 6.0, "soil": 230.60188625415543, "surfaceWater": 6.0, "sediment": 6.0}, "plant_uptake": 0.5, "name": "Compound -1445042909462559949", "model_specific_data": {}, "metabolites": []}}]}}