{"gap": {"type": "relative", "arguments": {"name": "GAP -296091488377847865", "modelCrop": "WC", "rate": 250.0, "apply_every_n_years": 1, "number_of_applications": 2, "interval": 14, "model_specific_data": {}, "bbch": 31, "season": 0}}, "compound": {"molarMass": 300.0, "water_solubility": 0.00018674655654595326, "vapor_pressure": 2.1810684280761478e-07, "reference_temperature": 20.0, "koc": 660.0965285920951, "freundlich": 1.024983321168458, "dt50": {"system": 6.0, "soil": 44.22879901535336, "surfaceWater": 6.0, "sediment": 6.0}, "plant_uptake": 0.0, "name": "Compound 1440379455467209605", "model_specific_data": {}, "metabolites": [{"formation_fraction": 0.2, "metabolite": {"molarMass": 300.0, "water_solubility": 0.00013620546718834896, "vapor_pressure": 0.00034804257827943113, "reference_temperature": 20.0, "koc": 3020.5890833179155, "freundlich": 0.9389506264587868, "dt50": {"system": 6.0, "soil": 163.15219761039097, "surfaceWater": 6.0, "sediment": 6.0}, "plant_uptake": 0.5, "name": "Compound 9009371176658752883", "model_specific_data": {}, "metabolites": []}}]}}