{"gap": {"type": "relative", "arguments": {"name": "GAP -296091488377847865", "modelCrop": "WC", "rate": 250.0, "apply_every_n_years": 1, "number_of_applications": 2, "interval": 14, "model_specific_data": {}, "bbch": 31, "season": 0}}, "compound": {"molarMass": 300.0, "water_solubility": 0.012140787254054703, "vapor_pressure": 6.683805571464165e-06, "reference_temperature": 20.0, "koc": 19.69058918270908, "freundlich": 0.9582230874972685, "dt50": {"system": 6.0, "soil": 44.00143296237056, "surfaceWater": 6.0, "sediment": 6.0}, "plant_uptake": 0.0, "name": "Compound -4009797367985910976", "model_specific_data": {}, "metabolites": [{"formation_fraction": 0.2, "metabolite": {"molarMass": 300.0, "water_solubility": 0.0007131662505669046, "vapor_pressure": 6.601118506557463e-06, "reference_temperature": 20.0, "koc": 1387.2533606055574, "freundlich": 0.7630784926466041, "dt50": {"system": 6.0, "soil": 103.99636534280786, "surfaceWater": 6.0, "sediment": 6.0}, "plant_uptake": 0.5, "name": "Compound -225173434805708953", "model_specific_data": {}, "metabolites": []}}]}}