{"gap": {"type": "relative", "arguments": {"name": "GAP -296091488377847865", "modelCrop": "WC", "rate": 250.0, "apply_every_n_years": 1, "number_of_applications": 2, "interval": 14, "model_specific_data": {}, "bbch": 31, "season": 0}}, "compound": {"molarMass": 300.0, "water_solubility": 0.0004044257728449396, "vapor_pressure": 3.2546072856255827e-06, "reference_temperature": 20.0, "koc": 21.07892372252185, "freundlich": 0.8005145048248534, "dt50": {"system": 6.0, "soil": 142.60734809096562, "surfaceWater": 6.0, "sediment": 6.0}, "plant_uptake": 0.0, "name": "Compound 5905682032468738186", "model_specific_data": {}, "metabolites": [{"formation_fraction": 0.2, "metabolite": {"molarMass": 300.0, "water_solubility": 0.01011298035383474, "vapor_pressure": 0.00010493653514278408, "reference_temperature": 20.0, "koc": 13.744018195206884, "freundlich": 1.0888639040717476, "dt50": {"system": 6.0, "soil": 65.78828914293153, "surfaceWater": 6.0, "sediment": 6.0}, "plant_uptake": 0.5, "name": "Compound 277059825325741557", "model_specific_data": {}, "metabolites": []}}]}}