{"gap": {"type": "relative", "arguments": {"name": "GAP -296091488377847865", "modelCrop": "WC", "rate": 250.0, "apply_every_n_years": 1, "number_of_applications": 2, "interval": 14, "model_specific_data": {}, "bbch": 31, "season": 0}}, "compound": {"molarMass": 300.0, "water_solubility": 0.3319668305465787, "vapor_pressure": 1.737055096801077e-05, "reference_temperature": 20.0, "koc": 61.59123831765146, "freundlich": 0.7756756342281343, "dt50": {"system": 6.0, "soil": 292.8320399104543, "surfaceWater": 6.0, "sediment": 6.0}, "plant_uptake": 0.0, "name": "Compound 8108352418470210808", "model_specific_data": {}, "metabolites": [{"formation_fraction": 0.2, "metabolite": {"molarMass": 300.0, "water_solubility": 0.9989318295405045, "vapor_pressure": 9.036320823525905e-05, "reference_temperature": 20.0, "koc": 973.6982044672794, "freundlich": 0.781380350907757, "dt50": {"system": 6.0, "soil": 55.83592081698779, "surfaceWater": 6.0, "sediment": 6.0}, "plant_uptake": 0.5, "name": "Compound 4357080618370155390", "model_specific_data": {}, "metabolites": []}}]}}