{"gap": {"type": "relative", "arguments": {"name": "GAP -296091488377847865", "modelCrop": "WC", "rate": 250.0, "apply_every_n_years": 1, "number_of_applications": 2, "interval": 14, "model_specific_data": {}, "bbch": 31, "season": 0}}, "compound": {"molarMass": 300.0, "water_solubility": 0.04789332080712455, "vapor_pressure": 2.887966062846352e-07, "reference_temperature": 20.0, "koc": 15.027543176282034, "freundlich": 1.0718403143001805, "dt50": {"system": 6.0, "soil": 224.70389443019116, "surfaceWater": 6.0, "sediment": 6.0}, "plant_uptake": 0.0, "name": "Compound 6565517784146856508", "model_specific_data": {}, "metabolites": [{"formation_fraction": 0.2, "metabolite": {"molarMass": 300.0, "water_solubility": 0.11398113969655631, "vapor_pressure": 0.000520055258209041, "reference_temperature": 20.0, "koc": 20.667779570071172, "freundlich": 1.1981592764129534, "dt50": {"system": 6.0, "soil": 45.22587989016368, "surfaceWater": 6.0, "sediment": 6.0}, "plant_uptake": 0.5, "name": "Compound -228954121170957096", "model_specific_data": {}, "metabolites": []}}]}}