{"gap": {"type": "relative", "arguments": {"name": "GAP -296091488377847865", "modelCrop": "WC", "rate": 250.0, "apply_every_n_years": 1, "number_of_applications": 2, "interval": 14, "model_specific_data": {}, "bbch": 31, "season": 0}}, "compound": {"molarMass": 300.0, "water_solubility": 0.000796956526882466, "vapor_pressure": 7.960078588916361e-07, "reference_temperature": 20.0, "koc": 436.1027596569197, "freundlich": 1.0833262171478542, "dt50": {"system": 6.0, "soil": 95.14307038270599, "surfaceWater": 6.0, "sediment": 6.0}, "plant_uptake": 0.0, "name": "Compound -8022307873881317626", "model_specific_data": {}, "metabolites": [{"formation_fraction": 0.2, "metabolite": {"molarMass": 300.0, "water_solubility": 0.00018461646723344957, "vapor_pressure": 5.949597864874495e-06, "reference_temperature": 20.0, "koc": 14.275096114948662, "freundlich": 0.762614764960798, "dt50": {"system": 6.0, "soil": 139.5083369507107, "surfaceWater": 6.0, "sediment": 6.0}, "plant_uptake": 0.5, "name": "Compound 2093086971967531623", "model_specific_data": {}, "metabolites": []}}]}}