{"gap": {"type": "relative", "arguments": {"name": "GAP -296091488377847865", "modelCrop": "WC", "rate": 250.0, "apply_every_n_years": 1, "number_of_applications": 2, "interval": 14, "model_specific_data": {}, "bbch": 31, "season": 0}}, "compound": {"molarMass": 300.0, "water_solubility": 0.010173769460767503, "vapor_pressure": 6.930862169115009e-05, "reference_temperature": 20.0, "koc": 41.57275292437709, "freundlich": 0.9955428170372516, "dt50": {"system": 6.0, "soil": 11.751314385381924, "surfaceWater": 6.0, "sediment": 6.0}, "plant_uptake": 0.0, "name": "Compound -2105960412151345175", "model_specific_data": {}, "metabolites": [{"formation_fraction": 0.2, "metabolite": {"molarMass": 300.0, "water_solubility": 0.007372990319698807, "vapor_pressure": 0.0003981666026813028, "reference_temperature": 20.0, "koc": 31.633998839987793, "freundlich": 0.8891202381211193, "dt50": {"system": 6.0, "soil": 56.389510707258076, "surfaceWater": 6.0, "sediment": 6.0}, "plant_uptake": 0.5, "name": "Compound 4735198686386107358", "model_specific_data": {}, "metabolites": []}}]}}