{"gap": {"type": "relative", "arguments": {"name": "GAP -296091488377847865", "modelCrop": "WC", "rate": 250.0, "apply_every_n_years": 1, "number_of_applications": 2, "interval": 14, "model_specific_data": {}, "bbch": 31, "season": 0}}, "compound": {"molarMass": 300.0, "water_solubility": 0.020204645276831582, "vapor_pressure": 3.553504603073005e-08, "reference_temperature": 20.0, "koc": 1774.130652931629, "freundlich": 0.9108647597879553, "dt50": {"system": 6.0, "soil": 204.85382546798536, "surfaceWater": 6.0, "sediment": 6.0}, "plant_uptake": 0.0, "name": "Compound 7267054253113571342", "model_specific_data": {}, "metabolites": [{"formation_fraction": 0.2, "metabolite": {"molarMass": 300.0, "water_solubility": 0.00317360889695723, "vapor_pressure": 0.0017266519698605385, "reference_temperature": 20.0, "koc": 190.78072680039247, "freundlich": 1.0904186774105178, "dt50": {"system": 6.0, "soil": 227.19957962118457, "surfaceWater": 6.0, "sediment": 6.0}, "plant_uptake": 0.5, "name": "Compound 6527301743116187542", "model_specific_data": {}, "metabolites": []}}]}}