{"gap": {"type": "relative", "arguments": {"name": "GAP -296091488377847865", "modelCrop": "WC", "rate": 250.0, "apply_every_n_years": 1, "number_of_applications": 2, "interval": 14, "model_specific_data": {}, "bbch": 31, "season": 0}}, "compound": {"molarMass": 300.0, "water_solubility": 0.00718280303320222, "vapor_pressure": 1.072267041113114e-05, "reference_temperature": 20.0, "koc": 10.542088591902724, "freundlich": 0.8423255161115386, "dt50": {"system": 6.0, "soil": 165.52266575183083, "surfaceWater": 6.0, "sediment": 6.0}, "plant_uptake": 0.0, "name": "Compound -5065422244496781886", "model_specific_data": {}, "metabolites": [{"formation_fraction": 0.2, "metabolite": {"molarMass": 300.0, "water_solubility": 0.008162891358058139, "vapor_pressure": 2.921265755544054e-06, "reference_temperature": 20.0, "koc": 80.32691036680731, "freundlich": 0.8335361408679847, "dt50": {"system": 6.0, "soil": 183.47631967713258, "surfaceWater": 6.0, "sediment": 6.0}, "plant_uptake": 0.5, "name": "Compound 5591707147688246518", "model_specific_data": {}, "metabolites": []}}]}}