{"gap": {"type": "relative", "arguments": {"name": "GAP -296091488377847865", "modelCrop": "WC", "rate": 250.0, "apply_every_n_years": 1, "number_of_applications": 2, "interval": 14, "model_specific_data": {}, "bbch": 31, "season": 0}}, "compound": {"molarMass": 300.0, "water_solubility": 0.000641720795935581, "vapor_pressure": 3.9141517376099966e-07, "reference_temperature": 20.0, "koc": 1273.7078192742729, "freundlich": 0.9363539805232732, "dt50": {"system": 6.0, "soil": 215.99259941696627, "surfaceWater": 6.0, "sediment": 6.0}, "plant_uptake": 0.0, "name": "Compound -8343265834471387781", "model_specific_data": {}, "metabolites": [{"formation_fraction": 0.2, "metabolite": {"molarMass": 300.0, "water_solubility": 0.00503617759200615, "vapor_pressure": 2.3674212508634334e-05, "reference_temperature": 20.0, "koc": 23.248998330073345, "freundlich": 0.8843157046309117, "dt50": {"system": 6.0, "soil": 13.435878928093317, "surfaceWater": 6.0, "sediment": 6.0}, "plant_uptake": 0.5, "name": "Compound -2078047202775946230", "model_specific_data": {}, "metabolites": []}}]}}