{"gap": {"type": "relative", "arguments": {"name": "GAP -296091488377847865", "modelCrop": "WC", "rate": 250.0, "apply_every_n_years": 1, "number_of_applications": 2, "interval": 14, "model_specific_data": {}, "bbch": 31, "season": 0}}, "compound": {"molarMass": 300.0, "water_solubility": 0.05116291791363357, "vapor_pressure": 5.328714532986577e-05, "reference_temperature": 20.0, "koc": 13.475024803062777, "freundlich": 0.8363549663235468, "dt50": {"system": 6.0, "soil": 198.37244192661547, "surfaceWater": 6.0, "sediment": 6.0}, "plant_uptake": 0.0, "name": "Compound 5905763886254236664", "model_specific_data": {}, "metabolites": [{"formation_fraction": 0.2, "metabolite": {"molarMass": 300.0, "water_solubility": 0.10719387798365167, "vapor_pressure": 3.0246194762040255e-07, "reference_temperature": 20.0, "koc": 166.51807025118413, "freundlich": 1.1441469108908833, "dt50": {"system": 6.0, "soil": 69.8745146976947, "surfaceWater": 6.0, "sediment": 6.0}, "plant_uptake": 0.5, "name": "Compound -3530589704012299888", "model_specific_data": {}, "metabolites": []}}]}}