{"gap": {"type": "relative", "arguments": {"name": "GAP -296091488377847865", "modelCrop": "WC", "rate": 250.0, "apply_every_n_years": 1, "number_of_applications": 2, "interval": 14, "model_specific_data": {}, "bbch": 31, "season": 0}}, "compound": {"molarMass": 300.0, "water_solubility": 0.28283014401452633, "vapor_pressure": 1.5327306496546586e-08, "reference_temperature": 20.0, "koc": 806.0842679592765, "freundlich": 1.0855960455772244, "dt50": {"system": 6.0, "soil": 240.82356638880356, "surfaceWater": 6.0, "sediment": 6.0}, "plant_uptake": 0.0, "name": "Compound 3648429884063249136", "model_specific_data": {}, "metabolites": [{"formation_fraction": 0.2, "metabolite": {"molarMass": 300.0, "water_solubility": 0.18017119429605982, "vapor_pressure": 6.198919163949365e-05, "reference_temperature": 20.0, "koc": 26.538230438785348, "freundlich": 1.05973286710988, "dt50": {"system": 6.0, "soil": 118.15723599513655, "surfaceWater": 6.0, "sediment": 6.0}, "plant_uptake": 0.5, "name": "Compound 7793555073340770936", "model_specific_data": {}, "metabolites": []}}]}}