{"gap": {"type": "relative", "arguments": {"name": "GAP -296091488377847865", "modelCrop": "WC", "rate": 250.0, "apply_every_n_years": 1, "number_of_applications": 2, "interval": 14, "model_specific_data": {}, "bbch": 31, "season": 0}}, "compound": {"molarMass": 300.0, "water_solubility": 0.0005479024314219149, "vapor_pressure": 0.0003415722766560146, "reference_temperature": 20.0, "koc": 626.5913658929476, "freundlich": 1.184236937294744, "dt50": {"system": 6.0, "soil": 180.46480977220327, "surfaceWater": 6.0, "sediment": 6.0}, "plant_uptake": 0.0, "name": "Compound -2302129718652540843", "model_specific_data": {}, "metabolites": [{"formation_fraction": 0.2, "metabolite": {"molarMass": 300.0, "water_solubility": 0.09791083113303067, "vapor_pressure": 2.534321145526469e-07, "reference_temperature": 20.0, "koc": 71.39663140718949, "freundlich": 0.9859942934135538, "dt50": {"system": 6.0, "soil": 163.1384470697482, "surfaceWater": 6.0, "sediment": 6.0}, "plant_uptake": 0.5, "name": "Compound -2168988270726894278", "model_specific_data": {}, "metabolites": []}}]}}