{"gap": {"type": "relative", "arguments": {"name": "GAP -296091488377847865", "modelCrop": "WC", "rate": 250.0, "apply_every_n_years": 1, "number_of_applications": 2, "interval": 14, "model_specific_data": {}, "bbch": 31, "season": 0}}, "compound": {"molarMass": 300.0, "water_solubility": 0.00045880857588964495, "vapor_pressure": 2.6968397472432294e-05, "reference_temperature": 20.0, "koc": 202.34560887404643, "freundlich": 0.8559874544069777, "dt50": {"system": 6.0, "soil": 29.852256186318787, "surfaceWater": 6.0, "sediment": 6.0}, "plant_uptake": 0.0, "name": "Compound 8667938253529018687", "model_specific_data": {}, "metabolites": [{"formation_fraction": 0.2, "metabolite": {"molarMass": 300.0, "water_solubility": 0.009585467548090188, "vapor_pressure": 1.9107781718423844e-05, "reference_temperature": 20.0, "koc": 77.71027866905203, "freundlich": 0.9343344170741834, "dt50": {"system": 6.0, "soil": 90.38804865057132, "surfaceWater": 6.0, "sediment": 6.0}, "plant_uptake": 0.5, "name": "Compound -1867185398979263718", "model_specific_data": {}, "metabolites": []}}]}}