{"gap": {"type": "relative", "arguments": {"name": "GAP -296091488377847865", "modelCrop": "WC", "rate": 250.0, "apply_every_n_years": 1, "number_of_applications": 2, "interval": 14, "model_specific_data": {}, "bbch": 31, "season": 0}}, "compound": {"molarMass": 300.0, "water_solubility": 0.005449191278763828, "vapor_pressure": 3.5495937997560536e-05, "reference_temperature": 20.0, "koc": 19.273927939866933, "freundlich": 0.7745450884634455, "dt50": {"system": 6.0, "soil": 80.17579038288696, "surfaceWater": 6.0, "sediment": 6.0}, "plant_uptake": 0.0, "name": "Compound -702721852349880976", "model_specific_data": {}, "metabolites": [{"formation_fraction": 0.2, "metabolite": {"molarMass": 300.0, "water_solubility": 0.26165407556237386, "vapor_pressure": 3.15868638245442e-07, "reference_temperature": 20.0, "koc": 50.25590037105778, "freundlich": 0.9484689152935498, "dt50": {"system": 6.0, "soil": 261.9466080804075, "surfaceWater": 6.0, "sediment": 6.0}, "plant_uptake": 0.5, "name": "Compound 737717665373187438", "model_specific_data": {}, "metabolites": []}}]}}