{"gap": {"type": "relative", "arguments": {"name": "GAP -296091488377847865", "modelCrop": "WC", "rate": 250.0, "apply_every_n_years": 1, "number_of_applications": 2, "interval": 14, "model_specific_data": {}, "bbch": 31, "season": 0}}, "compound": {"molarMass": 300.0, "water_solubility": 0.00020692995111729054, "vapor_pressure": 1.7840315947469768e-06, "reference_temperature": 20.0, "koc": 77.67870871174618, "freundlich": 0.9942121716784285, "dt50": {"system": 6.0, "soil": 61.52518775129382, "surfaceWater": 6.0, "sediment": 6.0}, "plant_uptake": 0.0, "name": "Compound -414499691095123322", "model_specific_data": {}, "metabolites": [{"formation_fraction": 0.2, "metabolite": {"molarMass": 300.0, "water_solubility": 0.017686054832884483, "vapor_pressure": 2.6910922222331007e-05, "reference_temperature": 20.0, "koc": 58.96405321934042, "freundlich": 0.7341226767724747, "dt50": {"system": 6.0, "soil": 226.89603044907346, "surfaceWater": 6.0, "sediment": 6.0}, "plant_uptake": 0.5, "name": "Compound -5545885784020043114", "model_specific_data": {}, "metabolites": []}}]}}