{"gap": {"type": "relative", "arguments": {"name": "GAP -296091488377847865", "modelCrop": "WC", "rate": 250.0, "apply_every_n_years": 1, "number_of_applications": 2, "interval": 14, "model_specific_data": {}, "bbch": 31, "season": 0}}, "compound": {"molarMass": 300.0, "water_solubility": 9.044339654223315e-05, "vapor_pressure": 0.024199158403362193, "reference_temperature": 20.0, "koc": 298.71603163892183, "freundlich": 0.7245580996386376, "dt50": {"system": 6.0, "soil": 41.73475679057032, "surfaceWater": 6.0, "sediment": 6.0}, "plant_uptake": 0.0, "name": "Compound 2466886583827858468", "model_specific_data": {}, "metabolites": [{"formation_fraction": 0.2, "metabolite": {"molarMass": 300.0, "water_solubility": 0.05747068087172013, "vapor_pressure": 0.00016477415218621802, "reference_temperature": 20.0, "koc": 2022.9269178991917, "freundlich": 1.081208638560825, "dt50": {"system": 6.0, "soil": 285.44720121180364, "surfaceWater": 6.0, "sediment": 6.0}, "plant_uptake": 0.5, "name": "Compound -1774567467164084655", "model_specific_data": {}, "metabolites": []}}]}}