{"gap": {"type": "relative", "arguments": {"name": "GAP -296091488377847865", "modelCrop": "WC", "rate": 250.0, "apply_every_n_years": 1, "number_of_applications": 2, "interval": 14, "model_specific_data": {}, "bbch": 31, "season": 0}}, "compound": {"molarMass": 300.0, "water_solubility": 0.04456012581492148, "vapor_pressure": 5.1097552437544036e-05, "reference_temperature": 20.0, "koc": 18.94307700386869, "freundlich": 1.0589405475799034, "dt50": {"system": 6.0, "soil": 14.14402261196799, "surfaceWater": 6.0, "sediment": 6.0}, "plant_uptake": 0.0, "name": "Compound -8874355265449238813", "model_specific_data": {}, "metabolites": [{"formation_fraction": 0.2, "metabolite": {"molarMass": 300.0, "water_solubility": 0.014261996742754381, "vapor_pressure": 1.965973537155045e-05, "reference_temperature": 20.0, "koc": 2789.3973210994036, "freundlich": 0.8712030789974508, "dt50": {"system": 6.0, "soil": 117.54669146070816, "surfaceWater": 6.0, "sediment": 6.0}, "plant_uptake": 0.5, "name": "Compound -3144037811966135415", "model_specific_data": {}, "metabolites": []}}]}}