{"gap": {"type": "relative", "arguments": {"name": "GAP -296091488377847865", "modelCrop": "WC", "rate": 250.0, "apply_every_n_years": 1, "number_of_applications": 2, "interval": 14, "model_specific_data": {}, "bbch": 31, "season": 0}}, "compound": {"molarMass": 300.0, "water_solubility": 0.00020075690908816877, "vapor_pressure": 6.722486346724826e-06, "reference_temperature": 20.0, "koc": 34.5347791202738, "freundlich": 0.8436236303260822, "dt50": {"system": 6.0, "soil": 191.35829928588825, "surfaceWater": 6.0, "sediment": 6.0}, "plant_uptake": 0.0, "name": "Compound -9031038896028715400", "model_specific_data": {}, "metabolites": [{"formation_fraction": 0.2, "metabolite": {"molarMass": 300.0, "water_solubility": 0.004406061059422022, "vapor_pressure": 1.0442182840685755e-06, "reference_temperature": 20.0, "koc": 986.671507903748, "freundlich": 0.9945421923041771, "dt50": {"system": 6.0, "soil": 274.0543618246819, "surfaceWater": 6.0, "sediment": 6.0}, "plant_uptake": 0.5, "name": "Compound -7161707399116901095", "model_specific_data": {}, "metabolites": []}}]}}