{"gap": {"type": "relative", "arguments": {"name": "GAP -296091488377847865", "modelCrop": "WC", "rate": 250.0, "apply_every_n_years": 1, "number_of_applications": 2, "interval": 14, "model_specific_data": {}, "bbch": 31, "season": 0}}, "compound": {"molarMass": 300.0, "water_solubility": 0.023939095701604882, "vapor_pressure": 1.142984533576408e-06, "reference_temperature": 20.0, "koc": 1128.490939491199, "freundlich": 0.702420125847643, "dt50": {"system": 6.0, "soil": 180.33240164297706, "surfaceWater": 6.0, "sediment": 6.0}, "plant_uptake": 0.0, "name": "Compound 8108101448434063187", "model_specific_data": {}, "metabolites": [{"formation_fraction": 0.2, "metabolite": {"molarMass": 300.0, "water_solubility": 0.00462895008401085, "vapor_pressure": 1.2611702509673435e-05, "reference_temperature": 20.0, "koc": 285.7248205475352, "freundlich": 0.7091336593394182, "dt50": {"system": 6.0, "soil": 136.41272268930456, "surfaceWater": 6.0, "sediment": 6.0}, "plant_uptake": 0.5, "name": "Compound 493243447356352441", "model_specific_data": {}, "metabolites": []}}]}}