{"gap": {"type": "relative", "arguments": {"name": "GAP -296091488377847865", "modelCrop": "WC", "rate": 250.0, "apply_every_n_years": 1, "number_of_applications": 2, "interval": 14, "model_specific_data": {}, "bbch": 31, "season": 0}}, "compound": {"molarMass": 300.0, "water_solubility": 1.4539029118590263, "vapor_pressure": 0.0005219484490180745, "reference_temperature": 20.0, "koc": 315.4015117221991, "freundlich": 0.9129191982758083, "dt50": {"system": 6.0, "soil": 188.143987351567, "surfaceWater": 6.0, "sediment": 6.0}, "plant_uptake": 0.0, "name": "Compound -1479626102222599002", "model_specific_data": {}, "metabolites": [{"formation_fraction": 0.2, "metabolite": {"molarMass": 300.0, "water_solubility": 0.09074077804725214, "vapor_pressure": 2.1889256065690566e-05, "reference_temperature": 20.0, "koc": 441.0585967557701, "freundlich": 0.7984064043360155, "dt50": {"system": 6.0, "soil": 78.7720225901604, "surfaceWater": 6.0, "sediment": 6.0}, "plant_uptake": 0.5, "name": "Compound 2467753300274948039", "model_specific_data": {}, "metabolites": []}}]}}