{"gap": {"type": "relative", "arguments": {"name": "GAP -296091488377847865", "modelCrop": "WC", "rate": 250.0, "apply_every_n_years": 1, "number_of_applications": 2, "interval": 14, "model_specific_data": {}, "bbch": 31, "season": 0}}, "compound": {"molarMass": 300.0, "water_solubility": 3.291041220817272e-05, "vapor_pressure": 2.1034996725367018e-07, "reference_temperature": 20.0, "koc": 333.1227236459806, "freundlich": 0.7932725639503835, "dt50": {"system": 6.0, "soil": 214.094192044361, "surfaceWater": 6.0, "sediment": 6.0}, "plant_uptake": 0.0, "name": "Compound -9031197312614018160", "model_specific_data": {}, "metabolites": [{"formation_fraction": 0.2, "metabolite": {"molarMass": 300.0, "water_solubility": 0.07937907335836127, "vapor_pressure": 3.5967632884120017e-06, "reference_temperature": 20.0, "koc": 18.657342403619094, "freundlich": 0.9464015144780494, "dt50": {"system": 6.0, "soil": 89.47516533112386, "surfaceWater": 6.0, "sediment": 6.0}, "plant_uptake": 0.5, "name": "Compound -3630878848477479277", "model_specific_data": {}, "metabolites": []}}]}}