{"gap": {"type": "relative", "arguments": {"name": "GAP -296091488377847865", "modelCrop": "WC", "rate": 250.0, "apply_every_n_years": 1, "number_of_applications": 2, "interval": 14, "model_specific_data": {}, "bbch": 31, "season": 0}}, "compound": {"molarMass": 300.0, "water_solubility": 0.022543456954860416, "vapor_pressure": 6.081049828352661e-06, "reference_temperature": 20.0, "koc": 3361.7855670964677, "freundlich": 0.8256640295906665, "dt50": {"system": 6.0, "soil": 21.965908564679378, "surfaceWater": 6.0, "sediment": 6.0}, "plant_uptake": 0.0, "name": "Compound -932887010828720360", "model_specific_data": {}, "metabolites": [{"formation_fraction": 0.2, "metabolite": {"molarMass": 300.0, "water_solubility": 0.0030599240896899793, "vapor_pressure": 6.357115281372166e-06, "reference_temperature": 20.0, "koc": 957.1762651869536, "freundlich": 0.7555209199966895, "dt50": {"system": 6.0, "soil": 183.0441522923344, "surfaceWater": 6.0, "sediment": 6.0}, "plant_uptake": 0.5, "name": "Compound 121702405706555547", "model_specific_data": {}, "metabolites": []}}]}}