{"gap": {"type": "relative", "arguments": {"name": "GAP -296091488377847865", "modelCrop": "WC", "rate": 250.0, "apply_every_n_years": 1, "number_of_applications": 2, "interval": 14, "model_specific_data": {}, "bbch": 31, "season": 0}}, "compound": {"molarMass": 300.0, "water_solubility": 0.10500173981782633, "vapor_pressure": 0.0001068593328434714, "reference_temperature": 20.0, "koc": 1318.735258313693, "freundlich": 0.8494280513551564, "dt50": {"system": 6.0, "soil": 202.14059165289416, "surfaceWater": 6.0, "sediment": 6.0}, "plant_uptake": 0.0, "name": "Compound 2610611922528276551", "model_specific_data": {}, "metabolites": [{"formation_fraction": 0.2, "metabolite": {"molarMass": 300.0, "water_solubility": 0.10247286270258799, "vapor_pressure": 3.6010638841763412e-06, "reference_temperature": 20.0, "koc": 45.40453313511868, "freundlich": 1.0169703973310829, "dt50": {"system": 6.0, "soil": 192.93490488521022, "surfaceWater": 6.0, "sediment": 6.0}, "plant_uptake": 0.5, "name": "Compound 7927927275836466660", "model_specific_data": {}, "metabolites": []}}]}}