{"gap": {"type": "relative", "arguments": {"name": "GAP -296091488377847865", "modelCrop": "WC", "rate": 250.0, "apply_every_n_years": 1, "number_of_applications": 2, "interval": 14, "model_specific_data": {}, "bbch": 31, "season": 0}}, "compound": {"molarMass": 300.0, "water_solubility": 0.014980356985193054, "vapor_pressure": 0.0001672539482217136, "reference_temperature": 20.0, "koc": 11.974645106280546, "freundlich": 0.7021477681083407, "dt50": {"system": 6.0, "soil": 292.44919054076047, "surfaceWater": 6.0, "sediment": 6.0}, "plant_uptake": 0.0, "name": "Compound -3726514782356985220", "model_specific_data": {}, "metabolites": [{"formation_fraction": 0.2, "metabolite": {"molarMass": 300.0, "water_solubility": 0.005403945019990236, "vapor_pressure": 2.3521079585365096e-06, "reference_temperature": 20.0, "koc": 44.38521584764828, "freundlich": 0.7946212073589998, "dt50": {"system": 6.0, "soil": 66.27833698879697, "surfaceWater": 6.0, "sediment": 6.0}, "plant_uptake": 0.5, "name": "Compound 2857635151821067634", "model_specific_data": {}, "metabolites": []}}]}}