{"gap": {"type": "relative", "arguments": {"name": "GAP -296091488377847865", "modelCrop": "WC", "rate": 250.0, "apply_every_n_years": 1, "number_of_applications": 2, "interval": 14, "model_specific_data": {}, "bbch": 31, "season": 0}}, "compound": {"molarMass": 300.0, "water_solubility": 0.0016069777212675764, "vapor_pressure": 8.520721664645748e-06, "reference_temperature": 20.0, "koc": 2575.616790785668, "freundlich": 0.9704642612210965, "dt50": {"system": 6.0, "soil": 73.10492043472247, "surfaceWater": 6.0, "sediment": 6.0}, "plant_uptake": 0.0, "name": "Compound -7515617689277343489", "model_specific_data": {}, "metabolites": [{"formation_fraction": 0.2, "metabolite": {"molarMass": 300.0, "water_solubility": 0.019279799544086415, "vapor_pressure": 3.422558916488191e-05, "reference_temperature": 20.0, "koc": 330.152445033641, "freundlich": 0.709049564169392, "dt50": {"system": 6.0, "soil": 292.98807177383907, "surfaceWater": 6.0, "sediment": 6.0}, "plant_uptake": 0.5, "name": "Compound 1904817395708970973", "model_specific_data": {}, "metabolites": []}}]}}