{"gap": {"type": "relative", "arguments": {"name": "GAP -296091488377847865", "modelCrop": "WC", "rate": 250.0, "apply_every_n_years": 1, "number_of_applications": 2, "interval": 14, "model_specific_data": {}, "bbch": 31, "season": 0}}, "compound": {"molarMass": 300.0, "water_solubility": 0.000696593739033622, "vapor_pressure": 3.961859189883489e-07, "reference_temperature": 20.0, "koc": 216.0087127973979, "freundlich": 0.9766300322291674, "dt50": {"system": 6.0, "soil": 237.69379000363736, "surfaceWater": 6.0, "sediment": 6.0}, "plant_uptake": 0.0, "name": "Compound -8934095131161536340", "model_specific_data": {}, "metabolites": [{"formation_fraction": 0.2, "metabolite": {"molarMass": 300.0, "water_solubility": 0.15883917482944898, "vapor_pressure": 1.0824971339824857e-07, "reference_temperature": 20.0, "koc": 579.300681369583, "freundlich": 0.8601020388717762, "dt50": {"system": 6.0, "soil": 290.8422535951292, "surfaceWater": 6.0, "sediment": 6.0}, "plant_uptake": 0.5, "name": "Compound -1069968244014402500", "model_specific_data": {}, "metabolites": []}}]}}