{"gap": {"type": "relative", "arguments": {"name": "GAP -296091488377847865", "modelCrop": "WC", "rate": 250.0, "apply_every_n_years": 1, "number_of_applications": 2, "interval": 14, "model_specific_data": {}, "bbch": 31, "season": 0}}, "compound": {"molarMass": 300.0, "water_solubility": 0.00141325633177275, "vapor_pressure": 3.134591052993362e-06, "reference_temperature": 20.0, "koc": 21.33429147126413, "freundlich": 0.8343983524185565, "dt50": {"system": 6.0, "soil": 239.95497796294686, "surfaceWater": 6.0, "sediment": 6.0}, "plant_uptake": 0.0, "name": "Compound 2438509099162156705", "model_specific_data": {}, "metabolites": [{"formation_fraction": 0.2, "metabolite": {"molarMass": 300.0, "water_solubility": 0.04468447630765392, "vapor_pressure": 8.250498946801938e-05, "reference_temperature": 20.0, "koc": 4796.916227819603, "freundlich": 1.1622484584623725, "dt50": {"system": 6.0, "soil": 292.9238358255615, "surfaceWater": 6.0, "sediment": 6.0}, "plant_uptake": 0.5, "name": "Compound -1319015486111581357", "model_specific_data": {}, "metabolites": []}}]}}