{"gap": {"type": "relative", "arguments": {"name": "GAP -296091488377847865", "modelCrop": "WC", "rate": 250.0, "apply_every_n_years": 1, "number_of_applications": 2, "interval": 14, "model_specific_data": {}, "bbch": 31, "season": 0}}, "compound": {"molarMass": 300.0, "water_solubility": 0.046149532681703125, "vapor_pressure": 2.6866144050529763e-06, "reference_temperature": 20.0, "koc": 1913.4147742456462, "freundlich": 1.181252203903519, "dt50": {"system": 6.0, "soil": 149.9839185364539, "surfaceWater": 6.0, "sediment": 6.0}, "plant_uptake": 0.0, "name": "Compound 663830121784363221", "model_specific_data": {}, "metabolites": [{"formation_fraction": 0.2, "metabolite": {"molarMass": 300.0, "water_solubility": 0.0031034646227410213, "vapor_pressure": 9.833795842086027e-05, "reference_temperature": 20.0, "koc": 14.601299183000224, "freundlich": 0.8529966289999347, "dt50": {"system": 6.0, "soil": 162.88733884572991, "surfaceWater": 6.0, "sediment": 6.0}, "plant_uptake": 0.5, "name": "Compound 4843152419320302928", "model_specific_data": {}, "metabolites": []}}]}}