{"gap": {"type": "relative", "arguments": {"name": "GAP -296091488377847865", "modelCrop": "WC", "rate": 250.0, "apply_every_n_years": 1, "number_of_applications": 2, "interval": 14, "model_specific_data": {}, "bbch": 31, "season": 0}}, "compound": {"molarMass": 300.0, "water_solubility": 0.01120073830402686, "vapor_pressure": 7.059515417426125e-08, "reference_temperature": 20.0, "koc": 72.69772927160268, "freundlich": 0.8899237983437056, "dt50": {"system": 6.0, "soil": 131.48936688656758, "surfaceWater": 6.0, "sediment": 6.0}, "plant_uptake": 0.0, "name": "Compound -5039103647962246092", "model_specific_data": {}, "metabolites": [{"formation_fraction": 0.2, "metabolite": {"molarMass": 300.0, "water_solubility": 0.5801434481487586, "vapor_pressure": 1.9160930121671503e-06, "reference_temperature": 20.0, "koc": 180.11377397126998, "freundlich": 0.9280640418578134, "dt50": {"system": 6.0, "soil": 293.2045325249487, "surfaceWater": 6.0, "sediment": 6.0}, "plant_uptake": 0.5, "name": "Compound 1433236801467566636", "model_specific_data": {}, "metabolites": []}}]}}