{"gap": {"type": "relative", "arguments": {"name": "GAP -296091488377847865", "modelCrop": "WC", "rate": 250.0, "apply_every_n_years": 1, "number_of_applications": 2, "interval": 14, "model_specific_data": {}, "bbch": 31, "season": 0}}, "compound": {"molarMass": 300.0, "water_solubility": 0.00017894178007177097, "vapor_pressure": 1.2937440060788242e-06, "reference_temperature": 20.0, "koc": 33.095050293280416, "freundlich": 0.7981102931228146, "dt50": {"system": 6.0, "soil": 108.30476192593743, "surfaceWater": 6.0, "sediment": 6.0}, "plant_uptake": 0.0, "name": "Compound -6305401598795002932", "model_specific_data": {}, "metabolites": [{"formation_fraction": 0.2, "metabolite": {"molarMass": 300.0, "water_solubility": 0.5246460399746139, "vapor_pressure": 6.304314649663573e-05, "reference_temperature": 20.0, "koc": 2139.9576330002487, "freundlich": 1.158928885036334, "dt50": {"system": 6.0, "soil": 89.93994029258528, "surfaceWater": 6.0, "sediment": 6.0}, "plant_uptake": 0.5, "name": "Compound -4289116446965585282", "model_specific_data": {}, "metabolites": []}}]}}