{"gap": {"type": "relative", "arguments": {"name": "GAP -296091488377847865", "modelCrop": "WC", "rate": 250.0, "apply_every_n_years": 1, "number_of_applications": 2, "interval": 14, "model_specific_data": {}, "bbch": 31, "season": 0}}, "compound": {"molarMass": 300.0, "water_solubility": 0.002864592209557127, "vapor_pressure": 3.5557128508559818e-06, "reference_temperature": 20.0, "koc": 451.34824474390433, "freundlich": 0.7395858883985743, "dt50": {"system": 6.0, "soil": 242.61304077275395, "surfaceWater": 6.0, "sediment": 6.0}, "plant_uptake": 0.0, "name": "Compound -2995280122272107803", "model_specific_data": {}, "metabolites": [{"formation_fraction": 0.2, "metabolite": {"molarMass": 300.0, "water_solubility": 0.0032555024627358804, "vapor_pressure": 9.680860697365803e-06, "reference_temperature": 20.0, "koc": 1580.4534798361442, "freundlich": 0.9292107519608079, "dt50": {"system": 6.0, "soil": 208.53671031455264, "surfaceWater": 6.0, "sediment": 6.0}, "plant_uptake": 0.5, "name": "Compound 8427481332519400483", "model_specific_data": {}, "metabolites": []}}]}}