{"gap": {"type": "relative", "arguments": {"name": "GAP -296091488377847865", "modelCrop": "WC", "rate": 250.0, "apply_every_n_years": 1, "number_of_applications": 2, "interval": 14, "model_specific_data": {}, "bbch": 31, "season": 0}}, "compound": {"molarMass": 300.0, "water_solubility": 0.0033310246302791684, "vapor_pressure": 4.916346461248024e-11, "reference_temperature": 20.0, "koc": 11.183923125687278, "freundlich": 1.1252734546620742, "dt50": {"system": 6.0, "soil": 266.25760011838634, "surfaceWater": 6.0, "sediment": 6.0}, "plant_uptake": 0.0, "name": "Compound -6552442781613744600", "model_specific_data": {}, "metabolites": [{"formation_fraction": 0.2, "metabolite": {"molarMass": 300.0, "water_solubility": 0.0016245637996745537, "vapor_pressure": 5.3961046364400485e-05, "reference_temperature": 20.0, "koc": 52.86060839948946, "freundlich": 0.9762599400923198, "dt50": {"system": 6.0, "soil": 277.6684144558435, "surfaceWater": 6.0, "sediment": 6.0}, "plant_uptake": 0.5, "name": "Compound -8574453562258229149", "model_specific_data": {}, "metabolites": []}}]}}