{"gap": {"type": "relative", "arguments": {"name": "GAP -296091488377847865", "modelCrop": "WC", "rate": 250.0, "apply_every_n_years": 1, "number_of_applications": 2, "interval": 14, "model_specific_data": {}, "bbch": 31, "season": 0}}, "compound": {"molarMass": 300.0, "water_solubility": 0.016331942005714847, "vapor_pressure": 0.01417606611957225, "reference_temperature": 20.0, "koc": 698.8158684881662, "freundlich": 0.9337082142848592, "dt50": {"system": 6.0, "soil": 294.45587553452367, "surfaceWater": 6.0, "sediment": 6.0}, "plant_uptake": 0.0, "name": "Compound -6710528584288934884", "model_specific_data": {}, "metabolites": [{"formation_fraction": 0.2, "metabolite": {"molarMass": 300.0, "water_solubility": 0.003919733922284609, "vapor_pressure": 2.5290400384725574e-05, "reference_temperature": 20.0, "koc": 203.40257263440998, "freundlich": 0.9949982117908054, "dt50": {"system": 6.0, "soil": 8.831865365507909, "surfaceWater": 6.0, "sediment": 6.0}, "plant_uptake": 0.5, "name": "Compound -4998366465338671362", "model_specific_data": {}, "metabolites": []}}]}}