{"gap": {"type": "relative", "arguments": {"name": "GAP -296091488377847865", "modelCrop": "WC", "rate": 250.0, "apply_every_n_years": 1, "number_of_applications": 2, "interval": 14, "model_specific_data": {}, "bbch": 31, "season": 0}}, "compound": {"molarMass": 300.0, "water_solubility": 0.05038257941566615, "vapor_pressure": 1.760918133469262e-06, "reference_temperature": 20.0, "koc": 55.43453934441002, "freundlich": 1.0588545731143046, "dt50": {"system": 6.0, "soil": 93.35210030519073, "surfaceWater": 6.0, "sediment": 6.0}, "plant_uptake": 0.0, "name": "Compound -5350786675176896132", "model_specific_data": {}, "metabolites": [{"formation_fraction": 0.2, "metabolite": {"molarMass": 300.0, "water_solubility": 0.0015826181629903294, "vapor_pressure": 1.8497166979694207e-05, "reference_temperature": 20.0, "koc": 230.17083418434595, "freundlich": 1.1834054999444217, "dt50": {"system": 6.0, "soil": 119.08317053709973, "surfaceWater": 6.0, "sediment": 6.0}, "plant_uptake": 0.5, "name": "Compound -6706657614111395450", "model_specific_data": {}, "metabolites": []}}]}}