{"gap": {"type": "relative", "arguments": {"name": "GAP -296091488377847865", "modelCrop": "WC", "rate": 250.0, "apply_every_n_years": 1, "number_of_applications": 2, "interval": 14, "model_specific_data": {}, "bbch": 31, "season": 0}}, "compound": {"molarMass": 300.0, "water_solubility": 1.1550750432947235e-05, "vapor_pressure": 7.808395963592097e-06, "reference_temperature": 20.0, "koc": 60.0407378047666, "freundlich": 0.8128750014643142, "dt50": {"system": 6.0, "soil": 28.917183106605744, "surfaceWater": 6.0, "sediment": 6.0}, "plant_uptake": 0.0, "name": "Compound 7446672193957941877", "model_specific_data": {}, "metabolites": [{"formation_fraction": 0.2, "metabolite": {"molarMass": 300.0, "water_solubility": 0.0043272933000418085, "vapor_pressure": 7.676481961072156e-05, "reference_temperature": 20.0, "koc": 945.2152661346535, "freundlich": 1.1603287416439587, "dt50": {"system": 6.0, "soil": 110.4798116074984, "surfaceWater": 6.0, "sediment": 6.0}, "plant_uptake": 0.5, "name": "Compound -1700598147454576319", "model_specific_data": {}, "metabolites": []}}]}}