{"gap": {"type": "relative", "arguments": {"name": "GAP -296091488377847865", "modelCrop": "WC", "rate": 250.0, "apply_every_n_years": 1, "number_of_applications": 2, "interval": 14, "model_specific_data": {}, "bbch": 31, "season": 0}}, "compound": {"molarMass": 300.0, "water_solubility": 0.019716431501387865, "vapor_pressure": 7.5509552173979935e-06, "reference_temperature": 20.0, "koc": 681.6489468036647, "freundlich": 1.0462224616690934, "dt50": {"system": 6.0, "soil": 133.26347991714567, "surfaceWater": 6.0, "sediment": 6.0}, "plant_uptake": 0.0, "name": "Compound 5035029863053157577", "model_specific_data": {}, "metabolites": [{"formation_fraction": 0.2, "metabolite": {"molarMass": 300.0, "water_solubility": 0.03179207983007354, "vapor_pressure": 6.293342682294361e-07, "reference_temperature": 20.0, "koc": 27.769841463125243, "freundlich": 1.032094088964926, "dt50": {"system": 6.0, "soil": 188.36144980688994, "surfaceWater": 6.0, "sediment": 6.0}, "plant_uptake": 0.5, "name": "Compound -1737977246552063994", "model_specific_data": {}, "metabolites": []}}]}}