{"gap": {"type": "relative", "arguments": {"name": "GAP -296091488377847865", "modelCrop": "WC", "rate": 250.0, "apply_every_n_years": 1, "number_of_applications": 2, "interval": 14, "model_specific_data": {}, "bbch": 31, "season": 0}}, "compound": {"molarMass": 300.0, "water_solubility": 0.0005285084533567322, "vapor_pressure": 5.2817584284438695e-05, "reference_temperature": 20.0, "koc": 111.8622224160218, "freundlich": 1.068387615322787, "dt50": {"system": 6.0, "soil": 88.41531405050719, "surfaceWater": 6.0, "sediment": 6.0}, "plant_uptake": 0.0, "name": "Compound 8739196991544671071", "model_specific_data": {}, "metabolites": [{"formation_fraction": 0.2, "metabolite": {"molarMass": 300.0, "water_solubility": 0.0009637309538223333, "vapor_pressure": 1.314514712463811e-05, "reference_temperature": 20.0, "koc": 13.25327635536373, "freundlich": 0.8241351701421515, "dt50": {"system": 6.0, "soil": 1.483104485437004, "surfaceWater": 6.0, "sediment": 6.0}, "plant_uptake": 0.5, "name": "Compound 2676066874849096797", "model_specific_data": {}, "metabolites": []}}]}}