{"gap": {"type": "relative", "arguments": {"name": "GAP -296091488377847865", "modelCrop": "WC", "rate": 250.0, "apply_every_n_years": 1, "number_of_applications": 2, "interval": 14, "model_specific_data": {}, "bbch": 31, "season": 0}}, "compound": {"molarMass": 300.0, "water_solubility": 0.002989403475058993, "vapor_pressure": 0.002473548271873152, "reference_temperature": 20.0, "koc": 284.44485271396263, "freundlich": 0.8858203138825259, "dt50": {"system": 6.0, "soil": 160.43703293112588, "surfaceWater": 6.0, "sediment": 6.0}, "plant_uptake": 0.0, "name": "Compound 7575726654150912307", "model_specific_data": {}, "metabolites": [{"formation_fraction": 0.2, "metabolite": {"molarMass": 300.0, "water_solubility": 0.030548849528929098, "vapor_pressure": 4.1705413226316154e-07, "reference_temperature": 20.0, "koc": 181.55376743710383, "freundlich": 0.7153810804460876, "dt50": {"system": 6.0, "soil": 116.63101478345514, "surfaceWater": 6.0, "sediment": 6.0}, "plant_uptake": 0.5, "name": "Compound -1540014196485562382", "model_specific_data": {}, "metabolites": []}}]}}