{"gap": {"type": "relative", "arguments": {"name": "GAP -296091488377847865", "modelCrop": "WC", "rate": 250.0, "apply_every_n_years": 1, "number_of_applications": 2, "interval": 14, "model_specific_data": {}, "bbch": 31, "season": 0}}, "compound": {"molarMass": 300.0, "water_solubility": 0.0016551743294872152, "vapor_pressure": 2.8592861375267832e-05, "reference_temperature": 20.0, "koc": 50.848205382221536, "freundlich": 1.107867398649971, "dt50": {"system": 6.0, "soil": 266.06474474770096, "surfaceWater": 6.0, "sediment": 6.0}, "plant_uptake": 0.0, "name": "Compound -2387246159138916727", "model_specific_data": {}, "metabolites": [{"formation_fraction": 0.2, "metabolite": {"molarMass": 300.0, "water_solubility": 0.5927531354005469, "vapor_pressure": 3.985252266997684e-05, "reference_temperature": 20.0, "koc": 385.8082821458691, "freundlich": 0.8641380584368934, "dt50": {"system": 6.0, "soil": 45.728762742989744, "surfaceWater": 6.0, "sediment": 6.0}, "plant_uptake": 0.5, "name": "Compound -7046979304708469355", "model_specific_data": {}, "metabolites": []}}]}}