{"gap": {"type": "relative", "arguments": {"name": "GAP -296091488377847865", "modelCrop": "WC", "rate": 250.0, "apply_every_n_years": 1, "number_of_applications": 2, "interval": 14, "model_specific_data": {}, "bbch": 31, "season": 0}}, "compound": {"molarMass": 300.0, "water_solubility": 0.16578118368254938, "vapor_pressure": 0.00033250589152337425, "reference_temperature": 20.0, "koc": 15.72445839013693, "freundlich": 1.0988598839381563, "dt50": {"system": 6.0, "soil": 31.777793784448868, "surfaceWater": 6.0, "sediment": 6.0}, "plant_uptake": 0.0, "name": "Compound 482666067758156406", "model_specific_data": {}, "metabolites": [{"formation_fraction": 0.2, "metabolite": {"molarMass": 300.0, "water_solubility": 0.0002386060970339882, "vapor_pressure": 3.1415018219550505e-05, "reference_temperature": 20.0, "koc": 199.2487851898577, "freundlich": 1.0978696422215428, "dt50": {"system": 6.0, "soil": 80.9832968915272, "surfaceWater": 6.0, "sediment": 6.0}, "plant_uptake": 0.5, "name": "Compound 4898058205774512036", "model_specific_data": {}, "metabolites": []}}]}}