{"gap": {"type": "relative", "arguments": {"name": "GAP -296091488377847865", "modelCrop": "WC", "rate": 250.0, "apply_every_n_years": 1, "number_of_applications": 2, "interval": 14, "model_specific_data": {}, "bbch": 31, "season": 0}}, "compound": {"molarMass": 300.0, "water_solubility": 0.012624409432458723, "vapor_pressure": 0.0035509210114109727, "reference_temperature": 20.0, "koc": 1952.2153925811192, "freundlich": 0.7312068436490372, "dt50": {"system": 6.0, "soil": 250.19936607678324, "surfaceWater": 6.0, "sediment": 6.0}, "plant_uptake": 0.0, "name": "Compound -2639692179668102260", "model_specific_data": {}, "metabolites": [{"formation_fraction": 0.2, "metabolite": {"molarMass": 300.0, "water_solubility": 0.0034605827967914837, "vapor_pressure": 4.0111241709462854e-08, "reference_temperature": 20.0, "koc": 189.36096016365403, "freundlich": 0.8280187429045371, "dt50": {"system": 6.0, "soil": 275.0116771375514, "surfaceWater": 6.0, "sediment": 6.0}, "plant_uptake": 0.5, "name": "Compound -8595331939329511431", "model_specific_data": {}, "metabolites": []}}]}}