{"gap": {"type": "relative", "arguments": {"name": "GAP -296091488377847865", "modelCrop": "WC", "rate": 250.0, "apply_every_n_years": 1, "number_of_applications": 2, "interval": 14, "model_specific_data": {}, "bbch": 31, "season": 0}}, "compound": {"molarMass": 300.0, "water_solubility": 0.0030988608383243185, "vapor_pressure": 8.532479465360061e-08, "reference_temperature": 20.0, "koc": 61.98685693247652, "freundlich": 0.8216929237062895, "dt50": {"system": 6.0, "soil": 134.60194273822484, "surfaceWater": 6.0, "sediment": 6.0}, "plant_uptake": 0.0, "name": "Compound -1364164247576289565", "model_specific_data": {}, "metabolites": [{"formation_fraction": 0.2, "metabolite": {"molarMass": 300.0, "water_solubility": 0.09757947919534025, "vapor_pressure": 0.0015035061487797703, "reference_temperature": 20.0, "koc": 528.5511620313545, "freundlich": 0.9300301396178587, "dt50": {"system": 6.0, "soil": 267.8057517970196, "surfaceWater": 6.0, "sediment": 6.0}, "plant_uptake": 0.5, "name": "Compound -8035029024067475325", "model_specific_data": {}, "metabolites": []}}]}}