{"gap": {"type": "relative", "arguments": {"name": "GAP -296091488377847865", "modelCrop": "WC", "rate": 250.0, "apply_every_n_years": 1, "number_of_applications": 2, "interval": 14, "model_specific_data": {}, "bbch": 31, "season": 0}}, "compound": {"molarMass": 300.0, "water_solubility": 0.0034116904852772227, "vapor_pressure": 3.553748564349468e-05, "reference_temperature": 20.0, "koc": 19.68546774497562, "freundlich": 0.8416024284207333, "dt50": {"system": 6.0, "soil": 250.59753875226454, "surfaceWater": 6.0, "sediment": 6.0}, "plant_uptake": 0.0, "name": "Compound 5681075809662164464", "model_specific_data": {}, "metabolites": [{"formation_fraction": 0.2, "metabolite": {"molarMass": 300.0, "water_solubility": 0.00037534802512129243, "vapor_pressure": 3.85540931124235e-06, "reference_temperature": 20.0, "koc": 12.567354665748653, "freundlich": 1.185584818728251, "dt50": {"system": 6.0, "soil": 103.374087308865, "surfaceWater": 6.0, "sediment": 6.0}, "plant_uptake": 0.5, "name": "Compound -8429649889889261178", "model_specific_data": {}, "metabolites": []}}]}}