{"gap": {"type": "relative", "arguments": {"name": "GAP -296091488377847865", "modelCrop": "WC", "rate": 250.0, "apply_every_n_years": 1, "number_of_applications": 2, "interval": 14, "model_specific_data": {}, "bbch": 31, "season": 0}}, "compound": {"molarMass": 300.0, "water_solubility": 0.0013659933965328346, "vapor_pressure": 0.00880226116530885, "reference_temperature": 20.0, "koc": 17.31414470720838, "freundlich": 1.0915297468881067, "dt50": {"system": 6.0, "soil": 73.65123674626447, "surfaceWater": 6.0, "sediment": 6.0}, "plant_uptake": 0.0, "name": "Compound 5328798340519954118", "model_specific_data": {}, "metabolites": [{"formation_fraction": 0.2, "metabolite": {"molarMass": 300.0, "water_solubility": 0.008187484915279031, "vapor_pressure": 2.990823933082049e-08, "reference_temperature": 20.0, "koc": 21.99938030380555, "freundlich": 1.0968520582275736, "dt50": {"system": 6.0, "soil": 102.96746564879636, "surfaceWater": 6.0, "sediment": 6.0}, "plant_uptake": 0.5, "name": "Compound -5081447776421476597", "model_specific_data": {}, "metabolites": []}}]}}