{"gap": {"type": "relative", "arguments": {"name": "GAP -296091488377847865", "modelCrop": "WC", "rate": 250.0, "apply_every_n_years": 1, "number_of_applications": 2, "interval": 14, "model_specific_data": {}, "bbch": 31, "season": 0}}, "compound": {"molarMass": 300.0, "water_solubility": 0.013831816616401753, "vapor_pressure": 4.545527814439221e-05, "reference_temperature": 20.0, "koc": 3022.8005073236072, "freundlich": 1.1120351627796605, "dt50": {"system": 6.0, "soil": 261.06234947152217, "surfaceWater": 6.0, "sediment": 6.0}, "plant_uptake": 0.0, "name": "Compound 8799066190354461403", "model_specific_data": {}, "metabolites": [{"formation_fraction": 0.2, "metabolite": {"molarMass": 300.0, "water_solubility": 0.008094473005557296, "vapor_pressure": 2.1767640544444273e-09, "reference_temperature": 20.0, "koc": 27.75593422517583, "freundlich": 1.1016892159060365, "dt50": {"system": 6.0, "soil": 173.3881757537056, "surfaceWater": 6.0, "sediment": 6.0}, "plant_uptake": 0.5, "name": "Compound -7959224945320508367", "model_specific_data": {}, "metabolites": []}}]}}