{"gap": {"type": "relative", "arguments": {"name": "GAP -296091488377847865", "modelCrop": "WC", "rate": 250.0, "apply_every_n_years": 1, "number_of_applications": 2, "interval": 14, "model_specific_data": {}, "bbch": 31, "season": 0}}, "compound": {"molarMass": 300.0, "water_solubility": 0.0005040185386684993, "vapor_pressure": 0.0003207188164917627, "reference_temperature": 20.0, "koc": 46.46318381956342, "freundlich": 1.032920168142334, "dt50": {"system": 6.0, "soil": 263.60360941230925, "surfaceWater": 6.0, "sediment": 6.0}, "plant_uptake": 0.0, "name": "Compound 2148570464307294515", "model_specific_data": {}, "metabolites": [{"formation_fraction": 0.2, "metabolite": {"molarMass": 300.0, "water_solubility": 0.05906213438230444, "vapor_pressure": 0.000306961289801262, "reference_temperature": 20.0, "koc": 55.2518310164806, "freundlich": 1.023765423288473, "dt50": {"system": 6.0, "soil": 59.30283804545932, "surfaceWater": 6.0, "sediment": 6.0}, "plant_uptake": 0.5, "name": "Compound -1372082621357090020", "model_specific_data": {}, "metabolites": []}}]}}