{"gap": {"type": "relative", "arguments": {"name": "GAP -296091488377847865", "modelCrop": "WC", "rate": 250.0, "apply_every_n_years": 1, "number_of_applications": 2, "interval": 14, "model_specific_data": {}, "bbch": 31, "season": 0}}, "compound": {"molarMass": 300.0, "water_solubility": 0.12437807363247955, "vapor_pressure": 2.7659014558396226e-06, "reference_temperature": 20.0, "koc": 2871.6260490519326, "freundlich": 0.9169444437766541, "dt50": {"system": 6.0, "soil": 48.39861027651749, "surfaceWater": 6.0, "sediment": 6.0}, "plant_uptake": 0.0, "name": "Compound 3732679076854003695", "model_specific_data": {}, "metabolites": [{"formation_fraction": 0.2, "metabolite": {"molarMass": 300.0, "water_solubility": 0.0017257178813040515, "vapor_pressure": 1.616055888450218e-07, "reference_temperature": 20.0, "koc": 103.25540310915369, "freundlich": 0.8390937689409266, "dt50": {"system": 6.0, "soil": 133.21282218983535, "surfaceWater": 6.0, "sediment": 6.0}, "plant_uptake": 0.5, "name": "Compound -2790126583271711863", "model_specific_data": {}, "metabolites": []}}]}}