{"gap": {"type": "relative", "arguments": {"name": "GAP -296091488377847865", "modelCrop": "WC", "rate": 250.0, "apply_every_n_years": 1, "number_of_applications": 2, "interval": 14, "model_specific_data": {}, "bbch": 31, "season": 0}}, "compound": {"molarMass": 300.0, "water_solubility": 0.001704197110895863, "vapor_pressure": 0.11064490249093978, "reference_temperature": 20.0, "koc": 564.5124086798703, "freundlich": 0.8093335010865521, "dt50": {"system": 6.0, "soil": 38.87829279848878, "surfaceWater": 6.0, "sediment": 6.0}, "plant_uptake": 0.0, "name": "Compound -2786104554545306460", "model_specific_data": {}, "metabolites": [{"formation_fraction": 0.2, "metabolite": {"molarMass": 300.0, "water_solubility": 0.01031656874734006, "vapor_pressure": 0.0002024069131683931, "reference_temperature": 20.0, "koc": 173.29743361551778, "freundlich": 1.0690983484003804, "dt50": {"system": 6.0, "soil": 13.266429319537224, "surfaceWater": 6.0, "sediment": 6.0}, "plant_uptake": 0.5, "name": "Compound 4820010529991303936", "model_specific_data": {}, "metabolites": []}}]}}