{"gap": {"type": "relative", "arguments": {"name": "GAP -296091488377847865", "modelCrop": "WC", "rate": 250.0, "apply_every_n_years": 1, "number_of_applications": 2, "interval": 14, "model_specific_data": {}, "bbch": 31, "season": 0}}, "compound": {"molarMass": 300.0, "water_solubility": 0.0007864191480165153, "vapor_pressure": 2.9346149614671024e-07, "reference_temperature": 20.0, "koc": 238.2511701256064, "freundlich": 0.9058465618978546, "dt50": {"system": 6.0, "soil": 139.8649704821454, "surfaceWater": 6.0, "sediment": 6.0}, "plant_uptake": 0.0, "name": "Compound -4641207296147090601", "model_specific_data": {}, "metabolites": [{"formation_fraction": 0.2, "metabolite": {"molarMass": 300.0, "water_solubility": 0.0004119134400271144, "vapor_pressure": 0.00016570132964771522, "reference_temperature": 20.0, "koc": 190.4975974210112, "freundlich": 1.0016466085954614, "dt50": {"system": 6.0, "soil": 252.5017942652948, "surfaceWater": 6.0, "sediment": 6.0}, "plant_uptake": 0.5, "name": "Compound -5201562993489427334", "model_specific_data": {}, "metabolites": []}}]}}