{"gap": {"type": "relative", "arguments": {"name": "GAP -296091488377847865", "modelCrop": "WC", "rate": 250.0, "apply_every_n_years": 1, "number_of_applications": 2, "interval": 14, "model_specific_data": {}, "bbch": 31, "season": 0}}, "compound": {"molarMass": 300.0, "water_solubility": 0.010495989608062103, "vapor_pressure": 7.647097166067547e-07, "reference_temperature": 20.0, "koc": 11.771142849850275, "freundlich": 1.1600479322617534, "dt50": {"system": 6.0, "soil": 275.716607673447, "surfaceWater": 6.0, "sediment": 6.0}, "plant_uptake": 0.0, "name": "Compound -4000949005513022397", "model_specific_data": {}, "metabolites": [{"formation_fraction": 0.2, "metabolite": {"molarMass": 300.0, "water_solubility": 0.007400272622954516, "vapor_pressure": 9.890890563952916e-05, "reference_temperature": 20.0, "koc": 15.215590812863947, "freundlich": 0.777235612895127, "dt50": {"system": 6.0, "soil": 166.87522051100876, "surfaceWater": 6.0, "sediment": 6.0}, "plant_uptake": 0.5, "name": "Compound -3639806246887004601", "model_specific_data": {}, "metabolites": []}}]}}