{"gap": {"type": "relative", "arguments": {"name": "GAP -296091488377847865", "modelCrop": "WC", "rate": 250.0, "apply_every_n_years": 1, "number_of_applications": 2, "interval": 14, "model_specific_data": {}, "bbch": 31, "season": 0}}, "compound": {"molarMass": 300.0, "water_solubility": 0.0010375930028370028, "vapor_pressure": 0.0005179160343894193, "reference_temperature": 20.0, "koc": 1821.43627131116, "freundlich": 1.1585865754300695, "dt50": {"system": 6.0, "soil": 102.56205940384757, "surfaceWater": 6.0, "sediment": 6.0}, "plant_uptake": 0.0, "name": "Compound 5056315969448275822", "model_specific_data": {}, "metabolites": [{"formation_fraction": 0.2, "metabolite": {"molarMass": 300.0, "water_solubility": 0.04646336093199792, "vapor_pressure": 2.0211979234979277e-05, "reference_temperature": 20.0, "koc": 119.30725790414412, "freundlich": 0.8824401572846536, "dt50": {"system": 6.0, "soil": 287.17286440954916, "surfaceWater": 6.0, "sediment": 6.0}, "plant_uptake": 0.5, "name": "Compound 6968898745164481312", "model_specific_data": {}, "metabolites": []}}]}}