{"gap": {"type": "relative", "arguments": {"name": "GAP -296091488377847865", "modelCrop": "WC", "rate": 250.0, "apply_every_n_years": 1, "number_of_applications": 2, "interval": 14, "model_specific_data": {}, "bbch": 31, "season": 0}}, "compound": {"molarMass": 300.0, "water_solubility": 0.0026950960631077522, "vapor_pressure": 3.4934898436062014e-06, "reference_temperature": 20.0, "koc": 60.010069956412, "freundlich": 0.7316670724447999, "dt50": {"system": 6.0, "soil": 275.53229628519335, "surfaceWater": 6.0, "sediment": 6.0}, "plant_uptake": 0.0, "name": "Compound -7342050683360470886", "model_specific_data": {}, "metabolites": [{"formation_fraction": 0.2, "metabolite": {"molarMass": 300.0, "water_solubility": 0.02942832943721262, "vapor_pressure": 0.00013942787935494847, "reference_temperature": 20.0, "koc": 1844.1964393432986, "freundlich": 0.9777106272242402, "dt50": {"system": 6.0, "soil": 47.61682983147519, "surfaceWater": 6.0, "sediment": 6.0}, "plant_uptake": 0.5, "name": "Compound -7905364449815337032", "model_specific_data": {}, "metabolites": []}}]}}