{"gap": {"type": "relative", "arguments": {"name": "GAP -296091488377847865", "modelCrop": "WC", "rate": 250.0, "apply_every_n_years": 1, "number_of_applications": 2, "interval": 14, "model_specific_data": {}, "bbch": 31, "season": 0}}, "compound": {"molarMass": 300.0, "water_solubility": 0.0015793339666304062, "vapor_pressure": 6.8754194964562745e-06, "reference_temperature": 20.0, "koc": 713.7172406193052, "freundlich": 1.0995180887411746, "dt50": {"system": 6.0, "soil": 251.94211863079713, "surfaceWater": 6.0, "sediment": 6.0}, "plant_uptake": 0.0, "name": "Compound 7315962027230685762", "model_specific_data": {}, "metabolites": [{"formation_fraction": 0.2, "metabolite": {"molarMass": 300.0, "water_solubility": 0.0003520387533995006, "vapor_pressure": 0.0009788676061477446, "reference_temperature": 20.0, "koc": 706.559866598335, "freundlich": 0.7127811530933379, "dt50": {"system": 6.0, "soil": 92.61937081274844, "surfaceWater": 6.0, "sediment": 6.0}, "plant_uptake": 0.5, "name": "Compound 3539562221788605825", "model_specific_data": {}, "metabolites": []}}]}}