{"gap": {"type": "relative", "arguments": {"name": "GAP -296091488377847865", "modelCrop": "WC", "rate": 250.0, "apply_every_n_years": 1, "number_of_applications": 2, "interval": 14, "model_specific_data": {}, "bbch": 31, "season": 0}}, "compound": {"molarMass": 300.0, "water_solubility": 0.0018608951003252227, "vapor_pressure": 5.371311540070477e-07, "reference_temperature": 20.0, "koc": 313.1363883382113, "freundlich": 0.8858109375413803, "dt50": {"system": 6.0, "soil": 106.26662726826542, "surfaceWater": 6.0, "sediment": 6.0}, "plant_uptake": 0.0, "name": "Compound -7372652044346758618", "model_specific_data": {}, "metabolites": [{"formation_fraction": 0.2, "metabolite": {"molarMass": 300.0, "water_solubility": 0.0003293777057673964, "vapor_pressure": 0.00039667657380777305, "reference_temperature": 20.0, "koc": 15.857830783859013, "freundlich": 1.0332480092812781, "dt50": {"system": 6.0, "soil": 245.00302601562615, "surfaceWater": 6.0, "sediment": 6.0}, "plant_uptake": 0.5, "name": "Compound 7453433025332330581", "model_specific_data": {}, "metabolites": []}}]}}