{"gap": {"type": "relative", "arguments": {"name": "GAP -296091488377847865", "modelCrop": "WC", "rate": 250.0, "apply_every_n_years": 1, "number_of_applications": 2, "interval": 14, "model_specific_data": {}, "bbch": 31, "season": 0}}, "compound": {"molarMass": 300.0, "water_solubility": 0.08292686023661074, "vapor_pressure": 1.4099676388003195e-06, "reference_temperature": 20.0, "koc": 1240.71450007371, "freundlich": 0.7780542010243823, "dt50": {"system": 6.0, "soil": 227.1822665115635, "surfaceWater": 6.0, "sediment": 6.0}, "plant_uptake": 0.0, "name": "Compound 4550997242599990880", "model_specific_data": {}, "metabolites": [{"formation_fraction": 0.2, "metabolite": {"molarMass": 300.0, "water_solubility": 0.002923881551958375, "vapor_pressure": 7.426529550836249e-06, "reference_temperature": 20.0, "koc": 33.148978226691035, "freundlich": 1.0442992350819515, "dt50": {"system": 6.0, "soil": 66.90259693090385, "surfaceWater": 6.0, "sediment": 6.0}, "plant_uptake": 0.5, "name": "Compound -7707570906680248204", "model_specific_data": {}, "metabolites": []}}]}}