{"gap": {"type": "relative", "arguments": {"name": "GAP -296091488377847865", "modelCrop": "WC", "rate": 250.0, "apply_every_n_years": 1, "number_of_applications": 2, "interval": 14, "model_specific_data": {}, "bbch": 31, "season": 0}}, "compound": {"molarMass": 300.0, "water_solubility": 0.0026579323899532763, "vapor_pressure": 1.5801198346341362e-07, "reference_temperature": 20.0, "koc": 270.6946640895166, "freundlich": 1.0849281515805171, "dt50": {"system": 6.0, "soil": 46.55254479368956, "surfaceWater": 6.0, "sediment": 6.0}, "plant_uptake": 0.0, "name": "Compound 1681220219190550783", "model_specific_data": {}, "metabolites": [{"formation_fraction": 0.2, "metabolite": {"molarMass": 300.0, "water_solubility": 0.0015771422132816793, "vapor_pressure": 5.322985502967257e-07, "reference_temperature": 20.0, "koc": 14.76650569550898, "freundlich": 1.057297293224929, "dt50": {"system": 6.0, "soil": 194.6564561861653, "surfaceWater": 6.0, "sediment": 6.0}, "plant_uptake": 0.5, "name": "Compound 8401224761500494065", "model_specific_data": {}, "metabolites": []}}]}}