{"gap": {"type": "relative", "arguments": {"name": "GAP -296091488377847865", "modelCrop": "WC", "rate": 250.0, "apply_every_n_years": 1, "number_of_applications": 2, "interval": 14, "model_specific_data": {}, "bbch": 31, "season": 0}}, "compound": {"molarMass": 300.0, "water_solubility": 0.025220144192489715, "vapor_pressure": 0.0002133294075679854, "reference_temperature": 20.0, "koc": 240.79587497255764, "freundlich": 1.0341250654113827, "dt50": {"system": 6.0, "soil": 93.78285743812793, "surfaceWater": 6.0, "sediment": 6.0}, "plant_uptake": 0.0, "name": "Compound 5939178192811860568", "model_specific_data": {}, "metabolites": [{"formation_fraction": 0.2, "metabolite": {"molarMass": 300.0, "water_solubility": 0.026347971088173765, "vapor_pressure": 0.004623488565841729, "reference_temperature": 20.0, "koc": 61.91268695241668, "freundlich": 0.8823595797320121, "dt50": {"system": 6.0, "soil": 36.07704159055086, "surfaceWater": 6.0, "sediment": 6.0}, "plant_uptake": 0.5, "name": "Compound -3199447284949912534", "model_specific_data": {}, "metabolites": []}}]}}