{"gap": {"type": "relative", "arguments": {"name": "GAP -296091488377847865", "modelCrop": "WC", "rate": 250.0, "apply_every_n_years": 1, "number_of_applications": 2, "interval": 14, "model_specific_data": {}, "bbch": 31, "season": 0}}, "compound": {"molarMass": 300.0, "water_solubility": 0.06942045403402775, "vapor_pressure": 0.0037984067531775766, "reference_temperature": 20.0, "koc": 662.4831118420768, "freundlich": 0.7066127527350083, "dt50": {"system": 6.0, "soil": 20.291060843296584, "surfaceWater": 6.0, "sediment": 6.0}, "plant_uptake": 0.0, "name": "Compound -3216197699570087309", "model_specific_data": {}, "metabolites": [{"formation_fraction": 0.2, "metabolite": {"molarMass": 300.0, "water_solubility": 0.0020835019677875382, "vapor_pressure": 4.9896996937112285e-06, "reference_temperature": 20.0, "koc": 45.521758494542716, "freundlich": 0.75368611045319, "dt50": {"system": 6.0, "soil": 104.48842832383293, "surfaceWater": 6.0, "sediment": 6.0}, "plant_uptake": 0.5, "name": "Compound -8562160813660128307", "model_specific_data": {}, "metabolites": []}}]}}