{"gap": {"type": "relative", "arguments": {"name": "GAP -296091488377847865", "modelCrop": "WC", "rate": 250.0, "apply_every_n_years": 1, "number_of_applications": 2, "interval": 14, "model_specific_data": {}, "bbch": 31, "season": 0}}, "compound": {"molarMass": 300.0, "water_solubility": 0.03670621193686585, "vapor_pressure": 9.485153358256773e-07, "reference_temperature": 20.0, "koc": 214.2679754592314, "freundlich": 0.7861279812672461, "dt50": {"system": 6.0, "soil": 104.90148807395292, "surfaceWater": 6.0, "sediment": 6.0}, "plant_uptake": 0.0, "name": "Compound -4368205419365896717", "model_specific_data": {}, "metabolites": [{"formation_fraction": 0.2, "metabolite": {"molarMass": 300.0, "water_solubility": 0.006106740631667848, "vapor_pressure": 2.433734430509905e-07, "reference_temperature": 20.0, "koc": 133.89968421756015, "freundlich": 0.776155270582814, "dt50": {"system": 6.0, "soil": 125.1032551909769, "surfaceWater": 6.0, "sediment": 6.0}, "plant_uptake": 0.5, "name": "Compound -4846543127321167994", "model_specific_data": {}, "metabolites": []}}]}}