{"gap": {"type": "relative", "arguments": {"name": "GAP -296091488377847865", "modelCrop": "WC", "rate": 250.0, "apply_every_n_years": 1, "number_of_applications": 2, "interval": 14, "model_specific_data": {}, "bbch": 31, "season": 0}}, "compound": {"molarMass": 300.0, "water_solubility": 0.01163753483911737, "vapor_pressure": 0.0024032004562328825, "reference_temperature": 20.0, "koc": 1423.5076091457163, "freundlich": 1.157005548698851, "dt50": {"system": 6.0, "soil": 85.35744847235868, "surfaceWater": 6.0, "sediment": 6.0}, "plant_uptake": 0.0, "name": "Compound -7682699649598899655", "model_specific_data": {}, "metabolites": [{"formation_fraction": 0.2, "metabolite": {"molarMass": 300.0, "water_solubility": 0.0826216326339142, "vapor_pressure": 7.030506266450629e-05, "reference_temperature": 20.0, "koc": 47.14129325808566, "freundlich": 1.030016911091227, "dt50": {"system": 6.0, "soil": 165.02980538435855, "surfaceWater": 6.0, "sediment": 6.0}, "plant_uptake": 0.5, "name": "Compound 4874125362905886242", "model_specific_data": {}, "metabolites": []}}]}}