{"gap": {"type": "relative", "arguments": {"name": "GAP -296091488377847865", "modelCrop": "WC", "rate": 250.0, "apply_every_n_years": 1, "number_of_applications": 2, "interval": 14, "model_specific_data": {}, "bbch": 31, "season": 0}}, "compound": {"molarMass": 300.0, "water_solubility": 0.011304321243538962, "vapor_pressure": 0.0010897676345456352, "reference_temperature": 20.0, "koc": 172.53230183861925, "freundlich": 1.0676616025481211, "dt50": {"system": 6.0, "soil": 270.75416874518805, "surfaceWater": 6.0, "sediment": 6.0}, "plant_uptake": 0.0, "name": "Compound 2748687860960422531", "model_specific_data": {}, "metabolites": [{"formation_fraction": 0.2, "metabolite": {"molarMass": 300.0, "water_solubility": 0.0012412652087113102, "vapor_pressure": 0.00011871340973188269, "reference_temperature": 20.0, "koc": 69.26882851452145, "freundlich": 1.1252770503367224, "dt50": {"system": 6.0, "soil": 56.12688834079051, "surfaceWater": 6.0, "sediment": 6.0}, "plant_uptake": 0.5, "name": "Compound -2158157877048801036", "model_specific_data": {}, "metabolites": []}}]}}