{"gap": {"type": "relative", "arguments": {"name": "GAP -296091488377847865", "modelCrop": "WC", "rate": 250.0, "apply_every_n_years": 1, "number_of_applications": 2, "interval": 14, "model_specific_data": {}, "bbch": 31, "season": 0}}, "compound": {"molarMass": 300.0, "water_solubility": 0.002003579423292894, "vapor_pressure": 5.252680747528873e-05, "reference_temperature": 20.0, "koc": 4059.7527439672244, "freundlich": 1.0908996909212183, "dt50": {"system": 6.0, "soil": 258.0252890646341, "surfaceWater": 6.0, "sediment": 6.0}, "plant_uptake": 0.0, "name": "Compound 9152331980800961871", "model_specific_data": {}, "metabolites": [{"formation_fraction": 0.2, "metabolite": {"molarMass": 300.0, "water_solubility": 0.02299380791664877, "vapor_pressure": 1.019100396385615e-05, "reference_temperature": 20.0, "koc": 646.7028844418503, "freundlich": 0.9456507036129846, "dt50": {"system": 6.0, "soil": 276.0971883474372, "surfaceWater": 6.0, "sediment": 6.0}, "plant_uptake": 0.5, "name": "Compound 4931674021208549025", "model_specific_data": {}, "metabolites": []}}]}}