{"gap": {"type": "relative", "arguments": {"name": "GAP -296091488377847865", "modelCrop": "WC", "rate": 250.0, "apply_every_n_years": 1, "number_of_applications": 2, "interval": 14, "model_specific_data": {}, "bbch": 31, "season": 0}}, "compound": {"molarMass": 300.0, "water_solubility": 0.030405555651957065, "vapor_pressure": 3.0417021784636212e-05, "reference_temperature": 20.0, "koc": 25.560509433591854, "freundlich": 1.038379263664857, "dt50": {"system": 6.0, "soil": 5.2329980494241175, "surfaceWater": 6.0, "sediment": 6.0}, "plant_uptake": 0.0, "name": "Compound 3321654664181272438", "model_specific_data": {}, "metabolites": [{"formation_fraction": 0.2, "metabolite": {"molarMass": 300.0, "water_solubility": 0.05946174578742848, "vapor_pressure": 2.4931576790306474e-05, "reference_temperature": 20.0, "koc": 17.291859372673645, "freundlich": 0.8491944819436167, "dt50": {"system": 6.0, "soil": 231.0589497251544, "surfaceWater": 6.0, "sediment": 6.0}, "plant_uptake": 0.5, "name": "Compound -4868570598613970891", "model_specific_data": {}, "metabolites": []}}]}}