{"gap": {"type": "relative", "arguments": {"name": "GAP -296091488377847865", "modelCrop": "WC", "rate": 250.0, "apply_every_n_years": 1, "number_of_applications": 2, "interval": 14, "model_specific_data": {}, "bbch": 31, "season": 0}}, "compound": {"molarMass": 300.0, "water_solubility": 0.25713351559840225, "vapor_pressure": 1.1410534077770626e-06, "reference_temperature": 20.0, "koc": 4329.724231951983, "freundlich": 1.1640758320130273, "dt50": {"system": 6.0, "soil": 293.8254233692408, "surfaceWater": 6.0, "sediment": 6.0}, "plant_uptake": 0.0, "name": "Compound 4840947207686913329", "model_specific_data": {}, "metabolites": [{"formation_fraction": 0.2, "metabolite": {"molarMass": 300.0, "water_solubility": 0.0009322285756052479, "vapor_pressure": 0.00010502325117904065, "reference_temperature": 20.0, "koc": 22.031525369884964, "freundlich": 1.1704253113844811, "dt50": {"system": 6.0, "soil": 134.6780227848541, "surfaceWater": 6.0, "sediment": 6.0}, "plant_uptake": 0.5, "name": "Compound 456245649612936426", "model_specific_data": {}, "metabolites": []}}]}}