{"gap": {"type": "relative", "arguments": {"name": "GAP -296091488377847865", "modelCrop": "WC", "rate": 250.0, "apply_every_n_years": 1, "number_of_applications": 2, "interval": 14, "model_specific_data": {}, "bbch": 31, "season": 0}}, "compound": {"molarMass": 300.0, "water_solubility": 0.005708083255944003, "vapor_pressure": 0.00023202968150283097, "reference_temperature": 20.0, "koc": 36.9643497795647, "freundlich": 0.8835351000028102, "dt50": {"system": 6.0, "soil": 248.93262111304202, "surfaceWater": 6.0, "sediment": 6.0}, "plant_uptake": 0.0, "name": "Compound -8727979059776467832", "model_specific_data": {}, "metabolites": [{"formation_fraction": 0.2, "metabolite": {"molarMass": 300.0, "water_solubility": 0.06892918270826726, "vapor_pressure": 1.2644407969035786e-05, "reference_temperature": 20.0, "koc": 22.296198155944623, "freundlich": 0.8195361022417664, "dt50": {"system": 6.0, "soil": 96.0932657546444, "surfaceWater": 6.0, "sediment": 6.0}, "plant_uptake": 0.5, "name": "Compound -8693705368576688936", "model_specific_data": {}, "metabolites": []}}]}}