{"gap": {"type": "relative", "arguments": {"name": "GAP -296091488377847865", "modelCrop": "WC", "rate": 250.0, "apply_every_n_years": 1, "number_of_applications": 2, "interval": 14, "model_specific_data": {}, "bbch": 31, "season": 0}}, "compound": {"molarMass": 300.0, "water_solubility": 0.03624985929355729, "vapor_pressure": 3.178036772822774e-07, "reference_temperature": 20.0, "koc": 22.540499991767728, "freundlich": 1.0778824270260419, "dt50": {"system": 6.0, "soil": 244.33423852981775, "surfaceWater": 6.0, "sediment": 6.0}, "plant_uptake": 0.0, "name": "Compound -7002592155927702812", "model_specific_data": {}, "metabolites": [{"formation_fraction": 0.2, "metabolite": {"molarMass": 300.0, "water_solubility": 0.026044954791377552, "vapor_pressure": 0.004875520572429037, "reference_temperature": 20.0, "koc": 19.72567938247911, "freundlich": 0.7535182118586874, "dt50": {"system": 6.0, "soil": 216.10547333805368, "surfaceWater": 6.0, "sediment": 6.0}, "plant_uptake": 0.5, "name": "Compound -7246104711790756700", "model_specific_data": {}, "metabolites": []}}]}}