{"gap": {"type": "relative", "arguments": {"name": "GAP -296091488377847865", "modelCrop": "WC", "rate": 250.0, "apply_every_n_years": 1, "number_of_applications": 2, "interval": 14, "model_specific_data": {}, "bbch": 31, "season": 0}}, "compound": {"molarMass": 300.0, "water_solubility": 0.0015903422910434613, "vapor_pressure": 0.001104176054034735, "reference_temperature": 20.0, "koc": 1270.4546727470329, "freundlich": 0.8561322184543407, "dt50": {"system": 6.0, "soil": 254.8103954479014, "surfaceWater": 6.0, "sediment": 6.0}, "plant_uptake": 0.0, "name": "Compound -6208366157232927940", "model_specific_data": {}, "metabolites": [{"formation_fraction": 0.2, "metabolite": {"molarMass": 300.0, "water_solubility": 0.018491108200596042, "vapor_pressure": 2.614407224328433e-05, "reference_temperature": 20.0, "koc": 2971.250896731356, "freundlich": 1.0702989456136591, "dt50": {"system": 6.0, "soil": 71.25679185467335, "surfaceWater": 6.0, "sediment": 6.0}, "plant_uptake": 0.5, "name": "Compound -8171732436365381204", "model_specific_data": {}, "metabolites": []}}]}}