{"gap": {"type": "relative", "arguments": {"name": "GAP -296091488377847865", "modelCrop": "WC", "rate": 250.0, "apply_every_n_years": 1, "number_of_applications": 2, "interval": 14, "model_specific_data": {}, "bbch": 31, "season": 0}}, "compound": {"molarMass": 300.0, "water_solubility": 0.018032235309853713, "vapor_pressure": 0.00040114627226245657, "reference_temperature": 20.0, "koc": 38.072734097385315, "freundlich": 0.8503486706997825, "dt50": {"system": 6.0, "soil": 180.58215456703766, "surfaceWater": 6.0, "sediment": 6.0}, "plant_uptake": 0.0, "name": "Compound 6542514709589189700", "model_specific_data": {}, "metabolites": [{"formation_fraction": 0.2, "metabolite": {"molarMass": 300.0, "water_solubility": 0.0029488516204400758, "vapor_pressure": 4.4770852635421836e-07, "reference_temperature": 20.0, "koc": 84.20958116691234, "freundlich": 1.0757196766530854, "dt50": {"system": 6.0, "soil": 81.29967373946621, "surfaceWater": 6.0, "sediment": 6.0}, "plant_uptake": 0.5, "name": "Compound -3138446926857592646", "model_specific_data": {}, "metabolites": []}}]}}