{"gap": {"type": "relative", "arguments": {"name": "GAP -296091488377847865", "modelCrop": "WC", "rate": 250.0, "apply_every_n_years": 1, "number_of_applications": 2, "interval": 14, "model_specific_data": {}, "bbch": 31, "season": 0}}, "compound": {"molarMass": 300.0, "water_solubility": 2.5475116337113244, "vapor_pressure": 1.640810242440931e-05, "reference_temperature": 20.0, "koc": 21.48473026774085, "freundlich": 1.1927251601998576, "dt50": {"system": 6.0, "soil": 11.71128356705898, "surfaceWater": 6.0, "sediment": 6.0}, "plant_uptake": 0.0, "name": "Compound 2165437372783087699", "model_specific_data": {}, "metabolites": [{"formation_fraction": 0.2, "metabolite": {"molarMass": 300.0, "water_solubility": 0.005970483149768997, "vapor_pressure": 6.320845036726746e-06, "reference_temperature": 20.0, "koc": 393.24168885278215, "freundlich": 0.8243560705496904, "dt50": {"system": 6.0, "soil": 117.35514825419068, "surfaceWater": 6.0, "sediment": 6.0}, "plant_uptake": 0.5, "name": "Compound 645054777800671224", "model_specific_data": {}, "metabolites": []}}]}}