{"gap": {"type": "relative", "arguments": {"name": "GAP -296091488377847865", "modelCrop": "WC", "rate": 250.0, "apply_every_n_years": 1, "number_of_applications": 2, "interval": 14, "model_specific_data": {}, "bbch": 31, "season": 0}}, "compound": {"molarMass": 300.0, "water_solubility": 0.0041236029256699475, "vapor_pressure": 3.6871542054386714e-05, "reference_temperature": 20.0, "koc": 97.33459157399999, "freundlich": 0.8857212702965902, "dt50": {"system": 6.0, "soil": 137.91823933074002, "surfaceWater": 6.0, "sediment": 6.0}, "plant_uptake": 0.0, "name": "Compound 8836698747060562372", "model_specific_data": {}, "metabolites": [{"formation_fraction": 0.2, "metabolite": {"molarMass": 300.0, "water_solubility": 0.0032795294402261192, "vapor_pressure": 2.8894028958455865e-07, "reference_temperature": 20.0, "koc": 46.48710834878856, "freundlich": 0.7112487065869912, "dt50": {"system": 6.0, "soil": 99.49344708310123, "surfaceWater": 6.0, "sediment": 6.0}, "plant_uptake": 0.5, "name": "Compound -5979294659741641042", "model_specific_data": {}, "metabolites": []}}]}}