{"gap": {"type": "relative", "arguments": {"name": "GAP -296091488377847865", "modelCrop": "WC", "rate": 250.0, "apply_every_n_years": 1, "number_of_applications": 2, "interval": 14, "model_specific_data": {}, "bbch": 31, "season": 0}}, "compound": {"molarMass": 300.0, "water_solubility": 0.004608463770731575, "vapor_pressure": 2.7724182345195502e-08, "reference_temperature": 20.0, "koc": 1137.1199591626553, "freundlich": 0.7576649010510934, "dt50": {"system": 6.0, "soil": 243.50710813260417, "surfaceWater": 6.0, "sediment": 6.0}, "plant_uptake": 0.0, "name": "Compound 3874684402804082105", "model_specific_data": {}, "metabolites": [{"formation_fraction": 0.2, "metabolite": {"molarMass": 300.0, "water_solubility": 0.01999802514647828, "vapor_pressure": 6.738963939044326e-05, "reference_temperature": 20.0, "koc": 1643.2915285483398, "freundlich": 1.164185514689534, "dt50": {"system": 6.0, "soil": 135.703933467424, "surfaceWater": 6.0, "sediment": 6.0}, "plant_uptake": 0.5, "name": "Compound 5368322545728652991", "model_specific_data": {}, "metabolites": []}}]}}