{"gap": {"type": "relative", "arguments": {"name": "GAP -296091488377847865", "modelCrop": "WC", "rate": 250.0, "apply_every_n_years": 1, "number_of_applications": 2, "interval": 14, "model_specific_data": {}, "bbch": 31, "season": 0}}, "compound": {"molarMass": 300.0, "water_solubility": 0.002403937818681717, "vapor_pressure": 1.9701728700422105e-06, "reference_temperature": 20.0, "koc": 20.46141566001218, "freundlich": 1.0990233146092512, "dt50": {"system": 6.0, "soil": 107.48302791838813, "surfaceWater": 6.0, "sediment": 6.0}, "plant_uptake": 0.0, "name": "Compound 8619845373433843406", "model_specific_data": {}, "metabolites": [{"formation_fraction": 0.2, "metabolite": {"molarMass": 300.0, "water_solubility": 0.015482630182367294, "vapor_pressure": 0.00037766262801803446, "reference_temperature": 20.0, "koc": 1195.414160006819, "freundlich": 0.8156242625273886, "dt50": {"system": 6.0, "soil": 223.5414340484786, "surfaceWater": 6.0, "sediment": 6.0}, "plant_uptake": 0.5, "name": "Compound -5357916963104979911", "model_specific_data": {}, "metabolites": []}}]}}