{"gap": {"type": "relative", "arguments": {"name": "GAP -296091488377847865", "modelCrop": "WC", "rate": 250.0, "apply_every_n_years": 1, "number_of_applications": 2, "interval": 14, "model_specific_data": {}, "bbch": 31, "season": 0}}, "compound": {"molarMass": 300.0, "water_solubility": 0.30231969927798613, "vapor_pressure": 9.129801652056201e-05, "reference_temperature": 20.0, "koc": 10.453704051782118, "freundlich": 0.8326034641796634, "dt50": {"system": 6.0, "soil": 237.74817183210652, "surfaceWater": 6.0, "sediment": 6.0}, "plant_uptake": 0.0, "name": "Compound -1024393695817939270", "model_specific_data": {}, "metabolites": [{"formation_fraction": 0.2, "metabolite": {"molarMass": 300.0, "water_solubility": 0.022790873157447683, "vapor_pressure": 1.8101973798280692e-08, "reference_temperature": 20.0, "koc": 904.4953167598414, "freundlich": 0.7295298427778288, "dt50": {"system": 6.0, "soil": 81.99621959369154, "surfaceWater": 6.0, "sediment": 6.0}, "plant_uptake": 0.5, "name": "Compound -1614278693664606189", "model_specific_data": {}, "metabolites": []}}]}}