{"gap": {"type": "relative", "arguments": {"name": "GAP -296091488377847865", "modelCrop": "WC", "rate": 250.0, "apply_every_n_years": 1, "number_of_applications": 2, "interval": 14, "model_specific_data": {}, "bbch": 31, "season": 0}}, "compound": {"molarMass": 300.0, "water_solubility": 0.08929170269228766, "vapor_pressure": 8.346807473838353e-10, "reference_temperature": 20.0, "koc": 69.47475503787926, "freundlich": 0.7718678422284656, "dt50": {"system": 6.0, "soil": 24.977170948206435, "surfaceWater": 6.0, "sediment": 6.0}, "plant_uptake": 0.0, "name": "Compound 4029352128053876983", "model_specific_data": {}, "metabolites": [{"formation_fraction": 0.2, "metabolite": {"molarMass": 300.0, "water_solubility": 0.0021684062812032815, "vapor_pressure": 7.586394806878612e-07, "reference_temperature": 20.0, "koc": 14.307565674068341, "freundlich": 1.1831093276324853, "dt50": {"system": 6.0, "soil": 145.0734165033451, "surfaceWater": 6.0, "sediment": 6.0}, "plant_uptake": 0.5, "name": "Compound 8911313923083235350", "model_specific_data": {}, "metabolites": []}}]}}