{"gap": {"type": "relative", "arguments": {"name": "GAP -296091488377847865", "modelCrop": "WC", "rate": 250.0, "apply_every_n_years": 1, "number_of_applications": 2, "interval": 14, "model_specific_data": {}, "bbch": 31, "season": 0}}, "compound": {"molarMass": 300.0, "water_solubility": 4.9773853094732164e-05, "vapor_pressure": 0.00033265572125927795, "reference_temperature": 20.0, "koc": 511.3532370748966, "freundlich": 0.8518063322490839, "dt50": {"system": 6.0, "soil": 171.46786497224778, "surfaceWater": 6.0, "sediment": 6.0}, "plant_uptake": 0.0, "name": "Compound 2631671625578019", "model_specific_data": {}, "metabolites": [{"formation_fraction": 0.2, "metabolite": {"molarMass": 300.0, "water_solubility": 0.0034717435980682588, "vapor_pressure": 1.782902749423654e-07, "reference_temperature": 20.0, "koc": 4566.194547858355, "freundlich": 0.8613835136326413, "dt50": {"system": 6.0, "soil": 217.55690408212854, "surfaceWater": 6.0, "sediment": 6.0}, "plant_uptake": 0.5, "name": "Compound -8766765606451880915", "model_specific_data": {}, "metabolites": []}}]}}