{"gap": {"type": "relative", "arguments": {"name": "GAP -296091488377847865", "modelCrop": "WC", "rate": 250.0, "apply_every_n_years": 1, "number_of_applications": 2, "interval": 14, "model_specific_data": {}, "bbch": 31, "season": 0}}, "compound": {"molarMass": 300.0, "water_solubility": 0.008219980308978995, "vapor_pressure": 3.185161220494669e-07, "reference_temperature": 20.0, "koc": 693.0167587449579, "freundlich": 0.9513578738162964, "dt50": {"system": 6.0, "soil": 40.47661688891676, "surfaceWater": 6.0, "sediment": 6.0}, "plant_uptake": 0.0, "name": "Compound 9022257290380930914", "model_specific_data": {}, "metabolites": [{"formation_fraction": 0.2, "metabolite": {"molarMass": 300.0, "water_solubility": 0.0023902498717326393, "vapor_pressure": 3.075045723958925e-05, "reference_temperature": 20.0, "koc": 546.3786428238953, "freundlich": 1.1095555706645992, "dt50": {"system": 6.0, "soil": 242.6083322297318, "surfaceWater": 6.0, "sediment": 6.0}, "plant_uptake": 0.5, "name": "Compound 7357646961537769684", "model_specific_data": {}, "metabolites": []}}]}}