{"gap": {"type": "relative", "arguments": {"name": "GAP -296091488377847865", "modelCrop": "WC", "rate": 250.0, "apply_every_n_years": 1, "number_of_applications": 2, "interval": 14, "model_specific_data": {}, "bbch": 31, "season": 0}}, "compound": {"molarMass": 300.0, "water_solubility": 0.00048789012230854436, "vapor_pressure": 0.00012076320965080967, "reference_temperature": 20.0, "koc": 281.633002321413, "freundlich": 0.9932441677952872, "dt50": {"system": 6.0, "soil": 285.34931746697384, "surfaceWater": 6.0, "sediment": 6.0}, "plant_uptake": 0.0, "name": "Compound -722739355611479206", "model_specific_data": {}, "metabolites": [{"formation_fraction": 0.2, "metabolite": {"molarMass": 300.0, "water_solubility": 0.08383753063607982, "vapor_pressure": 1.0183320602779038e-05, "reference_temperature": 20.0, "koc": 493.601588684479, "freundlich": 0.7783575250615701, "dt50": {"system": 6.0, "soil": 269.2911124058874, "surfaceWater": 6.0, "sediment": 6.0}, "plant_uptake": 0.5, "name": "Compound 8767638618606961078", "model_specific_data": {}, "metabolites": []}}]}}