{"gap": {"type": "relative", "arguments": {"name": "GAP -296091488377847865", "modelCrop": "WC", "rate": 250.0, "apply_every_n_years": 1, "number_of_applications": 2, "interval": 14, "model_specific_data": {}, "bbch": 31, "season": 0}}, "compound": {"molarMass": 300.0, "water_solubility": 0.05278725640630139, "vapor_pressure": 0.0002752507961545104, "reference_temperature": 20.0, "koc": 3521.5152921758163, "freundlich": 1.1402740535759013, "dt50": {"system": 6.0, "soil": 134.0151747510615, "surfaceWater": 6.0, "sediment": 6.0}, "plant_uptake": 0.0, "name": "Compound -4599898070132393572", "model_specific_data": {}, "metabolites": [{"formation_fraction": 0.2, "metabolite": {"molarMass": 300.0, "water_solubility": 0.0026282093869982375, "vapor_pressure": 0.0007216905022041, "reference_temperature": 20.0, "koc": 13.603474477816201, "freundlich": 1.0761803161064638, "dt50": {"system": 6.0, "soil": 16.72563240995205, "surfaceWater": 6.0, "sediment": 6.0}, "plant_uptake": 0.5, "name": "Compound 977664309687459849", "model_specific_data": {}, "metabolites": []}}]}}