{"gap": {"type": "relative", "arguments": {"name": "GAP -296091488377847865", "modelCrop": "WC", "rate": 250.0, "apply_every_n_years": 1, "number_of_applications": 2, "interval": 14, "model_specific_data": {}, "bbch": 31, "season": 0}}, "compound": {"molarMass": 300.0, "water_solubility": 0.004123809743198036, "vapor_pressure": 0.0015680430096935221, "reference_temperature": 20.0, "koc": 413.47610428505425, "freundlich": 0.8315124135030081, "dt50": {"system": 6.0, "soil": 126.55060826234991, "surfaceWater": 6.0, "sediment": 6.0}, "plant_uptake": 0.0, "name": "Compound 1203002395511791229", "model_specific_data": {}, "metabolites": [{"formation_fraction": 0.2, "metabolite": {"molarMass": 300.0, "water_solubility": 0.03400413143280474, "vapor_pressure": 2.2183885424384345e-05, "reference_temperature": 20.0, "koc": 228.9186485112635, "freundlich": 1.0840443256684467, "dt50": {"system": 6.0, "soil": 218.18558250836915, "surfaceWater": 6.0, "sediment": 6.0}, "plant_uptake": 0.5, "name": "Compound 5794315921992250478", "model_specific_data": {}, "metabolites": []}}]}}