{"gap": {"type": "relative", "arguments": {"name": "GAP -296091488377847865", "modelCrop": "WC", "rate": 250.0, "apply_every_n_years": 1, "number_of_applications": 2, "interval": 14, "model_specific_data": {}, "bbch": 31, "season": 0}}, "compound": {"molarMass": 300.0, "water_solubility": 0.03663142905911508, "vapor_pressure": 1.247278951506318e-07, "reference_temperature": 20.0, "koc": 132.35564810589418, "freundlich": 0.8024883258627327, "dt50": {"system": 6.0, "soil": 74.086858090189, "surfaceWater": 6.0, "sediment": 6.0}, "plant_uptake": 0.0, "name": "Compound 7296336275130751494", "model_specific_data": {}, "metabolites": [{"formation_fraction": 0.2, "metabolite": {"molarMass": 300.0, "water_solubility": 0.05193682668732346, "vapor_pressure": 9.338873646477198e-10, "reference_temperature": 20.0, "koc": 38.87000624523815, "freundlich": 0.7509447325089109, "dt50": {"system": 6.0, "soil": 271.44883639466116, "surfaceWater": 6.0, "sediment": 6.0}, "plant_uptake": 0.5, "name": "Compound 6768230814292123719", "model_specific_data": {}, "metabolites": []}}]}}