{"gap": {"type": "relative", "arguments": {"name": "GAP -296091488377847865", "modelCrop": "WC", "rate": 250.0, "apply_every_n_years": 1, "number_of_applications": 2, "interval": 14, "model_specific_data": {}, "bbch": 31, "season": 0}}, "compound": {"molarMass": 300.0, "water_solubility": 0.00029300856175216956, "vapor_pressure": 2.147480462988758e-05, "reference_temperature": 20.0, "koc": 685.2713681093571, "freundlich": 0.9513903564155173, "dt50": {"system": 6.0, "soil": 125.49238684875445, "surfaceWater": 6.0, "sediment": 6.0}, "plant_uptake": 0.0, "name": "Compound -759227871965936834", "model_specific_data": {}, "metabolites": [{"formation_fraction": 0.2, "metabolite": {"molarMass": 300.0, "water_solubility": 0.0721756999929133, "vapor_pressure": 1.7581349469857058e-05, "reference_temperature": 20.0, "koc": 1249.8972142574237, "freundlich": 1.1774985345961955, "dt50": {"system": 6.0, "soil": 148.66765217867692, "surfaceWater": 6.0, "sediment": 6.0}, "plant_uptake": 0.5, "name": "Compound 2057483201867909687", "model_specific_data": {}, "metabolites": []}}]}}