{"gap": {"type": "relative", "arguments": {"name": "GAP -296091488377847865", "modelCrop": "WC", "rate": 250.0, "apply_every_n_years": 1, "number_of_applications": 2, "interval": 14, "model_specific_data": {}, "bbch": 31, "season": 0}}, "compound": {"molarMass": 300.0, "water_solubility": 0.1918123962430465, "vapor_pressure": 1.1189788084561561e-07, "reference_temperature": 20.0, "koc": 45.14951532342399, "freundlich": 0.7288009756160705, "dt50": {"system": 6.0, "soil": 43.39486039928407, "surfaceWater": 6.0, "sediment": 6.0}, "plant_uptake": 0.0, "name": "Compound 7970046330410750199", "model_specific_data": {}, "metabolites": [{"formation_fraction": 0.2, "metabolite": {"molarMass": 300.0, "water_solubility": 0.07926298943289758, "vapor_pressure": 2.9967599824681033e-05, "reference_temperature": 20.0, "koc": 476.71590687983047, "freundlich": 0.8770646967924731, "dt50": {"system": 6.0, "soil": 157.6514759466546, "surfaceWater": 6.0, "sediment": 6.0}, "plant_uptake": 0.5, "name": "Compound 1567071547148124270", "model_specific_data": {}, "metabolites": []}}]}}