{"gap": {"type": "relative", "arguments": {"name": "GAP -296091488377847865", "modelCrop": "WC", "rate": 250.0, "apply_every_n_years": 1, "number_of_applications": 2, "interval": 14, "model_specific_data": {}, "bbch": 31, "season": 0}}, "compound": {"molarMass": 300.0, "water_solubility": 0.0010029607898650605, "vapor_pressure": 1.1387220932863504e-05, "reference_temperature": 20.0, "koc": 4501.149617024431, "freundlich": 0.7751801545229668, "dt50": {"system": 6.0, "soil": 187.36629577212042, "surfaceWater": 6.0, "sediment": 6.0}, "plant_uptake": 0.0, "name": "Compound 5510568895271893263", "model_specific_data": {}, "metabolites": [{"formation_fraction": 0.2, "metabolite": {"molarMass": 300.0, "water_solubility": 0.09046662678016418, "vapor_pressure": 5.339199409929471e-07, "reference_temperature": 20.0, "koc": 44.186077068228194, "freundlich": 1.1314391113685267, "dt50": {"system": 6.0, "soil": 138.4183900541455, "surfaceWater": 6.0, "sediment": 6.0}, "plant_uptake": 0.5, "name": "Compound -1307046395503924406", "model_specific_data": {}, "metabolites": []}}]}}