{"gap": {"type": "relative", "arguments": {"name": "GAP -296091488377847865", "modelCrop": "WC", "rate": 250.0, "apply_every_n_years": 1, "number_of_applications": 2, "interval": 14, "model_specific_data": {}, "bbch": 31, "season": 0}}, "compound": {"molarMass": 300.0, "water_solubility": 0.014495850410915832, "vapor_pressure": 0.0003501555910677695, "reference_temperature": 20.0, "koc": 1486.2845417085632, "freundlich": 0.7967927386981171, "dt50": {"system": 6.0, "soil": 186.77203441079976, "surfaceWater": 6.0, "sediment": 6.0}, "plant_uptake": 0.0, "name": "Compound 2709303212037162934", "model_specific_data": {}, "metabolites": [{"formation_fraction": 0.2, "metabolite": {"molarMass": 300.0, "water_solubility": 0.00039012143443801307, "vapor_pressure": 4.3276157320814983e-07, "reference_temperature": 20.0, "koc": 70.21722817002474, "freundlich": 0.9570574632915028, "dt50": {"system": 6.0, "soil": 216.56458084286518, "surfaceWater": 6.0, "sediment": 6.0}, "plant_uptake": 0.5, "name": "Compound -6903154675161679937", "model_specific_data": {}, "metabolites": []}}]}}