{"gap": {"type": "relative", "arguments": {"name": "GAP -296091488377847865", "modelCrop": "WC", "rate": 250.0, "apply_every_n_years": 1, "number_of_applications": 2, "interval": 14, "model_specific_data": {}, "bbch": 31, "season": 0}}, "compound": {"molarMass": 300.0, "water_solubility": 0.00311235576378524, "vapor_pressure": 0.014959373840294164, "reference_temperature": 20.0, "koc": 97.11490282333841, "freundlich": 0.7104440006759678, "dt50": {"system": 6.0, "soil": 116.10519759836401, "surfaceWater": 6.0, "sediment": 6.0}, "plant_uptake": 0.0, "name": "Compound 2452240375521260699", "model_specific_data": {}, "metabolites": [{"formation_fraction": 0.2, "metabolite": {"molarMass": 300.0, "water_solubility": 0.0007944403952277655, "vapor_pressure": 7.348397775588385e-05, "reference_temperature": 20.0, "koc": 255.12397725086078, "freundlich": 0.9961837809083842, "dt50": {"system": 6.0, "soil": 227.46662102835683, "surfaceWater": 6.0, "sediment": 6.0}, "plant_uptake": 0.5, "name": "Compound -8268220168524229009", "model_specific_data": {}, "metabolites": []}}]}}