{"gap": {"type": "relative", "arguments": {"name": "GAP -296091488377847865", "modelCrop": "WC", "rate": 250.0, "apply_every_n_years": 1, "number_of_applications": 2, "interval": 14, "model_specific_data": {}, "bbch": 31, "season": 0}}, "compound": {"molarMass": 300.0, "water_solubility": 0.002390830806554754, "vapor_pressure": 0.014316517133929806, "reference_temperature": 20.0, "koc": 806.472551176659, "freundlich": 1.0545892180413152, "dt50": {"system": 6.0, "soil": 275.39829533943055, "surfaceWater": 6.0, "sediment": 6.0}, "plant_uptake": 0.0, "name": "Compound -829443533691508357", "model_specific_data": {}, "metabolites": [{"formation_fraction": 0.2, "metabolite": {"molarMass": 300.0, "water_solubility": 0.005246081503560656, "vapor_pressure": 0.0036852648004236446, "reference_temperature": 20.0, "koc": 2899.8677080342636, "freundlich": 1.0846775378538904, "dt50": {"system": 6.0, "soil": 73.8763101722795, "surfaceWater": 6.0, "sediment": 6.0}, "plant_uptake": 0.5, "name": "Compound 7858911777873523040", "model_specific_data": {}, "metabolites": []}}]}}