{"gap": {"type": "relative", "arguments": {"name": "GAP -296091488377847865", "modelCrop": "WC", "rate": 250.0, "apply_every_n_years": 1, "number_of_applications": 2, "interval": 14, "model_specific_data": {}, "bbch": 31, "season": 0}}, "compound": {"molarMass": 300.0, "water_solubility": 0.003505412137115015, "vapor_pressure": 1.1618571056823612e-05, "reference_temperature": 20.0, "koc": 17.961497380552267, "freundlich": 0.9829816753235237, "dt50": {"system": 6.0, "soil": 5.052500035598576, "surfaceWater": 6.0, "sediment": 6.0}, "plant_uptake": 0.0, "name": "Compound -6529659172384906541", "model_specific_data": {}, "metabolites": [{"formation_fraction": 0.2, "metabolite": {"molarMass": 300.0, "water_solubility": 0.007141108650700203, "vapor_pressure": 5.949143112801945e-05, "reference_temperature": 20.0, "koc": 2738.2151238527995, "freundlich": 0.838998407274631, "dt50": {"system": 6.0, "soil": 280.79718123031046, "surfaceWater": 6.0, "sediment": 6.0}, "plant_uptake": 0.5, "name": "Compound 1102146157579126656", "model_specific_data": {}, "metabolites": []}}]}}