{"gap": {"type": "relative", "arguments": {"name": "GAP -296091488377847865", "modelCrop": "WC", "rate": 250.0, "apply_every_n_years": 1, "number_of_applications": 2, "interval": 14, "model_specific_data": {}, "bbch": 31, "season": 0}}, "compound": {"molarMass": 300.0, "water_solubility": 1.0937346771870163e-05, "vapor_pressure": 1.9749134646219607e-06, "reference_temperature": 20.0, "koc": 78.58342727283116, "freundlich": 0.7339395069527719, "dt50": {"system": 6.0, "soil": 3.207333596070197, "surfaceWater": 6.0, "sediment": 6.0}, "plant_uptake": 0.0, "name": "Compound 5208419693431561512", "model_specific_data": {}, "metabolites": [{"formation_fraction": 0.2, "metabolite": {"molarMass": 300.0, "water_solubility": 1.6188621364820428, "vapor_pressure": 4.528277631644993e-05, "reference_temperature": 20.0, "koc": 2656.9531125041617, "freundlich": 1.18039071348772, "dt50": {"system": 6.0, "soil": 287.58801964040146, "surfaceWater": 6.0, "sediment": 6.0}, "plant_uptake": 0.5, "name": "Compound 6602970209486693671", "model_specific_data": {}, "metabolites": []}}]}}