{"gap": {"type": "relative", "arguments": {"name": "GAP -296091488377847865", "modelCrop": "WC", "rate": 250.0, "apply_every_n_years": 1, "number_of_applications": 2, "interval": 14, "model_specific_data": {}, "bbch": 31, "season": 0}}, "compound": {"molarMass": 300.0, "water_solubility": 0.15926047453511255, "vapor_pressure": 0.017205623006182353, "reference_temperature": 20.0, "koc": 2398.3672584678316, "freundlich": 1.1869653115948307, "dt50": {"system": 6.0, "soil": 125.54408217137878, "surfaceWater": 6.0, "sediment": 6.0}, "plant_uptake": 0.0, "name": "Compound -4227097224154624611", "model_specific_data": {}, "metabolites": [{"formation_fraction": 0.2, "metabolite": {"molarMass": 300.0, "water_solubility": 0.0006317823079785157, "vapor_pressure": 0.00011589723295300643, "reference_temperature": 20.0, "koc": 137.45622061554238, "freundlich": 1.048269780574549, "dt50": {"system": 6.0, "soil": 77.1442817788449, "surfaceWater": 6.0, "sediment": 6.0}, "plant_uptake": 0.5, "name": "Compound -264009522385064827", "model_specific_data": {}, "metabolites": []}}]}}