{"gap": {"type": "relative", "arguments": {"name": "GAP -296091488377847865", "modelCrop": "WC", "rate": 250.0, "apply_every_n_years": 1, "number_of_applications": 2, "interval": 14, "model_specific_data": {}, "bbch": 31, "season": 0}}, "compound": {"molarMass": 300.0, "water_solubility": 0.00048294767294423984, "vapor_pressure": 0.007403185464349041, "reference_temperature": 20.0, "koc": 52.30675301812357, "freundlich": 0.8317867972928192, "dt50": {"system": 6.0, "soil": 210.03153689219408, "surfaceWater": 6.0, "sediment": 6.0}, "plant_uptake": 0.0, "name": "Compound 4631569808326530917", "model_specific_data": {}, "metabolites": [{"formation_fraction": 0.2, "metabolite": {"molarMass": 300.0, "water_solubility": 0.05038626275686422, "vapor_pressure": 9.630386697296294e-06, "reference_temperature": 20.0, "koc": 16.83810621994925, "freundlich": 0.8277461844311707, "dt50": {"system": 6.0, "soil": 197.51573238137226, "surfaceWater": 6.0, "sediment": 6.0}, "plant_uptake": 0.5, "name": "Compound -4695053685963974007", "model_specific_data": {}, "metabolites": []}}]}}