{"gap": {"type": "relative", "arguments": {"name": "GAP -296091488377847865", "modelCrop": "WC", "rate": 250.0, "apply_every_n_years": 1, "number_of_applications": 2, "interval": 14, "model_specific_data": {}, "bbch": 31, "season": 0}}, "compound": {"molarMass": 300.0, "water_solubility": 0.02271255368124814, "vapor_pressure": 2.898628519123923e-06, "reference_temperature": 20.0, "koc": 17.744621213629188, "freundlich": 0.9713786439186595, "dt50": {"system": 6.0, "soil": 116.24843759378368, "surfaceWater": 6.0, "sediment": 6.0}, "plant_uptake": 0.0, "name": "Compound 3949870550761166239", "model_specific_data": {}, "metabolites": [{"formation_fraction": 0.2, "metabolite": {"molarMass": 300.0, "water_solubility": 0.03139086415023041, "vapor_pressure": 0.0012902433556509884, "reference_temperature": 20.0, "koc": 147.18329146577227, "freundlich": 0.9607758547215046, "dt50": {"system": 6.0, "soil": 192.34884939269676, "surfaceWater": 6.0, "sediment": 6.0}, "plant_uptake": 0.5, "name": "Compound 3589245471913607827", "model_specific_data": {}, "metabolites": []}}]}}