{"gap": {"type": "relative", "arguments": {"name": "GAP -296091488377847865", "modelCrop": "WC", "rate": 250.0, "apply_every_n_years": 1, "number_of_applications": 2, "interval": 14, "model_specific_data": {}, "bbch": 31, "season": 0}}, "compound": {"molarMass": 300.0, "water_solubility": 0.03368182590193758, "vapor_pressure": 0.006999763802957224, "reference_temperature": 20.0, "koc": 97.84731749862702, "freundlich": 0.8175741515543464, "dt50": {"system": 6.0, "soil": 80.6464199063856, "surfaceWater": 6.0, "sediment": 6.0}, "plant_uptake": 0.0, "name": "Compound 7834200992944143932", "model_specific_data": {}, "metabolites": [{"formation_fraction": 0.2, "metabolite": {"molarMass": 300.0, "water_solubility": 0.0013271532342489238, "vapor_pressure": 0.0010669541448835164, "reference_temperature": 20.0, "koc": 118.22401711762474, "freundlich": 0.9069655291874593, "dt50": {"system": 6.0, "soil": 70.494682312043, "surfaceWater": 6.0, "sediment": 6.0}, "plant_uptake": 0.5, "name": "Compound 4842190074687942937", "model_specific_data": {}, "metabolites": []}}]}}