{"gap": {"type": "relative", "arguments": {"name": "GAP -296091488377847865", "modelCrop": "WC", "rate": 250.0, "apply_every_n_years": 1, "number_of_applications": 2, "interval": 14, "model_specific_data": {}, "bbch": 31, "season": 0}}, "compound": {"molarMass": 300.0, "water_solubility": 0.001962673588871821, "vapor_pressure": 0.0014083863048181336, "reference_temperature": 20.0, "koc": 44.84877128670362, "freundlich": 0.8879969210185026, "dt50": {"system": 6.0, "soil": 28.253523122627207, "surfaceWater": 6.0, "sediment": 6.0}, "plant_uptake": 0.0, "name": "Compound -6146801696773865076", "model_specific_data": {}, "metabolites": [{"formation_fraction": 0.2, "metabolite": {"molarMass": 300.0, "water_solubility": 0.0013004331238976462, "vapor_pressure": 8.652658060564688e-05, "reference_temperature": 20.0, "koc": 610.7605426847896, "freundlich": 0.7049372533734248, "dt50": {"system": 6.0, "soil": 198.31111763521608, "surfaceWater": 6.0, "sediment": 6.0}, "plant_uptake": 0.5, "name": "Compound 4852472995682811174", "model_specific_data": {}, "metabolites": []}}]}}