{"gap": {"type": "relative", "arguments": {"name": "GAP -296091488377847865", "modelCrop": "WC", "rate": 250.0, "apply_every_n_years": 1, "number_of_applications": 2, "interval": 14, "model_specific_data": {}, "bbch": 31, "season": 0}}, "compound": {"molarMass": 300.0, "water_solubility": 0.003787070263968018, "vapor_pressure": 2.1200602890382752e-05, "reference_temperature": 20.0, "koc": 128.40747106529835, "freundlich": 0.9556754292114658, "dt50": {"system": 6.0, "soil": 61.84046968277031, "surfaceWater": 6.0, "sediment": 6.0}, "plant_uptake": 0.0, "name": "Compound -3776195022157883747", "model_specific_data": {}, "metabolites": [{"formation_fraction": 0.2, "metabolite": {"molarMass": 300.0, "water_solubility": 0.003927657196559416, "vapor_pressure": 2.963333537503298e-08, "reference_temperature": 20.0, "koc": 1892.3546605140068, "freundlich": 1.0862461663978658, "dt50": {"system": 6.0, "soil": 127.73373987982386, "surfaceWater": 6.0, "sediment": 6.0}, "plant_uptake": 0.5, "name": "Compound 6880836161956449479", "model_specific_data": {}, "metabolites": []}}]}}