{"gap": {"type": "relative", "arguments": {"name": "GAP -296091488377847865", "modelCrop": "WC", "rate": 250.0, "apply_every_n_years": 1, "number_of_applications": 2, "interval": 14, "model_specific_data": {}, "bbch": 31, "season": 0}}, "compound": {"molarMass": 300.0, "water_solubility": 0.2080027151795759, "vapor_pressure": 4.567262462145195e-07, "reference_temperature": 20.0, "koc": 1610.0751431535991, "freundlich": 1.1852587813593782, "dt50": {"system": 6.0, "soil": 80.82539806304551, "surfaceWater": 6.0, "sediment": 6.0}, "plant_uptake": 0.0, "name": "Compound -7228531699502645347", "model_specific_data": {}, "metabolites": [{"formation_fraction": 0.2, "metabolite": {"molarMass": 300.0, "water_solubility": 0.013329991797969168, "vapor_pressure": 1.6850270345549571e-06, "reference_temperature": 20.0, "koc": 36.59078299160755, "freundlich": 1.055625206350852, "dt50": {"system": 6.0, "soil": 182.86286060362912, "surfaceWater": 6.0, "sediment": 6.0}, "plant_uptake": 0.5, "name": "Compound -9050401118830568920", "model_specific_data": {}, "metabolites": []}}]}}