{"gap": {"type": "relative", "arguments": {"name": "GAP -296091488377847865", "modelCrop": "WC", "rate": 250.0, "apply_every_n_years": 1, "number_of_applications": 2, "interval": 14, "model_specific_data": {}, "bbch": 31, "season": 0}}, "compound": {"molarMass": 300.0, "water_solubility": 0.0010684184872758464, "vapor_pressure": 4.025947638308681e-06, "reference_temperature": 20.0, "koc": 517.8354898314801, "freundlich": 0.7698284100301587, "dt50": {"system": 6.0, "soil": 131.41047859381055, "surfaceWater": 6.0, "sediment": 6.0}, "plant_uptake": 0.0, "name": "Compound -5801233167845902717", "model_specific_data": {}, "metabolites": [{"formation_fraction": 0.2, "metabolite": {"molarMass": 300.0, "water_solubility": 0.049160685168836066, "vapor_pressure": 1.0886385628218735e-05, "reference_temperature": 20.0, "koc": 1256.0987869198864, "freundlich": 0.7146794715163594, "dt50": {"system": 6.0, "soil": 246.9368286372124, "surfaceWater": 6.0, "sediment": 6.0}, "plant_uptake": 0.5, "name": "Compound 6325159357844126307", "model_specific_data": {}, "metabolites": []}}]}}