{"gap": {"type": "relative", "arguments": {"name": "GAP -296091488377847865", "modelCrop": "WC", "rate": 250.0, "apply_every_n_years": 1, "number_of_applications": 2, "interval": 14, "model_specific_data": {}, "bbch": 31, "season": 0}}, "compound": {"molarMass": 300.0, "water_solubility": 0.0031466922453361537, "vapor_pressure": 2.3607733788025598e-05, "reference_temperature": 20.0, "koc": 19.375037090694796, "freundlich": 1.0739737994738108, "dt50": {"system": 6.0, "soil": 179.24108610483876, "surfaceWater": 6.0, "sediment": 6.0}, "plant_uptake": 0.0, "name": "Compound -6738057284646994224", "model_specific_data": {}, "metabolites": [{"formation_fraction": 0.2, "metabolite": {"molarMass": 300.0, "water_solubility": 0.05781363002119167, "vapor_pressure": 5.061021170575757e-06, "reference_temperature": 20.0, "koc": 12.340587912016137, "freundlich": 1.1905181776273215, "dt50": {"system": 6.0, "soil": 263.46879327564096, "surfaceWater": 6.0, "sediment": 6.0}, "plant_uptake": 0.5, "name": "Compound 6337691761124446639", "model_specific_data": {}, "metabolites": []}}]}}