{"gap": {"type": "relative", "arguments": {"name": "GAP -296091488377847865", "modelCrop": "WC", "rate": 250.0, "apply_every_n_years": 1, "number_of_applications": 2, "interval": 14, "model_specific_data": {}, "bbch": 31, "season": 0}}, "compound": {"molarMass": 300.0, "water_solubility": 0.0056252059642428135, "vapor_pressure": 0.00011037928732957479, "reference_temperature": 20.0, "koc": 28.44368603329731, "freundlich": 1.1824244870686258, "dt50": {"system": 6.0, "soil": 264.16263875280686, "surfaceWater": 6.0, "sediment": 6.0}, "plant_uptake": 0.0, "name": "Compound -7324692142007471334", "model_specific_data": {}, "metabolites": [{"formation_fraction": 0.2, "metabolite": {"molarMass": 300.0, "water_solubility": 0.0014123053408263994, "vapor_pressure": 0.00014002412731573956, "reference_temperature": 20.0, "koc": 41.14825292697178, "freundlich": 0.9699099698240536, "dt50": {"system": 6.0, "soil": 40.05670622971972, "surfaceWater": 6.0, "sediment": 6.0}, "plant_uptake": 0.5, "name": "Compound 1926323554531219790", "model_specific_data": {}, "metabolites": []}}]}}