{"gap": {"type": "relative", "arguments": {"name": "GAP -296091488377847865", "modelCrop": "WC", "rate": 250.0, "apply_every_n_years": 1, "number_of_applications": 2, "interval": 14, "model_specific_data": {}, "bbch": 31, "season": 0}}, "compound": {"molarMass": 300.0, "water_solubility": 0.0009798157266747989, "vapor_pressure": 0.0001521287464260495, "reference_temperature": 20.0, "koc": 961.740919899561, "freundlich": 1.1964697797055721, "dt50": {"system": 6.0, "soil": 185.64006749563356, "surfaceWater": 6.0, "sediment": 6.0}, "plant_uptake": 0.0, "name": "Compound -955828488178614940", "model_specific_data": {}, "metabolites": [{"formation_fraction": 0.2, "metabolite": {"molarMass": 300.0, "water_solubility": 0.01606591571780239, "vapor_pressure": 0.00041834844496014585, "reference_temperature": 20.0, "koc": 269.9328961468902, "freundlich": 1.1536002376160663, "dt50": {"system": 6.0, "soil": 156.90994657646002, "surfaceWater": 6.0, "sediment": 6.0}, "plant_uptake": 0.5, "name": "Compound -2268504912194380717", "model_specific_data": {}, "metabolites": []}}]}}