{"gap": {"type": "relative", "arguments": {"name": "GAP -296091488377847865", "modelCrop": "WC", "rate": 250.0, "apply_every_n_years": 1, "number_of_applications": 2, "interval": 14, "model_specific_data": {}, "bbch": 31, "season": 0}}, "compound": {"molarMass": 300.0, "water_solubility": 0.00020317683805462692, "vapor_pressure": 5.23848112440582e-05, "reference_temperature": 20.0, "koc": 2737.117662532113, "freundlich": 0.8503943401663095, "dt50": {"system": 6.0, "soil": 216.0182887971038, "surfaceWater": 6.0, "sediment": 6.0}, "plant_uptake": 0.0, "name": "Compound -2067446404095575837", "model_specific_data": {}, "metabolites": [{"formation_fraction": 0.2, "metabolite": {"molarMass": 300.0, "water_solubility": 0.0262506805453338, "vapor_pressure": 1.4851591374595953e-07, "reference_temperature": 20.0, "koc": 1351.361901611207, "freundlich": 1.186865535220813, "dt50": {"system": 6.0, "soil": 75.99856406673209, "surfaceWater": 6.0, "sediment": 6.0}, "plant_uptake": 0.5, "name": "Compound -963428097476849162", "model_specific_data": {}, "metabolites": []}}]}}