{"gap": {"type": "relative", "arguments": {"name": "GAP -296091488377847865", "modelCrop": "WC", "rate": 250.0, "apply_every_n_years": 1, "number_of_applications": 2, "interval": 14, "model_specific_data": {}, "bbch": 31, "season": 0}}, "compound": {"molarMass": 300.0, "water_solubility": 0.0032679020495632962, "vapor_pressure": 1.2903191059321856e-08, "reference_temperature": 20.0, "koc": 1014.9688051634374, "freundlich": 0.718929405802414, "dt50": {"system": 6.0, "soil": 52.709247691399284, "surfaceWater": 6.0, "sediment": 6.0}, "plant_uptake": 0.0, "name": "Compound 6934779104610413601", "model_specific_data": {}, "metabolites": [{"formation_fraction": 0.2, "metabolite": {"molarMass": 300.0, "water_solubility": 0.00032555223941774334, "vapor_pressure": 0.012050283596405371, "reference_temperature": 20.0, "koc": 923.7093805190061, "freundlich": 0.7156557325861692, "dt50": {"system": 6.0, "soil": 214.57063858034235, "surfaceWater": 6.0, "sediment": 6.0}, "plant_uptake": 0.5, "name": "Compound -3422320089053954762", "model_specific_data": {}, "metabolites": []}}]}}