{"gap": {"type": "relative", "arguments": {"name": "GAP -296091488377847865", "modelCrop": "WC", "rate": 250.0, "apply_every_n_years": 1, "number_of_applications": 2, "interval": 14, "model_specific_data": {}, "bbch": 31, "season": 0}}, "compound": {"molarMass": 300.0, "water_solubility": 0.029453173369297328, "vapor_pressure": 3.3633747718795726e-07, "reference_temperature": 20.0, "koc": 18.135707943891656, "freundlich": 0.7241030139506854, "dt50": {"system": 6.0, "soil": 163.28480350967405, "surfaceWater": 6.0, "sediment": 6.0}, "plant_uptake": 0.0, "name": "Compound 8974782355100802655", "model_specific_data": {}, "metabolites": [{"formation_fraction": 0.2, "metabolite": {"molarMass": 300.0, "water_solubility": 0.09137934678684423, "vapor_pressure": 1.5735000761207535e-05, "reference_temperature": 20.0, "koc": 222.4953724505958, "freundlich": 1.155954308898726, "dt50": {"system": 6.0, "soil": 232.03364556341467, "surfaceWater": 6.0, "sediment": 6.0}, "plant_uptake": 0.5, "name": "Compound -970621098001721442", "model_specific_data": {}, "metabolites": []}}]}}