{"gap": {"type": "relative", "arguments": {"name": "GAP -296091488377847865", "modelCrop": "WC", "rate": 250.0, "apply_every_n_years": 1, "number_of_applications": 2, "interval": 14, "model_specific_data": {}, "bbch": 31, "season": 0}}, "compound": {"molarMass": 300.0, "water_solubility": 8.724960202557547e-05, "vapor_pressure": 0.00203673440765161, "reference_temperature": 20.0, "koc": 176.87198176339132, "freundlich": 0.7244288702208508, "dt50": {"system": 6.0, "soil": 244.4597933763563, "surfaceWater": 6.0, "sediment": 6.0}, "plant_uptake": 0.0, "name": "Compound 2555482815458936992", "model_specific_data": {}, "metabolites": [{"formation_fraction": 0.2, "metabolite": {"molarMass": 300.0, "water_solubility": 0.007220469200221605, "vapor_pressure": 2.3807560234717478e-07, "reference_temperature": 20.0, "koc": 126.71753974580203, "freundlich": 0.8351292043557949, "dt50": {"system": 6.0, "soil": 194.114113891007, "surfaceWater": 6.0, "sediment": 6.0}, "plant_uptake": 0.5, "name": "Compound -1089410398087918435", "model_specific_data": {}, "metabolites": []}}]}}