{"gap": {"type": "relative", "arguments": {"name": "GAP -296091488377847865", "modelCrop": "WC", "rate": 250.0, "apply_every_n_years": 1, "number_of_applications": 2, "interval": 14, "model_specific_data": {}, "bbch": 31, "season": 0}}, "compound": {"molarMass": 300.0, "water_solubility": 0.00808831691361943, "vapor_pressure": 1.3243136244560631e-06, "reference_temperature": 20.0, "koc": 34.38678830149453, "freundlich": 0.8250312613875272, "dt50": {"system": 6.0, "soil": 162.37398269046417, "surfaceWater": 6.0, "sediment": 6.0}, "plant_uptake": 0.0, "name": "Compound -2209857148824923385", "model_specific_data": {}, "metabolites": [{"formation_fraction": 0.2, "metabolite": {"molarMass": 300.0, "water_solubility": 0.0013955025997865523, "vapor_pressure": 1.1348917339693316e-05, "reference_temperature": 20.0, "koc": 163.81002204687493, "freundlich": 0.8062270222053745, "dt50": {"system": 6.0, "soil": 151.57769261240736, "surfaceWater": 6.0, "sediment": 6.0}, "plant_uptake": 0.5, "name": "Compound 5042891534751880457", "model_specific_data": {}, "metabolites": []}}]}}