{"gap": {"type": "relative", "arguments": {"name": "GAP -296091488377847865", "modelCrop": "WC", "rate": 250.0, "apply_every_n_years": 1, "number_of_applications": 2, "interval": 14, "model_specific_data": {}, "bbch": 31, "season": 0}}, "compound": {"molarMass": 300.0, "water_solubility": 0.004993464248310673, "vapor_pressure": 2.27285627703393e-05, "reference_temperature": 20.0, "koc": 54.80047108545334, "freundlich": 1.1570675805644792, "dt50": {"system": 6.0, "soil": 199.9865826667458, "surfaceWater": 6.0, "sediment": 6.0}, "plant_uptake": 0.0, "name": "Compound -5311705402132479184", "model_specific_data": {}, "metabolites": [{"formation_fraction": 0.2, "metabolite": {"molarMass": 300.0, "water_solubility": 0.01685594474179652, "vapor_pressure": 0.0039999708852553805, "reference_temperature": 20.0, "koc": 21.296235135560824, "freundlich": 0.7814480347490292, "dt50": {"system": 6.0, "soil": 179.78880839203796, "surfaceWater": 6.0, "sediment": 6.0}, "plant_uptake": 0.5, "name": "Compound -9209284582468700231", "model_specific_data": {}, "metabolites": []}}]}}