{"gap": {"type": "relative", "arguments": {"name": "GAP -296091488377847865", "modelCrop": "WC", "rate": 250.0, "apply_every_n_years": 1, "number_of_applications": 2, "interval": 14, "model_specific_data": {}, "bbch": 31, "season": 0}}, "compound": {"molarMass": 300.0, "water_solubility": 0.02524548300361417, "vapor_pressure": 1.502575043199678e-07, "reference_temperature": 20.0, "koc": 2717.8977505557814, "freundlich": 0.7760550355212823, "dt50": {"system": 6.0, "soil": 109.23082350836042, "surfaceWater": 6.0, "sediment": 6.0}, "plant_uptake": 0.0, "name": "Compound -5076563027898300977", "model_specific_data": {}, "metabolites": [{"formation_fraction": 0.2, "metabolite": {"molarMass": 300.0, "water_solubility": 0.0015212051041475394, "vapor_pressure": 3.570329784406333e-08, "reference_temperature": 20.0, "koc": 165.80336443076357, "freundlich": 0.82974373378858, "dt50": {"system": 6.0, "soil": 21.373228930233847, "surfaceWater": 6.0, "sediment": 6.0}, "plant_uptake": 0.5, "name": "Compound -3837090588266266415", "model_specific_data": {}, "metabolites": []}}]}}