{"gap": {"type": "relative", "arguments": {"name": "GAP -296091488377847865", "modelCrop": "WC", "rate": 250.0, "apply_every_n_years": 1, "number_of_applications": 2, "interval": 14, "model_specific_data": {}, "bbch": 31, "season": 0}}, "compound": {"molarMass": 300.0, "water_solubility": 0.0017736678406216583, "vapor_pressure": 8.603731032648736e-05, "reference_temperature": 20.0, "koc": 3587.2456777819616, "freundlich": 0.898194016914913, "dt50": {"system": 6.0, "soil": 67.70734981659636, "surfaceWater": 6.0, "sediment": 6.0}, "plant_uptake": 0.0, "name": "Compound 6835008664665954388", "model_specific_data": {}, "metabolites": [{"formation_fraction": 0.2, "metabolite": {"molarMass": 300.0, "water_solubility": 0.009068301850173679, "vapor_pressure": 8.47866947827299e-08, "reference_temperature": 20.0, "koc": 48.881071419765526, "freundlich": 0.770905803782791, "dt50": {"system": 6.0, "soil": 7.949464638406853, "surfaceWater": 6.0, "sediment": 6.0}, "plant_uptake": 0.5, "name": "Compound 5448928979815278773", "model_specific_data": {}, "metabolites": []}}]}}