{"gap": {"type": "relative", "arguments": {"name": "GAP -296091488377847865", "modelCrop": "WC", "rate": 250.0, "apply_every_n_years": 1, "number_of_applications": 2, "interval": 14, "model_specific_data": {}, "bbch": 31, "season": 0}}, "compound": {"molarMass": 300.0, "water_solubility": 0.00020573018602675473, "vapor_pressure": 0.00011166661480648105, "reference_temperature": 20.0, "koc": 22.98363823529325, "freundlich": 1.090426915065197, "dt50": {"system": 6.0, "soil": 189.90003117093812, "surfaceWater": 6.0, "sediment": 6.0}, "plant_uptake": 0.0, "name": "Compound 6935504784739237714", "model_specific_data": {}, "metabolites": [{"formation_fraction": 0.2, "metabolite": {"molarMass": 300.0, "water_solubility": 0.23800761987857452, "vapor_pressure": 2.8080645277521566e-05, "reference_temperature": 20.0, "koc": 268.38134053577227, "freundlich": 0.7544895602684203, "dt50": {"system": 6.0, "soil": 4.743480074968261, "surfaceWater": 6.0, "sediment": 6.0}, "plant_uptake": 0.5, "name": "Compound -3940681117014083261", "model_specific_data": {}, "metabolites": []}}]}}