{"gap": {"type": "relative", "arguments": {"name": "GAP -296091488377847865", "modelCrop": "WC", "rate": 250.0, "apply_every_n_years": 1, "number_of_applications": 2, "interval": 14, "model_specific_data": {}, "bbch": 31, "season": 0}}, "compound": {"molarMass": 300.0, "water_solubility": 0.04316058111076078, "vapor_pressure": 2.9002513148386073e-06, "reference_temperature": 20.0, "koc": 1453.5944602657573, "freundlich": 0.7220034524288912, "dt50": {"system": 6.0, "soil": 79.23408726104167, "surfaceWater": 6.0, "sediment": 6.0}, "plant_uptake": 0.0, "name": "Compound -5740043141310013711", "model_specific_data": {}, "metabolites": [{"formation_fraction": 0.2, "metabolite": {"molarMass": 300.0, "water_solubility": 0.007145611978934168, "vapor_pressure": 0.00010704753256802637, "reference_temperature": 20.0, "koc": 575.3212689182515, "freundlich": 0.9413444443803123, "dt50": {"system": 6.0, "soil": 194.85005872259217, "surfaceWater": 6.0, "sediment": 6.0}, "plant_uptake": 0.5, "name": "Compound 3466643050928282538", "model_specific_data": {}, "metabolites": []}}]}}