{"gap": {"type": "relative", "arguments": {"name": "GAP -296091488377847865", "modelCrop": "WC", "rate": 250.0, "apply_every_n_years": 1, "number_of_applications": 2, "interval": 14, "model_specific_data": {}, "bbch": 31, "season": 0}}, "compound": {"molarMass": 300.0, "water_solubility": 0.08919788560334076, "vapor_pressure": 3.3153557735871246e-05, "reference_temperature": 20.0, "koc": 93.6163870645795, "freundlich": 0.9509789944214001, "dt50": {"system": 6.0, "soil": 133.75254143808652, "surfaceWater": 6.0, "sediment": 6.0}, "plant_uptake": 0.0, "name": "Compound 1344902739188231859", "model_specific_data": {}, "metabolites": [{"formation_fraction": 0.2, "metabolite": {"molarMass": 300.0, "water_solubility": 0.0005707566499908059, "vapor_pressure": 0.00017546868297686725, "reference_temperature": 20.0, "koc": 10.325499808850168, "freundlich": 0.8682705434275098, "dt50": {"system": 6.0, "soil": 161.55003742715994, "surfaceWater": 6.0, "sediment": 6.0}, "plant_uptake": 0.5, "name": "Compound -4259092894554662024", "model_specific_data": {}, "metabolites": []}}]}}