{"gap": {"type": "relative", "arguments": {"name": "GAP -296091488377847865", "modelCrop": "WC", "rate": 250.0, "apply_every_n_years": 1, "number_of_applications": 2, "interval": 14, "model_specific_data": {}, "bbch": 31, "season": 0}}, "compound": {"molarMass": 300.0, "water_solubility": 0.01721630431319022, "vapor_pressure": 5.156752430161895e-08, "reference_temperature": 20.0, "koc": 27.450071044864526, "freundlich": 1.0450508744905034, "dt50": {"system": 6.0, "soil": 202.1575728290416, "surfaceWater": 6.0, "sediment": 6.0}, "plant_uptake": 0.0, "name": "Compound 2081472931662625861", "model_specific_data": {}, "metabolites": [{"formation_fraction": 0.2, "metabolite": {"molarMass": 300.0, "water_solubility": 0.5322643955845, "vapor_pressure": 2.200020938208154e-05, "reference_temperature": 20.0, "koc": 276.3994459804069, "freundlich": 1.170308371181595, "dt50": {"system": 6.0, "soil": 12.785230906950856, "surfaceWater": 6.0, "sediment": 6.0}, "plant_uptake": 0.5, "name": "Compound 3579529278043244016", "model_specific_data": {}, "metabolites": []}}]}}