{"gap": {"type": "relative", "arguments": {"name": "GAP -296091488377847865", "modelCrop": "WC", "rate": 250.0, "apply_every_n_years": 1, "number_of_applications": 2, "interval": 14, "model_specific_data": {}, "bbch": 31, "season": 0}}, "compound": {"molarMass": 300.0, "water_solubility": 0.01203235248871059, "vapor_pressure": 1.1855240709597603e-07, "reference_temperature": 20.0, "koc": 53.8594262650667, "freundlich": 1.023384428421535, "dt50": {"system": 6.0, "soil": 196.34758665025123, "surfaceWater": 6.0, "sediment": 6.0}, "plant_uptake": 0.0, "name": "Compound 5086428093538174597", "model_specific_data": {}, "metabolites": [{"formation_fraction": 0.2, "metabolite": {"molarMass": 300.0, "water_solubility": 0.00010373506370451067, "vapor_pressure": 3.4970404490592896e-06, "reference_temperature": 20.0, "koc": 1653.4177363644676, "freundlich": 0.9494475108061255, "dt50": {"system": 6.0, "soil": 151.57627217907807, "surfaceWater": 6.0, "sediment": 6.0}, "plant_uptake": 0.5, "name": "Compound 4272858134991184962", "model_specific_data": {}, "metabolites": []}}]}}