{"gap": {"type": "relative", "arguments": {"name": "GAP -296091488377847865", "modelCrop": "WC", "rate": 250.0, "apply_every_n_years": 1, "number_of_applications": 2, "interval": 14, "model_specific_data": {}, "bbch": 31, "season": 0}}, "compound": {"molarMass": 300.0, "water_solubility": 0.07424609903199268, "vapor_pressure": 0.0011535688691236919, "reference_temperature": 20.0, "koc": 42.09613897523972, "freundlich": 1.1973086014191003, "dt50": {"system": 6.0, "soil": 169.4809755307741, "surfaceWater": 6.0, "sediment": 6.0}, "plant_uptake": 0.0, "name": "Compound -1589068561421816976", "model_specific_data": {}, "metabolites": [{"formation_fraction": 0.2, "metabolite": {"molarMass": 300.0, "water_solubility": 0.006795800832008579, "vapor_pressure": 0.0019434698333757367, "reference_temperature": 20.0, "koc": 2624.983085394332, "freundlich": 0.7029627060989871, "dt50": {"system": 6.0, "soil": 229.6436807350157, "surfaceWater": 6.0, "sediment": 6.0}, "plant_uptake": 0.5, "name": "Compound -8972166269518636065", "model_specific_data": {}, "metabolites": []}}]}}