{"gap": {"type": "relative", "arguments": {"name": "GAP -296091488377847865", "modelCrop": "WC", "rate": 250.0, "apply_every_n_years": 1, "number_of_applications": 2, "interval": 14, "model_specific_data": {}, "bbch": 31, "season": 0}}, "compound": {"molarMass": 300.0, "water_solubility": 0.001885404811273343, "vapor_pressure": 9.270822234170376e-07, "reference_temperature": 20.0, "koc": 93.18830000352182, "freundlich": 1.1665756643905347, "dt50": {"system": 6.0, "soil": 257.6161450075164, "surfaceWater": 6.0, "sediment": 6.0}, "plant_uptake": 0.0, "name": "Compound -9003846362072868026", "model_specific_data": {}, "metabolites": [{"formation_fraction": 0.2, "metabolite": {"molarMass": 300.0, "water_solubility": 0.005860542322837019, "vapor_pressure": 0.000475225998161208, "reference_temperature": 20.0, "koc": 117.98203144999181, "freundlich": 0.8523998868637328, "dt50": {"system": 6.0, "soil": 266.99852787911044, "surfaceWater": 6.0, "sediment": 6.0}, "plant_uptake": 0.5, "name": "Compound 8886878352875040079", "model_specific_data": {}, "metabolites": []}}]}}