{"gap": {"type": "relative", "arguments": {"name": "GAP -296091488377847865", "modelCrop": "WC", "rate": 250.0, "apply_every_n_years": 1, "number_of_applications": 2, "interval": 14, "model_specific_data": {}, "bbch": 31, "season": 0}}, "compound": {"molarMass": 300.0, "water_solubility": 0.14834766731309484, "vapor_pressure": 0.0002788490363034304, "reference_temperature": 20.0, "koc": 22.72174034038729, "freundlich": 1.0522245952173273, "dt50": {"system": 6.0, "soil": 210.1400525228824, "surfaceWater": 6.0, "sediment": 6.0}, "plant_uptake": 0.0, "name": "Compound -7584220035540060070", "model_specific_data": {}, "metabolites": [{"formation_fraction": 0.2, "metabolite": {"molarMass": 300.0, "water_solubility": 0.0001728691774765873, "vapor_pressure": 0.0011454830005916264, "reference_temperature": 20.0, "koc": 2725.6384896163536, "freundlich": 0.7726860166510847, "dt50": {"system": 6.0, "soil": 136.8084793792134, "surfaceWater": 6.0, "sediment": 6.0}, "plant_uptake": 0.5, "name": "Compound -3093880859489444991", "model_specific_data": {}, "metabolites": []}}]}}