{"gap": {"type": "relative", "arguments": {"name": "GAP -296091488377847865", "modelCrop": "WC", "rate": 250.0, "apply_every_n_years": 1, "number_of_applications": 2, "interval": 14, "model_specific_data": {}, "bbch": 31, "season": 0}}, "compound": {"molarMass": 300.0, "water_solubility": 0.04717783260547426, "vapor_pressure": 2.7668392654234092e-09, "reference_temperature": 20.0, "koc": 16.971183208313118, "freundlich": 0.9052256523458555, "dt50": {"system": 6.0, "soil": 164.42143769553135, "surfaceWater": 6.0, "sediment": 6.0}, "plant_uptake": 0.0, "name": "Compound -7259355170995590525", "model_specific_data": {}, "metabolites": [{"formation_fraction": 0.2, "metabolite": {"molarMass": 300.0, "water_solubility": 0.054333261415324206, "vapor_pressure": 1.1166724234320165e-06, "reference_temperature": 20.0, "koc": 4085.2930003651095, "freundlich": 0.8302999631859607, "dt50": {"system": 6.0, "soil": 204.80774597356617, "surfaceWater": 6.0, "sediment": 6.0}, "plant_uptake": 0.5, "name": "Compound -4816030132142306228", "model_specific_data": {}, "metabolites": []}}]}}