{"gap": {"type": "relative", "arguments": {"name": "GAP -296091488377847865", "modelCrop": "WC", "rate": 250.0, "apply_every_n_years": 1, "number_of_applications": 2, "interval": 14, "model_specific_data": {}, "bbch": 31, "season": 0}}, "compound": {"molarMass": 300.0, "water_solubility": 2.852536250480623, "vapor_pressure": 1.087095511906034e-05, "reference_temperature": 20.0, "koc": 351.86549474161694, "freundlich": 0.7778717213844364, "dt50": {"system": 6.0, "soil": 253.00912685953514, "surfaceWater": 6.0, "sediment": 6.0}, "plant_uptake": 0.0, "name": "Compound 7138299974376272948", "model_specific_data": {}, "metabolites": [{"formation_fraction": 0.2, "metabolite": {"molarMass": 300.0, "water_solubility": 0.002304741357133711, "vapor_pressure": 1.236212095917236e-06, "reference_temperature": 20.0, "koc": 11.08266919751013, "freundlich": 1.0088162979470652, "dt50": {"system": 6.0, "soil": 27.45540429479476, "surfaceWater": 6.0, "sediment": 6.0}, "plant_uptake": 0.5, "name": "Compound -1532259808926821739", "model_specific_data": {}, "metabolites": []}}]}}