{"gap": {"type": "relative", "arguments": {"name": "GAP -296091488377847865", "modelCrop": "WC", "rate": 250.0, "apply_every_n_years": 1, "number_of_applications": 2, "interval": 14, "model_specific_data": {}, "bbch": 31, "season": 0}}, "compound": {"molarMass": 300.0, "water_solubility": 0.003894307073388667, "vapor_pressure": 1.7367139889295314e-06, "reference_temperature": 20.0, "koc": 203.5910382131057, "freundlich": 0.9095154568500277, "dt50": {"system": 6.0, "soil": 5.760236084927917, "surfaceWater": 6.0, "sediment": 6.0}, "plant_uptake": 0.0, "name": "Compound 1218614284745652859", "model_specific_data": {}, "metabolites": [{"formation_fraction": 0.2, "metabolite": {"molarMass": 300.0, "water_solubility": 0.10039115966756312, "vapor_pressure": 1.4130618392783267e-07, "reference_temperature": 20.0, "koc": 90.23482564466914, "freundlich": 0.9946658971618401, "dt50": {"system": 6.0, "soil": 108.59289169963088, "surfaceWater": 6.0, "sediment": 6.0}, "plant_uptake": 0.5, "name": "Compound -1704869077084132429", "model_specific_data": {}, "metabolites": []}}]}}