{"gap": {"type": "relative", "arguments": {"name": "GAP -296091488377847865", "modelCrop": "WC", "rate": 250.0, "apply_every_n_years": 1, "number_of_applications": 2, "interval": 14, "model_specific_data": {}, "bbch": 31, "season": 0}}, "compound": {"molarMass": 300.0, "water_solubility": 0.02907110757134718, "vapor_pressure": 2.843120591336637e-07, "reference_temperature": 20.0, "koc": 2191.175547333253, "freundlich": 1.0270255590639554, "dt50": {"system": 6.0, "soil": 88.93730775443186, "surfaceWater": 6.0, "sediment": 6.0}, "plant_uptake": 0.0, "name": "Compound -8407290233853304475", "model_specific_data": {}, "metabolites": [{"formation_fraction": 0.2, "metabolite": {"molarMass": 300.0, "water_solubility": 0.056019949133152815, "vapor_pressure": 2.790883029317192e-06, "reference_temperature": 20.0, "koc": 3845.1507240434453, "freundlich": 0.8573855381317145, "dt50": {"system": 6.0, "soil": 285.74931344723535, "surfaceWater": 6.0, "sediment": 6.0}, "plant_uptake": 0.5, "name": "Compound -6312534107393050451", "model_specific_data": {}, "metabolites": []}}]}}