{"gap": {"type": "relative", "arguments": {"name": "GAP -296091488377847865", "modelCrop": "WC", "rate": 250.0, "apply_every_n_years": 1, "number_of_applications": 2, "interval": 14, "model_specific_data": {}, "bbch": 31, "season": 0}}, "compound": {"molarMass": 300.0, "water_solubility": 0.001294832553873213, "vapor_pressure": 0.0001107609204686483, "reference_temperature": 20.0, "koc": 92.48154624500759, "freundlich": 1.124723552015916, "dt50": {"system": 6.0, "soil": 131.477410373432, "surfaceWater": 6.0, "sediment": 6.0}, "plant_uptake": 0.0, "name": "Compound 3768672443157413941", "model_specific_data": {}, "metabolites": [{"formation_fraction": 0.2, "metabolite": {"molarMass": 300.0, "water_solubility": 0.10230652358351659, "vapor_pressure": 5.9239954767120416e-08, "reference_temperature": 20.0, "koc": 175.19709353640653, "freundlich": 1.1135899630228305, "dt50": {"system": 6.0, "soil": 297.8182709279472, "surfaceWater": 6.0, "sediment": 6.0}, "plant_uptake": 0.5, "name": "Compound -5890672907567335211", "model_specific_data": {}, "metabolites": []}}]}}