{"gap": {"type": "relative", "arguments": {"name": "GAP -296091488377847865", "modelCrop": "WC", "rate": 250.0, "apply_every_n_years": 1, "number_of_applications": 2, "interval": 14, "model_specific_data": {}, "bbch": 31, "season": 0}}, "compound": {"molarMass": 300.0, "water_solubility": 0.00259160429781055, "vapor_pressure": 0.00025477770333496094, "reference_temperature": 20.0, "koc": 68.30544042326702, "freundlich": 0.7639347258619836, "dt50": {"system": 6.0, "soil": 84.38519681494142, "surfaceWater": 6.0, "sediment": 6.0}, "plant_uptake": 0.0, "name": "Compound 1168046016550533807", "model_specific_data": {}, "metabolites": [{"formation_fraction": 0.2, "metabolite": {"molarMass": 300.0, "water_solubility": 0.015674712027939762, "vapor_pressure": 7.846561553951825e-07, "reference_temperature": 20.0, "koc": 721.6551667360752, "freundlich": 0.844823372068594, "dt50": {"system": 6.0, "soil": 128.11438719875082, "surfaceWater": 6.0, "sediment": 6.0}, "plant_uptake": 0.5, "name": "Compound -8316452414503055938", "model_specific_data": {}, "metabolites": []}}]}}