{"gap": {"type": "relative", "arguments": {"name": "GAP -296091488377847865", "modelCrop": "WC", "rate": 250.0, "apply_every_n_years": 1, "number_of_applications": 2, "interval": 14, "model_specific_data": {}, "bbch": 31, "season": 0}}, "compound": {"molarMass": 300.0, "water_solubility": 0.0020993148296986706, "vapor_pressure": 1.527319700082023e-05, "reference_temperature": 20.0, "koc": 155.9625943562868, "freundlich": 1.0609895186145453, "dt50": {"system": 6.0, "soil": 39.69825576352251, "surfaceWater": 6.0, "sediment": 6.0}, "plant_uptake": 0.0, "name": "Compound 4817485070738514333", "model_specific_data": {}, "metabolites": [{"formation_fraction": 0.2, "metabolite": {"molarMass": 300.0, "water_solubility": 0.20703200617062656, "vapor_pressure": 1.3508261853803604e-05, "reference_temperature": 20.0, "koc": 166.75847089870325, "freundlich": 0.8104738602419869, "dt50": {"system": 6.0, "soil": 70.75956487905995, "surfaceWater": 6.0, "sediment": 6.0}, "plant_uptake": 0.5, "name": "Compound -7635174541519670372", "model_specific_data": {}, "metabolites": []}}]}}