{"gap": {"type": "relative", "arguments": {"name": "GAP -296091488377847865", "modelCrop": "WC", "rate": 250.0, "apply_every_n_years": 1, "number_of_applications": 2, "interval": 14, "model_specific_data": {}, "bbch": 31, "season": 0}}, "compound": {"molarMass": 300.0, "water_solubility": 0.002784128495156263, "vapor_pressure": 0.00011881369536769402, "reference_temperature": 20.0, "koc": 46.563826685317764, "freundlich": 1.111925841503282, "dt50": {"system": 6.0, "soil": 17.332952142894808, "surfaceWater": 6.0, "sediment": 6.0}, "plant_uptake": 0.0, "name": "Compound -8074068245962501787", "model_specific_data": {}, "metabolites": [{"formation_fraction": 0.2, "metabolite": {"molarMass": 300.0, "water_solubility": 0.003784624425009648, "vapor_pressure": 9.740922886701112e-07, "reference_temperature": 20.0, "koc": 10.036431588376956, "freundlich": 1.184071350884396, "dt50": {"system": 6.0, "soil": 97.24464193579007, "surfaceWater": 6.0, "sediment": 6.0}, "plant_uptake": 0.5, "name": "Compound -325692115381963128", "model_specific_data": {}, "metabolites": []}}]}}