{"gap": {"type": "relative", "arguments": {"name": "GAP -296091488377847865", "modelCrop": "WC", "rate": 250.0, "apply_every_n_years": 1, "number_of_applications": 2, "interval": 14, "model_specific_data": {}, "bbch": 31, "season": 0}}, "compound": {"molarMass": 300.0, "water_solubility": 0.0003393318450218336, "vapor_pressure": 2.532082656014681e-08, "reference_temperature": 20.0, "koc": 857.0834874047777, "freundlich": 0.8371591046103347, "dt50": {"system": 6.0, "soil": 245.93825912308756, "surfaceWater": 6.0, "sediment": 6.0}, "plant_uptake": 0.0, "name": "Compound 8403972814198307858", "model_specific_data": {}, "metabolites": [{"formation_fraction": 0.2, "metabolite": {"molarMass": 300.0, "water_solubility": 0.24546868336840622, "vapor_pressure": 0.000214510434750098, "reference_temperature": 20.0, "koc": 108.3173688460404, "freundlich": 1.0810281662941834, "dt50": {"system": 6.0, "soil": 167.1474960460152, "surfaceWater": 6.0, "sediment": 6.0}, "plant_uptake": 0.5, "name": "Compound -8311050318856737194", "model_specific_data": {}, "metabolites": []}}]}}