{"gap": {"type": "relative", "arguments": {"name": "GAP -296091488377847865", "modelCrop": "WC", "rate": 250.0, "apply_every_n_years": 1, "number_of_applications": 2, "interval": 14, "model_specific_data": {}, "bbch": 31, "season": 0}}, "compound": {"molarMass": 300.0, "water_solubility": 0.03991366874498436, "vapor_pressure": 3.409937081759101e-06, "reference_temperature": 20.0, "koc": 139.49605408864116, "freundlich": 0.7147932114492184, "dt50": {"system": 6.0, "soil": 182.06738862314114, "surfaceWater": 6.0, "sediment": 6.0}, "plant_uptake": 0.0, "name": "Compound -1625874286518564681", "model_specific_data": {}, "metabolites": [{"formation_fraction": 0.2, "metabolite": {"molarMass": 300.0, "water_solubility": 0.06724907342530144, "vapor_pressure": 3.3384326589562814e-07, "reference_temperature": 20.0, "koc": 1272.3221139552484, "freundlich": 1.1854028297555328, "dt50": {"system": 6.0, "soil": 4.509897176184941, "surfaceWater": 6.0, "sediment": 6.0}, "plant_uptake": 0.5, "name": "Compound -8402499207709212388", "model_specific_data": {}, "metabolites": []}}]}}