{"gap": {"type": "relative", "arguments": {"name": "GAP -296091488377847865", "modelCrop": "WC", "rate": 250.0, "apply_every_n_years": 1, "number_of_applications": 2, "interval": 14, "model_specific_data": {}, "bbch": 31, "season": 0}}, "compound": {"molarMass": 300.0, "water_solubility": 0.025782374597780502, "vapor_pressure": 7.281934241084137e-06, "reference_temperature": 20.0, "koc": 301.5161941798656, "freundlich": 1.0720353806441387, "dt50": {"system": 6.0, "soil": 61.746865117324546, "surfaceWater": 6.0, "sediment": 6.0}, "plant_uptake": 0.0, "name": "Compound 4061751126418374377", "model_specific_data": {}, "metabolites": [{"formation_fraction": 0.2, "metabolite": {"molarMass": 300.0, "water_solubility": 0.007091513881141721, "vapor_pressure": 2.5369481854165353e-07, "reference_temperature": 20.0, "koc": 1875.488487331336, "freundlich": 1.0288742957075712, "dt50": {"system": 6.0, "soil": 114.57052659610483, "surfaceWater": 6.0, "sediment": 6.0}, "plant_uptake": 0.5, "name": "Compound -3567825801054515273", "model_specific_data": {}, "metabolites": []}}]}}