{"gap": {"type": "relative", "arguments": {"name": "GAP -296091488377847865", "modelCrop": "WC", "rate": 250.0, "apply_every_n_years": 1, "number_of_applications": 2, "interval": 14, "model_specific_data": {}, "bbch": 31, "season": 0}}, "compound": {"molarMass": 300.0, "water_solubility": 0.027144382138483112, "vapor_pressure": 9.166799136604594e-06, "reference_temperature": 20.0, "koc": 237.9173885133746, "freundlich": 1.0302062651857067, "dt50": {"system": 6.0, "soil": 128.57738688823918, "surfaceWater": 6.0, "sediment": 6.0}, "plant_uptake": 0.0, "name": "Compound -8243306256641865664", "model_specific_data": {}, "metabolites": [{"formation_fraction": 0.2, "metabolite": {"molarMass": 300.0, "water_solubility": 1.2021810657584546, "vapor_pressure": 8.131140939696486e-05, "reference_temperature": 20.0, "koc": 55.57345019270534, "freundlich": 0.9024712396562053, "dt50": {"system": 6.0, "soil": 162.18201551045092, "surfaceWater": 6.0, "sediment": 6.0}, "plant_uptake": 0.5, "name": "Compound -7321707358576261905", "model_specific_data": {}, "metabolites": []}}]}}