{"gap": {"type": "relative", "arguments": {"name": "GAP -296091488377847865", "modelCrop": "WC", "rate": 250.0, "apply_every_n_years": 1, "number_of_applications": 2, "interval": 14, "model_specific_data": {}, "bbch": 31, "season": 0}}, "compound": {"molarMass": 300.0, "water_solubility": 0.18320980494387964, "vapor_pressure": 7.687940057031809e-05, "reference_temperature": 20.0, "koc": 19.2647862053567, "freundlich": 0.9660224893511944, "dt50": {"system": 6.0, "soil": 235.82799683281831, "surfaceWater": 6.0, "sediment": 6.0}, "plant_uptake": 0.0, "name": "Compound 6982832833512716552", "model_specific_data": {}, "metabolites": [{"formation_fraction": 0.2, "metabolite": {"molarMass": 300.0, "water_solubility": 0.0011996389501669742, "vapor_pressure": 6.020800044407069e-09, "reference_temperature": 20.0, "koc": 117.46952474185872, "freundlich": 1.1138775523508784, "dt50": {"system": 6.0, "soil": 256.0870027907323, "surfaceWater": 6.0, "sediment": 6.0}, "plant_uptake": 0.5, "name": "Compound -9186717426181637461", "model_specific_data": {}, "metabolites": []}}]}}