{"gap": {"type": "relative", "arguments": {"name": "GAP -296091488377847865", "modelCrop": "WC", "rate": 250.0, "apply_every_n_years": 1, "number_of_applications": 2, "interval": 14, "model_specific_data": {}, "bbch": 31, "season": 0}}, "compound": {"molarMass": 300.0, "water_solubility": 0.23815700345035434, "vapor_pressure": 1.4342976865803032e-05, "reference_temperature": 20.0, "koc": 349.44428597069566, "freundlich": 1.035859038242545, "dt50": {"system": 6.0, "soil": 110.77311007888359, "surfaceWater": 6.0, "sediment": 6.0}, "plant_uptake": 0.0, "name": "Compound -8560531803958508814", "model_specific_data": {}, "metabolites": [{"formation_fraction": 0.2, "metabolite": {"molarMass": 300.0, "water_solubility": 0.004969378594730461, "vapor_pressure": 1.0318076067592897e-05, "reference_temperature": 20.0, "koc": 613.8537308734095, "freundlich": 1.1101821121080433, "dt50": {"system": 6.0, "soil": 266.734735803742, "surfaceWater": 6.0, "sediment": 6.0}, "plant_uptake": 0.5, "name": "Compound 4675049650213583867", "model_specific_data": {}, "metabolites": []}}]}}