{"gap": {"type": "relative", "arguments": {"name": "GAP -296091488377847865", "modelCrop": "WC", "rate": 250.0, "apply_every_n_years": 1, "number_of_applications": 2, "interval": 14, "model_specific_data": {}, "bbch": 31, "season": 0}}, "compound": {"molarMass": 300.0, "water_solubility": 0.015593121827181575, "vapor_pressure": 9.129663061948605e-08, "reference_temperature": 20.0, "koc": 1873.035658846181, "freundlich": 0.7501261928019005, "dt50": {"system": 6.0, "soil": 83.49150723229661, "surfaceWater": 6.0, "sediment": 6.0}, "plant_uptake": 0.0, "name": "Compound -8158050815150322280", "model_specific_data": {}, "metabolites": [{"formation_fraction": 0.2, "metabolite": {"molarMass": 300.0, "water_solubility": 0.04944166385231146, "vapor_pressure": 7.39609410037109e-05, "reference_temperature": 20.0, "koc": 430.0782006899769, "freundlich": 0.7567206218175762, "dt50": {"system": 6.0, "soil": 260.93003861563307, "surfaceWater": 6.0, "sediment": 6.0}, "plant_uptake": 0.5, "name": "Compound -984230870870206630", "model_specific_data": {}, "metabolites": []}}]}}