{"gap": {"type": "relative", "arguments": {"name": "GAP -296091488377847865", "modelCrop": "WC", "rate": 250.0, "apply_every_n_years": 1, "number_of_applications": 2, "interval": 14, "model_specific_data": {}, "bbch": 31, "season": 0}}, "compound": {"molarMass": 300.0, "water_solubility": 0.010305245014322699, "vapor_pressure": 2.7342812404528395e-05, "reference_temperature": 20.0, "koc": 1720.2301891928598, "freundlich": 1.074397308638245, "dt50": {"system": 6.0, "soil": 227.1248333776108, "surfaceWater": 6.0, "sediment": 6.0}, "plant_uptake": 0.0, "name": "Compound -6405085177181808861", "model_specific_data": {}, "metabolites": [{"formation_fraction": 0.2, "metabolite": {"molarMass": 300.0, "water_solubility": 0.00284163375847901, "vapor_pressure": 3.9026662165965435e-06, "reference_temperature": 20.0, "koc": 629.8452657442556, "freundlich": 1.1497075119455324, "dt50": {"system": 6.0, "soil": 240.08510881253866, "surfaceWater": 6.0, "sediment": 6.0}, "plant_uptake": 0.5, "name": "Compound -3460014323016162002", "model_specific_data": {}, "metabolites": []}}]}}