{"gap": {"type": "relative", "arguments": {"name": "GAP -296091488377847865", "modelCrop": "WC", "rate": 250.0, "apply_every_n_years": 1, "number_of_applications": 2, "interval": 14, "model_specific_data": {}, "bbch": 31, "season": 0}}, "compound": {"molarMass": 300.0, "water_solubility": 0.010483514778196552, "vapor_pressure": 1.0272435684378038e-05, "reference_temperature": 20.0, "koc": 1145.5703055053605, "freundlich": 0.9369329812924103, "dt50": {"system": 6.0, "soil": 62.24889181965688, "surfaceWater": 6.0, "sediment": 6.0}, "plant_uptake": 0.0, "name": "Compound 5054627180930649530", "model_specific_data": {}, "metabolites": [{"formation_fraction": 0.2, "metabolite": {"molarMass": 300.0, "water_solubility": 0.0028407356599735745, "vapor_pressure": 9.311816168179252e-07, "reference_temperature": 20.0, "koc": 227.9680783887882, "freundlich": 0.8777749891104243, "dt50": {"system": 6.0, "soil": 68.05164003057182, "surfaceWater": 6.0, "sediment": 6.0}, "plant_uptake": 0.5, "name": "Compound 9175709479358701669", "model_specific_data": {}, "metabolites": []}}]}}