{"gap": {"type": "relative", "arguments": {"name": "GAP -296091488377847865", "modelCrop": "WC", "rate": 250.0, "apply_every_n_years": 1, "number_of_applications": 2, "interval": 14, "model_specific_data": {}, "bbch": 31, "season": 0}}, "compound": {"molarMass": 300.0, "water_solubility": 0.3673056155072862, "vapor_pressure": 3.7275915913326563e-07, "reference_temperature": 20.0, "koc": 29.434081527611205, "freundlich": 1.0002731967252199, "dt50": {"system": 6.0, "soil": 19.426520359076232, "surfaceWater": 6.0, "sediment": 6.0}, "plant_uptake": 0.0, "name": "Compound -1438485485508444136", "model_specific_data": {}, "metabolites": [{"formation_fraction": 0.2, "metabolite": {"molarMass": 300.0, "water_solubility": 0.0026094389805971195, "vapor_pressure": 2.9025990092493643e-07, "reference_temperature": 20.0, "koc": 2281.3151343509567, "freundlich": 1.1565232367356622, "dt50": {"system": 6.0, "soil": 105.88472769604128, "surfaceWater": 6.0, "sediment": 6.0}, "plant_uptake": 0.5, "name": "Compound -4783384199500435716", "model_specific_data": {}, "metabolites": []}}]}}