{"gap": {"type": "relative", "arguments": {"name": "GAP -296091488377847865", "modelCrop": "WC", "rate": 250.0, "apply_every_n_years": 1, "number_of_applications": 2, "interval": 14, "model_specific_data": {}, "bbch": 31, "season": 0}}, "compound": {"molarMass": 300.0, "water_solubility": 0.0034565107209366223, "vapor_pressure": 1.6021309164606078e-05, "reference_temperature": 20.0, "koc": 156.2286091306836, "freundlich": 0.9753239521646841, "dt50": {"system": 6.0, "soil": 9.495055496831823, "surfaceWater": 6.0, "sediment": 6.0}, "plant_uptake": 0.0, "name": "Compound 6876797908436846816", "model_specific_data": {}, "metabolites": [{"formation_fraction": 0.2, "metabolite": {"molarMass": 300.0, "water_solubility": 0.0003513606036172084, "vapor_pressure": 3.9687479791218526e-07, "reference_temperature": 20.0, "koc": 491.4769437988588, "freundlich": 1.0233335342174237, "dt50": {"system": 6.0, "soil": 205.2849702004683, "surfaceWater": 6.0, "sediment": 6.0}, "plant_uptake": 0.5, "name": "Compound -693628323605113225", "model_specific_data": {}, "metabolites": []}}]}}