{"gap": {"type": "relative", "arguments": {"name": "GAP -296091488377847865", "modelCrop": "WC", "rate": 250.0, "apply_every_n_years": 1, "number_of_applications": 2, "interval": 14, "model_specific_data": {}, "bbch": 31, "season": 0}}, "compound": {"molarMass": 300.0, "water_solubility": 0.10114271161374266, "vapor_pressure": 7.667329581553432e-05, "reference_temperature": 20.0, "koc": 1332.6035775628498, "freundlich": 1.1729914187158204, "dt50": {"system": 6.0, "soil": 187.73087850536376, "surfaceWater": 6.0, "sediment": 6.0}, "plant_uptake": 0.0, "name": "Compound -5986751328887850060", "model_specific_data": {}, "metabolites": [{"formation_fraction": 0.2, "metabolite": {"molarMass": 300.0, "water_solubility": 0.00040403184785677704, "vapor_pressure": 6.163533930441135e-07, "reference_temperature": 20.0, "koc": 495.952146716172, "freundlich": 0.8649116903535994, "dt50": {"system": 6.0, "soil": 162.43807989202367, "surfaceWater": 6.0, "sediment": 6.0}, "plant_uptake": 0.5, "name": "Compound 7090253996891987599", "model_specific_data": {}, "metabolites": []}}]}}