{"gap": {"type": "relative", "arguments": {"name": "GAP -296091488377847865", "modelCrop": "WC", "rate": 250.0, "apply_every_n_years": 1, "number_of_applications": 2, "interval": 14, "model_specific_data": {}, "bbch": 31, "season": 0}}, "compound": {"molarMass": 300.0, "water_solubility": 0.012120106406985614, "vapor_pressure": 3.398013630950922e-05, "reference_temperature": 20.0, "koc": 1836.2940823487688, "freundlich": 0.8260533914169853, "dt50": {"system": 6.0, "soil": 195.28298644276418, "surfaceWater": 6.0, "sediment": 6.0}, "plant_uptake": 0.0, "name": "Compound -7215576718627955767", "model_specific_data": {}, "metabolites": [{"formation_fraction": 0.2, "metabolite": {"molarMass": 300.0, "water_solubility": 0.00015774147689262888, "vapor_pressure": 2.3350771658839758e-07, "reference_temperature": 20.0, "koc": 11.042106315166968, "freundlich": 0.806758999236336, "dt50": {"system": 6.0, "soil": 189.00287036810101, "surfaceWater": 6.0, "sediment": 6.0}, "plant_uptake": 0.5, "name": "Compound 7434784122339916514", "model_specific_data": {}, "metabolites": []}}]}}