{"gap": {"type": "relative", "arguments": {"name": "GAP -296091488377847865", "modelCrop": "WC", "rate": 250.0, "apply_every_n_years": 1, "number_of_applications": 2, "interval": 14, "model_specific_data": {}, "bbch": 31, "season": 0}}, "compound": {"molarMass": 300.0, "water_solubility": 0.0006929708499779667, "vapor_pressure": 6.245019202537287e-05, "reference_temperature": 20.0, "koc": 3341.508670078666, "freundlich": 0.7638431682868632, "dt50": {"system": 6.0, "soil": 91.58493153312271, "surfaceWater": 6.0, "sediment": 6.0}, "plant_uptake": 0.0, "name": "Compound 9157537991920732926", "model_specific_data": {}, "metabolites": [{"formation_fraction": 0.2, "metabolite": {"molarMass": 300.0, "water_solubility": 0.016034094563863323, "vapor_pressure": 4.2281519038482723e-07, "reference_temperature": 20.0, "koc": 122.659726373082, "freundlich": 0.7024470788265222, "dt50": {"system": 6.0, "soil": 51.03210884359651, "surfaceWater": 6.0, "sediment": 6.0}, "plant_uptake": 0.5, "name": "Compound -1694487529008829542", "model_specific_data": {}, "metabolites": []}}]}}