{"gap": {"type": "relative", "arguments": {"name": "GAP -296091488377847865", "modelCrop": "WC", "rate": 250.0, "apply_every_n_years": 1, "number_of_applications": 2, "interval": 14, "model_specific_data": {}, "bbch": 31, "season": 0}}, "compound": {"molarMass": 300.0, "water_solubility": 0.0008043898612293352, "vapor_pressure": 0.0002600845985781979, "reference_temperature": 20.0, "koc": 27.94249202724212, "freundlich": 0.7994305248139246, "dt50": {"system": 6.0, "soil": 199.1555997257011, "surfaceWater": 6.0, "sediment": 6.0}, "plant_uptake": 0.0, "name": "Compound -4429819072436508905", "model_specific_data": {}, "metabolites": [{"formation_fraction": 0.2, "metabolite": {"molarMass": 300.0, "water_solubility": 0.0016184041432451151, "vapor_pressure": 3.8882270008014893e-05, "reference_temperature": 20.0, "koc": 27.201132174426725, "freundlich": 1.1386647602906654, "dt50": {"system": 6.0, "soil": 185.6373036216531, "surfaceWater": 6.0, "sediment": 6.0}, "plant_uptake": 0.5, "name": "Compound -2076858748452398942", "model_specific_data": {}, "metabolites": []}}]}}