{"gap": {"type": "relative", "arguments": {"name": "GAP -296091488377847865", "modelCrop": "WC", "rate": 250.0, "apply_every_n_years": 1, "number_of_applications": 2, "interval": 14, "model_specific_data": {}, "bbch": 31, "season": 0}}, "compound": {"molarMass": 300.0, "water_solubility": 0.029894376072837868, "vapor_pressure": 1.7304884092085713e-05, "reference_temperature": 20.0, "koc": 891.5710772450983, "freundlich": 0.976959918550821, "dt50": {"system": 6.0, "soil": 244.11883136909944, "surfaceWater": 6.0, "sediment": 6.0}, "plant_uptake": 0.0, "name": "Compound 21920701981642481", "model_specific_data": {}, "metabolites": [{"formation_fraction": 0.2, "metabolite": {"molarMass": 300.0, "water_solubility": 0.14513088676518685, "vapor_pressure": 0.06431264445072211, "reference_temperature": 20.0, "koc": 2309.4431485270975, "freundlich": 0.8839683512032667, "dt50": {"system": 6.0, "soil": 151.423705864122, "surfaceWater": 6.0, "sediment": 6.0}, "plant_uptake": 0.5, "name": "Compound -3830775787643346173", "model_specific_data": {}, "metabolites": []}}]}}