{"gap": {"type": "relative", "arguments": {"name": "GAP -296091488377847865", "modelCrop": "WC", "rate": 250.0, "apply_every_n_years": 1, "number_of_applications": 2, "interval": 14, "model_specific_data": {}, "bbch": 31, "season": 0}}, "compound": {"molarMass": 300.0, "water_solubility": 0.13165454782743932, "vapor_pressure": 0.00014970863572341455, "reference_temperature": 20.0, "koc": 20.448432278721068, "freundlich": 0.7464661448356867, "dt50": {"system": 6.0, "soil": 18.18422786258631, "surfaceWater": 6.0, "sediment": 6.0}, "plant_uptake": 0.0, "name": "Compound 606115130059240175", "model_specific_data": {}, "metabolites": [{"formation_fraction": 0.2, "metabolite": {"molarMass": 300.0, "water_solubility": 0.002328257996954791, "vapor_pressure": 5.428685389466269e-06, "reference_temperature": 20.0, "koc": 106.60177589085178, "freundlich": 0.9001233045311177, "dt50": {"system": 6.0, "soil": 216.11916942330814, "surfaceWater": 6.0, "sediment": 6.0}, "plant_uptake": 0.5, "name": "Compound -2102521559646335817", "model_specific_data": {}, "metabolites": []}}]}}