{"gap": {"type": "relative", "arguments": {"name": "GAP -296091488377847865", "modelCrop": "WC", "rate": 250.0, "apply_every_n_years": 1, "number_of_applications": 2, "interval": 14, "model_specific_data": {}, "bbch": 31, "season": 0}}, "compound": {"molarMass": 300.0, "water_solubility": 0.04668990410434566, "vapor_pressure": 7.708918527036447e-08, "reference_temperature": 20.0, "koc": 1225.779451289554, "freundlich": 0.9725671611543429, "dt50": {"system": 6.0, "soil": 72.53390852212222, "surfaceWater": 6.0, "sediment": 6.0}, "plant_uptake": 0.0, "name": "Compound -3337758075943903313", "model_specific_data": {}, "metabolites": [{"formation_fraction": 0.2, "metabolite": {"molarMass": 300.0, "water_solubility": 0.18466445665440553, "vapor_pressure": 6.900950711870037e-07, "reference_temperature": 20.0, "koc": 1019.913680025833, "freundlich": 0.7100165394812412, "dt50": {"system": 6.0, "soil": 140.53561292399078, "surfaceWater": 6.0, "sediment": 6.0}, "plant_uptake": 0.5, "name": "Compound -8605655253955847813", "model_specific_data": {}, "metabolites": []}}]}}