{"gap": {"type": "relative", "arguments": {"name": "GAP -296091488377847865", "modelCrop": "WC", "rate": 250.0, "apply_every_n_years": 1, "number_of_applications": 2, "interval": 14, "model_specific_data": {}, "bbch": 31, "season": 0}}, "compound": {"molarMass": 300.0, "water_solubility": 0.010785075398683654, "vapor_pressure": 1.163637490680862e-05, "reference_temperature": 20.0, "koc": 18.492404769874213, "freundlich": 0.7347944829606325, "dt50": {"system": 6.0, "soil": 35.466958893786064, "surfaceWater": 6.0, "sediment": 6.0}, "plant_uptake": 0.0, "name": "Compound 7500734052871166508", "model_specific_data": {}, "metabolites": [{"formation_fraction": 0.2, "metabolite": {"molarMass": 300.0, "water_solubility": 0.0003405255224859614, "vapor_pressure": 3.3148056094719506e-06, "reference_temperature": 20.0, "koc": 15.559985398114769, "freundlich": 0.9161993652767576, "dt50": {"system": 6.0, "soil": 168.63198423969843, "surfaceWater": 6.0, "sediment": 6.0}, "plant_uptake": 0.5, "name": "Compound 7358972696588254003", "model_specific_data": {}, "metabolites": []}}]}}