{"gap": {"type": "relative", "arguments": {"name": "GAP -296091488377847865", "modelCrop": "WC", "rate": 250.0, "apply_every_n_years": 1, "number_of_applications": 2, "interval": 14, "model_specific_data": {}, "bbch": 31, "season": 0}}, "compound": {"molarMass": 300.0, "water_solubility": 0.039498026683843154, "vapor_pressure": 4.16706044468237e-08, "reference_temperature": 20.0, "koc": 104.07447442750049, "freundlich": 1.1603351254444514, "dt50": {"system": 6.0, "soil": 100.39766044619631, "surfaceWater": 6.0, "sediment": 6.0}, "plant_uptake": 0.0, "name": "Compound -5916567271369561811", "model_specific_data": {}, "metabolites": [{"formation_fraction": 0.2, "metabolite": {"molarMass": 300.0, "water_solubility": 0.05164139729081638, "vapor_pressure": 0.0017159290593326971, "reference_temperature": 20.0, "koc": 30.744265397224186, "freundlich": 0.7126800849746288, "dt50": {"system": 6.0, "soil": 97.04143230988242, "surfaceWater": 6.0, "sediment": 6.0}, "plant_uptake": 0.5, "name": "Compound 2734007405973893203", "model_specific_data": {}, "metabolites": []}}]}}