{"gap": {"type": "relative", "arguments": {"name": "GAP -296091488377847865", "modelCrop": "WC", "rate": 250.0, "apply_every_n_years": 1, "number_of_applications": 2, "interval": 14, "model_specific_data": {}, "bbch": 31, "season": 0}}, "compound": {"molarMass": 300.0, "water_solubility": 0.06124149523332544, "vapor_pressure": 2.8509745899946593e-05, "reference_temperature": 20.0, "koc": 568.1072988338832, "freundlich": 0.8602868581051053, "dt50": {"system": 6.0, "soil": 205.401061806732, "surfaceWater": 6.0, "sediment": 6.0}, "plant_uptake": 0.0, "name": "Compound -5063257272008929439", "model_specific_data": {}, "metabolites": [{"formation_fraction": 0.2, "metabolite": {"molarMass": 300.0, "water_solubility": 0.004673302246091822, "vapor_pressure": 0.01481354582562137, "reference_temperature": 20.0, "koc": 3842.0655998576985, "freundlich": 0.8128502675385099, "dt50": {"system": 6.0, "soil": 265.64868297898425, "surfaceWater": 6.0, "sediment": 6.0}, "plant_uptake": 0.5, "name": "Compound -1784381724350795644", "model_specific_data": {}, "metabolites": []}}]}}