{"gap": {"type": "relative", "arguments": {"name": "GAP -296091488377847865", "modelCrop": "WC", "rate": 250.0, "apply_every_n_years": 1, "number_of_applications": 2, "interval": 14, "model_specific_data": {}, "bbch": 31, "season": 0}}, "compound": {"molarMass": 300.0, "water_solubility": 0.00536403475323368, "vapor_pressure": 5.649930145200068e-06, "reference_temperature": 20.0, "koc": 552.7920242576178, "freundlich": 1.1359080951231921, "dt50": {"system": 6.0, "soil": 94.6661080765881, "surfaceWater": 6.0, "sediment": 6.0}, "plant_uptake": 0.0, "name": "Compound -3795735406853756842", "model_specific_data": {}, "metabolites": [{"formation_fraction": 0.2, "metabolite": {"molarMass": 300.0, "water_solubility": 0.0029902321254448717, "vapor_pressure": 8.02559295221463e-07, "reference_temperature": 20.0, "koc": 131.4418079979417, "freundlich": 0.9912062312042622, "dt50": {"system": 6.0, "soil": 162.76422591676678, "surfaceWater": 6.0, "sediment": 6.0}, "plant_uptake": 0.5, "name": "Compound -976946444256132132", "model_specific_data": {}, "metabolites": []}}]}}