{"gap": {"type": "relative", "arguments": {"name": "GAP -296091488377847865", "modelCrop": "WC", "rate": 250.0, "apply_every_n_years": 1, "number_of_applications": 2, "interval": 14, "model_specific_data": {}, "bbch": 31, "season": 0}}, "compound": {"molarMass": 300.0, "water_solubility": 0.09777538313895327, "vapor_pressure": 1.0021945001227775e-06, "reference_temperature": 20.0, "koc": 398.1711749346118, "freundlich": 0.8816506825125594, "dt50": {"system": 6.0, "soil": 144.01670453333455, "surfaceWater": 6.0, "sediment": 6.0}, "plant_uptake": 0.0, "name": "Compound 2252245742297426382", "model_specific_data": {}, "metabolites": [{"formation_fraction": 0.2, "metabolite": {"molarMass": 300.0, "water_solubility": 0.0010370281352288162, "vapor_pressure": 6.364295074070349e-08, "reference_temperature": 20.0, "koc": 57.09283462647592, "freundlich": 0.8620569280320793, "dt50": {"system": 6.0, "soil": 220.03304922995625, "surfaceWater": 6.0, "sediment": 6.0}, "plant_uptake": 0.5, "name": "Compound 2946409958479980374", "model_specific_data": {}, "metabolites": []}}]}}