{"gap": {"type": "relative", "arguments": {"name": "GAP -296091488377847865", "modelCrop": "WC", "rate": 250.0, "apply_every_n_years": 1, "number_of_applications": 2, "interval": 14, "model_specific_data": {}, "bbch": 31, "season": 0}}, "compound": {"molarMass": 300.0, "water_solubility": 0.11430544426757676, "vapor_pressure": 2.1788385702925716e-05, "reference_temperature": 20.0, "koc": 246.97957699232722, "freundlich": 1.05624118481291, "dt50": {"system": 6.0, "soil": 159.59704023311068, "surfaceWater": 6.0, "sediment": 6.0}, "plant_uptake": 0.0, "name": "Compound -5282161638946382044", "model_specific_data": {}, "metabolites": [{"formation_fraction": 0.2, "metabolite": {"molarMass": 300.0, "water_solubility": 0.01248171079609961, "vapor_pressure": 2.004254526711762e-05, "reference_temperature": 20.0, "koc": 16.1128273759018, "freundlich": 0.9743570877691266, "dt50": {"system": 6.0, "soil": 155.55650214185943, "surfaceWater": 6.0, "sediment": 6.0}, "plant_uptake": 0.5, "name": "Compound -6127345507087142942", "model_specific_data": {}, "metabolites": []}}]}}