{"gap": {"type": "relative", "arguments": {"name": "GAP -296091488377847865", "modelCrop": "WC", "rate": 250.0, "apply_every_n_years": 1, "number_of_applications": 2, "interval": 14, "model_specific_data": {}, "bbch": 31, "season": 0}}, "compound": {"molarMass": 300.0, "water_solubility": 0.22978200918110175, "vapor_pressure": 0.0010649906818391767, "reference_temperature": 20.0, "koc": 34.26328754011401, "freundlich": 1.0092747268656814, "dt50": {"system": 6.0, "soil": 86.11918211285737, "surfaceWater": 6.0, "sediment": 6.0}, "plant_uptake": 0.0, "name": "Compound -439871024002172565", "model_specific_data": {}, "metabolites": [{"formation_fraction": 0.2, "metabolite": {"molarMass": 300.0, "water_solubility": 0.0017141853845575757, "vapor_pressure": 0.0006290548674641463, "reference_temperature": 20.0, "koc": 154.17786125462206, "freundlich": 0.8908943514680004, "dt50": {"system": 6.0, "soil": 3.7766054238623394, "surfaceWater": 6.0, "sediment": 6.0}, "plant_uptake": 0.5, "name": "Compound 4631432940806115595", "model_specific_data": {}, "metabolites": []}}]}}