{"gap": {"type": "relative", "arguments": {"name": "GAP -296091488377847865", "modelCrop": "WC", "rate": 250.0, "apply_every_n_years": 1, "number_of_applications": 2, "interval": 14, "model_specific_data": {}, "bbch": 31, "season": 0}}, "compound": {"molarMass": 300.0, "water_solubility": 0.005788644785593139, "vapor_pressure": 5.854139880936569e-07, "reference_temperature": 20.0, "koc": 277.2694260277848, "freundlich": 0.9084386711243704, "dt50": {"system": 6.0, "soil": 108.24698112872026, "surfaceWater": 6.0, "sediment": 6.0}, "plant_uptake": 0.0, "name": "Compound -325634337159218861", "model_specific_data": {}, "metabolites": [{"formation_fraction": 0.2, "metabolite": {"molarMass": 300.0, "water_solubility": 0.2841372731042955, "vapor_pressure": 0.0007285486212704697, "reference_temperature": 20.0, "koc": 73.21944964427908, "freundlich": 1.0211772268725792, "dt50": {"system": 6.0, "soil": 261.5498888407709, "surfaceWater": 6.0, "sediment": 6.0}, "plant_uptake": 0.5, "name": "Compound -2753918633813441967", "model_specific_data": {}, "metabolites": []}}]}}