{"gap": {"type": "relative", "arguments": {"name": "GAP -296091488377847865", "modelCrop": "WC", "rate": 250.0, "apply_every_n_years": 1, "number_of_applications": 2, "interval": 14, "model_specific_data": {}, "bbch": 31, "season": 0}}, "compound": {"molarMass": 300.0, "water_solubility": 0.0119785239989103, "vapor_pressure": 0.0001151810342787859, "reference_temperature": 20.0, "koc": 297.8973675708938, "freundlich": 0.7495083490910984, "dt50": {"system": 6.0, "soil": 237.77398539332867, "surfaceWater": 6.0, "sediment": 6.0}, "plant_uptake": 0.0, "name": "Compound -786533045074416372", "model_specific_data": {}, "metabolites": [{"formation_fraction": 0.2, "metabolite": {"molarMass": 300.0, "water_solubility": 0.008205661068702767, "vapor_pressure": 5.353518782499411e-05, "reference_temperature": 20.0, "koc": 49.55852855596866, "freundlich": 0.711929855812922, "dt50": {"system": 6.0, "soil": 73.90308099992336, "surfaceWater": 6.0, "sediment": 6.0}, "plant_uptake": 0.5, "name": "Compound 8189567807359842993", "model_specific_data": {}, "metabolites": []}}]}}