{"gap": {"type": "relative", "arguments": {"name": "GAP -296091488377847865", "modelCrop": "WC", "rate": 250.0, "apply_every_n_years": 1, "number_of_applications": 2, "interval": 14, "model_specific_data": {}, "bbch": 31, "season": 0}}, "compound": {"molarMass": 300.0, "water_solubility": 0.05818538016010329, "vapor_pressure": 0.03918572621412143, "reference_temperature": 20.0, "koc": 288.7872021012865, "freundlich": 0.9129649558335489, "dt50": {"system": 6.0, "soil": 248.73002824475194, "surfaceWater": 6.0, "sediment": 6.0}, "plant_uptake": 0.0, "name": "Compound -2073645008833174487", "model_specific_data": {}, "metabolites": [{"formation_fraction": 0.2, "metabolite": {"molarMass": 300.0, "water_solubility": 0.004860377013005719, "vapor_pressure": 0.00015333709770036153, "reference_temperature": 20.0, "koc": 121.55634789658681, "freundlich": 0.7088735169316394, "dt50": {"system": 6.0, "soil": 278.3738648868604, "surfaceWater": 6.0, "sediment": 6.0}, "plant_uptake": 0.5, "name": "Compound 8126522185104630797", "model_specific_data": {}, "metabolites": []}}]}}