{"gap": {"type": "relative", "arguments": {"name": "GAP -296091488377847865", "modelCrop": "WC", "rate": 250.0, "apply_every_n_years": 1, "number_of_applications": 2, "interval": 14, "model_specific_data": {}, "bbch": 31, "season": 0}}, "compound": {"molarMass": 300.0, "water_solubility": 0.006606267627435062, "vapor_pressure": 0.00021741980436314684, "reference_temperature": 20.0, "koc": 34.05002758600656, "freundlich": 0.7766717727390502, "dt50": {"system": 6.0, "soil": 222.90120278241923, "surfaceWater": 6.0, "sediment": 6.0}, "plant_uptake": 0.0, "name": "Compound -509224075507010028", "model_specific_data": {}, "metabolites": [{"formation_fraction": 0.2, "metabolite": {"molarMass": 300.0, "water_solubility": 0.011636735589153327, "vapor_pressure": 6.535110673966842e-06, "reference_temperature": 20.0, "koc": 431.3434804638758, "freundlich": 1.0565841497121111, "dt50": {"system": 6.0, "soil": 88.20649455097112, "surfaceWater": 6.0, "sediment": 6.0}, "plant_uptake": 0.5, "name": "Compound -3262138799260569051", "model_specific_data": {}, "metabolites": []}}]}}