{"gap": {"type": "relative", "arguments": {"name": "GAP -296091488377847865", "modelCrop": "WC", "rate": 250.0, "apply_every_n_years": 1, "number_of_applications": 2, "interval": 14, "model_specific_data": {}, "bbch": 31, "season": 0}}, "compound": {"molarMass": 300.0, "water_solubility": 0.025020288079972527, "vapor_pressure": 1.0038059911778827e-05, "reference_temperature": 20.0, "koc": 253.03894238349622, "freundlich": 0.8406288292451938, "dt50": {"system": 6.0, "soil": 91.82999395680125, "surfaceWater": 6.0, "sediment": 6.0}, "plant_uptake": 0.0, "name": "Compound -7231663140804603183", "model_specific_data": {}, "metabolites": [{"formation_fraction": 0.2, "metabolite": {"molarMass": 300.0, "water_solubility": 0.010012593561972895, "vapor_pressure": 1.6716027157135008e-06, "reference_temperature": 20.0, "koc": 268.61815783053333, "freundlich": 0.9606808955341, "dt50": {"system": 6.0, "soil": 257.2120462479177, "surfaceWater": 6.0, "sediment": 6.0}, "plant_uptake": 0.5, "name": "Compound -3636168011263163162", "model_specific_data": {}, "metabolites": []}}]}}