{"gap": {"type": "relative", "arguments": {"name": "GAP -296091488377847865", "modelCrop": "WC", "rate": 250.0, "apply_every_n_years": 1, "number_of_applications": 2, "interval": 14, "model_specific_data": {}, "bbch": 31, "season": 0}}, "compound": {"molarMass": 300.0, "water_solubility": 0.04338274762600698, "vapor_pressure": 1.0876904522576893e-07, "reference_temperature": 20.0, "koc": 4512.162638645647, "freundlich": 0.9259998556145985, "dt50": {"system": 6.0, "soil": 27.616205776821957, "surfaceWater": 6.0, "sediment": 6.0}, "plant_uptake": 0.0, "name": "Compound 1975907981563642429", "model_specific_data": {}, "metabolites": [{"formation_fraction": 0.2, "metabolite": {"molarMass": 300.0, "water_solubility": 0.00419760419815643, "vapor_pressure": 3.77637158569741e-08, "reference_temperature": 20.0, "koc": 1596.6259740844123, "freundlich": 1.069754973722952, "dt50": {"system": 6.0, "soil": 294.6335767791756, "surfaceWater": 6.0, "sediment": 6.0}, "plant_uptake": 0.5, "name": "Compound -7043425371356264484", "model_specific_data": {}, "metabolites": []}}]}}