{"gap": {"type": "relative", "arguments": {"name": "GAP -296091488377847865", "modelCrop": "WC", "rate": 250.0, "apply_every_n_years": 1, "number_of_applications": 2, "interval": 14, "model_specific_data": {}, "bbch": 31, "season": 0}}, "compound": {"molarMass": 300.0, "water_solubility": 0.0021947312914869736, "vapor_pressure": 6.162454053530926e-06, "reference_temperature": 20.0, "koc": 173.55653586128037, "freundlich": 0.9977177997602522, "dt50": {"system": 6.0, "soil": 279.5068066326875, "surfaceWater": 6.0, "sediment": 6.0}, "plant_uptake": 0.0, "name": "Compound 850426044490318158", "model_specific_data": {}, "metabolites": [{"formation_fraction": 0.2, "metabolite": {"molarMass": 300.0, "water_solubility": 0.014864902757789053, "vapor_pressure": 0.00024277276172867125, "reference_temperature": 20.0, "koc": 194.2367319034031, "freundlich": 0.837206827880181, "dt50": {"system": 6.0, "soil": 265.3138551585971, "surfaceWater": 6.0, "sediment": 6.0}, "plant_uptake": 0.5, "name": "Compound 5960084662224343532", "model_specific_data": {}, "metabolites": []}}]}}