{"gap": {"type": "relative", "arguments": {"name": "GAP -296091488377847865", "modelCrop": "WC", "rate": 250.0, "apply_every_n_years": 1, "number_of_applications": 2, "interval": 14, "model_specific_data": {}, "bbch": 31, "season": 0}}, "compound": {"molarMass": 300.0, "water_solubility": 0.041454286177479344, "vapor_pressure": 1.164587445819629e-06, "reference_temperature": 20.0, "koc": 127.17968944301428, "freundlich": 0.8591455684957212, "dt50": {"system": 6.0, "soil": 133.75500829305884, "surfaceWater": 6.0, "sediment": 6.0}, "plant_uptake": 0.0, "name": "Compound -6583659518758751802", "model_specific_data": {}, "metabolites": [{"formation_fraction": 0.2, "metabolite": {"molarMass": 300.0, "water_solubility": 0.0005160182047738189, "vapor_pressure": 2.055002700452889e-07, "reference_temperature": 20.0, "koc": 181.3906429220975, "freundlich": 0.7919897427954615, "dt50": {"system": 6.0, "soil": 156.25660137895713, "surfaceWater": 6.0, "sediment": 6.0}, "plant_uptake": 0.5, "name": "Compound 8081773257995266849", "model_specific_data": {}, "metabolites": []}}]}}