{"gap": {"type": "relative", "arguments": {"name": "GAP -296091488377847865", "modelCrop": "WC", "rate": 250.0, "apply_every_n_years": 1, "number_of_applications": 2, "interval": 14, "model_specific_data": {}, "bbch": 31, "season": 0}}, "compound": {"molarMass": 300.0, "water_solubility": 0.0049430103444881, "vapor_pressure": 1.6932015164598858e-09, "reference_temperature": 20.0, "koc": 3675.180775144489, "freundlich": 0.8782488064803486, "dt50": {"system": 6.0, "soil": 198.1129742080058, "surfaceWater": 6.0, "sediment": 6.0}, "plant_uptake": 0.0, "name": "Compound -5409796307978616103", "model_specific_data": {}, "metabolites": [{"formation_fraction": 0.2, "metabolite": {"molarMass": 300.0, "water_solubility": 0.00011004333552043327, "vapor_pressure": 1.9068946692341658e-06, "reference_temperature": 20.0, "koc": 422.41735004148364, "freundlich": 1.0591650002091835, "dt50": {"system": 6.0, "soil": 205.53944410499497, "surfaceWater": 6.0, "sediment": 6.0}, "plant_uptake": 0.5, "name": "Compound -6865659622868330459", "model_specific_data": {}, "metabolites": []}}]}}