{"gap": {"type": "relative", "arguments": {"name": "GAP -296091488377847865", "modelCrop": "WC", "rate": 250.0, "apply_every_n_years": 1, "number_of_applications": 2, "interval": 14, "model_specific_data": {}, "bbch": 31, "season": 0}}, "compound": {"molarMass": 300.0, "water_solubility": 0.025346009481773332, "vapor_pressure": 3.516664241219873e-05, "reference_temperature": 20.0, "koc": 10.001574575502087, "freundlich": 0.7587166345402698, "dt50": {"system": 6.0, "soil": 211.05778494718916, "surfaceWater": 6.0, "sediment": 6.0}, "plant_uptake": 0.0, "name": "Compound -6135389145045253679", "model_specific_data": {}, "metabolites": [{"formation_fraction": 0.2, "metabolite": {"molarMass": 300.0, "water_solubility": 0.013519810391023322, "vapor_pressure": 1.0701174215757492e-06, "reference_temperature": 20.0, "koc": 3779.040120322388, "freundlich": 1.0202980635353425, "dt50": {"system": 6.0, "soil": 127.53184507835489, "surfaceWater": 6.0, "sediment": 6.0}, "plant_uptake": 0.5, "name": "Compound -1069611124774581028", "model_specific_data": {}, "metabolites": []}}]}}