{"gap": {"type": "relative", "arguments": {"name": "GAP -296091488377847865", "modelCrop": "WC", "rate": 250.0, "apply_every_n_years": 1, "number_of_applications": 2, "interval": 14, "model_specific_data": {}, "bbch": 31, "season": 0}}, "compound": {"molarMass": 300.0, "water_solubility": 0.0006170567673130101, "vapor_pressure": 4.7298632992016183e-07, "reference_temperature": 20.0, "koc": 27.280372701516455, "freundlich": 1.086194031110207, "dt50": {"system": 6.0, "soil": 217.3723185247991, "surfaceWater": 6.0, "sediment": 6.0}, "plant_uptake": 0.0, "name": "Compound -3785281423097744783", "model_specific_data": {}, "metabolites": [{"formation_fraction": 0.2, "metabolite": {"molarMass": 300.0, "water_solubility": 0.006953118572518982, "vapor_pressure": 0.00015933393045702607, "reference_temperature": 20.0, "koc": 344.4481411375805, "freundlich": 0.8909594245462605, "dt50": {"system": 6.0, "soil": 238.62575895375036, "surfaceWater": 6.0, "sediment": 6.0}, "plant_uptake": 0.5, "name": "Compound -5035628507595094681", "model_specific_data": {}, "metabolites": []}}]}}