{"gap": {"type": "relative", "arguments": {"name": "GAP -296091488377847865", "modelCrop": "WC", "rate": 250.0, "apply_every_n_years": 1, "number_of_applications": 2, "interval": 14, "model_specific_data": {}, "bbch": 31, "season": 0}}, "compound": {"molarMass": 300.0, "water_solubility": 0.03429049257225729, "vapor_pressure": 1.4366361881899046e-05, "reference_temperature": 20.0, "koc": 279.9939334230087, "freundlich": 1.142355908423472, "dt50": {"system": 6.0, "soil": 256.7234967826207, "surfaceWater": 6.0, "sediment": 6.0}, "plant_uptake": 0.0, "name": "Compound 999027240980639517", "model_specific_data": {}, "metabolites": [{"formation_fraction": 0.2, "metabolite": {"molarMass": 300.0, "water_solubility": 0.07155654019131871, "vapor_pressure": 8.117544110847139e-08, "reference_temperature": 20.0, "koc": 297.10242782397034, "freundlich": 1.122232340410215, "dt50": {"system": 6.0, "soil": 216.65363214363097, "surfaceWater": 6.0, "sediment": 6.0}, "plant_uptake": 0.5, "name": "Compound 839465699710771412", "model_specific_data": {}, "metabolites": []}}]}}