{"gap": {"type": "relative", "arguments": {"name": "GAP -296091488377847865", "modelCrop": "WC", "rate": 250.0, "apply_every_n_years": 1, "number_of_applications": 2, "interval": 14, "model_specific_data": {}, "bbch": 31, "season": 0}}, "compound": {"molarMass": 300.0, "water_solubility": 0.00687155301467744, "vapor_pressure": 1.2838841004223059e-06, "reference_temperature": 20.0, "koc": 454.35063434683855, "freundlich": 1.1538457374628932, "dt50": {"system": 6.0, "soil": 193.70191166768507, "surfaceWater": 6.0, "sediment": 6.0}, "plant_uptake": 0.0, "name": "Compound -3739385648044917412", "model_specific_data": {}, "metabolites": [{"formation_fraction": 0.2, "metabolite": {"molarMass": 300.0, "water_solubility": 0.008056501075679559, "vapor_pressure": 0.002677532824567798, "reference_temperature": 20.0, "koc": 3473.127786727121, "freundlich": 0.7618944228300808, "dt50": {"system": 6.0, "soil": 176.13391248634218, "surfaceWater": 6.0, "sediment": 6.0}, "plant_uptake": 0.5, "name": "Compound -4174562015251746799", "model_specific_data": {}, "metabolites": []}}]}}