{"gap": {"type": "relative", "arguments": {"name": "GAP -296091488377847865", "modelCrop": "WC", "rate": 250.0, "apply_every_n_years": 1, "number_of_applications": 2, "interval": 14, "model_specific_data": {}, "bbch": 31, "season": 0}}, "compound": {"molarMass": 300.0, "water_solubility": 0.006226535284543453, "vapor_pressure": 0.0006550406516770908, "reference_temperature": 20.0, "koc": 1300.7894224498516, "freundlich": 0.9094114015411788, "dt50": {"system": 6.0, "soil": 207.37774756774212, "surfaceWater": 6.0, "sediment": 6.0}, "plant_uptake": 0.0, "name": "Compound -3635146794145918621", "model_specific_data": {}, "metabolites": [{"formation_fraction": 0.2, "metabolite": {"molarMass": 300.0, "water_solubility": 0.16971412386011028, "vapor_pressure": 7.153076265699814e-05, "reference_temperature": 20.0, "koc": 183.01129545278957, "freundlich": 1.0856564373738982, "dt50": {"system": 6.0, "soil": 2.653713290675649, "surfaceWater": 6.0, "sediment": 6.0}, "plant_uptake": 0.5, "name": "Compound -9015031286640386912", "model_specific_data": {}, "metabolites": []}}]}}