{"gap": {"type": "relative", "arguments": {"name": "GAP -296091488377847865", "modelCrop": "WC", "rate": 250.0, "apply_every_n_years": 1, "number_of_applications": 2, "interval": 14, "model_specific_data": {}, "bbch": 31, "season": 0}}, "compound": {"molarMass": 300.0, "water_solubility": 0.00028283567855355574, "vapor_pressure": 4.494954395059646e-05, "reference_temperature": 20.0, "koc": 22.255303844621874, "freundlich": 0.9861141058998777, "dt50": {"system": 6.0, "soil": 130.1027335507656, "surfaceWater": 6.0, "sediment": 6.0}, "plant_uptake": 0.0, "name": "Compound -1625530716653792912", "model_specific_data": {}, "metabolites": [{"formation_fraction": 0.2, "metabolite": {"molarMass": 300.0, "water_solubility": 0.0479122719975737, "vapor_pressure": 7.011911508808186e-05, "reference_temperature": 20.0, "koc": 743.5388139207628, "freundlich": 0.8637261281350845, "dt50": {"system": 6.0, "soil": 218.6474661740383, "surfaceWater": 6.0, "sediment": 6.0}, "plant_uptake": 0.5, "name": "Compound 4256654117496679888", "model_specific_data": {}, "metabolites": []}}]}}