{"gap": {"type": "relative", "arguments": {"name": "GAP -296091488377847865", "modelCrop": "WC", "rate": 250.0, "apply_every_n_years": 1, "number_of_applications": 2, "interval": 14, "model_specific_data": {}, "bbch": 31, "season": 0}}, "compound": {"molarMass": 300.0, "water_solubility": 0.02888270218730291, "vapor_pressure": 0.0016381273355378302, "reference_temperature": 20.0, "koc": 50.83122839450618, "freundlich": 0.8764143511382697, "dt50": {"system": 6.0, "soil": 259.4321932908945, "surfaceWater": 6.0, "sediment": 6.0}, "plant_uptake": 0.0, "name": "Compound 3789083263326188465", "model_specific_data": {}, "metabolites": [{"formation_fraction": 0.2, "metabolite": {"molarMass": 300.0, "water_solubility": 0.0001651899650248203, "vapor_pressure": 0.0006413211931009129, "reference_temperature": 20.0, "koc": 1955.3051912138985, "freundlich": 0.7321481134739132, "dt50": {"system": 6.0, "soil": 130.9064347887904, "surfaceWater": 6.0, "sediment": 6.0}, "plant_uptake": 0.5, "name": "Compound -2165340732458552979", "model_specific_data": {}, "metabolites": []}}]}}