{"gap": {"type": "relative", "arguments": {"name": "GAP -296091488377847865", "modelCrop": "WC", "rate": 250.0, "apply_every_n_years": 1, "number_of_applications": 2, "interval": 14, "model_specific_data": {}, "bbch": 31, "season": 0}}, "compound": {"molarMass": 300.0, "water_solubility": 0.061038684304793846, "vapor_pressure": 7.97425443668549e-05, "reference_temperature": 20.0, "koc": 1072.5621276155407, "freundlich": 0.8078181424328778, "dt50": {"system": 6.0, "soil": 172.60493467874915, "surfaceWater": 6.0, "sediment": 6.0}, "plant_uptake": 0.0, "name": "Compound -3273928075976254776", "model_specific_data": {}, "metabolites": [{"formation_fraction": 0.2, "metabolite": {"molarMass": 300.0, "water_solubility": 0.016396982311211263, "vapor_pressure": 1.9682527838027907e-05, "reference_temperature": 20.0, "koc": 3080.0632730238676, "freundlich": 0.8277193053402351, "dt50": {"system": 6.0, "soil": 170.96131193616978, "surfaceWater": 6.0, "sediment": 6.0}, "plant_uptake": 0.5, "name": "Compound -207772221215702091", "model_specific_data": {}, "metabolites": []}}]}}