{"gap": {"type": "relative", "arguments": {"name": "GAP -296091488377847865", "modelCrop": "WC", "rate": 250.0, "apply_every_n_years": 1, "number_of_applications": 2, "interval": 14, "model_specific_data": {}, "bbch": 31, "season": 0}}, "compound": {"molarMass": 300.0, "water_solubility": 0.4034607929253204, "vapor_pressure": 4.289992492032537e-05, "reference_temperature": 20.0, "koc": 35.30106929549808, "freundlich": 0.7761034488485063, "dt50": {"system": 6.0, "soil": 261.48175180432975, "surfaceWater": 6.0, "sediment": 6.0}, "plant_uptake": 0.0, "name": "Compound -7055447202363783669", "model_specific_data": {}, "metabolites": [{"formation_fraction": 0.2, "metabolite": {"molarMass": 300.0, "water_solubility": 0.026825609506573568, "vapor_pressure": 2.4137787648587137e-07, "reference_temperature": 20.0, "koc": 329.06398407131564, "freundlich": 1.178272580887408, "dt50": {"system": 6.0, "soil": 139.30008983299598, "surfaceWater": 6.0, "sediment": 6.0}, "plant_uptake": 0.5, "name": "Compound -7011983069574021287", "model_specific_data": {}, "metabolites": []}}]}}