{"gap": {"type": "relative", "arguments": {"name": "GAP -296091488377847865", "modelCrop": "WC", "rate": 250.0, "apply_every_n_years": 1, "number_of_applications": 2, "interval": 14, "model_specific_data": {}, "bbch": 31, "season": 0}}, "compound": {"molarMass": 300.0, "water_solubility": 0.034534570871049615, "vapor_pressure": 4.196920382480705e-06, "reference_temperature": 20.0, "koc": 11.907615475389377, "freundlich": 1.1964981367259466, "dt50": {"system": 6.0, "soil": 122.86633375176696, "surfaceWater": 6.0, "sediment": 6.0}, "plant_uptake": 0.0, "name": "Compound -8240215647520663042", "model_specific_data": {}, "metabolites": [{"formation_fraction": 0.2, "metabolite": {"molarMass": 300.0, "water_solubility": 0.0483772369802168, "vapor_pressure": 1.290561505698823e-07, "reference_temperature": 20.0, "koc": 829.8698363072962, "freundlich": 0.7671614487807599, "dt50": {"system": 6.0, "soil": 218.55124417265642, "surfaceWater": 6.0, "sediment": 6.0}, "plant_uptake": 0.5, "name": "Compound -3273704400282868347", "model_specific_data": {}, "metabolites": []}}]}}