{"gap": {"type": "relative", "arguments": {"name": "GAP -296091488377847865", "modelCrop": "WC", "rate": 250.0, "apply_every_n_years": 1, "number_of_applications": 2, "interval": 14, "model_specific_data": {}, "bbch": 31, "season": 0}}, "compound": {"molarMass": 300.0, "water_solubility": 0.0010936774646335941, "vapor_pressure": 3.7976632814256177e-07, "reference_temperature": 20.0, "koc": 1633.959425487528, "freundlich": 0.8254598280633128, "dt50": {"system": 6.0, "soil": 170.5722692270651, "surfaceWater": 6.0, "sediment": 6.0}, "plant_uptake": 0.0, "name": "Compound 5136454384671259346", "model_specific_data": {}, "metabolites": [{"formation_fraction": 0.2, "metabolite": {"molarMass": 300.0, "water_solubility": 0.007975734886447268, "vapor_pressure": 3.0681516745935625e-06, "reference_temperature": 20.0, "koc": 773.9560341258084, "freundlich": 0.8524451017384795, "dt50": {"system": 6.0, "soil": 17.895723152688415, "surfaceWater": 6.0, "sediment": 6.0}, "plant_uptake": 0.5, "name": "Compound -1158141285352846679", "model_specific_data": {}, "metabolites": []}}]}}