{"gap": {"type": "relative", "arguments": {"name": "GAP -296091488377847865", "modelCrop": "WC", "rate": 250.0, "apply_every_n_years": 1, "number_of_applications": 2, "interval": 14, "model_specific_data": {}, "bbch": 31, "season": 0}}, "compound": {"molarMass": 300.0, "water_solubility": 0.013226761326263903, "vapor_pressure": 1.2252893473143326e-05, "reference_temperature": 20.0, "koc": 23.3438131939224, "freundlich": 0.9904147191470407, "dt50": {"system": 6.0, "soil": 116.59750330001337, "surfaceWater": 6.0, "sediment": 6.0}, "plant_uptake": 0.0, "name": "Compound -4385945636265627756", "model_specific_data": {}, "metabolites": [{"formation_fraction": 0.2, "metabolite": {"molarMass": 300.0, "water_solubility": 0.002695333005505134, "vapor_pressure": 4.0264658977546875e-08, "reference_temperature": 20.0, "koc": 223.19578106130933, "freundlich": 1.0287229432557718, "dt50": {"system": 6.0, "soil": 198.21620907524965, "surfaceWater": 6.0, "sediment": 6.0}, "plant_uptake": 0.5, "name": "Compound 5884024540146900258", "model_specific_data": {}, "metabolites": []}}]}}