{"gap": {"type": "relative", "arguments": {"name": "GAP -296091488377847865", "modelCrop": "WC", "rate": 250.0, "apply_every_n_years": 1, "number_of_applications": 2, "interval": 14, "model_specific_data": {}, "bbch": 31, "season": 0}}, "compound": {"molarMass": 300.0, "water_solubility": 0.03755909196518655, "vapor_pressure": 1.909614656741338e-05, "reference_temperature": 20.0, "koc": 14.184142620091283, "freundlich": 1.1024261928310455, "dt50": {"system": 6.0, "soil": 184.24655597148325, "surfaceWater": 6.0, "sediment": 6.0}, "plant_uptake": 0.0, "name": "Compound -1841448454631242060", "model_specific_data": {}, "metabolites": [{"formation_fraction": 0.2, "metabolite": {"molarMass": 300.0, "water_solubility": 0.01955337428948079, "vapor_pressure": 0.00018336464016047483, "reference_temperature": 20.0, "koc": 40.49956018821118, "freundlich": 0.8572824260413061, "dt50": {"system": 6.0, "soil": 149.14261817712276, "surfaceWater": 6.0, "sediment": 6.0}, "plant_uptake": 0.5, "name": "Compound -7706781550034913953", "model_specific_data": {}, "metabolites": []}}]}}