{"gap": {"type": "relative", "arguments": {"name": "GAP -296091488377847865", "modelCrop": "WC", "rate": 250.0, "apply_every_n_years": 1, "number_of_applications": 2, "interval": 14, "model_specific_data": {}, "bbch": 31, "season": 0}}, "compound": {"molarMass": 300.0, "water_solubility": 0.3023313703637211, "vapor_pressure": 5.371868526381372e-06, "reference_temperature": 20.0, "koc": 12.080521702012902, "freundlich": 0.7578485177354237, "dt50": {"system": 6.0, "soil": 281.8476990112254, "surfaceWater": 6.0, "sediment": 6.0}, "plant_uptake": 0.0, "name": "Compound -3242232543694980362", "model_specific_data": {}, "metabolites": [{"formation_fraction": 0.2, "metabolite": {"molarMass": 300.0, "water_solubility": 0.019676587530123153, "vapor_pressure": 1.4173658237517017e-06, "reference_temperature": 20.0, "koc": 10.24996365820356, "freundlich": 0.9751139200065031, "dt50": {"system": 6.0, "soil": 173.53060020230896, "surfaceWater": 6.0, "sediment": 6.0}, "plant_uptake": 0.5, "name": "Compound -2078041826919408734", "model_specific_data": {}, "metabolites": []}}]}}