{"gap": {"type": "relative", "arguments": {"name": "GAP -296091488377847865", "modelCrop": "WC", "rate": 250.0, "apply_every_n_years": 1, "number_of_applications": 2, "interval": 14, "model_specific_data": {}, "bbch": 31, "season": 0}}, "compound": {"molarMass": 300.0, "water_solubility": 0.19768143098960408, "vapor_pressure": 7.898682141611971e-05, "reference_temperature": 20.0, "koc": 1971.317461982475, "freundlich": 1.1357829791017584, "dt50": {"system": 6.0, "soil": 132.73195521767718, "surfaceWater": 6.0, "sediment": 6.0}, "plant_uptake": 0.0, "name": "Compound 7586615823722063925", "model_specific_data": {}, "metabolites": [{"formation_fraction": 0.2, "metabolite": {"molarMass": 300.0, "water_solubility": 0.001976269593188099, "vapor_pressure": 0.00015981634871563267, "reference_temperature": 20.0, "koc": 346.8292165823937, "freundlich": 0.9089058043951725, "dt50": {"system": 6.0, "soil": 52.135374910950276, "surfaceWater": 6.0, "sediment": 6.0}, "plant_uptake": 0.5, "name": "Compound 4975731347266797455", "model_specific_data": {}, "metabolites": []}}]}}