{"gap": {"type": "relative", "arguments": {"name": "GAP -296091488377847865", "modelCrop": "WC", "rate": 250.0, "apply_every_n_years": 1, "number_of_applications": 2, "interval": 14, "model_specific_data": {}, "bbch": 31, "season": 0}}, "compound": {"molarMass": 300.0, "water_solubility": 0.011787005259443916, "vapor_pressure": 1.0793050947600495e-05, "reference_temperature": 20.0, "koc": 1457.639820603711, "freundlich": 0.9322349467303517, "dt50": {"system": 6.0, "soil": 56.60239122434399, "surfaceWater": 6.0, "sediment": 6.0}, "plant_uptake": 0.0, "name": "Compound 5053557150256816363", "model_specific_data": {}, "metabolites": [{"formation_fraction": 0.2, "metabolite": {"molarMass": 300.0, "water_solubility": 0.03192712171650078, "vapor_pressure": 8.562730310592727e-08, "reference_temperature": 20.0, "koc": 61.64146184310244, "freundlich": 0.8141878306212106, "dt50": {"system": 6.0, "soil": 209.1815022223472, "surfaceWater": 6.0, "sediment": 6.0}, "plant_uptake": 0.5, "name": "Compound 4976474133948906845", "model_specific_data": {}, "metabolites": []}}]}}