{"gap": {"type": "relative", "arguments": {"name": "GAP -296091488377847865", "modelCrop": "WC", "rate": 250.0, "apply_every_n_years": 1, "number_of_applications": 2, "interval": 14, "model_specific_data": {}, "bbch": 31, "season": 0}}, "compound": {"molarMass": 300.0, "water_solubility": 2.1134584413453164, "vapor_pressure": 8.267117511153874e-05, "reference_temperature": 20.0, "koc": 311.92067514250476, "freundlich": 0.721809151839385, "dt50": {"system": 6.0, "soil": 225.4015915540108, "surfaceWater": 6.0, "sediment": 6.0}, "plant_uptake": 0.0, "name": "Compound 3986134334888093424", "model_specific_data": {}, "metabolites": [{"formation_fraction": 0.2, "metabolite": {"molarMass": 300.0, "water_solubility": 0.12240662046709717, "vapor_pressure": 9.908870919807636e-05, "reference_temperature": 20.0, "koc": 749.9453428097578, "freundlich": 0.7402628231237602, "dt50": {"system": 6.0, "soil": 13.256955284307814, "surfaceWater": 6.0, "sediment": 6.0}, "plant_uptake": 0.5, "name": "Compound 9222645713492429812", "model_specific_data": {}, "metabolites": []}}]}}