{"gap": {"type": "relative", "arguments": {"name": "GAP -296091488377847865", "modelCrop": "WC", "rate": 250.0, "apply_every_n_years": 1, "number_of_applications": 2, "interval": 14, "model_specific_data": {}, "bbch": 31, "season": 0}}, "compound": {"molarMass": 300.0, "water_solubility": 0.04152529203910962, "vapor_pressure": 7.62762008706076e-06, "reference_temperature": 20.0, "koc": 16.361000814864383, "freundlich": 0.9777520306297749, "dt50": {"system": 6.0, "soil": 5.9152564278472175, "surfaceWater": 6.0, "sediment": 6.0}, "plant_uptake": 0.0, "name": "Compound 8794557813299981297", "model_specific_data": {}, "metabolites": [{"formation_fraction": 0.2, "metabolite": {"molarMass": 300.0, "water_solubility": 0.00012513673238952249, "vapor_pressure": 0.0018803231793137548, "reference_temperature": 20.0, "koc": 1120.2872018737767, "freundlich": 0.9171738691358924, "dt50": {"system": 6.0, "soil": 209.08741119476667, "surfaceWater": 6.0, "sediment": 6.0}, "plant_uptake": 0.5, "name": "Compound 5831921369933806367", "model_specific_data": {}, "metabolites": []}}]}}