{"gap": {"type": "relative", "arguments": {"name": "GAP -296091488377847865", "modelCrop": "WC", "rate": 250.0, "apply_every_n_years": 1, "number_of_applications": 2, "interval": 14, "model_specific_data": {}, "bbch": 31, "season": 0}}, "compound": {"molarMass": 300.0, "water_solubility": 0.022245328638086467, "vapor_pressure": 1.3583962111541245e-07, "reference_temperature": 20.0, "koc": 34.76393574295702, "freundlich": 0.7493140307208987, "dt50": {"system": 6.0, "soil": 69.25482482509285, "surfaceWater": 6.0, "sediment": 6.0}, "plant_uptake": 0.0, "name": "Compound 5371654135574794602", "model_specific_data": {}, "metabolites": [{"formation_fraction": 0.2, "metabolite": {"molarMass": 300.0, "water_solubility": 0.007098603881249485, "vapor_pressure": 1.0191609409854888e-08, "reference_temperature": 20.0, "koc": 457.9894766564774, "freundlich": 0.8441136729853465, "dt50": {"system": 6.0, "soil": 42.35170769342927, "surfaceWater": 6.0, "sediment": 6.0}, "plant_uptake": 0.5, "name": "Compound 7247787988242589808", "model_specific_data": {}, "metabolites": []}}]}}