{"gap": {"type": "relative", "arguments": {"name": "GAP -296091488377847865", "modelCrop": "WC", "rate": 250.0, "apply_every_n_years": 1, "number_of_applications": 2, "interval": 14, "model_specific_data": {}, "bbch": 31, "season": 0}}, "compound": {"molarMass": 300.0, "water_solubility": 0.007567630829616294, "vapor_pressure": 8.745496285064052e-07, "reference_temperature": 20.0, "koc": 854.3861966021798, "freundlich": 0.8029061889639499, "dt50": {"system": 6.0, "soil": 114.23018646133787, "surfaceWater": 6.0, "sediment": 6.0}, "plant_uptake": 0.0, "name": "Compound 8268766332124912219", "model_specific_data": {}, "metabolites": [{"formation_fraction": 0.2, "metabolite": {"molarMass": 300.0, "water_solubility": 0.006793488436864756, "vapor_pressure": 1.1418395960827982e-06, "reference_temperature": 20.0, "koc": 214.4254550419223, "freundlich": 1.130551581581078, "dt50": {"system": 6.0, "soil": 250.2881127576898, "surfaceWater": 6.0, "sediment": 6.0}, "plant_uptake": 0.5, "name": "Compound 2956805978696785590", "model_specific_data": {}, "metabolites": []}}]}}