{"gap": {"type": "relative", "arguments": {"name": "GAP -296091488377847865", "modelCrop": "WC", "rate": 250.0, "apply_every_n_years": 1, "number_of_applications": 2, "interval": 14, "model_specific_data": {}, "bbch": 31, "season": 0}}, "compound": {"molarMass": 300.0, "water_solubility": 0.06467516250786767, "vapor_pressure": 2.8605666457378765e-06, "reference_temperature": 20.0, "koc": 1758.3947434601039, "freundlich": 0.9177337156395939, "dt50": {"system": 6.0, "soil": 85.27015054956183, "surfaceWater": 6.0, "sediment": 6.0}, "plant_uptake": 0.0, "name": "Compound -9187921276333657806", "model_specific_data": {}, "metabolites": [{"formation_fraction": 0.2, "metabolite": {"molarMass": 300.0, "water_solubility": 0.0002653974442394923, "vapor_pressure": 1.2510012406168316e-05, "reference_temperature": 20.0, "koc": 843.7567073314676, "freundlich": 0.7200322106964058, "dt50": {"system": 6.0, "soil": 186.7832363602198, "surfaceWater": 6.0, "sediment": 6.0}, "plant_uptake": 0.5, "name": "Compound 396914543392994097", "model_specific_data": {}, "metabolites": []}}]}}