{"gap": {"type": "relative", "arguments": {"name": "GAP -296091488377847865", "modelCrop": "WC", "rate": 250.0, "apply_every_n_years": 1, "number_of_applications": 2, "interval": 14, "model_specific_data": {}, "bbch": 31, "season": 0}}, "compound": {"molarMass": 300.0, "water_solubility": 0.13488673553332636, "vapor_pressure": 0.0013709580698030726, "reference_temperature": 20.0, "koc": 981.3981905333973, "freundlich": 1.1205220056277252, "dt50": {"system": 6.0, "soil": 102.63700252615709, "surfaceWater": 6.0, "sediment": 6.0}, "plant_uptake": 0.0, "name": "Compound 7665806249702970559", "model_specific_data": {}, "metabolites": [{"formation_fraction": 0.2, "metabolite": {"molarMass": 300.0, "water_solubility": 0.007418573840985765, "vapor_pressure": 7.540449206177185e-07, "reference_temperature": 20.0, "koc": 38.386364320136416, "freundlich": 1.187526464230325, "dt50": {"system": 6.0, "soil": 190.08493384931288, "surfaceWater": 6.0, "sediment": 6.0}, "plant_uptake": 0.5, "name": "Compound -8515891657441491251", "model_specific_data": {}, "metabolites": []}}]}}