{"gap": {"type": "relative", "arguments": {"name": "GAP -296091488377847865", "modelCrop": "WC", "rate": 250.0, "apply_every_n_years": 1, "number_of_applications": 2, "interval": 14, "model_specific_data": {}, "bbch": 31, "season": 0}}, "compound": {"molarMass": 300.0, "water_solubility": 0.04147083128835617, "vapor_pressure": 1.5597117210293018e-06, "reference_temperature": 20.0, "koc": 29.426066108270614, "freundlich": 1.1859519912438286, "dt50": {"system": 6.0, "soil": 221.4849154035003, "surfaceWater": 6.0, "sediment": 6.0}, "plant_uptake": 0.0, "name": "Compound 4569649430031551492", "model_specific_data": {}, "metabolites": [{"formation_fraction": 0.2, "metabolite": {"molarMass": 300.0, "water_solubility": 0.003396252793027936, "vapor_pressure": 5.006436900360837e-06, "reference_temperature": 20.0, "koc": 73.88570255541926, "freundlich": 0.9032115670284852, "dt50": {"system": 6.0, "soil": 122.34119946161243, "surfaceWater": 6.0, "sediment": 6.0}, "plant_uptake": 0.5, "name": "Compound 9168227702326433883", "model_specific_data": {}, "metabolites": []}}]}}