{"gap": {"type": "relative", "arguments": {"name": "GAP -296091488377847865", "modelCrop": "WC", "rate": 250.0, "apply_every_n_years": 1, "number_of_applications": 2, "interval": 14, "model_specific_data": {}, "bbch": 31, "season": 0}}, "compound": {"molarMass": 300.0, "water_solubility": 0.11265314914618628, "vapor_pressure": 2.036126015897087e-06, "reference_temperature": 20.0, "koc": 190.13950003703815, "freundlich": 0.9581389593367058, "dt50": {"system": 6.0, "soil": 296.9792035148222, "surfaceWater": 6.0, "sediment": 6.0}, "plant_uptake": 0.0, "name": "Compound 5223536122365193072", "model_specific_data": {}, "metabolites": [{"formation_fraction": 0.2, "metabolite": {"molarMass": 300.0, "water_solubility": 0.07426530003748845, "vapor_pressure": 5.546117730172298e-09, "reference_temperature": 20.0, "koc": 38.87371401848063, "freundlich": 1.1933926519795968, "dt50": {"system": 6.0, "soil": 250.0078177287126, "surfaceWater": 6.0, "sediment": 6.0}, "plant_uptake": 0.5, "name": "Compound 3959565787432032830", "model_specific_data": {}, "metabolites": []}}]}}