{"gap": {"type": "relative", "arguments": {"name": "GAP -296091488377847865", "modelCrop": "WC", "rate": 250.0, "apply_every_n_years": 1, "number_of_applications": 2, "interval": 14, "model_specific_data": {}, "bbch": 31, "season": 0}}, "compound": {"molarMass": 300.0, "water_solubility": 0.1137893939252319, "vapor_pressure": 9.343726337735457e-05, "reference_temperature": 20.0, "koc": 4651.274663155883, "freundlich": 1.1796331137508433, "dt50": {"system": 6.0, "soil": 98.43862226327961, "surfaceWater": 6.0, "sediment": 6.0}, "plant_uptake": 0.0, "name": "Compound 6616347352585584151", "model_specific_data": {}, "metabolites": [{"formation_fraction": 0.2, "metabolite": {"molarMass": 300.0, "water_solubility": 0.002481173180572502, "vapor_pressure": 0.0001353092587793068, "reference_temperature": 20.0, "koc": 4908.299184358884, "freundlich": 0.9250699997012382, "dt50": {"system": 6.0, "soil": 44.95476909684545, "surfaceWater": 6.0, "sediment": 6.0}, "plant_uptake": 0.5, "name": "Compound 1647611014706344848", "model_specific_data": {}, "metabolites": []}}]}}