{"gap": {"type": "relative", "arguments": {"name": "GAP -296091488377847865", "modelCrop": "WC", "rate": 250.0, "apply_every_n_years": 1, "number_of_applications": 2, "interval": 14, "model_specific_data": {}, "bbch": 31, "season": 0}}, "compound": {"molarMass": 300.0, "water_solubility": 0.007473308338943236, "vapor_pressure": 0.00011249589044445051, "reference_temperature": 20.0, "koc": 60.7774298140795, "freundlich": 1.086725123117514, "dt50": {"system": 6.0, "soil": 177.6151540220031, "surfaceWater": 6.0, "sediment": 6.0}, "plant_uptake": 0.0, "name": "Compound -1343255624860540228", "model_specific_data": {}, "metabolites": [{"formation_fraction": 0.2, "metabolite": {"molarMass": 300.0, "water_solubility": 0.24416780418371634, "vapor_pressure": 1.715873486584515e-05, "reference_temperature": 20.0, "koc": 742.9056266941684, "freundlich": 0.7709369898411252, "dt50": {"system": 6.0, "soil": 184.1207336648618, "surfaceWater": 6.0, "sediment": 6.0}, "plant_uptake": 0.5, "name": "Compound -791331264121646557", "model_specific_data": {}, "metabolites": []}}]}}