{"gap": {"type": "relative", "arguments": {"name": "GAP -296091488377847865", "modelCrop": "WC", "rate": 250.0, "apply_every_n_years": 1, "number_of_applications": 2, "interval": 14, "model_specific_data": {}, "bbch": 31, "season": 0}}, "compound": {"molarMass": 300.0, "water_solubility": 0.11109842057064077, "vapor_pressure": 5.759554968183316e-06, "reference_temperature": 20.0, "koc": 323.92973925055475, "freundlich": 1.0706576728804595, "dt50": {"system": 6.0, "soil": 109.7960839891089, "surfaceWater": 6.0, "sediment": 6.0}, "plant_uptake": 0.0, "name": "Compound 955372170723903465", "model_specific_data": {}, "metabolites": [{"formation_fraction": 0.2, "metabolite": {"molarMass": 300.0, "water_solubility": 0.000824163552686096, "vapor_pressure": 7.967037171627733e-07, "reference_temperature": 20.0, "koc": 388.63143985234075, "freundlich": 0.8339620269710866, "dt50": {"system": 6.0, "soil": 292.7913363544844, "surfaceWater": 6.0, "sediment": 6.0}, "plant_uptake": 0.5, "name": "Compound 9019273818658267451", "model_specific_data": {}, "metabolites": []}}]}}