{"gap": {"type": "relative", "arguments": {"name": "GAP -296091488377847865", "modelCrop": "WC", "rate": 250.0, "apply_every_n_years": 1, "number_of_applications": 2, "interval": 14, "model_specific_data": {}, "bbch": 31, "season": 0}}, "compound": {"molarMass": 300.0, "water_solubility": 0.00031671122275624803, "vapor_pressure": 5.257883027329728e-05, "reference_temperature": 20.0, "koc": 423.3224757132945, "freundlich": 0.8900254987187013, "dt50": {"system": 6.0, "soil": 234.39011143033568, "surfaceWater": 6.0, "sediment": 6.0}, "plant_uptake": 0.0, "name": "Compound -3724421405023665128", "model_specific_data": {}, "metabolites": [{"formation_fraction": 0.2, "metabolite": {"molarMass": 300.0, "water_solubility": 0.01557149428740834, "vapor_pressure": 2.595056943246522e-05, "reference_temperature": 20.0, "koc": 1010.6917266827554, "freundlich": 0.8646862756054081, "dt50": {"system": 6.0, "soil": 64.76865131339773, "surfaceWater": 6.0, "sediment": 6.0}, "plant_uptake": 0.5, "name": "Compound -535847982557455177", "model_specific_data": {}, "metabolites": []}}]}}