{"gap": {"type": "relative", "arguments": {"name": "GAP -296091488377847865", "modelCrop": "WC", "rate": 250.0, "apply_every_n_years": 1, "number_of_applications": 2, "interval": 14, "model_specific_data": {}, "bbch": 31, "season": 0}}, "compound": {"molarMass": 300.0, "water_solubility": 0.2927839497626591, "vapor_pressure": 1.9844885529269867e-06, "reference_temperature": 20.0, "koc": 444.14896295697065, "freundlich": 0.9166203559460787, "dt50": {"system": 6.0, "soil": 226.7118894823371, "surfaceWater": 6.0, "sediment": 6.0}, "plant_uptake": 0.0, "name": "Compound -1241961473015656687", "model_specific_data": {}, "metabolites": [{"formation_fraction": 0.2, "metabolite": {"molarMass": 300.0, "water_solubility": 0.004540704249454626, "vapor_pressure": 0.0016511017996526471, "reference_temperature": 20.0, "koc": 392.0680552626454, "freundlich": 1.0218391088009335, "dt50": {"system": 6.0, "soil": 235.29884739985988, "surfaceWater": 6.0, "sediment": 6.0}, "plant_uptake": 0.5, "name": "Compound 4836625549814887942", "model_specific_data": {}, "metabolites": []}}]}}