{"gap": {"type": "relative", "arguments": {"name": "GAP -296091488377847865", "modelCrop": "WC", "rate": 250.0, "apply_every_n_years": 1, "number_of_applications": 2, "interval": 14, "model_specific_data": {}, "bbch": 31, "season": 0}}, "compound": {"molarMass": 300.0, "water_solubility": 0.010589931244699844, "vapor_pressure": 9.949745844531295e-05, "reference_temperature": 20.0, "koc": 3116.146392029393, "freundlich": 0.7429732760305734, "dt50": {"system": 6.0, "soil": 196.8129292515247, "surfaceWater": 6.0, "sediment": 6.0}, "plant_uptake": 0.0, "name": "Compound -5138522592882639435", "model_specific_data": {}, "metabolites": [{"formation_fraction": 0.2, "metabolite": {"molarMass": 300.0, "water_solubility": 0.02153476969277375, "vapor_pressure": 0.015453793009683562, "reference_temperature": 20.0, "koc": 16.882368005541856, "freundlich": 0.7922553814550573, "dt50": {"system": 6.0, "soil": 198.46256632926276, "surfaceWater": 6.0, "sediment": 6.0}, "plant_uptake": 0.5, "name": "Compound -8314058299385498593", "model_specific_data": {}, "metabolites": []}}]}}