{"gap": {"type": "relative", "arguments": {"name": "GAP -296091488377847865", "modelCrop": "WC", "rate": 250.0, "apply_every_n_years": 1, "number_of_applications": 2, "interval": 14, "model_specific_data": {}, "bbch": 31, "season": 0}}, "compound": {"molarMass": 300.0, "water_solubility": 0.0034081291005953885, "vapor_pressure": 0.00302449474598973, "reference_temperature": 20.0, "koc": 43.57463833989213, "freundlich": 0.7964599721447715, "dt50": {"system": 6.0, "soil": 137.64591247631108, "surfaceWater": 6.0, "sediment": 6.0}, "plant_uptake": 0.0, "name": "Compound 7921187456793814403", "model_specific_data": {}, "metabolites": [{"formation_fraction": 0.2, "metabolite": {"molarMass": 300.0, "water_solubility": 0.06924693668418107, "vapor_pressure": 4.589515787690539e-07, "reference_temperature": 20.0, "koc": 53.45568361231233, "freundlich": 1.1017602393238286, "dt50": {"system": 6.0, "soil": 11.097722452057447, "surfaceWater": 6.0, "sediment": 6.0}, "plant_uptake": 0.5, "name": "Compound -4557519317901719660", "model_specific_data": {}, "metabolites": []}}]}}