{"gap": {"type": "relative", "arguments": {"name": "GAP -296091488377847865", "modelCrop": "WC", "rate": 250.0, "apply_every_n_years": 1, "number_of_applications": 2, "interval": 14, "model_specific_data": {}, "bbch": 31, "season": 0}}, "compound": {"molarMass": 300.0, "water_solubility": 0.02291139781202708, "vapor_pressure": 1.2372057861142975e-05, "reference_temperature": 20.0, "koc": 515.8759037898024, "freundlich": 1.0048992415051696, "dt50": {"system": 6.0, "soil": 262.43583305079676, "surfaceWater": 6.0, "sediment": 6.0}, "plant_uptake": 0.0, "name": "Compound 4525400197666739144", "model_specific_data": {}, "metabolites": [{"formation_fraction": 0.2, "metabolite": {"molarMass": 300.0, "water_solubility": 0.05291527842027339, "vapor_pressure": 1.2515001779993587e-05, "reference_temperature": 20.0, "koc": 1039.9353754559577, "freundlich": 1.1664062391369265, "dt50": {"system": 6.0, "soil": 31.613041162262753, "surfaceWater": 6.0, "sediment": 6.0}, "plant_uptake": 0.5, "name": "Compound 5582094317798171661", "model_specific_data": {}, "metabolites": []}}]}}