{"gap": {"type": "relative", "arguments": {"name": "GAP -296091488377847865", "modelCrop": "WC", "rate": 250.0, "apply_every_n_years": 1, "number_of_applications": 2, "interval": 14, "model_specific_data": {}, "bbch": 31, "season": 0}}, "compound": {"molarMass": 300.0, "water_solubility": 0.0020464544082380736, "vapor_pressure": 1.2343888205323842e-05, "reference_temperature": 20.0, "koc": 85.30465842740712, "freundlich": 0.7334838324378896, "dt50": {"system": 6.0, "soil": 39.0952581185285, "surfaceWater": 6.0, "sediment": 6.0}, "plant_uptake": 0.0, "name": "Compound -1448695649254768028", "model_specific_data": {}, "metabolites": [{"formation_fraction": 0.2, "metabolite": {"molarMass": 300.0, "water_solubility": 0.040455355471064255, "vapor_pressure": 6.354193246542064e-05, "reference_temperature": 20.0, "koc": 313.39419082485483, "freundlich": 1.165869331767491, "dt50": {"system": 6.0, "soil": 135.34004210700414, "surfaceWater": 6.0, "sediment": 6.0}, "plant_uptake": 0.5, "name": "Compound 1329547518744996278", "model_specific_data": {}, "metabolites": []}}]}}