{"gap": {"type": "relative", "arguments": {"name": "GAP -296091488377847865", "modelCrop": "WC", "rate": 250.0, "apply_every_n_years": 1, "number_of_applications": 2, "interval": 14, "model_specific_data": {}, "bbch": 31, "season": 0}}, "compound": {"molarMass": 300.0, "water_solubility": 0.3870882936658123, "vapor_pressure": 1.936830898858e-05, "reference_temperature": 20.0, "koc": 125.07643672814338, "freundlich": 1.0089519030472875, "dt50": {"system": 6.0, "soil": 71.78302983986686, "surfaceWater": 6.0, "sediment": 6.0}, "plant_uptake": 0.0, "name": "Compound 8393486791679822090", "model_specific_data": {}, "metabolites": [{"formation_fraction": 0.2, "metabolite": {"molarMass": 300.0, "water_solubility": 0.0016702248100433725, "vapor_pressure": 0.00028246813087119904, "reference_temperature": 20.0, "koc": 324.9180313474113, "freundlich": 1.0239317809107924, "dt50": {"system": 6.0, "soil": 61.6696893027092, "surfaceWater": 6.0, "sediment": 6.0}, "plant_uptake": 0.5, "name": "Compound -475574997770451738", "model_specific_data": {}, "metabolites": []}}]}}