{"gap": {"type": "relative", "arguments": {"name": "GAP -296091488377847865", "modelCrop": "WC", "rate": 250.0, "apply_every_n_years": 1, "number_of_applications": 2, "interval": 14, "model_specific_data": {}, "bbch": 31, "season": 0}}, "compound": {"molarMass": 300.0, "water_solubility": 0.5508008009699525, "vapor_pressure": 3.811889283344337e-07, "reference_temperature": 20.0, "koc": 27.298756857449895, "freundlich": 1.0290514131549502, "dt50": {"system": 6.0, "soil": 182.5870010775284, "surfaceWater": 6.0, "sediment": 6.0}, "plant_uptake": 0.0, "name": "Compound 5973975230872120753", "model_specific_data": {}, "metabolites": [{"formation_fraction": 0.2, "metabolite": {"molarMass": 300.0, "water_solubility": 1.586582371675082, "vapor_pressure": 8.360025313019755e-06, "reference_temperature": 20.0, "koc": 92.59080763238904, "freundlich": 1.0728864032319998, "dt50": {"system": 6.0, "soil": 249.9126870725077, "surfaceWater": 6.0, "sediment": 6.0}, "plant_uptake": 0.5, "name": "Compound 4506022981007933752", "model_specific_data": {}, "metabolites": []}}]}}