{"gap": {"type": "relative", "arguments": {"name": "GAP -296091488377847865", "modelCrop": "WC", "rate": 250.0, "apply_every_n_years": 1, "number_of_applications": 2, "interval": 14, "model_specific_data": {}, "bbch": 31, "season": 0}}, "compound": {"molarMass": 300.0, "water_solubility": 0.000161005892362568, "vapor_pressure": 3.0278177854370326e-07, "reference_temperature": 20.0, "koc": 317.49301571556407, "freundlich": 1.0612349552460818, "dt50": {"system": 6.0, "soil": 135.27891617852035, "surfaceWater": 6.0, "sediment": 6.0}, "plant_uptake": 0.0, "name": "Compound 4826088786579437395", "model_specific_data": {}, "metabolites": [{"formation_fraction": 0.2, "metabolite": {"molarMass": 300.0, "water_solubility": 0.0016031420095457254, "vapor_pressure": 2.6300068283674334e-05, "reference_temperature": 20.0, "koc": 395.94375877498226, "freundlich": 0.7038397488964878, "dt50": {"system": 6.0, "soil": 124.10456983935806, "surfaceWater": 6.0, "sediment": 6.0}, "plant_uptake": 0.5, "name": "Compound -4135327163474076125", "model_specific_data": {}, "metabolites": []}}]}}