{"gap": {"type": "relative", "arguments": {"name": "GAP -296091488377847865", "modelCrop": "WC", "rate": 250.0, "apply_every_n_years": 1, "number_of_applications": 2, "interval": 14, "model_specific_data": {}, "bbch": 31, "season": 0}}, "compound": {"molarMass": 300.0, "water_solubility": 1.6711631459426854, "vapor_pressure": 1.042644013102942e-05, "reference_temperature": 20.0, "koc": 4444.297459122356, "freundlich": 1.040220761890029, "dt50": {"system": 6.0, "soil": 288.22313395074934, "surfaceWater": 6.0, "sediment": 6.0}, "plant_uptake": 0.0, "name": "Compound 3136727386887630692", "model_specific_data": {}, "metabolites": [{"formation_fraction": 0.2, "metabolite": {"molarMass": 300.0, "water_solubility": 0.00017725910556728395, "vapor_pressure": 0.004661756071965198, "reference_temperature": 20.0, "koc": 35.13687093034661, "freundlich": 0.801084025954955, "dt50": {"system": 6.0, "soil": 276.7529259876672, "surfaceWater": 6.0, "sediment": 6.0}, "plant_uptake": 0.5, "name": "Compound 4792097992281463671", "model_specific_data": {}, "metabolites": []}}]}}