{"gap": {"type": "relative", "arguments": {"name": "GAP -296091488377847865", "modelCrop": "WC", "rate": 250.0, "apply_every_n_years": 1, "number_of_applications": 2, "interval": 14, "model_specific_data": {}, "bbch": 31, "season": 0}}, "compound": {"molarMass": 300.0, "water_solubility": 0.0021283857089261977, "vapor_pressure": 0.00011930831565572925, "reference_temperature": 20.0, "koc": 657.6793746302005, "freundlich": 0.8038382419456153, "dt50": {"system": 6.0, "soil": 137.62869673569378, "surfaceWater": 6.0, "sediment": 6.0}, "plant_uptake": 0.0, "name": "Compound -9152385459770669032", "model_specific_data": {}, "metabolites": [{"formation_fraction": 0.2, "metabolite": {"molarMass": 300.0, "water_solubility": 0.003931870237639436, "vapor_pressure": 1.5125013436236943e-06, "reference_temperature": 20.0, "koc": 78.48058411014394, "freundlich": 1.0225541234879358, "dt50": {"system": 6.0, "soil": 14.750471018647769, "surfaceWater": 6.0, "sediment": 6.0}, "plant_uptake": 0.5, "name": "Compound -5879490543643152277", "model_specific_data": {}, "metabolites": []}}]}}