{"gap": {"type": "relative", "arguments": {"name": "GAP -296091488377847865", "modelCrop": "WC", "rate": 250.0, "apply_every_n_years": 1, "number_of_applications": 2, "interval": 14, "model_specific_data": {}, "bbch": 31, "season": 0}}, "compound": {"molarMass": 300.0, "water_solubility": 0.0028565474721116836, "vapor_pressure": 3.453946222848696e-08, "reference_temperature": 20.0, "koc": 11.75536646778332, "freundlich": 0.9002389432603546, "dt50": {"system": 6.0, "soil": 280.136559649727, "surfaceWater": 6.0, "sediment": 6.0}, "plant_uptake": 0.0, "name": "Compound -6146794136008298691", "model_specific_data": {}, "metabolites": [{"formation_fraction": 0.2, "metabolite": {"molarMass": 300.0, "water_solubility": 0.0005769843161657045, "vapor_pressure": 6.816368957985214e-07, "reference_temperature": 20.0, "koc": 150.0507189214672, "freundlich": 0.8901172103779712, "dt50": {"system": 6.0, "soil": 183.95290668207792, "surfaceWater": 6.0, "sediment": 6.0}, "plant_uptake": 0.5, "name": "Compound -7487067963535794204", "model_specific_data": {}, "metabolites": []}}]}}