{"gap": {"type": "relative", "arguments": {"name": "GAP -296091488377847865", "modelCrop": "WC", "rate": 250.0, "apply_every_n_years": 1, "number_of_applications": 2, "interval": 14, "model_specific_data": {}, "bbch": 31, "season": 0}}, "compound": {"molarMass": 300.0, "water_solubility": 0.0014106105684800932, "vapor_pressure": 1.6626127497239006e-05, "reference_temperature": 20.0, "koc": 93.55192391946379, "freundlich": 1.095074966547795, "dt50": {"system": 6.0, "soil": 156.4187080746393, "surfaceWater": 6.0, "sediment": 6.0}, "plant_uptake": 0.0, "name": "Compound -6409368151170949142", "model_specific_data": {}, "metabolites": [{"formation_fraction": 0.2, "metabolite": {"molarMass": 300.0, "water_solubility": 0.004451972856705416, "vapor_pressure": 0.000309299699480866, "reference_temperature": 20.0, "koc": 4042.557909805818, "freundlich": 0.7050536537053909, "dt50": {"system": 6.0, "soil": 121.39115301393241, "surfaceWater": 6.0, "sediment": 6.0}, "plant_uptake": 0.5, "name": "Compound 7791265525744941279", "model_specific_data": {}, "metabolites": []}}]}}