{"gap": {"type": "relative", "arguments": {"name": "GAP -296091488377847865", "modelCrop": "WC", "rate": 250.0, "apply_every_n_years": 1, "number_of_applications": 2, "interval": 14, "model_specific_data": {}, "bbch": 31, "season": 0}}, "compound": {"molarMass": 300.0, "water_solubility": 0.011912464721065342, "vapor_pressure": 0.0023461494218952393, "reference_temperature": 20.0, "koc": 1503.7041087224516, "freundlich": 0.7614010269066092, "dt50": {"system": 6.0, "soil": 80.36848531047943, "surfaceWater": 6.0, "sediment": 6.0}, "plant_uptake": 0.0, "name": "Compound 2772154507509692755", "model_specific_data": {}, "metabolites": [{"formation_fraction": 0.2, "metabolite": {"molarMass": 300.0, "water_solubility": 0.019545029438326637, "vapor_pressure": 5.845172403547631e-06, "reference_temperature": 20.0, "koc": 10.905065671438987, "freundlich": 1.1053093639046865, "dt50": {"system": 6.0, "soil": 130.85571037818656, "surfaceWater": 6.0, "sediment": 6.0}, "plant_uptake": 0.5, "name": "Compound 6506131485449181503", "model_specific_data": {}, "metabolites": []}}]}}