{"gap": {"type": "relative", "arguments": {"name": "GAP -296091488377847865", "modelCrop": "WC", "rate": 250.0, "apply_every_n_years": 1, "number_of_applications": 2, "interval": 14, "model_specific_data": {}, "bbch": 31, "season": 0}}, "compound": {"molarMass": 300.0, "water_solubility": 0.002752703172094231, "vapor_pressure": 0.0001551909860617033, "reference_temperature": 20.0, "koc": 369.03720505281603, "freundlich": 1.0892430077712214, "dt50": {"system": 6.0, "soil": 122.02932448111764, "surfaceWater": 6.0, "sediment": 6.0}, "plant_uptake": 0.0, "name": "Compound -6468007282383899176", "model_specific_data": {}, "metabolites": [{"formation_fraction": 0.2, "metabolite": {"molarMass": 300.0, "water_solubility": 0.0005049095615384486, "vapor_pressure": 5.910373606548867e-07, "reference_temperature": 20.0, "koc": 1143.913872761216, "freundlich": 0.9915272902382409, "dt50": {"system": 6.0, "soil": 167.25085805349212, "surfaceWater": 6.0, "sediment": 6.0}, "plant_uptake": 0.5, "name": "Compound 6551057165001897106", "model_specific_data": {}, "metabolites": []}}]}}