{"gap": {"type": "relative", "arguments": {"name": "GAP -296091488377847865", "modelCrop": "WC", "rate": 250.0, "apply_every_n_years": 1, "number_of_applications": 2, "interval": 14, "model_specific_data": {}, "bbch": 31, "season": 0}}, "compound": {"molarMass": 300.0, "water_solubility": 0.05548689030671938, "vapor_pressure": 1.7185434971753564e-05, "reference_temperature": 20.0, "koc": 3532.7486831995175, "freundlich": 1.1088696318215212, "dt50": {"system": 6.0, "soil": 13.732363491652217, "surfaceWater": 6.0, "sediment": 6.0}, "plant_uptake": 0.0, "name": "Compound 6383996662857892506", "model_specific_data": {}, "metabolites": [{"formation_fraction": 0.2, "metabolite": {"molarMass": 300.0, "water_solubility": 0.00028056147900887155, "vapor_pressure": 1.147952717627594e-05, "reference_temperature": 20.0, "koc": 119.82791229149295, "freundlich": 0.9372625892652957, "dt50": {"system": 6.0, "soil": 227.66754195994832, "surfaceWater": 6.0, "sediment": 6.0}, "plant_uptake": 0.5, "name": "Compound 5432786361416851040", "model_specific_data": {}, "metabolites": []}}]}}