{"gap": {"type": "relative", "arguments": {"name": "GAP -296091488377847865", "modelCrop": "WC", "rate": 250.0, "apply_every_n_years": 1, "number_of_applications": 2, "interval": 14, "model_specific_data": {}, "bbch": 31, "season": 0}}, "compound": {"molarMass": 300.0, "water_solubility": 0.004024623661363096, "vapor_pressure": 5.4423253778448675e-06, "reference_temperature": 20.0, "koc": 398.0522454802138, "freundlich": 0.9227321924734271, "dt50": {"system": 6.0, "soil": 190.5810969384805, "surfaceWater": 6.0, "sediment": 6.0}, "plant_uptake": 0.0, "name": "Compound -3660805153442564098", "model_specific_data": {}, "metabolites": [{"formation_fraction": 0.2, "metabolite": {"molarMass": 300.0, "water_solubility": 0.05557572105868796, "vapor_pressure": 9.382956454915485e-07, "reference_temperature": 20.0, "koc": 2105.9835821600086, "freundlich": 0.8022808412483597, "dt50": {"system": 6.0, "soil": 127.55868430808553, "surfaceWater": 6.0, "sediment": 6.0}, "plant_uptake": 0.5, "name": "Compound -5751603704513421685", "model_specific_data": {}, "metabolites": []}}]}}