{"gap": {"type": "relative", "arguments": {"name": "GAP -296091488377847865", "modelCrop": "WC", "rate": 250.0, "apply_every_n_years": 1, "number_of_applications": 2, "interval": 14, "model_specific_data": {}, "bbch": 31, "season": 0}}, "compound": {"molarMass": 300.0, "water_solubility": 0.03607636865540592, "vapor_pressure": 1.7083966675106816e-05, "reference_temperature": 20.0, "koc": 158.9392803758623, "freundlich": 0.9603981187138116, "dt50": {"system": 6.0, "soil": 14.136687647571383, "surfaceWater": 6.0, "sediment": 6.0}, "plant_uptake": 0.0, "name": "Compound -4450474425723408394", "model_specific_data": {}, "metabolites": [{"formation_fraction": 0.2, "metabolite": {"molarMass": 300.0, "water_solubility": 0.012557034366097078, "vapor_pressure": 1.8653558992995635e-05, "reference_temperature": 20.0, "koc": 94.4452465373566, "freundlich": 0.7153880379692639, "dt50": {"system": 6.0, "soil": 291.9431647243944, "surfaceWater": 6.0, "sediment": 6.0}, "plant_uptake": 0.5, "name": "Compound 3411420965310579038", "model_specific_data": {}, "metabolites": []}}]}}