{"gap": {"type": "relative", "arguments": {"name": "GAP -296091488377847865", "modelCrop": "WC", "rate": 250.0, "apply_every_n_years": 1, "number_of_applications": 2, "interval": 14, "model_specific_data": {}, "bbch": 31, "season": 0}}, "compound": {"molarMass": 300.0, "water_solubility": 0.00450836174817638, "vapor_pressure": 5.02638255572179e-06, "reference_temperature": 20.0, "koc": 88.98806080225468, "freundlich": 0.7462557809537359, "dt50": {"system": 6.0, "soil": 207.32553349199873, "surfaceWater": 6.0, "sediment": 6.0}, "plant_uptake": 0.0, "name": "Compound 8535723711617323618", "model_specific_data": {}, "metabolites": [{"formation_fraction": 0.2, "metabolite": {"molarMass": 300.0, "water_solubility": 0.0004773053648286785, "vapor_pressure": 9.425073033799791e-05, "reference_temperature": 20.0, "koc": 2215.20121322301, "freundlich": 0.859230814769801, "dt50": {"system": 6.0, "soil": 172.3840785510849, "surfaceWater": 6.0, "sediment": 6.0}, "plant_uptake": 0.5, "name": "Compound -6781015980545506441", "model_specific_data": {}, "metabolites": []}}]}}