{"gap": {"type": "relative", "arguments": {"name": "GAP -296091488377847865", "modelCrop": "WC", "rate": 250.0, "apply_every_n_years": 1, "number_of_applications": 2, "interval": 14, "model_specific_data": {}, "bbch": 31, "season": 0}}, "compound": {"molarMass": 300.0, "water_solubility": 0.0018102895542889289, "vapor_pressure": 0.0001006472114173042, "reference_temperature": 20.0, "koc": 212.09775035687156, "freundlich": 1.0062950527796624, "dt50": {"system": 6.0, "soil": 180.02599518286405, "surfaceWater": 6.0, "sediment": 6.0}, "plant_uptake": 0.0, "name": "Compound -7006361825497127842", "model_specific_data": {}, "metabolites": [{"formation_fraction": 0.2, "metabolite": {"molarMass": 300.0, "water_solubility": 0.011235490364452934, "vapor_pressure": 1.8435299248361987e-06, "reference_temperature": 20.0, "koc": 3984.38484064093, "freundlich": 0.7134771256857803, "dt50": {"system": 6.0, "soil": 62.188715603240816, "surfaceWater": 6.0, "sediment": 6.0}, "plant_uptake": 0.5, "name": "Compound -6021486487861455588", "model_specific_data": {}, "metabolites": []}}]}}