{"gap": {"type": "relative", "arguments": {"name": "GAP -296091488377847865", "modelCrop": "WC", "rate": 250.0, "apply_every_n_years": 1, "number_of_applications": 2, "interval": 14, "model_specific_data": {}, "bbch": 31, "season": 0}}, "compound": {"molarMass": 300.0, "water_solubility": 0.02947609209655143, "vapor_pressure": 1.7134535170846807e-06, "reference_temperature": 20.0, "koc": 4740.260474397202, "freundlich": 0.8715669464103216, "dt50": {"system": 6.0, "soil": 61.896684388411245, "surfaceWater": 6.0, "sediment": 6.0}, "plant_uptake": 0.0, "name": "Compound 441948074479899658", "model_specific_data": {}, "metabolites": [{"formation_fraction": 0.2, "metabolite": {"molarMass": 300.0, "water_solubility": 0.0006161450154578674, "vapor_pressure": 2.679571506950592e-07, "reference_temperature": 20.0, "koc": 13.302095309325, "freundlich": 0.869568472252733, "dt50": {"system": 6.0, "soil": 115.27533507159214, "surfaceWater": 6.0, "sediment": 6.0}, "plant_uptake": 0.5, "name": "Compound 3465213190364614901", "model_specific_data": {}, "metabolites": []}}]}}