{"gap": {"type": "relative", "arguments": {"name": "GAP -296091488377847865", "modelCrop": "WC", "rate": 250.0, "apply_every_n_years": 1, "number_of_applications": 2, "interval": 14, "model_specific_data": {}, "bbch": 31, "season": 0}}, "compound": {"molarMass": 300.0, "water_solubility": 3.780470401258135, "vapor_pressure": 6.614221330687698e-05, "reference_temperature": 20.0, "koc": 1958.2838604188196, "freundlich": 1.0415221860901802, "dt50": {"system": 6.0, "soil": 37.5301658059744, "surfaceWater": 6.0, "sediment": 6.0}, "plant_uptake": 0.0, "name": "Compound 5304689110695181963", "model_specific_data": {}, "metabolites": [{"formation_fraction": 0.2, "metabolite": {"molarMass": 300.0, "water_solubility": 0.06349875904680259, "vapor_pressure": 5.572912067840802e-05, "reference_temperature": 20.0, "koc": 355.2917519946072, "freundlich": 1.1462624881986465, "dt50": {"system": 6.0, "soil": 257.54646647817276, "surfaceWater": 6.0, "sediment": 6.0}, "plant_uptake": 0.5, "name": "Compound 2128717776406329345", "model_specific_data": {}, "metabolites": []}}]}}