{"gap": {"type": "relative", "arguments": {"name": "GAP -296091488377847865", "modelCrop": "WC", "rate": 250.0, "apply_every_n_years": 1, "number_of_applications": 2, "interval": 14, "model_specific_data": {}, "bbch": 31, "season": 0}}, "compound": {"molarMass": 300.0, "water_solubility": 0.000680407123444259, "vapor_pressure": 8.998116856992618e-05, "reference_temperature": 20.0, "koc": 11.846768289845548, "freundlich": 1.0826481393572844, "dt50": {"system": 6.0, "soil": 178.0048008752525, "surfaceWater": 6.0, "sediment": 6.0}, "plant_uptake": 0.0, "name": "Compound -1725341556501995573", "model_specific_data": {}, "metabolites": [{"formation_fraction": 0.2, "metabolite": {"molarMass": 300.0, "water_solubility": 0.009354969102925723, "vapor_pressure": 1.3172862943791012e-05, "reference_temperature": 20.0, "koc": 3017.16051513868, "freundlich": 0.981040657133465, "dt50": {"system": 6.0, "soil": 169.6831383992101, "surfaceWater": 6.0, "sediment": 6.0}, "plant_uptake": 0.5, "name": "Compound -2020802567949303085", "model_specific_data": {}, "metabolites": []}}]}}