{"gap": {"type": "relative", "arguments": {"name": "GAP -296091488377847865", "modelCrop": "WC", "rate": 250.0, "apply_every_n_years": 1, "number_of_applications": 2, "interval": 14, "model_specific_data": {}, "bbch": 31, "season": 0}}, "compound": {"molarMass": 300.0, "water_solubility": 0.013514918065731652, "vapor_pressure": 2.2782158818000275e-05, "reference_temperature": 20.0, "koc": 3153.2225139273924, "freundlich": 1.0817724283261956, "dt50": {"system": 6.0, "soil": 169.2522020980409, "surfaceWater": 6.0, "sediment": 6.0}, "plant_uptake": 0.0, "name": "Compound -127606198005255678", "model_specific_data": {}, "metabolites": [{"formation_fraction": 0.2, "metabolite": {"molarMass": 300.0, "water_solubility": 0.003253796630357625, "vapor_pressure": 0.013026060372035627, "reference_temperature": 20.0, "koc": 211.11027898898664, "freundlich": 0.8679212947215473, "dt50": {"system": 6.0, "soil": 40.57103895913226, "surfaceWater": 6.0, "sediment": 6.0}, "plant_uptake": 0.5, "name": "Compound -3346777706911746149", "model_specific_data": {}, "metabolites": []}}]}}