{"gap": {"type": "relative", "arguments": {"name": "GAP -296091488377847865", "modelCrop": "WC", "rate": 250.0, "apply_every_n_years": 1, "number_of_applications": 2, "interval": 14, "model_specific_data": {}, "bbch": 31, "season": 0}}, "compound": {"molarMass": 300.0, "water_solubility": 0.007714051245971794, "vapor_pressure": 1.593452504542842e-05, "reference_temperature": 20.0, "koc": 574.6481962333794, "freundlich": 0.7687606978837866, "dt50": {"system": 6.0, "soil": 31.655847372975646, "surfaceWater": 6.0, "sediment": 6.0}, "plant_uptake": 0.0, "name": "Compound -1554183083607840878", "model_specific_data": {}, "metabolites": [{"formation_fraction": 0.2, "metabolite": {"molarMass": 300.0, "water_solubility": 0.01758469320500953, "vapor_pressure": 1.2074928415013828e-05, "reference_temperature": 20.0, "koc": 19.770493356311096, "freundlich": 0.7433505681456428, "dt50": {"system": 6.0, "soil": 203.32023528477373, "surfaceWater": 6.0, "sediment": 6.0}, "plant_uptake": 0.5, "name": "Compound -5423121615131054858", "model_specific_data": {}, "metabolites": []}}]}}