{"gap": {"type": "relative", "arguments": {"name": "GAP -296091488377847865", "modelCrop": "WC", "rate": 250.0, "apply_every_n_years": 1, "number_of_applications": 2, "interval": 14, "model_specific_data": {}, "bbch": 31, "season": 0}}, "compound": {"molarMass": 300.0, "water_solubility": 0.7303880842973377, "vapor_pressure": 1.830768332383826e-05, "reference_temperature": 20.0, "koc": 3060.90242902866, "freundlich": 1.1232686945047152, "dt50": {"system": 6.0, "soil": 126.88911838275939, "surfaceWater": 6.0, "sediment": 6.0}, "plant_uptake": 0.0, "name": "Compound -2327358553734207317", "model_specific_data": {}, "metabolites": [{"formation_fraction": 0.2, "metabolite": {"molarMass": 300.0, "water_solubility": 0.08254840411026225, "vapor_pressure": 1.3919199203393172e-06, "reference_temperature": 20.0, "koc": 37.65846058719856, "freundlich": 0.929614972021954, "dt50": {"system": 6.0, "soil": 153.52919222646358, "surfaceWater": 6.0, "sediment": 6.0}, "plant_uptake": 0.5, "name": "Compound 8733301103577470378", "model_specific_data": {}, "metabolites": []}}]}}