{"gap": {"type": "relative", "arguments": {"name": "GAP -296091488377847865", "modelCrop": "WC", "rate": 250.0, "apply_every_n_years": 1, "number_of_applications": 2, "interval": 14, "model_specific_data": {}, "bbch": 31, "season": 0}}, "compound": {"molarMass": 300.0, "water_solubility": 0.8032392047777186, "vapor_pressure": 3.49117724967602e-06, "reference_temperature": 20.0, "koc": 842.8041204053209, "freundlich": 0.9353431077260916, "dt50": {"system": 6.0, "soil": 101.21476670499139, "surfaceWater": 6.0, "sediment": 6.0}, "plant_uptake": 0.0, "name": "Compound 3091275036384708755", "model_specific_data": {}, "metabolites": [{"formation_fraction": 0.2, "metabolite": {"molarMass": 300.0, "water_solubility": 0.0008724335285564557, "vapor_pressure": 4.1140007048670633e-07, "reference_temperature": 20.0, "koc": 3152.4795157759495, "freundlich": 0.9300471785741375, "dt50": {"system": 6.0, "soil": 182.8560826658384, "surfaceWater": 6.0, "sediment": 6.0}, "plant_uptake": 0.5, "name": "Compound -3912281582747662621", "model_specific_data": {}, "metabolites": []}}]}}