{"gap": {"type": "relative", "arguments": {"name": "GAP -296091488377847865", "modelCrop": "WC", "rate": 250.0, "apply_every_n_years": 1, "number_of_applications": 2, "interval": 14, "model_specific_data": {}, "bbch": 31, "season": 0}}, "compound": {"molarMass": 300.0, "water_solubility": 0.016986369534419277, "vapor_pressure": 9.224633539226555e-09, "reference_temperature": 20.0, "koc": 572.6663622035031, "freundlich": 1.022066392509681, "dt50": {"system": 6.0, "soil": 201.9044091665527, "surfaceWater": 6.0, "sediment": 6.0}, "plant_uptake": 0.0, "name": "Compound 163627178655456252", "model_specific_data": {}, "metabolites": [{"formation_fraction": 0.2, "metabolite": {"molarMass": 300.0, "water_solubility": 0.0012598877645293247, "vapor_pressure": 2.2851988833927654e-06, "reference_temperature": 20.0, "koc": 1464.6015004665162, "freundlich": 0.7138185428104991, "dt50": {"system": 6.0, "soil": 145.22363874189242, "surfaceWater": 6.0, "sediment": 6.0}, "plant_uptake": 0.5, "name": "Compound -2614318330209619462", "model_specific_data": {}, "metabolites": []}}]}}