{"gap": {"type": "relative", "arguments": {"name": "GAP -296091488377847865", "modelCrop": "WC", "rate": 250.0, "apply_every_n_years": 1, "number_of_applications": 2, "interval": 14, "model_specific_data": {}, "bbch": 31, "season": 0}}, "compound": {"molarMass": 300.0, "water_solubility": 0.007307646681037221, "vapor_pressure": 2.914594651727575e-07, "reference_temperature": 20.0, "koc": 372.2318365111824, "freundlich": 0.9721303387825541, "dt50": {"system": 6.0, "soil": 203.6745361510654, "surfaceWater": 6.0, "sediment": 6.0}, "plant_uptake": 0.0, "name": "Compound -3691660355690545734", "model_specific_data": {}, "metabolites": [{"formation_fraction": 0.2, "metabolite": {"molarMass": 300.0, "water_solubility": 0.11504457343504136, "vapor_pressure": 8.038643054693611e-07, "reference_temperature": 20.0, "koc": 553.9983054299588, "freundlich": 1.164681111476176, "dt50": {"system": 6.0, "soil": 119.17044363693971, "surfaceWater": 6.0, "sediment": 6.0}, "plant_uptake": 0.5, "name": "Compound 8146445463140105354", "model_specific_data": {}, "metabolites": []}}]}}