{"gap": {"type": "relative", "arguments": {"name": "GAP -296091488377847865", "modelCrop": "WC", "rate": 250.0, "apply_every_n_years": 1, "number_of_applications": 2, "interval": 14, "model_specific_data": {}, "bbch": 31, "season": 0}}, "compound": {"molarMass": 300.0, "water_solubility": 0.0005546190449720929, "vapor_pressure": 2.388624735828597e-08, "reference_temperature": 20.0, "koc": 122.58371478603432, "freundlich": 0.9280493421028355, "dt50": {"system": 6.0, "soil": 207.5156243474738, "surfaceWater": 6.0, "sediment": 6.0}, "plant_uptake": 0.0, "name": "Compound -8836593982981931773", "model_specific_data": {}, "metabolites": [{"formation_fraction": 0.2, "metabolite": {"molarMass": 300.0, "water_solubility": 0.12147331653816151, "vapor_pressure": 0.00019785309828385092, "reference_temperature": 20.0, "koc": 1647.9110274904072, "freundlich": 0.9450995421034482, "dt50": {"system": 6.0, "soil": 123.98946782664378, "surfaceWater": 6.0, "sediment": 6.0}, "plant_uptake": 0.5, "name": "Compound -4968396938344314946", "model_specific_data": {}, "metabolites": []}}]}}