{"gap": {"type": "relative", "arguments": {"name": "GAP -296091488377847865", "modelCrop": "WC", "rate": 250.0, "apply_every_n_years": 1, "number_of_applications": 2, "interval": 14, "model_specific_data": {}, "bbch": 31, "season": 0}}, "compound": {"molarMass": 300.0, "water_solubility": 0.27303262125361566, "vapor_pressure": 0.050231064413033724, "reference_temperature": 20.0, "koc": 41.83363763045541, "freundlich": 0.9794278018209819, "dt50": {"system": 6.0, "soil": 258.40057683480205, "surfaceWater": 6.0, "sediment": 6.0}, "plant_uptake": 0.0, "name": "Compound -5490741208687301489", "model_specific_data": {}, "metabolites": [{"formation_fraction": 0.2, "metabolite": {"molarMass": 300.0, "water_solubility": 1.273794224938407, "vapor_pressure": 5.564526534161572e-05, "reference_temperature": 20.0, "koc": 27.234514415118387, "freundlich": 1.1436953749871102, "dt50": {"system": 6.0, "soil": 113.53904646549138, "surfaceWater": 6.0, "sediment": 6.0}, "plant_uptake": 0.5, "name": "Compound 3868160357258860134", "model_specific_data": {}, "metabolites": []}}]}}