{"gap": {"type": "relative", "arguments": {"name": "GAP -296091488377847865", "modelCrop": "WC", "rate": 250.0, "apply_every_n_years": 1, "number_of_applications": 2, "interval": 14, "model_specific_data": {}, "bbch": 31, "season": 0}}, "compound": {"molarMass": 300.0, "water_solubility": 0.008641201752853664, "vapor_pressure": 1.542646791860581e-06, "reference_temperature": 20.0, "koc": 18.49374916422266, "freundlich": 1.1002058415149891, "dt50": {"system": 6.0, "soil": 131.56000606435316, "surfaceWater": 6.0, "sediment": 6.0}, "plant_uptake": 0.0, "name": "Compound 5841681098003162110", "model_specific_data": {}, "metabolites": [{"formation_fraction": 0.2, "metabolite": {"molarMass": 300.0, "water_solubility": 0.5707656250356389, "vapor_pressure": 8.388422140773795e-09, "reference_temperature": 20.0, "koc": 25.45917523573065, "freundlich": 1.1479709172713257, "dt50": {"system": 6.0, "soil": 145.85720602925096, "surfaceWater": 6.0, "sediment": 6.0}, "plant_uptake": 0.5, "name": "Compound 328656757720700313", "model_specific_data": {}, "metabolites": []}}]}}