{"gap": {"type": "relative", "arguments": {"name": "GAP -296091488377847865", "modelCrop": "WC", "rate": 250.0, "apply_every_n_years": 1, "number_of_applications": 2, "interval": 14, "model_specific_data": {}, "bbch": 31, "season": 0}}, "compound": {"molarMass": 300.0, "water_solubility": 0.004596750971119064, "vapor_pressure": 0.00013166768394816226, "reference_temperature": 20.0, "koc": 39.05420454789612, "freundlich": 1.1919129478575003, "dt50": {"system": 6.0, "soil": 240.6670017342742, "surfaceWater": 6.0, "sediment": 6.0}, "plant_uptake": 0.0, "name": "Compound -4274542912140850720", "model_specific_data": {}, "metabolites": [{"formation_fraction": 0.2, "metabolite": {"molarMass": 300.0, "water_solubility": 0.10967394777879604, "vapor_pressure": 3.010629782792368e-07, "reference_temperature": 20.0, "koc": 265.08883754989563, "freundlich": 0.785715167672358, "dt50": {"system": 6.0, "soil": 52.94246895962835, "surfaceWater": 6.0, "sediment": 6.0}, "plant_uptake": 0.5, "name": "Compound -1724965848404564218", "model_specific_data": {}, "metabolites": []}}]}}