{"gap": {"type": "relative", "arguments": {"name": "GAP -296091488377847865", "modelCrop": "WC", "rate": 250.0, "apply_every_n_years": 1, "number_of_applications": 2, "interval": 14, "model_specific_data": {}, "bbch": 31, "season": 0}}, "compound": {"molarMass": 300.0, "water_solubility": 0.6651070502693037, "vapor_pressure": 6.112481983126876e-07, "reference_temperature": 20.0, "koc": 62.9840138575579, "freundlich": 0.8178085582648715, "dt50": {"system": 6.0, "soil": 118.56414320519265, "surfaceWater": 6.0, "sediment": 6.0}, "plant_uptake": 0.0, "name": "Compound 5568040621957257756", "model_specific_data": {}, "metabolites": [{"formation_fraction": 0.2, "metabolite": {"molarMass": 300.0, "water_solubility": 0.08748712673450675, "vapor_pressure": 2.8856115011724128e-06, "reference_temperature": 20.0, "koc": 1014.1618984149554, "freundlich": 0.8563759140325616, "dt50": {"system": 6.0, "soil": 263.7028236238007, "surfaceWater": 6.0, "sediment": 6.0}, "plant_uptake": 0.5, "name": "Compound 8781898488746527497", "model_specific_data": {}, "metabolites": []}}]}}