{"gap": {"type": "relative", "arguments": {"name": "GAP -296091488377847865", "modelCrop": "WC", "rate": 250.0, "apply_every_n_years": 1, "number_of_applications": 2, "interval": 14, "model_specific_data": {}, "bbch": 31, "season": 0}}, "compound": {"molarMass": 300.0, "water_solubility": 0.004107649024345999, "vapor_pressure": 1.932299676203018e-05, "reference_temperature": 20.0, "koc": 761.3210972772597, "freundlich": 0.9777432191687039, "dt50": {"system": 6.0, "soil": 44.25435956472135, "surfaceWater": 6.0, "sediment": 6.0}, "plant_uptake": 0.0, "name": "Compound -3149331276404199499", "model_specific_data": {}, "metabolites": [{"formation_fraction": 0.2, "metabolite": {"molarMass": 300.0, "water_solubility": 0.04192174699781206, "vapor_pressure": 5.210346911004904e-06, "reference_temperature": 20.0, "koc": 365.670288109983, "freundlich": 1.0710648090911277, "dt50": {"system": 6.0, "soil": 153.24364312081133, "surfaceWater": 6.0, "sediment": 6.0}, "plant_uptake": 0.5, "name": "Compound -1729275610037537948", "model_specific_data": {}, "metabolites": []}}]}}