{"gap": {"type": "relative", "arguments": {"name": "GAP -296091488377847865", "modelCrop": "WC", "rate": 250.0, "apply_every_n_years": 1, "number_of_applications": 2, "interval": 14, "model_specific_data": {}, "bbch": 31, "season": 0}}, "compound": {"molarMass": 300.0, "water_solubility": 0.0011488940247434357, "vapor_pressure": 3.487741421178765e-06, "reference_temperature": 20.0, "koc": 197.92014258156286, "freundlich": 0.7863060317017719, "dt50": {"system": 6.0, "soil": 108.39027421482056, "surfaceWater": 6.0, "sediment": 6.0}, "plant_uptake": 0.0, "name": "Compound -6245608406794845102", "model_specific_data": {}, "metabolites": [{"formation_fraction": 0.2, "metabolite": {"molarMass": 300.0, "water_solubility": 0.0012132746493239885, "vapor_pressure": 0.00016173558044116996, "reference_temperature": 20.0, "koc": 2960.6858133241885, "freundlich": 0.9689608775245164, "dt50": {"system": 6.0, "soil": 139.89838923199, "surfaceWater": 6.0, "sediment": 6.0}, "plant_uptake": 0.5, "name": "Compound 6557763837359500761", "model_specific_data": {}, "metabolites": []}}]}}