{"gap": {"type": "relative", "arguments": {"name": "GAP -296091488377847865", "modelCrop": "WC", "rate": 250.0, "apply_every_n_years": 1, "number_of_applications": 2, "interval": 14, "model_specific_data": {}, "bbch": 31, "season": 0}}, "compound": {"molarMass": 300.0, "water_solubility": 0.002245750968569725, "vapor_pressure": 9.882656561081855e-09, "reference_temperature": 20.0, "koc": 53.89561541933005, "freundlich": 0.846392323007501, "dt50": {"system": 6.0, "soil": 126.63564299520499, "surfaceWater": 6.0, "sediment": 6.0}, "plant_uptake": 0.0, "name": "Compound 5259899777419224165", "model_specific_data": {}, "metabolites": [{"formation_fraction": 0.2, "metabolite": {"molarMass": 300.0, "water_solubility": 0.009709684067253734, "vapor_pressure": 0.00023160641396359418, "reference_temperature": 20.0, "koc": 1436.8031693686403, "freundlich": 0.8170638710012481, "dt50": {"system": 6.0, "soil": 205.0732189483863, "surfaceWater": 6.0, "sediment": 6.0}, "plant_uptake": 0.5, "name": "Compound 6230800567341239310", "model_specific_data": {}, "metabolites": []}}]}}