{"gap": {"type": "relative", "arguments": {"name": "GAP -296091488377847865", "modelCrop": "WC", "rate": 250.0, "apply_every_n_years": 1, "number_of_applications": 2, "interval": 14, "model_specific_data": {}, "bbch": 31, "season": 0}}, "compound": {"molarMass": 300.0, "water_solubility": 0.01657974987326333, "vapor_pressure": 1.7502166839854907e-10, "reference_temperature": 20.0, "koc": 20.549206795090793, "freundlich": 1.1381521353714836, "dt50": {"system": 6.0, "soil": 205.04546187453028, "surfaceWater": 6.0, "sediment": 6.0}, "plant_uptake": 0.0, "name": "Compound -2678425993413243969", "model_specific_data": {}, "metabolites": [{"formation_fraction": 0.2, "metabolite": {"molarMass": 300.0, "water_solubility": 0.08482784097635661, "vapor_pressure": 2.078022217207708e-06, "reference_temperature": 20.0, "koc": 1741.1027738420935, "freundlich": 1.0290675642743945, "dt50": {"system": 6.0, "soil": 231.48370039136574, "surfaceWater": 6.0, "sediment": 6.0}, "plant_uptake": 0.5, "name": "Compound -7200094589427276585", "model_specific_data": {}, "metabolites": []}}]}}