{"gap": {"type": "relative", "arguments": {"name": "GAP -296091488377847865", "modelCrop": "WC", "rate": 250.0, "apply_every_n_years": 1, "number_of_applications": 2, "interval": 14, "model_specific_data": {}, "bbch": 31, "season": 0}}, "compound": {"molarMass": 300.0, "water_solubility": 1.4058856845383634, "vapor_pressure": 3.8236017912537645e-07, "reference_temperature": 20.0, "koc": 660.8997604240582, "freundlich": 0.8982245599085464, "dt50": {"system": 6.0, "soil": 257.44942478102945, "surfaceWater": 6.0, "sediment": 6.0}, "plant_uptake": 0.0, "name": "Compound -2584925617739316367", "model_specific_data": {}, "metabolites": [{"formation_fraction": 0.2, "metabolite": {"molarMass": 300.0, "water_solubility": 0.0004246148115809067, "vapor_pressure": 1.1890105346519504e-05, "reference_temperature": 20.0, "koc": 21.18998486085421, "freundlich": 1.0374833263173633, "dt50": {"system": 6.0, "soil": 140.86375382591177, "surfaceWater": 6.0, "sediment": 6.0}, "plant_uptake": 0.5, "name": "Compound -3628397627899353440", "model_specific_data": {}, "metabolites": []}}]}}