{"gap": {"type": "relative", "arguments": {"name": "GAP -296091488377847865", "modelCrop": "WC", "rate": 250.0, "apply_every_n_years": 1, "number_of_applications": 2, "interval": 14, "model_specific_data": {}, "bbch": 31, "season": 0}}, "compound": {"molarMass": 300.0, "water_solubility": 0.006004510136142305, "vapor_pressure": 3.835206342443809e-06, "reference_temperature": 20.0, "koc": 52.34266166797717, "freundlich": 0.7621264608970381, "dt50": {"system": 6.0, "soil": 259.5401652182909, "surfaceWater": 6.0, "sediment": 6.0}, "plant_uptake": 0.0, "name": "Compound 7834554621441941535", "model_specific_data": {}, "metabolites": [{"formation_fraction": 0.2, "metabolite": {"molarMass": 300.0, "water_solubility": 0.001927284717310093, "vapor_pressure": 6.110243769145364e-08, "reference_temperature": 20.0, "koc": 48.916859681246024, "freundlich": 1.033501807054469, "dt50": {"system": 6.0, "soil": 216.64435388859042, "surfaceWater": 6.0, "sediment": 6.0}, "plant_uptake": 0.5, "name": "Compound -6847416985669497590", "model_specific_data": {}, "metabolites": []}}]}}