{"gap": {"type": "relative", "arguments": {"name": "GAP -296091488377847865", "modelCrop": "WC", "rate": 250.0, "apply_every_n_years": 1, "number_of_applications": 2, "interval": 14, "model_specific_data": {}, "bbch": 31, "season": 0}}, "compound": {"molarMass": 300.0, "water_solubility": 0.0002247468558629456, "vapor_pressure": 1.4627514872528675e-05, "reference_temperature": 20.0, "koc": 3236.663072915458, "freundlich": 0.7401416865828379, "dt50": {"system": 6.0, "soil": 275.51443906317513, "surfaceWater": 6.0, "sediment": 6.0}, "plant_uptake": 0.0, "name": "Compound 2485812276709915994", "model_specific_data": {}, "metabolites": [{"formation_fraction": 0.2, "metabolite": {"molarMass": 300.0, "water_solubility": 0.30781906329301145, "vapor_pressure": 0.000587190695456866, "reference_temperature": 20.0, "koc": 143.34926360130058, "freundlich": 0.7373158381855168, "dt50": {"system": 6.0, "soil": 175.11782787531894, "surfaceWater": 6.0, "sediment": 6.0}, "plant_uptake": 0.5, "name": "Compound 1022283901648393648", "model_specific_data": {}, "metabolites": []}}]}}