{"gap": {"type": "relative", "arguments": {"name": "GAP -296091488377847865", "modelCrop": "WC", "rate": 250.0, "apply_every_n_years": 1, "number_of_applications": 2, "interval": 14, "model_specific_data": {}, "bbch": 31, "season": 0}}, "compound": {"molarMass": 300.0, "water_solubility": 0.523272942912779, "vapor_pressure": 1.1402302111681877e-05, "reference_temperature": 20.0, "koc": 34.06032682273702, "freundlich": 1.0615901220823647, "dt50": {"system": 6.0, "soil": 254.92004943793296, "surfaceWater": 6.0, "sediment": 6.0}, "plant_uptake": 0.0, "name": "Compound 6658787769597272601", "model_specific_data": {}, "metabolites": [{"formation_fraction": 0.2, "metabolite": {"molarMass": 300.0, "water_solubility": 0.13118254409022864, "vapor_pressure": 1.6703864666988284e-05, "reference_temperature": 20.0, "koc": 646.7115892579368, "freundlich": 0.9050891609929168, "dt50": {"system": 6.0, "soil": 9.468929549561372, "surfaceWater": 6.0, "sediment": 6.0}, "plant_uptake": 0.5, "name": "Compound -6360247410918239804", "model_specific_data": {}, "metabolites": []}}]}}