{"gap": {"type": "relative", "arguments": {"name": "GAP -296091488377847865", "modelCrop": "WC", "rate": 250.0, "apply_every_n_years": 1, "number_of_applications": 2, "interval": 14, "model_specific_data": {}, "bbch": 31, "season": 0}}, "compound": {"molarMass": 300.0, "water_solubility": 0.14069906134723767, "vapor_pressure": 6.375306843983905e-07, "reference_temperature": 20.0, "koc": 11.7742962700393, "freundlich": 1.1059039657721987, "dt50": {"system": 6.0, "soil": 296.98654143014596, "surfaceWater": 6.0, "sediment": 6.0}, "plant_uptake": 0.0, "name": "Compound -5704666993893896248", "model_specific_data": {}, "metabolites": [{"formation_fraction": 0.2, "metabolite": {"molarMass": 300.0, "water_solubility": 0.026172176842010543, "vapor_pressure": 8.438098496387385e-08, "reference_temperature": 20.0, "koc": 40.83016661405354, "freundlich": 0.9069468668108773, "dt50": {"system": 6.0, "soil": 187.89929593399683, "surfaceWater": 6.0, "sediment": 6.0}, "plant_uptake": 0.5, "name": "Compound 660620457329714759", "model_specific_data": {}, "metabolites": []}}]}}