{"gap": {"type": "relative", "arguments": {"name": "GAP -296091488377847865", "modelCrop": "WC", "rate": 250.0, "apply_every_n_years": 1, "number_of_applications": 2, "interval": 14, "model_specific_data": {}, "bbch": 31, "season": 0}}, "compound": {"molarMass": 300.0, "water_solubility": 0.03141970085235168, "vapor_pressure": 2.6855695224030247e-05, "reference_temperature": 20.0, "koc": 28.094460401281026, "freundlich": 1.1200789853027968, "dt50": {"system": 6.0, "soil": 128.53639139650508, "surfaceWater": 6.0, "sediment": 6.0}, "plant_uptake": 0.0, "name": "Compound -6300943018685140954", "model_specific_data": {}, "metabolites": [{"formation_fraction": 0.2, "metabolite": {"molarMass": 300.0, "water_solubility": 0.022705296082323495, "vapor_pressure": 1.3309866601300272e-07, "reference_temperature": 20.0, "koc": 192.77405318215443, "freundlich": 0.9149304757884027, "dt50": {"system": 6.0, "soil": 288.6549621432437, "surfaceWater": 6.0, "sediment": 6.0}, "plant_uptake": 0.5, "name": "Compound -2287550563214716408", "model_specific_data": {}, "metabolites": []}}]}}