{"gap": {"type": "relative", "arguments": {"name": "GAP -296091488377847865", "modelCrop": "WC", "rate": 250.0, "apply_every_n_years": 1, "number_of_applications": 2, "interval": 14, "model_specific_data": {}, "bbch": 31, "season": 0}}, "compound": {"molarMass": 300.0, "water_solubility": 0.0508258223274858, "vapor_pressure": 0.0002554798310411193, "reference_temperature": 20.0, "koc": 31.24566625357528, "freundlich": 1.0583053833926237, "dt50": {"system": 6.0, "soil": 177.8520388407629, "surfaceWater": 6.0, "sediment": 6.0}, "plant_uptake": 0.0, "name": "Compound -8122708383772040176", "model_specific_data": {}, "metabolites": [{"formation_fraction": 0.2, "metabolite": {"molarMass": 300.0, "water_solubility": 0.04264052443544093, "vapor_pressure": 7.539204641660265e-07, "reference_temperature": 20.0, "koc": 145.11080155341762, "freundlich": 0.7407756023428013, "dt50": {"system": 6.0, "soil": 13.410255459924528, "surfaceWater": 6.0, "sediment": 6.0}, "plant_uptake": 0.5, "name": "Compound -252642116071906643", "model_specific_data": {}, "metabolites": []}}]}}