{"gap": {"type": "relative", "arguments": {"name": "GAP -296091488377847865", "modelCrop": "WC", "rate": 250.0, "apply_every_n_years": 1, "number_of_applications": 2, "interval": 14, "model_specific_data": {}, "bbch": 31, "season": 0}}, "compound": {"molarMass": 300.0, "water_solubility": 0.00033519657086960686, "vapor_pressure": 0.00038613081772610947, "reference_temperature": 20.0, "koc": 214.78650658732096, "freundlich": 0.7020619014361449, "dt50": {"system": 6.0, "soil": 206.41169628447645, "surfaceWater": 6.0, "sediment": 6.0}, "plant_uptake": 0.0, "name": "Compound 4511801227432079048", "model_specific_data": {}, "metabolites": [{"formation_fraction": 0.2, "metabolite": {"molarMass": 300.0, "water_solubility": 0.0028396676357263883, "vapor_pressure": 3.824639355033543e-06, "reference_temperature": 20.0, "koc": 1218.318593223003, "freundlich": 0.9792106348309906, "dt50": {"system": 6.0, "soil": 190.75943120186233, "surfaceWater": 6.0, "sediment": 6.0}, "plant_uptake": 0.5, "name": "Compound -9119010856394340005", "model_specific_data": {}, "metabolites": []}}]}}