{"gap": {"type": "relative", "arguments": {"name": "GAP -296091488377847865", "modelCrop": "WC", "rate": 250.0, "apply_every_n_years": 1, "number_of_applications": 2, "interval": 14, "model_specific_data": {}, "bbch": 31, "season": 0}}, "compound": {"molarMass": 300.0, "water_solubility": 0.019899628146164392, "vapor_pressure": 1.4548533648043646e-07, "reference_temperature": 20.0, "koc": 37.215147074225136, "freundlich": 1.1493228873947292, "dt50": {"system": 6.0, "soil": 35.920708429464725, "surfaceWater": 6.0, "sediment": 6.0}, "plant_uptake": 0.0, "name": "Compound 7126735783269483723", "model_specific_data": {}, "metabolites": [{"formation_fraction": 0.2, "metabolite": {"molarMass": 300.0, "water_solubility": 0.00211652303380789, "vapor_pressure": 9.294496556986274e-06, "reference_temperature": 20.0, "koc": 4656.335029713159, "freundlich": 0.7062933956992454, "dt50": {"system": 6.0, "soil": 294.06185329424466, "surfaceWater": 6.0, "sediment": 6.0}, "plant_uptake": 0.5, "name": "Compound 2716222260359565990", "model_specific_data": {}, "metabolites": []}}]}}