{"gap": {"type": "relative", "arguments": {"name": "GAP -296091488377847865", "modelCrop": "WC", "rate": 250.0, "apply_every_n_years": 1, "number_of_applications": 2, "interval": 14, "model_specific_data": {}, "bbch": 31, "season": 0}}, "compound": {"molarMass": 300.0, "water_solubility": 0.00027192127930931645, "vapor_pressure": 0.0005387648310445773, "reference_temperature": 20.0, "koc": 3546.4483612786166, "freundlich": 0.9451402552074408, "dt50": {"system": 6.0, "soil": 168.302674965531, "surfaceWater": 6.0, "sediment": 6.0}, "plant_uptake": 0.0, "name": "Compound 1463699998467375998", "model_specific_data": {}, "metabolites": [{"formation_fraction": 0.2, "metabolite": {"molarMass": 300.0, "water_solubility": 0.002199667841509794, "vapor_pressure": 0.00023103526709602657, "reference_temperature": 20.0, "koc": 58.48157468130905, "freundlich": 0.7082260373500755, "dt50": {"system": 6.0, "soil": 230.0931078922524, "surfaceWater": 6.0, "sediment": 6.0}, "plant_uptake": 0.5, "name": "Compound -9207396172273678872", "model_specific_data": {}, "metabolites": []}}]}}