{"gap": {"type": "relative", "arguments": {"name": "GAP -296091488377847865", "modelCrop": "WC", "rate": 250.0, "apply_every_n_years": 1, "number_of_applications": 2, "interval": 14, "model_specific_data": {}, "bbch": 31, "season": 0}}, "compound": {"molarMass": 300.0, "water_solubility": 0.030826545361258048, "vapor_pressure": 9.54992816286356e-07, "reference_temperature": 20.0, "koc": 955.368517289698, "freundlich": 0.8453042509186566, "dt50": {"system": 6.0, "soil": 117.16708547423588, "surfaceWater": 6.0, "sediment": 6.0}, "plant_uptake": 0.0, "name": "Compound -3506366685111052718", "model_specific_data": {}, "metabolites": [{"formation_fraction": 0.2, "metabolite": {"molarMass": 300.0, "water_solubility": 0.0001212842448053949, "vapor_pressure": 8.050647283639943e-07, "reference_temperature": 20.0, "koc": 1897.2058790181636, "freundlich": 0.8954282928585455, "dt50": {"system": 6.0, "soil": 43.275151024114514, "surfaceWater": 6.0, "sediment": 6.0}, "plant_uptake": 0.5, "name": "Compound 7662296319609806307", "model_specific_data": {}, "metabolites": []}}]}}