{"gap": {"type": "relative", "arguments": {"name": "GAP -296091488377847865", "modelCrop": "WC", "rate": 250.0, "apply_every_n_years": 1, "number_of_applications": 2, "interval": 14, "model_specific_data": {}, "bbch": 31, "season": 0}}, "compound": {"molarMass": 300.0, "water_solubility": 0.0005074945777626455, "vapor_pressure": 0.0002794261370886077, "reference_temperature": 20.0, "koc": 963.8597322702716, "freundlich": 0.8069132805385111, "dt50": {"system": 6.0, "soil": 299.0771068804677, "surfaceWater": 6.0, "sediment": 6.0}, "plant_uptake": 0.0, "name": "Compound 3600578369352127947", "model_specific_data": {}, "metabolites": [{"formation_fraction": 0.2, "metabolite": {"molarMass": 300.0, "water_solubility": 0.023921699635574, "vapor_pressure": 3.6027942776522403e-06, "reference_temperature": 20.0, "koc": 4581.184523908112, "freundlich": 0.7913627926290114, "dt50": {"system": 6.0, "soil": 176.93024446402984, "surfaceWater": 6.0, "sediment": 6.0}, "plant_uptake": 0.5, "name": "Compound 2398077731139575835", "model_specific_data": {}, "metabolites": []}}]}}