{"gap": {"type": "relative", "arguments": {"name": "GAP -296091488377847865", "modelCrop": "WC", "rate": 250.0, "apply_every_n_years": 1, "number_of_applications": 2, "interval": 14, "model_specific_data": {}, "bbch": 31, "season": 0}}, "compound": {"molarMass": 300.0, "water_solubility": 0.0005604804231424499, "vapor_pressure": 0.00047591798333711276, "reference_temperature": 20.0, "koc": 68.40028398239687, "freundlich": 0.9723581792143092, "dt50": {"system": 6.0, "soil": 80.51269587046042, "surfaceWater": 6.0, "sediment": 6.0}, "plant_uptake": 0.0, "name": "Compound 2249709440386460268", "model_specific_data": {}, "metabolites": [{"formation_fraction": 0.2, "metabolite": {"molarMass": 300.0, "water_solubility": 6.336594911071182, "vapor_pressure": 2.6287994530517475e-06, "reference_temperature": 20.0, "koc": 486.8018201617272, "freundlich": 0.8566964175210202, "dt50": {"system": 6.0, "soil": 16.019933993815187, "surfaceWater": 6.0, "sediment": 6.0}, "plant_uptake": 0.5, "name": "Compound -1424250231706785315", "model_specific_data": {}, "metabolites": []}}]}}