{"gap": {"type": "relative", "arguments": {"name": "GAP -296091488377847865", "modelCrop": "WC", "rate": 250.0, "apply_every_n_years": 1, "number_of_applications": 2, "interval": 14, "model_specific_data": {}, "bbch": 31, "season": 0}}, "compound": {"molarMass": 300.0, "water_solubility": 0.053822850245346235, "vapor_pressure": 7.269420952145669e-07, "reference_temperature": 20.0, "koc": 294.78132202117183, "freundlich": 1.0781981524352657, "dt50": {"system": 6.0, "soil": 119.95723124953055, "surfaceWater": 6.0, "sediment": 6.0}, "plant_uptake": 0.0, "name": "Compound 5923088321043936563", "model_specific_data": {}, "metabolites": [{"formation_fraction": 0.2, "metabolite": {"molarMass": 300.0, "water_solubility": 0.02314119959330323, "vapor_pressure": 2.0672956964810573e-06, "reference_temperature": 20.0, "koc": 44.42493898496829, "freundlich": 1.1556676704169393, "dt50": {"system": 6.0, "soil": 60.319007358806736, "surfaceWater": 6.0, "sediment": 6.0}, "plant_uptake": 0.5, "name": "Compound -785583630769076922", "model_specific_data": {}, "metabolites": []}}]}}