{"gap": {"type": "relative", "arguments": {"name": "GAP -296091488377847865", "modelCrop": "WC", "rate": 250.0, "apply_every_n_years": 1, "number_of_applications": 2, "interval": 14, "model_specific_data": {}, "bbch": 31, "season": 0}}, "compound": {"molarMass": 300.0, "water_solubility": 0.08427549652542825, "vapor_pressure": 4.5970677979858925e-06, "reference_temperature": 20.0, "koc": 612.5689773097212, "freundlich": 1.1082679165366047, "dt50": {"system": 6.0, "soil": 129.42516412848525, "surfaceWater": 6.0, "sediment": 6.0}, "plant_uptake": 0.0, "name": "Compound 1134587792661769589", "model_specific_data": {}, "metabolites": [{"formation_fraction": 0.2, "metabolite": {"molarMass": 300.0, "water_solubility": 0.04394819701228632, "vapor_pressure": 6.139958087054382e-05, "reference_temperature": 20.0, "koc": 69.40278810989982, "freundlich": 0.9823828676430542, "dt50": {"system": 6.0, "soil": 212.92708593003462, "surfaceWater": 6.0, "sediment": 6.0}, "plant_uptake": 0.5, "name": "Compound -3161330937811552546", "model_specific_data": {}, "metabolites": []}}]}}