{"gap": {"type": "relative", "arguments": {"name": "GAP -296091488377847865", "modelCrop": "WC", "rate": 250.0, "apply_every_n_years": 1, "number_of_applications": 2, "interval": 14, "model_specific_data": {}, "bbch": 31, "season": 0}}, "compound": {"molarMass": 300.0, "water_solubility": 0.044487244372154386, "vapor_pressure": 0.005485218289647332, "reference_temperature": 20.0, "koc": 1530.921349249132, "freundlich": 0.9494844909769344, "dt50": {"system": 6.0, "soil": 267.2788601312701, "surfaceWater": 6.0, "sediment": 6.0}, "plant_uptake": 0.0, "name": "Compound 1220037745039180264", "model_specific_data": {}, "metabolites": [{"formation_fraction": 0.2, "metabolite": {"molarMass": 300.0, "water_solubility": 0.24372033079072136, "vapor_pressure": 8.003074575026865e-07, "reference_temperature": 20.0, "koc": 189.64900631578587, "freundlich": 1.0142507147106348, "dt50": {"system": 6.0, "soil": 94.0159055757471, "surfaceWater": 6.0, "sediment": 6.0}, "plant_uptake": 0.5, "name": "Compound 8595183387885160637", "model_specific_data": {}, "metabolites": []}}]}}