{"gap": {"type": "relative", "arguments": {"name": "GAP -296091488377847865", "modelCrop": "WC", "rate": 250.0, "apply_every_n_years": 1, "number_of_applications": 2, "interval": 14, "model_specific_data": {}, "bbch": 31, "season": 0}}, "compound": {"molarMass": 300.0, "water_solubility": 0.0007231615516349116, "vapor_pressure": 7.152123034724844e-06, "reference_temperature": 20.0, "koc": 28.37253902174997, "freundlich": 0.7668769446218489, "dt50": {"system": 6.0, "soil": 175.19251425544078, "surfaceWater": 6.0, "sediment": 6.0}, "plant_uptake": 0.0, "name": "Compound -3686010939020792167", "model_specific_data": {}, "metabolites": [{"formation_fraction": 0.2, "metabolite": {"molarMass": 300.0, "water_solubility": 0.06392867065241437, "vapor_pressure": 1.0195307584106348e-07, "reference_temperature": 20.0, "koc": 4959.012801415897, "freundlich": 1.102920039178025, "dt50": {"system": 6.0, "soil": 282.8679017687154, "surfaceWater": 6.0, "sediment": 6.0}, "plant_uptake": 0.5, "name": "Compound 1884085928855278032", "model_specific_data": {}, "metabolites": []}}]}}