{"gap": {"type": "relative", "arguments": {"name": "GAP -296091488377847865", "modelCrop": "WC", "rate": 250.0, "apply_every_n_years": 1, "number_of_applications": 2, "interval": 14, "model_specific_data": {}, "bbch": 31, "season": 0}}, "compound": {"molarMass": 300.0, "water_solubility": 0.22247065348073372, "vapor_pressure": 1.7492208399861558e-06, "reference_temperature": 20.0, "koc": 2583.8702992747303, "freundlich": 0.747457005995495, "dt50": {"system": 6.0, "soil": 10.814802572108743, "surfaceWater": 6.0, "sediment": 6.0}, "plant_uptake": 0.0, "name": "Compound -5237211525913862576", "model_specific_data": {}, "metabolites": [{"formation_fraction": 0.2, "metabolite": {"molarMass": 300.0, "water_solubility": 0.00117687683230214, "vapor_pressure": 5.251905910216129e-06, "reference_temperature": 20.0, "koc": 46.780907764095545, "freundlich": 1.0084618543494048, "dt50": {"system": 6.0, "soil": 136.79231194383573, "surfaceWater": 6.0, "sediment": 6.0}, "plant_uptake": 0.5, "name": "Compound 1720321763760393149", "model_specific_data": {}, "metabolites": []}}]}}