{"gap": {"type": "relative", "arguments": {"name": "GAP -296091488377847865", "modelCrop": "WC", "rate": 250.0, "apply_every_n_years": 1, "number_of_applications": 2, "interval": 14, "model_specific_data": {}, "bbch": 31, "season": 0}}, "compound": {"molarMass": 300.0, "water_solubility": 0.002302896965088211, "vapor_pressure": 0.010280665402075409, "reference_temperature": 20.0, "koc": 145.1688096226261, "freundlich": 1.108558953272908, "dt50": {"system": 6.0, "soil": 143.25828169680642, "surfaceWater": 6.0, "sediment": 6.0}, "plant_uptake": 0.0, "name": "Compound -7757316966428826867", "model_specific_data": {}, "metabolites": [{"formation_fraction": 0.2, "metabolite": {"molarMass": 300.0, "water_solubility": 0.09282576079690152, "vapor_pressure": 1.7295588641936089e-06, "reference_temperature": 20.0, "koc": 120.72809334156263, "freundlich": 0.9618459736627678, "dt50": {"system": 6.0, "soil": 171.6135948282287, "surfaceWater": 6.0, "sediment": 6.0}, "plant_uptake": 0.5, "name": "Compound -2390195060671990598", "model_specific_data": {}, "metabolites": []}}]}}