{"gap": {"type": "relative", "arguments": {"name": "GAP -296091488377847865", "modelCrop": "WC", "rate": 250.0, "apply_every_n_years": 1, "number_of_applications": 2, "interval": 14, "model_specific_data": {}, "bbch": 31, "season": 0}}, "compound": {"molarMass": 300.0, "water_solubility": 0.05954889492345167, "vapor_pressure": 0.0003933636683065939, "reference_temperature": 20.0, "koc": 1935.714579755751, "freundlich": 1.1642571040223133, "dt50": {"system": 6.0, "soil": 277.01763247959764, "surfaceWater": 6.0, "sediment": 6.0}, "plant_uptake": 0.0, "name": "Compound 1484565775978726413", "model_specific_data": {}, "metabolites": [{"formation_fraction": 0.2, "metabolite": {"molarMass": 300.0, "water_solubility": 0.009057001889494574, "vapor_pressure": 2.091872244519981e-07, "reference_temperature": 20.0, "koc": 705.3867542947845, "freundlich": 1.1931365410123422, "dt50": {"system": 6.0, "soil": 221.23013482317194, "surfaceWater": 6.0, "sediment": 6.0}, "plant_uptake": 0.5, "name": "Compound 5558216563055017117", "model_specific_data": {}, "metabolites": []}}]}}