{"gap": {"type": "relative", "arguments": {"name": "GAP -296091488377847865", "modelCrop": "WC", "rate": 250.0, "apply_every_n_years": 1, "number_of_applications": 2, "interval": 14, "model_specific_data": {}, "bbch": 31, "season": 0}}, "compound": {"molarMass": 300.0, "water_solubility": 0.007980850502187914, "vapor_pressure": 0.0008947953048748977, "reference_temperature": 20.0, "koc": 903.1217715429339, "freundlich": 0.9429384423063456, "dt50": {"system": 6.0, "soil": 161.76604659788927, "surfaceWater": 6.0, "sediment": 6.0}, "plant_uptake": 0.0, "name": "Compound -8187652846491328793", "model_specific_data": {}, "metabolites": [{"formation_fraction": 0.2, "metabolite": {"molarMass": 300.0, "water_solubility": 0.006993790689157735, "vapor_pressure": 0.0001324448267197422, "reference_temperature": 20.0, "koc": 230.28201901611314, "freundlich": 0.9905684346347514, "dt50": {"system": 6.0, "soil": 66.967051149217, "surfaceWater": 6.0, "sediment": 6.0}, "plant_uptake": 0.5, "name": "Compound -2679197918294977037", "model_specific_data": {}, "metabolites": []}}]}}