{"gap": {"type": "relative", "arguments": {"name": "GAP -296091488377847865", "modelCrop": "WC", "rate": 250.0, "apply_every_n_years": 1, "number_of_applications": 2, "interval": 14, "model_specific_data": {}, "bbch": 31, "season": 0}}, "compound": {"molarMass": 300.0, "water_solubility": 0.0011703149261511928, "vapor_pressure": 1.0698389392813397e-05, "reference_temperature": 20.0, "koc": 3999.41698808037, "freundlich": 0.9892469523802296, "dt50": {"system": 6.0, "soil": 164.34557338945345, "surfaceWater": 6.0, "sediment": 6.0}, "plant_uptake": 0.0, "name": "Compound -3899281806776748455", "model_specific_data": {}, "metabolites": [{"formation_fraction": 0.2, "metabolite": {"molarMass": 300.0, "water_solubility": 0.0007554401701699426, "vapor_pressure": 0.012982377766027325, "reference_temperature": 20.0, "koc": 23.164498352576278, "freundlich": 0.8531235319305492, "dt50": {"system": 6.0, "soil": 105.06794275306035, "surfaceWater": 6.0, "sediment": 6.0}, "plant_uptake": 0.5, "name": "Compound -5022062857061458492", "model_specific_data": {}, "metabolites": []}}]}}