{"gap": {"type": "relative", "arguments": {"name": "GAP -296091488377847865", "modelCrop": "WC", "rate": 250.0, "apply_every_n_years": 1, "number_of_applications": 2, "interval": 14, "model_specific_data": {}, "bbch": 31, "season": 0}}, "compound": {"molarMass": 300.0, "water_solubility": 0.02768011980120593, "vapor_pressure": 0.0005761180366964002, "reference_temperature": 20.0, "koc": 53.69243273116613, "freundlich": 1.124467711862871, "dt50": {"system": 6.0, "soil": 144.51242371307177, "surfaceWater": 6.0, "sediment": 6.0}, "plant_uptake": 0.0, "name": "Compound -4588105001283295931", "model_specific_data": {}, "metabolites": [{"formation_fraction": 0.2, "metabolite": {"molarMass": 300.0, "water_solubility": 0.0009183572716987131, "vapor_pressure": 2.8966669252386763e-07, "reference_temperature": 20.0, "koc": 1120.6326623997313, "freundlich": 0.9328425233689721, "dt50": {"system": 6.0, "soil": 270.6997593308252, "surfaceWater": 6.0, "sediment": 6.0}, "plant_uptake": 0.5, "name": "Compound 7258327654897922071", "model_specific_data": {}, "metabolites": []}}]}}