{"gap": {"type": "relative", "arguments": {"name": "GAP -296091488377847865", "modelCrop": "WC", "rate": 250.0, "apply_every_n_years": 1, "number_of_applications": 2, "interval": 14, "model_specific_data": {}, "bbch": 31, "season": 0}}, "compound": {"molarMass": 300.0, "water_solubility": 0.011905195806590928, "vapor_pressure": 1.9806192075491325e-05, "reference_temperature": 20.0, "koc": 105.56706008391812, "freundlich": 0.7787712215128619, "dt50": {"system": 6.0, "soil": 52.254756929942225, "surfaceWater": 6.0, "sediment": 6.0}, "plant_uptake": 0.0, "name": "Compound -641497610209281236", "model_specific_data": {}, "metabolites": [{"formation_fraction": 0.2, "metabolite": {"molarMass": 300.0, "water_solubility": 8.210561413030958e-05, "vapor_pressure": 1.2512539022873996e-06, "reference_temperature": 20.0, "koc": 124.49708742668437, "freundlich": 0.8652960710355473, "dt50": {"system": 6.0, "soil": 168.8420924019284, "surfaceWater": 6.0, "sediment": 6.0}, "plant_uptake": 0.5, "name": "Compound 1152732136113182648", "model_specific_data": {}, "metabolites": []}}]}}