{"gap": {"type": "relative", "arguments": {"name": "GAP -296091488377847865", "modelCrop": "WC", "rate": 250.0, "apply_every_n_years": 1, "number_of_applications": 2, "interval": 14, "model_specific_data": {}, "bbch": 31, "season": 0}}, "compound": {"molarMass": 300.0, "water_solubility": 0.0008945330021178072, "vapor_pressure": 0.0001520670100398898, "reference_temperature": 20.0, "koc": 34.42977679720291, "freundlich": 0.876593438677482, "dt50": {"system": 6.0, "soil": 207.42490327408413, "surfaceWater": 6.0, "sediment": 6.0}, "plant_uptake": 0.0, "name": "Compound -6483519101686797716", "model_specific_data": {}, "metabolites": [{"formation_fraction": 0.2, "metabolite": {"molarMass": 300.0, "water_solubility": 0.0006322107337309469, "vapor_pressure": 4.7091006676124355e-05, "reference_temperature": 20.0, "koc": 40.85047595057754, "freundlich": 1.1217089219026684, "dt50": {"system": 6.0, "soil": 243.28295108098138, "surfaceWater": 6.0, "sediment": 6.0}, "plant_uptake": 0.5, "name": "Compound 5170768807182213145", "model_specific_data": {}, "metabolites": []}}]}}