{"gap": {"type": "relative", "arguments": {"name": "GAP -296091488377847865", "modelCrop": "WC", "rate": 250.0, "apply_every_n_years": 1, "number_of_applications": 2, "interval": 14, "model_specific_data": {}, "bbch": 31, "season": 0}}, "compound": {"molarMass": 300.0, "water_solubility": 0.001202354926590934, "vapor_pressure": 0.0018168736959037453, "reference_temperature": 20.0, "koc": 14.979133921402116, "freundlich": 1.1223157520573632, "dt50": {"system": 6.0, "soil": 62.94032344149859, "surfaceWater": 6.0, "sediment": 6.0}, "plant_uptake": 0.0, "name": "Compound 1607715015959523558", "model_specific_data": {}, "metabolites": [{"formation_fraction": 0.2, "metabolite": {"molarMass": 300.0, "water_solubility": 0.09674559818065756, "vapor_pressure": 2.085192843699554e-05, "reference_temperature": 20.0, "koc": 2852.0162097823973, "freundlich": 1.0218091204882944, "dt50": {"system": 6.0, "soil": 238.86784471979485, "surfaceWater": 6.0, "sediment": 6.0}, "plant_uptake": 0.5, "name": "Compound -1472043745135703894", "model_specific_data": {}, "metabolites": []}}]}}