{"gap": {"type": "relative", "arguments": {"name": "GAP -296091488377847865", "modelCrop": "WC", "rate": 250.0, "apply_every_n_years": 1, "number_of_applications": 2, "interval": 14, "model_specific_data": {}, "bbch": 31, "season": 0}}, "compound": {"molarMass": 300.0, "water_solubility": 0.0072089142949451675, "vapor_pressure": 3.161528283044287e-08, "reference_temperature": 20.0, "koc": 38.89767967236812, "freundlich": 0.7348155474334177, "dt50": {"system": 6.0, "soil": 259.49568226538315, "surfaceWater": 6.0, "sediment": 6.0}, "plant_uptake": 0.0, "name": "Compound 6112678304700079358", "model_specific_data": {}, "metabolites": [{"formation_fraction": 0.2, "metabolite": {"molarMass": 300.0, "water_solubility": 0.008374336659562909, "vapor_pressure": 1.9159035465260643e-06, "reference_temperature": 20.0, "koc": 183.92730199207003, "freundlich": 0.8979002104625995, "dt50": {"system": 6.0, "soil": 283.61425255533345, "surfaceWater": 6.0, "sediment": 6.0}, "plant_uptake": 0.5, "name": "Compound -347239044213798355", "model_specific_data": {}, "metabolites": []}}]}}