{"gap": {"type": "relative", "arguments": {"name": "GAP -296091488377847865", "modelCrop": "WC", "rate": 250.0, "apply_every_n_years": 1, "number_of_applications": 2, "interval": 14, "model_specific_data": {}, "bbch": 31, "season": 0}}, "compound": {"molarMass": 300.0, "water_solubility": 0.019014005223042578, "vapor_pressure": 1.397795899922524e-06, "reference_temperature": 20.0, "koc": 225.77198216688183, "freundlich": 0.8296822244875761, "dt50": {"system": 6.0, "soil": 103.53662352152965, "surfaceWater": 6.0, "sediment": 6.0}, "plant_uptake": 0.0, "name": "Compound -6828602505848497432", "model_specific_data": {}, "metabolites": [{"formation_fraction": 0.2, "metabolite": {"molarMass": 300.0, "water_solubility": 0.002819793705065883, "vapor_pressure": 7.126931021359916e-05, "reference_temperature": 20.0, "koc": 26.17648245611313, "freundlich": 1.1466231208015476, "dt50": {"system": 6.0, "soil": 65.62536816960433, "surfaceWater": 6.0, "sediment": 6.0}, "plant_uptake": 0.5, "name": "Compound 1735740023178171885", "model_specific_data": {}, "metabolites": []}}]}}