{"gap": {"type": "relative", "arguments": {"name": "GAP -296091488377847865", "modelCrop": "WC", "rate": 250.0, "apply_every_n_years": 1, "number_of_applications": 2, "interval": 14, "model_specific_data": {}, "bbch": 31, "season": 0}}, "compound": {"molarMass": 300.0, "water_solubility": 0.005960446273005677, "vapor_pressure": 0.0005181299483990589, "reference_temperature": 20.0, "koc": 1297.7422346789529, "freundlich": 0.762020202832822, "dt50": {"system": 6.0, "soil": 194.9719558197223, "surfaceWater": 6.0, "sediment": 6.0}, "plant_uptake": 0.0, "name": "Compound 2826121912634950708", "model_specific_data": {}, "metabolites": [{"formation_fraction": 0.2, "metabolite": {"molarMass": 300.0, "water_solubility": 0.07278720977899204, "vapor_pressure": 0.05440963190520796, "reference_temperature": 20.0, "koc": 980.4094251722012, "freundlich": 0.76526140674958, "dt50": {"system": 6.0, "soil": 30.394218586802037, "surfaceWater": 6.0, "sediment": 6.0}, "plant_uptake": 0.5, "name": "Compound -5286116439288353417", "model_specific_data": {}, "metabolites": []}}]}}