{"gap": {"type": "relative", "arguments": {"name": "GAP -296091488377847865", "modelCrop": "WC", "rate": 250.0, "apply_every_n_years": 1, "number_of_applications": 2, "interval": 14, "model_specific_data": {}, "bbch": 31, "season": 0}}, "compound": {"molarMass": 300.0, "water_solubility": 0.039005806145296223, "vapor_pressure": 8.61165560440104e-06, "reference_temperature": 20.0, "koc": 16.01511287657017, "freundlich": 1.077261421441699, "dt50": {"system": 6.0, "soil": 112.6695049624544, "surfaceWater": 6.0, "sediment": 6.0}, "plant_uptake": 0.0, "name": "Compound 7125663548948372101", "model_specific_data": {}, "metabolites": [{"formation_fraction": 0.2, "metabolite": {"molarMass": 300.0, "water_solubility": 0.013181690391719295, "vapor_pressure": 5.352883906983311e-05, "reference_temperature": 20.0, "koc": 32.3010662988455, "freundlich": 0.7242569863456854, "dt50": {"system": 6.0, "soil": 154.7879075326865, "surfaceWater": 6.0, "sediment": 6.0}, "plant_uptake": 0.5, "name": "Compound -6549066886615038712", "model_specific_data": {}, "metabolites": []}}]}}