{"gap": {"type": "relative", "arguments": {"name": "GAP -296091488377847865", "modelCrop": "WC", "rate": 250.0, "apply_every_n_years": 1, "number_of_applications": 2, "interval": 14, "model_specific_data": {}, "bbch": 31, "season": 0}}, "compound": {"molarMass": 300.0, "water_solubility": 0.2554547026891085, "vapor_pressure": 3.324162360878418e-05, "reference_temperature": 20.0, "koc": 977.2697468412605, "freundlich": 1.065663756007563, "dt50": {"system": 6.0, "soil": 174.76199390844624, "surfaceWater": 6.0, "sediment": 6.0}, "plant_uptake": 0.0, "name": "Compound -8529304304039225464", "model_specific_data": {}, "metabolites": [{"formation_fraction": 0.2, "metabolite": {"molarMass": 300.0, "water_solubility": 0.00011842020134588821, "vapor_pressure": 9.161618145807935e-07, "reference_temperature": 20.0, "koc": 2321.4720983946495, "freundlich": 0.7748157005184483, "dt50": {"system": 6.0, "soil": 230.91276614572206, "surfaceWater": 6.0, "sediment": 6.0}, "plant_uptake": 0.5, "name": "Compound 3641484543114791591", "model_specific_data": {}, "metabolites": []}}]}}