{"gap": {"type": "relative", "arguments": {"name": "GAP -296091488377847865", "modelCrop": "WC", "rate": 250.0, "apply_every_n_years": 1, "number_of_applications": 2, "interval": 14, "model_specific_data": {}, "bbch": 31, "season": 0}}, "compound": {"molarMass": 300.0, "water_solubility": 0.006045054310124153, "vapor_pressure": 7.416354560450105e-06, "reference_temperature": 20.0, "koc": 4454.472990658804, "freundlich": 0.8217528179789227, "dt50": {"system": 6.0, "soil": 161.57050899933287, "surfaceWater": 6.0, "sediment": 6.0}, "plant_uptake": 0.0, "name": "Compound -863104990505903924", "model_specific_data": {}, "metabolites": [{"formation_fraction": 0.2, "metabolite": {"molarMass": 300.0, "water_solubility": 0.014973346392545604, "vapor_pressure": 1.4327302708938458e-05, "reference_temperature": 20.0, "koc": 4770.801112647005, "freundlich": 1.1635192960976748, "dt50": {"system": 6.0, "soil": 292.01222156117257, "surfaceWater": 6.0, "sediment": 6.0}, "plant_uptake": 0.5, "name": "Compound -2311495548613758866", "model_specific_data": {}, "metabolites": []}}]}}