{"gap": {"type": "relative", "arguments": {"name": "GAP -296091488377847865", "modelCrop": "WC", "rate": 250.0, "apply_every_n_years": 1, "number_of_applications": 2, "interval": 14, "model_specific_data": {}, "bbch": 31, "season": 0}}, "compound": {"molarMass": 300.0, "water_solubility": 0.21397374577562425, "vapor_pressure": 9.38702449770082e-07, "reference_temperature": 20.0, "koc": 27.315420087483673, "freundlich": 0.7601454272991179, "dt50": {"system": 6.0, "soil": 107.63380358642041, "surfaceWater": 6.0, "sediment": 6.0}, "plant_uptake": 0.0, "name": "Compound 7641822100209943682", "model_specific_data": {}, "metabolites": [{"formation_fraction": 0.2, "metabolite": {"molarMass": 300.0, "water_solubility": 0.0067503588004933, "vapor_pressure": 1.1976314858080783e-08, "reference_temperature": 20.0, "koc": 666.9485996764276, "freundlich": 1.1008247634464228, "dt50": {"system": 6.0, "soil": 129.3075698554451, "surfaceWater": 6.0, "sediment": 6.0}, "plant_uptake": 0.5, "name": "Compound -8445959253710132022", "model_specific_data": {}, "metabolites": []}}]}}