{"gap": {"type": "relative", "arguments": {"name": "GAP -296091488377847865", "modelCrop": "WC", "rate": 250.0, "apply_every_n_years": 1, "number_of_applications": 2, "interval": 14, "model_specific_data": {}, "bbch": 31, "season": 0}}, "compound": {"molarMass": 300.0, "water_solubility": 0.022374194164415065, "vapor_pressure": 3.523309091211632e-05, "reference_temperature": 20.0, "koc": 197.42653105134298, "freundlich": 1.0086887639731623, "dt50": {"system": 6.0, "soil": 218.41674422676428, "surfaceWater": 6.0, "sediment": 6.0}, "plant_uptake": 0.0, "name": "Compound -2871445109464732419", "model_specific_data": {}, "metabolites": [{"formation_fraction": 0.2, "metabolite": {"molarMass": 300.0, "water_solubility": 0.002072052187995545, "vapor_pressure": 8.369095081216159e-07, "reference_temperature": 20.0, "koc": 313.32747026183046, "freundlich": 1.0579559394597324, "dt50": {"system": 6.0, "soil": 29.679189466573913, "surfaceWater": 6.0, "sediment": 6.0}, "plant_uptake": 0.5, "name": "Compound -4493698511377548474", "model_specific_data": {}, "metabolites": []}}]}}