{"gap": {"type": "relative", "arguments": {"name": "GAP -296091488377847865", "modelCrop": "WC", "rate": 250.0, "apply_every_n_years": 1, "number_of_applications": 2, "interval": 14, "model_specific_data": {}, "bbch": 31, "season": 0}}, "compound": {"molarMass": 300.0, "water_solubility": 0.0022397661384240563, "vapor_pressure": 2.3542016225181305e-06, "reference_temperature": 20.0, "koc": 570.3067213100105, "freundlich": 0.8247517551382544, "dt50": {"system": 6.0, "soil": 239.192912110692, "surfaceWater": 6.0, "sediment": 6.0}, "plant_uptake": 0.0, "name": "Compound 6626088252981033929", "model_specific_data": {}, "metabolites": [{"formation_fraction": 0.2, "metabolite": {"molarMass": 300.0, "water_solubility": 0.01632407496035021, "vapor_pressure": 6.266549135926652e-07, "reference_temperature": 20.0, "koc": 2119.6011825255273, "freundlich": 0.9659886174496619, "dt50": {"system": 6.0, "soil": 234.35091426577353, "surfaceWater": 6.0, "sediment": 6.0}, "plant_uptake": 0.5, "name": "Compound -5444172606445860355", "model_specific_data": {}, "metabolites": []}}]}}