{"gap": {"type": "relative", "arguments": {"name": "GAP -296091488377847865", "modelCrop": "WC", "rate": 250.0, "apply_every_n_years": 1, "number_of_applications": 2, "interval": 14, "model_specific_data": {}, "bbch": 31, "season": 0}}, "compound": {"molarMass": 300.0, "water_solubility": 0.0891559716749629, "vapor_pressure": 2.883397976548577e-06, "reference_temperature": 20.0, "koc": 2126.7152091595744, "freundlich": 0.7686158003470464, "dt50": {"system": 6.0, "soil": 48.5635949978749, "surfaceWater": 6.0, "sediment": 6.0}, "plant_uptake": 0.0, "name": "Compound 1817414865082140099", "model_specific_data": {}, "metabolites": [{"formation_fraction": 0.2, "metabolite": {"molarMass": 300.0, "water_solubility": 0.035825784351811024, "vapor_pressure": 0.00020433774420150618, "reference_temperature": 20.0, "koc": 3588.544357263046, "freundlich": 1.0840839814766423, "dt50": {"system": 6.0, "soil": 123.82347834225995, "surfaceWater": 6.0, "sediment": 6.0}, "plant_uptake": 0.5, "name": "Compound -1146819271169284210", "model_specific_data": {}, "metabolites": []}}]}}