{"gap": {"type": "relative", "arguments": {"name": "GAP -296091488377847865", "modelCrop": "WC", "rate": 250.0, "apply_every_n_years": 1, "number_of_applications": 2, "interval": 14, "model_specific_data": {}, "bbch": 31, "season": 0}}, "compound": {"molarMass": 300.0, "water_solubility": 0.19348398674148554, "vapor_pressure": 0.00010187592457841235, "reference_temperature": 20.0, "koc": 268.92537432839555, "freundlich": 1.1443825292226677, "dt50": {"system": 6.0, "soil": 134.64526334577343, "surfaceWater": 6.0, "sediment": 6.0}, "plant_uptake": 0.0, "name": "Compound 4696068712267100153", "model_specific_data": {}, "metabolites": [{"formation_fraction": 0.2, "metabolite": {"molarMass": 300.0, "water_solubility": 0.004408481740810971, "vapor_pressure": 8.450550600790538e-07, "reference_temperature": 20.0, "koc": 1757.4175971877937, "freundlich": 0.9718629236756506, "dt50": {"system": 6.0, "soil": 248.34550633160003, "surfaceWater": 6.0, "sediment": 6.0}, "plant_uptake": 0.5, "name": "Compound 2315478707880036905", "model_specific_data": {}, "metabolites": []}}]}}