{"gap": {"type": "relative", "arguments": {"name": "GAP -296091488377847865", "modelCrop": "WC", "rate": 250.0, "apply_every_n_years": 1, "number_of_applications": 2, "interval": 14, "model_specific_data": {}, "bbch": 31, "season": 0}}, "compound": {"molarMass": 300.0, "water_solubility": 0.003544387866788896, "vapor_pressure": 6.67957949084329e-08, "reference_temperature": 20.0, "koc": 100.86857554030179, "freundlich": 0.9936023639444405, "dt50": {"system": 6.0, "soil": 130.04259211762985, "surfaceWater": 6.0, "sediment": 6.0}, "plant_uptake": 0.0, "name": "Compound -4153937726597401201", "model_specific_data": {}, "metabolites": [{"formation_fraction": 0.2, "metabolite": {"molarMass": 300.0, "water_solubility": 0.0012520169737213428, "vapor_pressure": 4.911467823858226e-05, "reference_temperature": 20.0, "koc": 79.8364643407882, "freundlich": 1.0026185985166358, "dt50": {"system": 6.0, "soil": 56.720294381318354, "surfaceWater": 6.0, "sediment": 6.0}, "plant_uptake": 0.5, "name": "Compound -2161588134128554298", "model_specific_data": {}, "metabolites": []}}]}}