{"gap": {"type": "relative", "arguments": {"name": "GAP -296091488377847865", "modelCrop": "WC", "rate": 250.0, "apply_every_n_years": 1, "number_of_applications": 2, "interval": 14, "model_specific_data": {}, "bbch": 31, "season": 0}}, "compound": {"molarMass": 300.0, "water_solubility": 0.00028800501856981217, "vapor_pressure": 0.04697067721490548, "reference_temperature": 20.0, "koc": 3843.232226546745, "freundlich": 1.1662761917045414, "dt50": {"system": 6.0, "soil": 103.55343311855796, "surfaceWater": 6.0, "sediment": 6.0}, "plant_uptake": 0.0, "name": "Compound 2557835572952674616", "model_specific_data": {}, "metabolites": [{"formation_fraction": 0.2, "metabolite": {"molarMass": 300.0, "water_solubility": 0.0002386085776406777, "vapor_pressure": 0.0022022960578041615, "reference_temperature": 20.0, "koc": 383.12486794644144, "freundlich": 0.7603694350557599, "dt50": {"system": 6.0, "soil": 70.8927305998684, "surfaceWater": 6.0, "sediment": 6.0}, "plant_uptake": 0.5, "name": "Compound 6039918898308540334", "model_specific_data": {}, "metabolites": []}}]}}