{"gap": {"type": "relative", "arguments": {"name": "GAP -296091488377847865", "modelCrop": "WC", "rate": 250.0, "apply_every_n_years": 1, "number_of_applications": 2, "interval": 14, "model_specific_data": {}, "bbch": 31, "season": 0}}, "compound": {"molarMass": 300.0, "water_solubility": 0.0006033717945250739, "vapor_pressure": 7.474017964954583e-05, "reference_temperature": 20.0, "koc": 1417.4812949109619, "freundlich": 0.9472888408478857, "dt50": {"system": 6.0, "soil": 186.67580372737723, "surfaceWater": 6.0, "sediment": 6.0}, "plant_uptake": 0.0, "name": "Compound 6581285119281429563", "model_specific_data": {}, "metabolites": [{"formation_fraction": 0.2, "metabolite": {"molarMass": 300.0, "water_solubility": 0.0019467522899867908, "vapor_pressure": 8.08477083501458e-06, "reference_temperature": 20.0, "koc": 1174.5122718100843, "freundlich": 1.0653750356019398, "dt50": {"system": 6.0, "soil": 165.43482492232678, "surfaceWater": 6.0, "sediment": 6.0}, "plant_uptake": 0.5, "name": "Compound -4348358840473918359", "model_specific_data": {}, "metabolites": []}}]}}