{"gap": {"type": "relative", "arguments": {"name": "GAP -296091488377847865", "modelCrop": "WC", "rate": 250.0, "apply_every_n_years": 1, "number_of_applications": 2, "interval": 14, "model_specific_data": {}, "bbch": 31, "season": 0}}, "compound": {"molarMass": 300.0, "water_solubility": 0.004836177689690389, "vapor_pressure": 6.414084226196566e-05, "reference_temperature": 20.0, "koc": 583.1439281499606, "freundlich": 0.9957905874603072, "dt50": {"system": 6.0, "soil": 38.631402349117565, "surfaceWater": 6.0, "sediment": 6.0}, "plant_uptake": 0.0, "name": "Compound 9000963406950210064", "model_specific_data": {}, "metabolites": [{"formation_fraction": 0.2, "metabolite": {"molarMass": 300.0, "water_solubility": 0.19765907659229695, "vapor_pressure": 1.7493310708554663e-05, "reference_temperature": 20.0, "koc": 146.02312725467078, "freundlich": 1.0338839603443357, "dt50": {"system": 6.0, "soil": 195.07429416342967, "surfaceWater": 6.0, "sediment": 6.0}, "plant_uptake": 0.5, "name": "Compound -1750773446992510884", "model_specific_data": {}, "metabolites": []}}]}}