{"gap": {"type": "relative", "arguments": {"name": "GAP -296091488377847865", "modelCrop": "WC", "rate": 250.0, "apply_every_n_years": 1, "number_of_applications": 2, "interval": 14, "model_specific_data": {}, "bbch": 31, "season": 0}}, "compound": {"molarMass": 300.0, "water_solubility": 0.7643835963008785, "vapor_pressure": 6.52607451658412e-07, "reference_temperature": 20.0, "koc": 903.9201166385609, "freundlich": 1.1761002067414275, "dt50": {"system": 6.0, "soil": 69.04559753411375, "surfaceWater": 6.0, "sediment": 6.0}, "plant_uptake": 0.0, "name": "Compound 6561805882378362903", "model_specific_data": {}, "metabolites": [{"formation_fraction": 0.2, "metabolite": {"molarMass": 300.0, "water_solubility": 0.009342022433871267, "vapor_pressure": 3.367334393553394e-05, "reference_temperature": 20.0, "koc": 366.0138880006949, "freundlich": 1.1226847005819907, "dt50": {"system": 6.0, "soil": 10.564380497282508, "surfaceWater": 6.0, "sediment": 6.0}, "plant_uptake": 0.5, "name": "Compound 4878683818930507249", "model_specific_data": {}, "metabolites": []}}]}}