{"gap": {"type": "relative", "arguments": {"name": "GAP -296091488377847865", "modelCrop": "WC", "rate": 250.0, "apply_every_n_years": 1, "number_of_applications": 2, "interval": 14, "model_specific_data": {}, "bbch": 31, "season": 0}}, "compound": {"molarMass": 300.0, "water_solubility": 8.854837545633802e-05, "vapor_pressure": 1.1312165592480022e-05, "reference_temperature": 20.0, "koc": 100.0310038676555, "freundlich": 0.7932703249110626, "dt50": {"system": 6.0, "soil": 260.7257388282061, "surfaceWater": 6.0, "sediment": 6.0}, "plant_uptake": 0.0, "name": "Compound -3846946048605075931", "model_specific_data": {}, "metabolites": [{"formation_fraction": 0.2, "metabolite": {"molarMass": 300.0, "water_solubility": 0.003733677872915507, "vapor_pressure": 7.24828064039248e-07, "reference_temperature": 20.0, "koc": 244.3218833380311, "freundlich": 0.852755329478414, "dt50": {"system": 6.0, "soil": 274.85104864264923, "surfaceWater": 6.0, "sediment": 6.0}, "plant_uptake": 0.5, "name": "Compound -6267104565257158822", "model_specific_data": {}, "metabolites": []}}]}}