{"gap": {"type": "relative", "arguments": {"name": "GAP -296091488377847865", "modelCrop": "WC", "rate": 250.0, "apply_every_n_years": 1, "number_of_applications": 2, "interval": 14, "model_specific_data": {}, "bbch": 31, "season": 0}}, "compound": {"molarMass": 300.0, "water_solubility": 0.01321096845792756, "vapor_pressure": 4.755065253404688e-05, "reference_temperature": 20.0, "koc": 15.174890249993451, "freundlich": 0.975155217356223, "dt50": {"system": 6.0, "soil": 124.79457280316605, "surfaceWater": 6.0, "sediment": 6.0}, "plant_uptake": 0.0, "name": "Compound 8084716805373671856", "model_specific_data": {}, "metabolites": [{"formation_fraction": 0.2, "metabolite": {"molarMass": 300.0, "water_solubility": 0.0028239406244643167, "vapor_pressure": 0.005299409531416574, "reference_temperature": 20.0, "koc": 37.76266535732176, "freundlich": 1.0440702426823238, "dt50": {"system": 6.0, "soil": 33.180887468034555, "surfaceWater": 6.0, "sediment": 6.0}, "plant_uptake": 0.5, "name": "Compound 8693231314439389556", "model_specific_data": {}, "metabolites": []}}]}}