{"gap": {"type": "relative", "arguments": {"name": "GAP -296091488377847865", "modelCrop": "WC", "rate": 250.0, "apply_every_n_years": 1, "number_of_applications": 2, "interval": 14, "model_specific_data": {}, "bbch": 31, "season": 0}}, "compound": {"molarMass": 300.0, "water_solubility": 0.0017664386563296523, "vapor_pressure": 0.00013347870403069718, "reference_temperature": 20.0, "koc": 2596.134512507724, "freundlich": 0.985324601133521, "dt50": {"system": 6.0, "soil": 96.55296170019881, "surfaceWater": 6.0, "sediment": 6.0}, "plant_uptake": 0.0, "name": "Compound -2876552356192464487", "model_specific_data": {}, "metabolites": [{"formation_fraction": 0.2, "metabolite": {"molarMass": 300.0, "water_solubility": 0.004118442592046716, "vapor_pressure": 4.502617136063224e-05, "reference_temperature": 20.0, "koc": 613.187805356661, "freundlich": 1.1358135672724816, "dt50": {"system": 6.0, "soil": 222.69646037298523, "surfaceWater": 6.0, "sediment": 6.0}, "plant_uptake": 0.5, "name": "Compound 537529450595252948", "model_specific_data": {}, "metabolites": []}}]}}