{"gap": {"type": "relative", "arguments": {"name": "GAP -296091488377847865", "modelCrop": "WC", "rate": 250.0, "apply_every_n_years": 1, "number_of_applications": 2, "interval": 14, "model_specific_data": {}, "bbch": 31, "season": 0}}, "compound": {"molarMass": 300.0, "water_solubility": 0.85807196316273, "vapor_pressure": 2.1828190411935636e-07, "reference_temperature": 20.0, "koc": 87.67871833376219, "freundlich": 0.7843960091329782, "dt50": {"system": 6.0, "soil": 232.77123203850962, "surfaceWater": 6.0, "sediment": 6.0}, "plant_uptake": 0.0, "name": "Compound -888664993577618846", "model_specific_data": {}, "metabolites": [{"formation_fraction": 0.2, "metabolite": {"molarMass": 300.0, "water_solubility": 0.003818706374572611, "vapor_pressure": 3.5392163712462395e-07, "reference_temperature": 20.0, "koc": 98.58556958281308, "freundlich": 1.1254487349214135, "dt50": {"system": 6.0, "soil": 290.43102450716486, "surfaceWater": 6.0, "sediment": 6.0}, "plant_uptake": 0.5, "name": "Compound 3504697155667199748", "model_specific_data": {}, "metabolites": []}}]}}