{"gap": {"type": "relative", "arguments": {"name": "GAP -296091488377847865", "modelCrop": "WC", "rate": 250.0, "apply_every_n_years": 1, "number_of_applications": 2, "interval": 14, "model_specific_data": {}, "bbch": 31, "season": 0}}, "compound": {"molarMass": 300.0, "water_solubility": 0.8800083010278973, "vapor_pressure": 1.541525386881024e-06, "reference_temperature": 20.0, "koc": 80.41419143292751, "freundlich": 0.9319406373812519, "dt50": {"system": 6.0, "soil": 78.9017250225069, "surfaceWater": 6.0, "sediment": 6.0}, "plant_uptake": 0.0, "name": "Compound 8435808447761205263", "model_specific_data": {}, "metabolites": [{"formation_fraction": 0.2, "metabolite": {"molarMass": 300.0, "water_solubility": 0.0019468484209681394, "vapor_pressure": 4.900358730834913e-08, "reference_temperature": 20.0, "koc": 61.93757112452012, "freundlich": 0.7632535382212069, "dt50": {"system": 6.0, "soil": 70.56139094206493, "surfaceWater": 6.0, "sediment": 6.0}, "plant_uptake": 0.5, "name": "Compound 2054175871844021422", "model_specific_data": {}, "metabolites": []}}]}}