{"gap": {"type": "relative", "arguments": {"name": "GAP -296091488377847865", "modelCrop": "WC", "rate": 250.0, "apply_every_n_years": 1, "number_of_applications": 2, "interval": 14, "model_specific_data": {}, "bbch": 31, "season": 0}}, "compound": {"molarMass": 300.0, "water_solubility": 0.015771809443820464, "vapor_pressure": 3.114798401595023e-05, "reference_temperature": 20.0, "koc": 2881.7696430931774, "freundlich": 1.1954086014755356, "dt50": {"system": 6.0, "soil": 282.4444099458574, "surfaceWater": 6.0, "sediment": 6.0}, "plant_uptake": 0.0, "name": "Compound -4064438117707341927", "model_specific_data": {}, "metabolites": [{"formation_fraction": 0.2, "metabolite": {"molarMass": 300.0, "water_solubility": 0.0067952226963593765, "vapor_pressure": 9.512397516790627e-07, "reference_temperature": 20.0, "koc": 3139.9304497439994, "freundlich": 0.7178919697733133, "dt50": {"system": 6.0, "soil": 290.808084105094, "surfaceWater": 6.0, "sediment": 6.0}, "plant_uptake": 0.5, "name": "Compound -8539900341259122665", "model_specific_data": {}, "metabolites": []}}]}}