{"gap": {"type": "relative", "arguments": {"name": "GAP -296091488377847865", "modelCrop": "WC", "rate": 250.0, "apply_every_n_years": 1, "number_of_applications": 2, "interval": 14, "model_specific_data": {}, "bbch": 31, "season": 0}}, "compound": {"molarMass": 300.0, "water_solubility": 0.044082571359871, "vapor_pressure": 1.75169974062289e-05, "reference_temperature": 20.0, "koc": 1864.4631971930157, "freundlich": 0.7220110060583396, "dt50": {"system": 6.0, "soil": 268.05944425986024, "surfaceWater": 6.0, "sediment": 6.0}, "plant_uptake": 0.0, "name": "Compound 322957620362309486", "model_specific_data": {}, "metabolites": [{"formation_fraction": 0.2, "metabolite": {"molarMass": 300.0, "water_solubility": 0.0009462770714824052, "vapor_pressure": 0.00012723549668143614, "reference_temperature": 20.0, "koc": 742.411125129151, "freundlich": 1.1453235679108573, "dt50": {"system": 6.0, "soil": 61.02724321047902, "surfaceWater": 6.0, "sediment": 6.0}, "plant_uptake": 0.5, "name": "Compound -7959794369070070835", "model_specific_data": {}, "metabolites": []}}]}}