{"gap": {"type": "relative", "arguments": {"name": "GAP -296091488377847865", "modelCrop": "WC", "rate": 250.0, "apply_every_n_years": 1, "number_of_applications": 2, "interval": 14, "model_specific_data": {}, "bbch": 31, "season": 0}}, "compound": {"molarMass": 300.0, "water_solubility": 0.0168344856067675, "vapor_pressure": 6.76961630056099e-06, "reference_temperature": 20.0, "koc": 62.20950024619997, "freundlich": 0.9783416942460863, "dt50": {"system": 6.0, "soil": 198.804150648828, "surfaceWater": 6.0, "sediment": 6.0}, "plant_uptake": 0.0, "name": "Compound 7239852376360887471", "model_specific_data": {}, "metabolites": [{"formation_fraction": 0.2, "metabolite": {"molarMass": 300.0, "water_solubility": 0.613383327634671, "vapor_pressure": 0.0023849105741174, "reference_temperature": 20.0, "koc": 3366.6014414247907, "freundlich": 1.0043229890524892, "dt50": {"system": 6.0, "soil": 226.38446645126862, "surfaceWater": 6.0, "sediment": 6.0}, "plant_uptake": 0.5, "name": "Compound -903784750076586606", "model_specific_data": {}, "metabolites": []}}]}}