{"gap": {"type": "relative", "arguments": {"name": "GAP -296091488377847865", "modelCrop": "WC", "rate": 250.0, "apply_every_n_years": 1, "number_of_applications": 2, "interval": 14, "model_specific_data": {}, "bbch": 31, "season": 0}}, "compound": {"molarMass": 300.0, "water_solubility": 0.09206738938792876, "vapor_pressure": 0.0025751938816610154, "reference_temperature": 20.0, "koc": 10.747826454087267, "freundlich": 0.8157632435536588, "dt50": {"system": 6.0, "soil": 278.11484398275024, "surfaceWater": 6.0, "sediment": 6.0}, "plant_uptake": 0.0, "name": "Compound -8516476080687697449", "model_specific_data": {}, "metabolites": [{"formation_fraction": 0.2, "metabolite": {"molarMass": 300.0, "water_solubility": 0.038108480163964564, "vapor_pressure": 0.002415305833167144, "reference_temperature": 20.0, "koc": 341.26521013239164, "freundlich": 0.8323629348793498, "dt50": {"system": 6.0, "soil": 132.01353517173231, "surfaceWater": 6.0, "sediment": 6.0}, "plant_uptake": 0.5, "name": "Compound 8340567366753514104", "model_specific_data": {}, "metabolites": []}}]}}