{"gap": {"type": "relative", "arguments": {"name": "GAP -296091488377847865", "modelCrop": "WC", "rate": 250.0, "apply_every_n_years": 1, "number_of_applications": 2, "interval": 14, "model_specific_data": {}, "bbch": 31, "season": 0}}, "compound": {"molarMass": 300.0, "water_solubility": 0.000873587254823436, "vapor_pressure": 3.625600174026705e-05, "reference_temperature": 20.0, "koc": 68.70150221350374, "freundlich": 0.8863962034932316, "dt50": {"system": 6.0, "soil": 11.441129783920411, "surfaceWater": 6.0, "sediment": 6.0}, "plant_uptake": 0.0, "name": "Compound -4702161564608541151", "model_specific_data": {}, "metabolites": [{"formation_fraction": 0.2, "metabolite": {"molarMass": 300.0, "water_solubility": 0.012345080057321755, "vapor_pressure": 6.611489389973688e-05, "reference_temperature": 20.0, "koc": 206.17375510997525, "freundlich": 1.0792033765393527, "dt50": {"system": 6.0, "soil": 154.83675452365117, "surfaceWater": 6.0, "sediment": 6.0}, "plant_uptake": 0.5, "name": "Compound 4136689281370146427", "model_specific_data": {}, "metabolites": []}}]}}