{"gap": {"type": "relative", "arguments": {"name": "GAP -296091488377847865", "modelCrop": "WC", "rate": 250.0, "apply_every_n_years": 1, "number_of_applications": 2, "interval": 14, "model_specific_data": {}, "bbch": 31, "season": 0}}, "compound": {"molarMass": 300.0, "water_solubility": 0.06827464686278867, "vapor_pressure": 2.168410372879756e-07, "reference_temperature": 20.0, "koc": 291.1626888994225, "freundlich": 0.8191279465766781, "dt50": {"system": 6.0, "soil": 58.87519524591222, "surfaceWater": 6.0, "sediment": 6.0}, "plant_uptake": 0.0, "name": "Compound -2563694583966612824", "model_specific_data": {}, "metabolites": [{"formation_fraction": 0.2, "metabolite": {"molarMass": 300.0, "water_solubility": 0.0024200566670823645, "vapor_pressure": 2.862975959444298e-07, "reference_temperature": 20.0, "koc": 1955.3812010418292, "freundlich": 0.9753789532585234, "dt50": {"system": 6.0, "soil": 221.58644450345284, "surfaceWater": 6.0, "sediment": 6.0}, "plant_uptake": 0.5, "name": "Compound -3004106298934863822", "model_specific_data": {}, "metabolites": []}}]}}