{"gap": {"type": "relative", "arguments": {"name": "GAP -296091488377847865", "modelCrop": "WC", "rate": 250.0, "apply_every_n_years": 1, "number_of_applications": 2, "interval": 14, "model_specific_data": {}, "bbch": 31, "season": 0}}, "compound": {"molarMass": 300.0, "water_solubility": 0.13496915515165195, "vapor_pressure": 8.321454356609785e-08, "reference_temperature": 20.0, "koc": 15.092225507596668, "freundlich": 1.0267012871644154, "dt50": {"system": 6.0, "soil": 71.99272318500284, "surfaceWater": 6.0, "sediment": 6.0}, "plant_uptake": 0.0, "name": "Compound -216839400787345495", "model_specific_data": {}, "metabolites": [{"formation_fraction": 0.2, "metabolite": {"molarMass": 300.0, "water_solubility": 0.01864878401357506, "vapor_pressure": 1.6496534507500075e-07, "reference_temperature": 20.0, "koc": 554.255680074807, "freundlich": 1.0073495883646593, "dt50": {"system": 6.0, "soil": 125.83307970874198, "surfaceWater": 6.0, "sediment": 6.0}, "plant_uptake": 0.5, "name": "Compound -7656189574839199242", "model_specific_data": {}, "metabolites": []}}]}}