{"gap": {"type": "relative", "arguments": {"name": "GAP -296091488377847865", "modelCrop": "WC", "rate": 250.0, "apply_every_n_years": 1, "number_of_applications": 2, "interval": 14, "model_specific_data": {}, "bbch": 31, "season": 0}}, "compound": {"molarMass": 300.0, "water_solubility": 0.00046435021295522283, "vapor_pressure": 1.7210852061764426e-05, "reference_temperature": 20.0, "koc": 114.53790289455061, "freundlich": 1.0015130715206908, "dt50": {"system": 6.0, "soil": 249.44240767898475, "surfaceWater": 6.0, "sediment": 6.0}, "plant_uptake": 0.0, "name": "Compound 833016389592202334", "model_specific_data": {}, "metabolites": [{"formation_fraction": 0.2, "metabolite": {"molarMass": 300.0, "water_solubility": 0.007851827670488582, "vapor_pressure": 6.026584099509915e-07, "reference_temperature": 20.0, "koc": 178.00265779827933, "freundlich": 0.9030311487006573, "dt50": {"system": 6.0, "soil": 234.88040395925674, "surfaceWater": 6.0, "sediment": 6.0}, "plant_uptake": 0.5, "name": "Compound -6385163766217034876", "model_specific_data": {}, "metabolites": []}}]}}