{"gap": {"type": "relative", "arguments": {"name": "GAP -296091488377847865", "modelCrop": "WC", "rate": 250.0, "apply_every_n_years": 1, "number_of_applications": 2, "interval": 14, "model_specific_data": {}, "bbch": 31, "season": 0}}, "compound": {"molarMass": 300.0, "water_solubility": 0.07549149218316847, "vapor_pressure": 6.911325538036798e-05, "reference_temperature": 20.0, "koc": 94.92619622576879, "freundlich": 0.8909579162250303, "dt50": {"system": 6.0, "soil": 259.8582109642588, "surfaceWater": 6.0, "sediment": 6.0}, "plant_uptake": 0.0, "name": "Compound -2061253072649267334", "model_specific_data": {}, "metabolites": [{"formation_fraction": 0.2, "metabolite": {"molarMass": 300.0, "water_solubility": 0.00027016778010901464, "vapor_pressure": 0.004721105079034232, "reference_temperature": 20.0, "koc": 26.25537101813268, "freundlich": 0.8144159214313538, "dt50": {"system": 6.0, "soil": 297.7876798577241, "surfaceWater": 6.0, "sediment": 6.0}, "plant_uptake": 0.5, "name": "Compound 4930575579637978921", "model_specific_data": {}, "metabolites": []}}]}}