{"gap": {"type": "relative", "arguments": {"name": "GAP -296091488377847865", "modelCrop": "WC", "rate": 250.0, "apply_every_n_years": 1, "number_of_applications": 2, "interval": 14, "model_specific_data": {}, "bbch": 31, "season": 0}}, "compound": {"molarMass": 300.0, "water_solubility": 0.12013769616854983, "vapor_pressure": 1.0553871176194535e-06, "reference_temperature": 20.0, "koc": 279.35216070320837, "freundlich": 1.0956618426129894, "dt50": {"system": 6.0, "soil": 33.54569100278925, "surfaceWater": 6.0, "sediment": 6.0}, "plant_uptake": 0.0, "name": "Compound 4590053315718406167", "model_specific_data": {}, "metabolites": [{"formation_fraction": 0.2, "metabolite": {"molarMass": 300.0, "water_solubility": 0.01170944175728267, "vapor_pressure": 2.3705253422856374e-05, "reference_temperature": 20.0, "koc": 53.37095292252911, "freundlich": 0.8113102986289082, "dt50": {"system": 6.0, "soil": 195.0773299995523, "surfaceWater": 6.0, "sediment": 6.0}, "plant_uptake": 0.5, "name": "Compound 4932080185982797847", "model_specific_data": {}, "metabolites": []}}]}}