{"gap": {"type": "relative", "arguments": {"name": "GAP -296091488377847865", "modelCrop": "WC", "rate": 250.0, "apply_every_n_years": 1, "number_of_applications": 2, "interval": 14, "model_specific_data": {}, "bbch": 31, "season": 0}}, "compound": {"molarMass": 300.0, "water_solubility": 0.0025069082128789137, "vapor_pressure": 9.360589049191984e-06, "reference_temperature": 20.0, "koc": 109.83059515663835, "freundlich": 0.7336483938423204, "dt50": {"system": 6.0, "soil": 83.50005072453514, "surfaceWater": 6.0, "sediment": 6.0}, "plant_uptake": 0.0, "name": "Compound 6440575518845427345", "model_specific_data": {}, "metabolites": [{"formation_fraction": 0.2, "metabolite": {"molarMass": 300.0, "water_solubility": 0.0014077206882085896, "vapor_pressure": 0.00015771148178813496, "reference_temperature": 20.0, "koc": 18.67776256486788, "freundlich": 1.1177236763729077, "dt50": {"system": 6.0, "soil": 23.279423284914287, "surfaceWater": 6.0, "sediment": 6.0}, "plant_uptake": 0.5, "name": "Compound 712958636245704150", "model_specific_data": {}, "metabolites": []}}]}}