{"gap": {"type": "relative", "arguments": {"name": "GAP -296091488377847865", "modelCrop": "WC", "rate": 250.0, "apply_every_n_years": 1, "number_of_applications": 2, "interval": 14, "model_specific_data": {}, "bbch": 31, "season": 0}}, "compound": {"molarMass": 300.0, "water_solubility": 0.03839907628938353, "vapor_pressure": 1.322597775270723e-07, "reference_temperature": 20.0, "koc": 1828.312991300978, "freundlich": 0.836700983761639, "dt50": {"system": 6.0, "soil": 97.99799342463335, "surfaceWater": 6.0, "sediment": 6.0}, "plant_uptake": 0.0, "name": "Compound 5027561415989371138", "model_specific_data": {}, "metabolites": [{"formation_fraction": 0.2, "metabolite": {"molarMass": 300.0, "water_solubility": 0.056469990958117784, "vapor_pressure": 2.594919536181764e-05, "reference_temperature": 20.0, "koc": 553.9168509537483, "freundlich": 0.7031144281080973, "dt50": {"system": 6.0, "soil": 146.2580951856785, "surfaceWater": 6.0, "sediment": 6.0}, "plant_uptake": 0.5, "name": "Compound -7037879426241756115", "model_specific_data": {}, "metabolites": []}}]}}