{"gap": {"type": "relative", "arguments": {"name": "GAP -296091488377847865", "modelCrop": "WC", "rate": 250.0, "apply_every_n_years": 1, "number_of_applications": 2, "interval": 14, "model_specific_data": {}, "bbch": 31, "season": 0}}, "compound": {"molarMass": 300.0, "water_solubility": 0.00028386228721148925, "vapor_pressure": 5.848383534159677e-06, "reference_temperature": 20.0, "koc": 917.9524453301353, "freundlich": 1.0459476075593974, "dt50": {"system": 6.0, "soil": 196.29322621191014, "surfaceWater": 6.0, "sediment": 6.0}, "plant_uptake": 0.0, "name": "Compound 287863001498383845", "model_specific_data": {}, "metabolites": [{"formation_fraction": 0.2, "metabolite": {"molarMass": 300.0, "water_solubility": 0.04642667973111524, "vapor_pressure": 5.6852945259247534e-05, "reference_temperature": 20.0, "koc": 3769.4966125593082, "freundlich": 0.8603727696032308, "dt50": {"system": 6.0, "soil": 15.171786507311033, "surfaceWater": 6.0, "sediment": 6.0}, "plant_uptake": 0.5, "name": "Compound -8377039981008302533", "model_specific_data": {}, "metabolites": []}}]}}