{"gap": {"type": "relative", "arguments": {"name": "GAP -296091488377847865", "modelCrop": "WC", "rate": 250.0, "apply_every_n_years": 1, "number_of_applications": 2, "interval": 14, "model_specific_data": {}, "bbch": 31, "season": 0}}, "compound": {"molarMass": 300.0, "water_solubility": 0.279252899124316, "vapor_pressure": 1.7467562909419985e-05, "reference_temperature": 20.0, "koc": 1186.0044505939668, "freundlich": 1.1948831116552934, "dt50": {"system": 6.0, "soil": 107.75726901243827, "surfaceWater": 6.0, "sediment": 6.0}, "plant_uptake": 0.0, "name": "Compound 6970939465784214376", "model_specific_data": {}, "metabolites": [{"formation_fraction": 0.2, "metabolite": {"molarMass": 300.0, "water_solubility": 0.02875242800651064, "vapor_pressure": 9.247110819271977e-05, "reference_temperature": 20.0, "koc": 894.6791639000012, "freundlich": 0.9459098726173956, "dt50": {"system": 6.0, "soil": 115.87582503915925, "surfaceWater": 6.0, "sediment": 6.0}, "plant_uptake": 0.5, "name": "Compound -3026873227527806778", "model_specific_data": {}, "metabolites": []}}]}}