{"gap": {"type": "relative", "arguments": {"name": "GAP -296091488377847865", "modelCrop": "WC", "rate": 250.0, "apply_every_n_years": 1, "number_of_applications": 2, "interval": 14, "model_specific_data": {}, "bbch": 31, "season": 0}}, "compound": {"molarMass": 300.0, "water_solubility": 0.12685675905912738, "vapor_pressure": 0.00042698222502519136, "reference_temperature": 20.0, "koc": 562.2925894317864, "freundlich": 1.1949190688443616, "dt50": {"system": 6.0, "soil": 104.12496936355893, "surfaceWater": 6.0, "sediment": 6.0}, "plant_uptake": 0.0, "name": "Compound -3676849070222644590", "model_specific_data": {}, "metabolites": [{"formation_fraction": 0.2, "metabolite": {"molarMass": 300.0, "water_solubility": 0.017546637543577815, "vapor_pressure": 0.00011803767559054341, "reference_temperature": 20.0, "koc": 229.56714687927757, "freundlich": 1.1182569136314666, "dt50": {"system": 6.0, "soil": 279.9694331129822, "surfaceWater": 6.0, "sediment": 6.0}, "plant_uptake": 0.5, "name": "Compound -4869546198851840048", "model_specific_data": {}, "metabolites": []}}]}}