{"gap": {"type": "relative", "arguments": {"name": "GAP -296091488377847865", "modelCrop": "WC", "rate": 250.0, "apply_every_n_years": 1, "number_of_applications": 2, "interval": 14, "model_specific_data": {}, "bbch": 31, "season": 0}}, "compound": {"molarMass": 300.0, "water_solubility": 0.02750302851394051, "vapor_pressure": 0.00011627782019811214, "reference_temperature": 20.0, "koc": 197.28669098272022, "freundlich": 1.1942927986074268, "dt50": {"system": 6.0, "soil": 242.1745489481952, "surfaceWater": 6.0, "sediment": 6.0}, "plant_uptake": 0.0, "name": "Compound -8264199854046000777", "model_specific_data": {}, "metabolites": [{"formation_fraction": 0.2, "metabolite": {"molarMass": 300.0, "water_solubility": 0.0036095498922716794, "vapor_pressure": 0.0002335610958132818, "reference_temperature": 20.0, "koc": 581.6066564178183, "freundlich": 1.123711194140112, "dt50": {"system": 6.0, "soil": 62.07250387776903, "surfaceWater": 6.0, "sediment": 6.0}, "plant_uptake": 0.5, "name": "Compound -7061129345559687302", "model_specific_data": {}, "metabolites": []}}]}}