{"gap": {"type": "relative", "arguments": {"name": "GAP -296091488377847865", "modelCrop": "WC", "rate": 250.0, "apply_every_n_years": 1, "number_of_applications": 2, "interval": 14, "model_specific_data": {}, "bbch": 31, "season": 0}}, "compound": {"molarMass": 300.0, "water_solubility": 0.01936728597989447, "vapor_pressure": 8.954117238968166e-05, "reference_temperature": 20.0, "koc": 1250.0205128781708, "freundlich": 1.1136326201529514, "dt50": {"system": 6.0, "soil": 79.54670665865338, "surfaceWater": 6.0, "sediment": 6.0}, "plant_uptake": 0.0, "name": "Compound -8602747445404127115", "model_specific_data": {}, "metabolites": [{"formation_fraction": 0.2, "metabolite": {"molarMass": 300.0, "water_solubility": 0.024430633968268296, "vapor_pressure": 4.599293279629648e-05, "reference_temperature": 20.0, "koc": 716.9395657304761, "freundlich": 0.9458058779791135, "dt50": {"system": 6.0, "soil": 146.24331698519563, "surfaceWater": 6.0, "sediment": 6.0}, "plant_uptake": 0.5, "name": "Compound 2681495135968591984", "model_specific_data": {}, "metabolites": []}}]}}