{"gap": {"type": "relative", "arguments": {"name": "GAP -296091488377847865", "modelCrop": "WC", "rate": 250.0, "apply_every_n_years": 1, "number_of_applications": 2, "interval": 14, "model_specific_data": {}, "bbch": 31, "season": 0}}, "compound": {"molarMass": 300.0, "water_solubility": 0.04435671639188094, "vapor_pressure": 1.824392966609754e-05, "reference_temperature": 20.0, "koc": 488.7748802390077, "freundlich": 0.7637082032794305, "dt50": {"system": 6.0, "soil": 163.4167220021914, "surfaceWater": 6.0, "sediment": 6.0}, "plant_uptake": 0.0, "name": "Compound 7029571752048482365", "model_specific_data": {}, "metabolites": [{"formation_fraction": 0.2, "metabolite": {"molarMass": 300.0, "water_solubility": 0.0008463522436720079, "vapor_pressure": 0.00042841715082498006, "reference_temperature": 20.0, "koc": 26.329125135519792, "freundlich": 0.8490887914062193, "dt50": {"system": 6.0, "soil": 269.85228912113524, "surfaceWater": 6.0, "sediment": 6.0}, "plant_uptake": 0.5, "name": "Compound 8969937964793216263", "model_specific_data": {}, "metabolites": []}}]}}