{"gap": {"type": "relative", "arguments": {"name": "GAP -296091488377847865", "modelCrop": "WC", "rate": 250.0, "apply_every_n_years": 1, "number_of_applications": 2, "interval": 14, "model_specific_data": {}, "bbch": 31, "season": 0}}, "compound": {"molarMass": 300.0, "water_solubility": 0.00321574591826958, "vapor_pressure": 1.2198234211203125e-08, "reference_temperature": 20.0, "koc": 25.488876189923545, "freundlich": 0.9511988619263266, "dt50": {"system": 6.0, "soil": 238.80497687718903, "surfaceWater": 6.0, "sediment": 6.0}, "plant_uptake": 0.0, "name": "Compound 8793796208859482219", "model_specific_data": {}, "metabolites": [{"formation_fraction": 0.2, "metabolite": {"molarMass": 300.0, "water_solubility": 0.005247689511288161, "vapor_pressure": 4.349434262506336e-06, "reference_temperature": 20.0, "koc": 1371.2067024797018, "freundlich": 0.8915418814060121, "dt50": {"system": 6.0, "soil": 132.2121250982943, "surfaceWater": 6.0, "sediment": 6.0}, "plant_uptake": 0.5, "name": "Compound -2296699369766246160", "model_specific_data": {}, "metabolites": []}}]}}