{"gap": {"type": "relative", "arguments": {"name": "GAP -296091488377847865", "modelCrop": "WC", "rate": 250.0, "apply_every_n_years": 1, "number_of_applications": 2, "interval": 14, "model_specific_data": {}, "bbch": 31, "season": 0}}, "compound": {"molarMass": 300.0, "water_solubility": 0.0005784793757016694, "vapor_pressure": 3.3721010952774195e-06, "reference_temperature": 20.0, "koc": 69.91370769660108, "freundlich": 0.9276297521195516, "dt50": {"system": 6.0, "soil": 262.2613592869193, "surfaceWater": 6.0, "sediment": 6.0}, "plant_uptake": 0.0, "name": "Compound -6506975140372425901", "model_specific_data": {}, "metabolites": [{"formation_fraction": 0.2, "metabolite": {"molarMass": 300.0, "water_solubility": 0.0008122682137802339, "vapor_pressure": 1.668556863884362e-05, "reference_temperature": 20.0, "koc": 256.04655718524964, "freundlich": 0.9439405896027946, "dt50": {"system": 6.0, "soil": 192.06847441843388, "surfaceWater": 6.0, "sediment": 6.0}, "plant_uptake": 0.5, "name": "Compound -7535913930189942513", "model_specific_data": {}, "metabolites": []}}]}}