{"gap": {"type": "relative", "arguments": {"name": "GAP -296091488377847865", "modelCrop": "WC", "rate": 250.0, "apply_every_n_years": 1, "number_of_applications": 2, "interval": 14, "model_specific_data": {}, "bbch": 31, "season": 0}}, "compound": {"molarMass": 300.0, "water_solubility": 0.03717260034474935, "vapor_pressure": 6.178546903883583e-11, "reference_temperature": 20.0, "koc": 60.43936946410792, "freundlich": 0.7803186047692101, "dt50": {"system": 6.0, "soil": 157.29944873697053, "surfaceWater": 6.0, "sediment": 6.0}, "plant_uptake": 0.0, "name": "Compound -5075325992192160816", "model_specific_data": {}, "metabolites": [{"formation_fraction": 0.2, "metabolite": {"molarMass": 300.0, "water_solubility": 0.0007352112063073317, "vapor_pressure": 0.00034833147606928535, "reference_temperature": 20.0, "koc": 37.337459968994615, "freundlich": 0.8375260613357902, "dt50": {"system": 6.0, "soil": 285.76732116026335, "surfaceWater": 6.0, "sediment": 6.0}, "plant_uptake": 0.5, "name": "Compound -8013427927575350272", "model_specific_data": {}, "metabolites": []}}]}}