{"gap": {"type": "relative", "arguments": {"name": "GAP -296091488377847865", "modelCrop": "WC", "rate": 250.0, "apply_every_n_years": 1, "number_of_applications": 2, "interval": 14, "model_specific_data": {}, "bbch": 31, "season": 0}}, "compound": {"molarMass": 300.0, "water_solubility": 0.14150784952699963, "vapor_pressure": 0.00010921665264543464, "reference_temperature": 20.0, "koc": 32.56950208280432, "freundlich": 0.9050828070121975, "dt50": {"system": 6.0, "soil": 209.86870193539323, "surfaceWater": 6.0, "sediment": 6.0}, "plant_uptake": 0.0, "name": "Compound -8680026342884111622", "model_specific_data": {}, "metabolites": [{"formation_fraction": 0.2, "metabolite": {"molarMass": 300.0, "water_solubility": 0.004439524155590239, "vapor_pressure": 2.831014208614957e-07, "reference_temperature": 20.0, "koc": 15.217710377051539, "freundlich": 0.8440495422593011, "dt50": {"system": 6.0, "soil": 191.5193319416736, "surfaceWater": 6.0, "sediment": 6.0}, "plant_uptake": 0.5, "name": "Compound -6857656189777353326", "model_specific_data": {}, "metabolites": []}}]}}