{"gap": {"type": "relative", "arguments": {"name": "GAP -296091488377847865", "modelCrop": "WC", "rate": 250.0, "apply_every_n_years": 1, "number_of_applications": 2, "interval": 14, "model_specific_data": {}, "bbch": 31, "season": 0}}, "compound": {"molarMass": 300.0, "water_solubility": 0.1151339343542026, "vapor_pressure": 0.013517162406361371, "reference_temperature": 20.0, "koc": 21.29920852876967, "freundlich": 0.9878276913435609, "dt50": {"system": 6.0, "soil": 177.40947372370448, "surfaceWater": 6.0, "sediment": 6.0}, "plant_uptake": 0.0, "name": "Compound -1798964395169545797", "model_specific_data": {}, "metabolites": [{"formation_fraction": 0.2, "metabolite": {"molarMass": 300.0, "water_solubility": 0.1801745040937575, "vapor_pressure": 7.675194112904741e-05, "reference_temperature": 20.0, "koc": 24.750591409708314, "freundlich": 0.9663781032801765, "dt50": {"system": 6.0, "soil": 272.5800170278811, "surfaceWater": 6.0, "sediment": 6.0}, "plant_uptake": 0.5, "name": "Compound 8482981478317915783", "model_specific_data": {}, "metabolites": []}}]}}