{"gap": {"type": "relative", "arguments": {"name": "GAP -296091488377847865", "modelCrop": "WC", "rate": 250.0, "apply_every_n_years": 1, "number_of_applications": 2, "interval": 14, "model_specific_data": {}, "bbch": 31, "season": 0}}, "compound": {"molarMass": 300.0, "water_solubility": 0.034732939541537035, "vapor_pressure": 0.0005507214065935958, "reference_temperature": 20.0, "koc": 15.274137480609884, "freundlich": 1.0458303075180135, "dt50": {"system": 6.0, "soil": 247.58359771383797, "surfaceWater": 6.0, "sediment": 6.0}, "plant_uptake": 0.0, "name": "Compound -1833481697125138452", "model_specific_data": {}, "metabolites": [{"formation_fraction": 0.2, "metabolite": {"molarMass": 300.0, "water_solubility": 0.08216377564134494, "vapor_pressure": 0.00015931324154958503, "reference_temperature": 20.0, "koc": 860.6259896844434, "freundlich": 1.1660514305696819, "dt50": {"system": 6.0, "soil": 195.26797956101296, "surfaceWater": 6.0, "sediment": 6.0}, "plant_uptake": 0.5, "name": "Compound -2119545568933666202", "model_specific_data": {}, "metabolites": []}}]}}