{"gap": {"type": "relative", "arguments": {"name": "GAP -296091488377847865", "modelCrop": "WC", "rate": 250.0, "apply_every_n_years": 1, "number_of_applications": 2, "interval": 14, "model_specific_data": {}, "bbch": 31, "season": 0}}, "compound": {"molarMass": 300.0, "water_solubility": 0.06853539774246362, "vapor_pressure": 9.757901018653173e-05, "reference_temperature": 20.0, "koc": 1120.1149434738297, "freundlich": 0.9378974531192781, "dt50": {"system": 6.0, "soil": 134.41746846739613, "surfaceWater": 6.0, "sediment": 6.0}, "plant_uptake": 0.0, "name": "Compound 8322113000610592772", "model_specific_data": {}, "metabolites": [{"formation_fraction": 0.2, "metabolite": {"molarMass": 300.0, "water_solubility": 0.0009121677679297183, "vapor_pressure": 0.0001302993273400692, "reference_temperature": 20.0, "koc": 408.1650212829496, "freundlich": 1.1431046695388902, "dt50": {"system": 6.0, "soil": 281.0939262546379, "surfaceWater": 6.0, "sediment": 6.0}, "plant_uptake": 0.5, "name": "Compound -6362414397435906994", "model_specific_data": {}, "metabolites": []}}]}}