{"gap": {"type": "relative", "arguments": {"name": "GAP -296091488377847865", "modelCrop": "WC", "rate": 250.0, "apply_every_n_years": 1, "number_of_applications": 2, "interval": 14, "model_specific_data": {}, "bbch": 31, "season": 0}}, "compound": {"molarMass": 300.0, "water_solubility": 0.027539187420546368, "vapor_pressure": 6.893155262388933e-05, "reference_temperature": 20.0, "koc": 46.172543907070825, "freundlich": 0.7157801411072368, "dt50": {"system": 6.0, "soil": 71.73896705884081, "surfaceWater": 6.0, "sediment": 6.0}, "plant_uptake": 0.0, "name": "Compound 1355264028181693363", "model_specific_data": {}, "metabolites": [{"formation_fraction": 0.2, "metabolite": {"molarMass": 300.0, "water_solubility": 0.036811914978247956, "vapor_pressure": 1.2352843188864599e-05, "reference_temperature": 20.0, "koc": 13.00910928965402, "freundlich": 0.9060659479359188, "dt50": {"system": 6.0, "soil": 63.47043546788375, "surfaceWater": 6.0, "sediment": 6.0}, "plant_uptake": 0.5, "name": "Compound -6612600508865472305", "model_specific_data": {}, "metabolites": []}}]}}