{"gap": {"type": "relative", "arguments": {"name": "GAP -296091488377847865", "modelCrop": "WC", "rate": 250.0, "apply_every_n_years": 1, "number_of_applications": 2, "interval": 14, "model_specific_data": {}, "bbch": 31, "season": 0}}, "compound": {"molarMass": 300.0, "water_solubility": 0.18397900639433606, "vapor_pressure": 4.0381192959556477e-07, "reference_temperature": 20.0, "koc": 1191.4016963642314, "freundlich": 1.0026602289068116, "dt50": {"system": 6.0, "soil": 213.41883415455462, "surfaceWater": 6.0, "sediment": 6.0}, "plant_uptake": 0.0, "name": "Compound -2682835527774651706", "model_specific_data": {}, "metabolites": [{"formation_fraction": 0.2, "metabolite": {"molarMass": 300.0, "water_solubility": 0.17103806790079581, "vapor_pressure": 5.094508902760444e-06, "reference_temperature": 20.0, "koc": 12.22779002197921, "freundlich": 0.9440745156652941, "dt50": {"system": 6.0, "soil": 100.41949908129605, "surfaceWater": 6.0, "sediment": 6.0}, "plant_uptake": 0.5, "name": "Compound 5184622241019396718", "model_specific_data": {}, "metabolites": []}}]}}