{"gap": {"type": "relative", "arguments": {"name": "GAP -296091488377847865", "modelCrop": "WC", "rate": 250.0, "apply_every_n_years": 1, "number_of_applications": 2, "interval": 14, "model_specific_data": {}, "bbch": 31, "season": 0}}, "compound": {"molarMass": 300.0, "water_solubility": 0.0022526446486094078, "vapor_pressure": 1.0068683802314908e-05, "reference_temperature": 20.0, "koc": 146.58058527440994, "freundlich": 0.9623024358268424, "dt50": {"system": 6.0, "soil": 161.75973218852664, "surfaceWater": 6.0, "sediment": 6.0}, "plant_uptake": 0.0, "name": "Compound 3772251884105741487", "model_specific_data": {}, "metabolites": [{"formation_fraction": 0.2, "metabolite": {"molarMass": 300.0, "water_solubility": 0.002603293294287811, "vapor_pressure": 3.442844757662328e-08, "reference_temperature": 20.0, "koc": 3878.623063110117, "freundlich": 1.1680913365597931, "dt50": {"system": 6.0, "soil": 64.06396797267439, "surfaceWater": 6.0, "sediment": 6.0}, "plant_uptake": 0.5, "name": "Compound -5470658613963205059", "model_specific_data": {}, "metabolites": []}}]}}