{"gap": {"type": "relative", "arguments": {"name": "GAP -296091488377847865", "modelCrop": "WC", "rate": 250.0, "apply_every_n_years": 1, "number_of_applications": 2, "interval": 14, "model_specific_data": {}, "bbch": 31, "season": 0}}, "compound": {"molarMass": 300.0, "water_solubility": 0.1155529144953777, "vapor_pressure": 2.6520825657761475e-06, "reference_temperature": 20.0, "koc": 106.99792689187615, "freundlich": 0.9826559561258016, "dt50": {"system": 6.0, "soil": 195.11417697209464, "surfaceWater": 6.0, "sediment": 6.0}, "plant_uptake": 0.0, "name": "Compound -4278254499656189952", "model_specific_data": {}, "metabolites": [{"formation_fraction": 0.2, "metabolite": {"molarMass": 300.0, "water_solubility": 0.02617719559194373, "vapor_pressure": 0.00040757190692943554, "reference_temperature": 20.0, "koc": 4562.878784175736, "freundlich": 0.9057276117181392, "dt50": {"system": 6.0, "soil": 3.7841322744011614, "surfaceWater": 6.0, "sediment": 6.0}, "plant_uptake": 0.5, "name": "Compound 8894347009017369793", "model_specific_data": {}, "metabolites": []}}]}}