{"gap": {"type": "relative", "arguments": {"name": "GAP -296091488377847865", "modelCrop": "WC", "rate": 250.0, "apply_every_n_years": 1, "number_of_applications": 2, "interval": 14, "model_specific_data": {}, "bbch": 31, "season": 0}}, "compound": {"molarMass": 300.0, "water_solubility": 0.4325116683804154, "vapor_pressure": 3.1962295059700994e-06, "reference_temperature": 20.0, "koc": 49.526248528913676, "freundlich": 0.7066759650618673, "dt50": {"system": 6.0, "soil": 35.577491714512604, "surfaceWater": 6.0, "sediment": 6.0}, "plant_uptake": 0.0, "name": "Compound 7111340151806801642", "model_specific_data": {}, "metabolites": [{"formation_fraction": 0.2, "metabolite": {"molarMass": 300.0, "water_solubility": 0.009128811929254426, "vapor_pressure": 0.0012617711738616326, "reference_temperature": 20.0, "koc": 2762.7974880713605, "freundlich": 1.1481565009313957, "dt50": {"system": 6.0, "soil": 161.9804687385935, "surfaceWater": 6.0, "sediment": 6.0}, "plant_uptake": 0.5, "name": "Compound -1135870824353756669", "model_specific_data": {}, "metabolites": []}}]}}