{"gap": {"type": "relative", "arguments": {"name": "GAP -296091488377847865", "modelCrop": "WC", "rate": 250.0, "apply_every_n_years": 1, "number_of_applications": 2, "interval": 14, "model_specific_data": {}, "bbch": 31, "season": 0}}, "compound": {"molarMass": 300.0, "water_solubility": 0.007891319407666544, "vapor_pressure": 0.0003154001080932357, "reference_temperature": 20.0, "koc": 50.19405937853909, "freundlich": 0.8851926068202629, "dt50": {"system": 6.0, "soil": 194.12503198449178, "surfaceWater": 6.0, "sediment": 6.0}, "plant_uptake": 0.0, "name": "Compound -3855667874235946063", "model_specific_data": {}, "metabolites": [{"formation_fraction": 0.2, "metabolite": {"molarMass": 300.0, "water_solubility": 0.0008978547246841041, "vapor_pressure": 2.39509583321771e-05, "reference_temperature": 20.0, "koc": 898.5521824003075, "freundlich": 1.0195842998902978, "dt50": {"system": 6.0, "soil": 250.81154765163154, "surfaceWater": 6.0, "sediment": 6.0}, "plant_uptake": 0.5, "name": "Compound -9014081719495700372", "model_specific_data": {}, "metabolites": []}}]}}