{"gap": {"type": "relative", "arguments": {"name": "GAP -296091488377847865", "modelCrop": "WC", "rate": 250.0, "apply_every_n_years": 1, "number_of_applications": 2, "interval": 14, "model_specific_data": {}, "bbch": 31, "season": 0}}, "compound": {"molarMass": 300.0, "water_solubility": 0.2535697396660308, "vapor_pressure": 8.612931571703209e-06, "reference_temperature": 20.0, "koc": 2813.4348879404265, "freundlich": 1.0658749332623585, "dt50": {"system": 6.0, "soil": 179.45148833858994, "surfaceWater": 6.0, "sediment": 6.0}, "plant_uptake": 0.0, "name": "Compound -7064765720262826203", "model_specific_data": {}, "metabolites": [{"formation_fraction": 0.2, "metabolite": {"molarMass": 300.0, "water_solubility": 0.02018645188163707, "vapor_pressure": 0.0004731429391771232, "reference_temperature": 20.0, "koc": 79.9104278981331, "freundlich": 0.7308299129878233, "dt50": {"system": 6.0, "soil": 48.1488367945911, "surfaceWater": 6.0, "sediment": 6.0}, "plant_uptake": 0.5, "name": "Compound 4247868032053245467", "model_specific_data": {}, "metabolites": []}}]}}