{"gap": {"type": "relative", "arguments": {"name": "GAP -296091488377847865", "modelCrop": "WC", "rate": 250.0, "apply_every_n_years": 1, "number_of_applications": 2, "interval": 14, "model_specific_data": {}, "bbch": 31, "season": 0}}, "compound": {"molarMass": 300.0, "water_solubility": 0.00033872600850674947, "vapor_pressure": 0.00029733667842113555, "reference_temperature": 20.0, "koc": 143.14677806893826, "freundlich": 0.7921336283809788, "dt50": {"system": 6.0, "soil": 288.7881356319732, "surfaceWater": 6.0, "sediment": 6.0}, "plant_uptake": 0.0, "name": "Compound -8924079944666902305", "model_specific_data": {}, "metabolites": [{"formation_fraction": 0.2, "metabolite": {"molarMass": 300.0, "water_solubility": 0.000237443642999254, "vapor_pressure": 1.493948951076606e-07, "reference_temperature": 20.0, "koc": 284.02999802902116, "freundlich": 1.1542703475130103, "dt50": {"system": 6.0, "soil": 256.2550140176854, "surfaceWater": 6.0, "sediment": 6.0}, "plant_uptake": 0.5, "name": "Compound 6392972584150116621", "model_specific_data": {}, "metabolites": []}}]}}