{"gap": {"type": "relative", "arguments": {"name": "GAP -296091488377847865", "modelCrop": "WC", "rate": 250.0, "apply_every_n_years": 1, "number_of_applications": 2, "interval": 14, "model_specific_data": {}, "bbch": 31, "season": 0}}, "compound": {"molarMass": 300.0, "water_solubility": 0.211391456746461, "vapor_pressure": 7.010656724234934e-09, "reference_temperature": 20.0, "koc": 2666.2974025027083, "freundlich": 0.863235078730122, "dt50": {"system": 6.0, "soil": 183.22050960899873, "surfaceWater": 6.0, "sediment": 6.0}, "plant_uptake": 0.0, "name": "Compound -8825689495057096462", "model_specific_data": {}, "metabolites": [{"formation_fraction": 0.2, "metabolite": {"molarMass": 300.0, "water_solubility": 0.38609540038191426, "vapor_pressure": 0.0009315230206940838, "reference_temperature": 20.0, "koc": 51.5151964281716, "freundlich": 0.7037128112397364, "dt50": {"system": 6.0, "soil": 286.3829541483173, "surfaceWater": 6.0, "sediment": 6.0}, "plant_uptake": 0.5, "name": "Compound 2176876379242766964", "model_specific_data": {}, "metabolites": []}}]}}