{"gap": {"type": "relative", "arguments": {"name": "GAP -296091488377847865", "modelCrop": "WC", "rate": 250.0, "apply_every_n_years": 1, "number_of_applications": 2, "interval": 14, "model_specific_data": {}, "bbch": 31, "season": 0}}, "compound": {"molarMass": 300.0, "water_solubility": 0.004370820275684125, "vapor_pressure": 5.203886937178249e-07, "reference_temperature": 20.0, "koc": 1381.540607182862, "freundlich": 0.9100753192708398, "dt50": {"system": 6.0, "soil": 229.31119624650265, "surfaceWater": 6.0, "sediment": 6.0}, "plant_uptake": 0.0, "name": "Compound 3430129053446357270", "model_specific_data": {}, "metabolites": [{"formation_fraction": 0.2, "metabolite": {"molarMass": 300.0, "water_solubility": 0.0006840478005294311, "vapor_pressure": 2.288932964550253e-05, "reference_temperature": 20.0, "koc": 15.317561046472834, "freundlich": 1.072655037143066, "dt50": {"system": 6.0, "soil": 247.88189502998588, "surfaceWater": 6.0, "sediment": 6.0}, "plant_uptake": 0.5, "name": "Compound -2934809660613720245", "model_specific_data": {}, "metabolites": []}}]}}