{"gap": {"type": "relative", "arguments": {"name": "GAP -296091488377847865", "modelCrop": "WC", "rate": 250.0, "apply_every_n_years": 1, "number_of_applications": 2, "interval": 14, "model_specific_data": {}, "bbch": 31, "season": 0}}, "compound": {"molarMass": 300.0, "water_solubility": 0.0294473644691079, "vapor_pressure": 2.0949163098242505e-09, "reference_temperature": 20.0, "koc": 108.92463618238489, "freundlich": 0.7717440846588545, "dt50": {"system": 6.0, "soil": 60.554279885432514, "surfaceWater": 6.0, "sediment": 6.0}, "plant_uptake": 0.0, "name": "Compound -8749213556793825906", "model_specific_data": {}, "metabolites": [{"formation_fraction": 0.2, "metabolite": {"molarMass": 300.0, "water_solubility": 0.00011221410515004416, "vapor_pressure": 0.0005481747166082469, "reference_temperature": 20.0, "koc": 467.9077617706454, "freundlich": 0.8812015218821803, "dt50": {"system": 6.0, "soil": 110.63753746314748, "surfaceWater": 6.0, "sediment": 6.0}, "plant_uptake": 0.5, "name": "Compound -1012048671983884135", "model_specific_data": {}, "metabolites": []}}]}}