{"gap": {"type": "relative", "arguments": {"name": "GAP -296091488377847865", "modelCrop": "WC", "rate": 250.0, "apply_every_n_years": 1, "number_of_applications": 2, "interval": 14, "model_specific_data": {}, "bbch": 31, "season": 0}}, "compound": {"molarMass": 300.0, "water_solubility": 0.037771740903264815, "vapor_pressure": 3.893345266236627e-06, "reference_temperature": 20.0, "koc": 1175.3478604799948, "freundlich": 0.8286216366864186, "dt50": {"system": 6.0, "soil": 216.17191389083698, "surfaceWater": 6.0, "sediment": 6.0}, "plant_uptake": 0.0, "name": "Compound -3553955340089694756", "model_specific_data": {}, "metabolites": [{"formation_fraction": 0.2, "metabolite": {"molarMass": 300.0, "water_solubility": 0.03750068528252485, "vapor_pressure": 5.073913445406086e-07, "reference_temperature": 20.0, "koc": 1822.3633787145218, "freundlich": 0.9323452086495365, "dt50": {"system": 6.0, "soil": 74.2464173731262, "surfaceWater": 6.0, "sediment": 6.0}, "plant_uptake": 0.5, "name": "Compound 1394619805416563049", "model_specific_data": {}, "metabolites": []}}]}}