{"gap": {"type": "relative", "arguments": {"name": "GAP -296091488377847865", "modelCrop": "WC", "rate": 250.0, "apply_every_n_years": 1, "number_of_applications": 2, "interval": 14, "model_specific_data": {}, "bbch": 31, "season": 0}}, "compound": {"molarMass": 300.0, "water_solubility": 0.006721260054311484, "vapor_pressure": 4.96034017906726e-07, "reference_temperature": 20.0, "koc": 658.5016436056825, "freundlich": 1.124610845141971, "dt50": {"system": 6.0, "soil": 161.16153161912584, "surfaceWater": 6.0, "sediment": 6.0}, "plant_uptake": 0.0, "name": "Compound 4515183961382931505", "model_specific_data": {}, "metabolites": [{"formation_fraction": 0.2, "metabolite": {"molarMass": 300.0, "water_solubility": 0.0001471764298773591, "vapor_pressure": 0.002406715255361763, "reference_temperature": 20.0, "koc": 86.13699475675654, "freundlich": 0.9742824522254496, "dt50": {"system": 6.0, "soil": 4.637372123329429, "surfaceWater": 6.0, "sediment": 6.0}, "plant_uptake": 0.5, "name": "Compound 4910883014659690315", "model_specific_data": {}, "metabolites": []}}]}}