{"gap": {"type": "relative", "arguments": {"name": "GAP -296091488377847865", "modelCrop": "WC", "rate": 250.0, "apply_every_n_years": 1, "number_of_applications": 2, "interval": 14, "model_specific_data": {}, "bbch": 31, "season": 0}}, "compound": {"molarMass": 300.0, "water_solubility": 0.10801874900909993, "vapor_pressure": 2.2493538218893606e-05, "reference_temperature": 20.0, "koc": 128.31339623741866, "freundlich": 0.7229081882095054, "dt50": {"system": 6.0, "soil": 250.61175862156247, "surfaceWater": 6.0, "sediment": 6.0}, "plant_uptake": 0.0, "name": "Compound -8308651027894786596", "model_specific_data": {}, "metabolites": [{"formation_fraction": 0.2, "metabolite": {"molarMass": 300.0, "water_solubility": 0.0018229567734816857, "vapor_pressure": 7.757196961169676e-07, "reference_temperature": 20.0, "koc": 33.240995733799345, "freundlich": 1.060489212047571, "dt50": {"system": 6.0, "soil": 47.16855354727689, "surfaceWater": 6.0, "sediment": 6.0}, "plant_uptake": 0.5, "name": "Compound -6198254039474392964", "model_specific_data": {}, "metabolites": []}}]}}