{"gap": {"type": "relative", "arguments": {"name": "GAP -296091488377847865", "modelCrop": "WC", "rate": 250.0, "apply_every_n_years": 1, "number_of_applications": 2, "interval": 14, "model_specific_data": {}, "bbch": 31, "season": 0}}, "compound": {"molarMass": 300.0, "water_solubility": 0.004105178710982268, "vapor_pressure": 0.007141551506363042, "reference_temperature": 20.0, "koc": 724.8762690632684, "freundlich": 1.055930771420961, "dt50": {"system": 6.0, "soil": 235.64064346389986, "surfaceWater": 6.0, "sediment": 6.0}, "plant_uptake": 0.0, "name": "Compound -2476171140659500504", "model_specific_data": {}, "metabolites": [{"formation_fraction": 0.2, "metabolite": {"molarMass": 300.0, "water_solubility": 0.05121009160555873, "vapor_pressure": 0.0030537107766116845, "reference_temperature": 20.0, "koc": 40.00423832363051, "freundlich": 0.7998966636716038, "dt50": {"system": 6.0, "soil": 78.73290973871858, "surfaceWater": 6.0, "sediment": 6.0}, "plant_uptake": 0.5, "name": "Compound -1206925890357141318", "model_specific_data": {}, "metabolites": []}}]}}