{"gap": {"type": "relative", "arguments": {"name": "GAP -296091488377847865", "modelCrop": "WC", "rate": 250.0, "apply_every_n_years": 1, "number_of_applications": 2, "interval": 14, "model_specific_data": {}, "bbch": 31, "season": 0}}, "compound": {"molarMass": 300.0, "water_solubility": 0.02165035359355843, "vapor_pressure": 0.001217648047639716, "reference_temperature": 20.0, "koc": 31.56863077507422, "freundlich": 1.0441210542634154, "dt50": {"system": 6.0, "soil": 193.3612292009385, "surfaceWater": 6.0, "sediment": 6.0}, "plant_uptake": 0.0, "name": "Compound 536891541891050563", "model_specific_data": {}, "metabolites": [{"formation_fraction": 0.2, "metabolite": {"molarMass": 300.0, "water_solubility": 0.10099960610288759, "vapor_pressure": 0.0001477469626049381, "reference_temperature": 20.0, "koc": 1124.1520580078532, "freundlich": 1.1192332719728708, "dt50": {"system": 6.0, "soil": 125.66744764610081, "surfaceWater": 6.0, "sediment": 6.0}, "plant_uptake": 0.5, "name": "Compound 624603849155015118", "model_specific_data": {}, "metabolites": []}}]}}