{"gap": {"type": "relative", "arguments": {"name": "GAP -296091488377847865", "modelCrop": "WC", "rate": 250.0, "apply_every_n_years": 1, "number_of_applications": 2, "interval": 14, "model_specific_data": {}, "bbch": 31, "season": 0}}, "compound": {"molarMass": 300.0, "water_solubility": 0.0009985754082999052, "vapor_pressure": 7.742847906461194e-08, "reference_temperature": 20.0, "koc": 12.019224842747777, "freundlich": 0.8508440549943492, "dt50": {"system": 6.0, "soil": 49.44459418302941, "surfaceWater": 6.0, "sediment": 6.0}, "plant_uptake": 0.0, "name": "Compound -6049973373306933699", "model_specific_data": {}, "metabolites": [{"formation_fraction": 0.2, "metabolite": {"molarMass": 300.0, "water_solubility": 0.0023864335665332087, "vapor_pressure": 2.8938108290711393e-06, "reference_temperature": 20.0, "koc": 17.70942544035078, "freundlich": 0.9021900519399266, "dt50": {"system": 6.0, "soil": 25.619982703077877, "surfaceWater": 6.0, "sediment": 6.0}, "plant_uptake": 0.5, "name": "Compound 7533477100824103539", "model_specific_data": {}, "metabolites": []}}]}}