{"gap": {"type": "relative", "arguments": {"name": "GAP -296091488377847865", "modelCrop": "WC", "rate": 250.0, "apply_every_n_years": 1, "number_of_applications": 2, "interval": 14, "model_specific_data": {}, "bbch": 31, "season": 0}}, "compound": {"molarMass": 300.0, "water_solubility": 0.0001347282662988686, "vapor_pressure": 0.004519862497766995, "reference_temperature": 20.0, "koc": 641.017814361702, "freundlich": 0.815578210077043, "dt50": {"system": 6.0, "soil": 36.47497486084124, "surfaceWater": 6.0, "sediment": 6.0}, "plant_uptake": 0.0, "name": "Compound -5644160830072036665", "model_specific_data": {}, "metabolites": [{"formation_fraction": 0.2, "metabolite": {"molarMass": 300.0, "water_solubility": 0.05320423172201002, "vapor_pressure": 1.5110904677543768e-05, "reference_temperature": 20.0, "koc": 79.79592116579681, "freundlich": 1.0500148829739098, "dt50": {"system": 6.0, "soil": 256.9065411020383, "surfaceWater": 6.0, "sediment": 6.0}, "plant_uptake": 0.5, "name": "Compound 4929163067847628989", "model_specific_data": {}, "metabolites": []}}]}}