{"gap": {"type": "relative", "arguments": {"name": "GAP -296091488377847865", "modelCrop": "WC", "rate": 250.0, "apply_every_n_years": 1, "number_of_applications": 2, "interval": 14, "model_specific_data": {}, "bbch": 31, "season": 0}}, "compound": {"molarMass": 300.0, "water_solubility": 0.00320651911736445, "vapor_pressure": 0.0012046224136663876, "reference_temperature": 20.0, "koc": 37.83106880779047, "freundlich": 1.1462471988903222, "dt50": {"system": 6.0, "soil": 186.1826678858342, "surfaceWater": 6.0, "sediment": 6.0}, "plant_uptake": 0.0, "name": "Compound 3264539356547445718", "model_specific_data": {}, "metabolites": [{"formation_fraction": 0.2, "metabolite": {"molarMass": 300.0, "water_solubility": 0.004063401494649812, "vapor_pressure": 6.397458100403733e-08, "reference_temperature": 20.0, "koc": 150.41960511846713, "freundlich": 0.8263871136159908, "dt50": {"system": 6.0, "soil": 31.695094879209375, "surfaceWater": 6.0, "sediment": 6.0}, "plant_uptake": 0.5, "name": "Compound -2397893349782998013", "model_specific_data": {}, "metabolites": []}}]}}