{"gap": {"type": "relative", "arguments": {"name": "GAP -296091488377847865", "modelCrop": "WC", "rate": 250.0, "apply_every_n_years": 1, "number_of_applications": 2, "interval": 14, "model_specific_data": {}, "bbch": 31, "season": 0}}, "compound": {"molarMass": 300.0, "water_solubility": 0.0005585321517384519, "vapor_pressure": 2.134439227055463e-05, "reference_temperature": 20.0, "koc": 4050.3091750670023, "freundlich": 1.101169339511311, "dt50": {"system": 6.0, "soil": 173.45034806909055, "surfaceWater": 6.0, "sediment": 6.0}, "plant_uptake": 0.0, "name": "Compound -1200395320754248032", "model_specific_data": {}, "metabolites": [{"formation_fraction": 0.2, "metabolite": {"molarMass": 300.0, "water_solubility": 0.00033749735486850846, "vapor_pressure": 1.5176622847531553e-06, "reference_temperature": 20.0, "koc": 1680.2259721789621, "freundlich": 0.8981114445027057, "dt50": {"system": 6.0, "soil": 171.85553336452392, "surfaceWater": 6.0, "sediment": 6.0}, "plant_uptake": 0.5, "name": "Compound -5494839968954067358", "model_specific_data": {}, "metabolites": []}}]}}