{"gap": {"type": "relative", "arguments": {"name": "GAP -296091488377847865", "modelCrop": "WC", "rate": 250.0, "apply_every_n_years": 1, "number_of_applications": 2, "interval": 14, "model_specific_data": {}, "bbch": 31, "season": 0}}, "compound": {"molarMass": 300.0, "water_solubility": 0.0022327709067656624, "vapor_pressure": 1.2700326241622137e-05, "reference_temperature": 20.0, "koc": 100.6224868657286, "freundlich": 1.1869222898491234, "dt50": {"system": 6.0, "soil": 46.44342734112526, "surfaceWater": 6.0, "sediment": 6.0}, "plant_uptake": 0.0, "name": "Compound 2300331855608235421", "model_specific_data": {}, "metabolites": [{"formation_fraction": 0.2, "metabolite": {"molarMass": 300.0, "water_solubility": 0.006678168661240112, "vapor_pressure": 6.8104571426103686e-06, "reference_temperature": 20.0, "koc": 28.539386486039646, "freundlich": 0.9966141299620475, "dt50": {"system": 6.0, "soil": 112.66486964078793, "surfaceWater": 6.0, "sediment": 6.0}, "plant_uptake": 0.5, "name": "Compound -5162186560982819854", "model_specific_data": {}, "metabolites": []}}]}}