{"gap": {"type": "relative", "arguments": {"name": "GAP -296091488377847865", "modelCrop": "WC", "rate": 250.0, "apply_every_n_years": 1, "number_of_applications": 2, "interval": 14, "model_specific_data": {}, "bbch": 31, "season": 0}}, "compound": {"molarMass": 300.0, "water_solubility": 0.0003173169802072707, "vapor_pressure": 0.32288293720246897, "reference_temperature": 20.0, "koc": 75.8578665403745, "freundlich": 0.7231056404672115, "dt50": {"system": 6.0, "soil": 291.83250965957404, "surfaceWater": 6.0, "sediment": 6.0}, "plant_uptake": 0.0, "name": "Compound -1264931164941340885", "model_specific_data": {}, "metabolites": [{"formation_fraction": 0.2, "metabolite": {"molarMass": 300.0, "water_solubility": 0.0011109094025113203, "vapor_pressure": 8.695845224825976e-05, "reference_temperature": 20.0, "koc": 510.3541766408433, "freundlich": 1.083512625807899, "dt50": {"system": 6.0, "soil": 127.29586297719995, "surfaceWater": 6.0, "sediment": 6.0}, "plant_uptake": 0.5, "name": "Compound 4586419367907113704", "model_specific_data": {}, "metabolites": []}}]}}