{"gap": {"type": "relative", "arguments": {"name": "GAP -296091488377847865", "modelCrop": "WC", "rate": 250.0, "apply_every_n_years": 1, "number_of_applications": 2, "interval": 14, "model_specific_data": {}, "bbch": 31, "season": 0}}, "compound": {"molarMass": 300.0, "water_solubility": 0.00041036351618770766, "vapor_pressure": 2.7344386626292767e-05, "reference_temperature": 20.0, "koc": 796.1216283900905, "freundlich": 1.0338838351632211, "dt50": {"system": 6.0, "soil": 9.784541368919971, "surfaceWater": 6.0, "sediment": 6.0}, "plant_uptake": 0.0, "name": "Compound -2165305044779248836", "model_specific_data": {}, "metabolites": [{"formation_fraction": 0.2, "metabolite": {"molarMass": 300.0, "water_solubility": 0.013714883471418443, "vapor_pressure": 7.2751671719175e-06, "reference_temperature": 20.0, "koc": 116.51612692673292, "freundlich": 0.9499846325253212, "dt50": {"system": 6.0, "soil": 68.25090593441179, "surfaceWater": 6.0, "sediment": 6.0}, "plant_uptake": 0.5, "name": "Compound 964794578946021503", "model_specific_data": {}, "metabolites": []}}]}}