{"gap": {"type": "relative", "arguments": {"name": "GAP -296091488377847865", "modelCrop": "WC", "rate": 250.0, "apply_every_n_years": 1, "number_of_applications": 2, "interval": 14, "model_specific_data": {}, "bbch": 31, "season": 0}}, "compound": {"molarMass": 300.0, "water_solubility": 0.007544815780898079, "vapor_pressure": 4.7800615938723314e-05, "reference_temperature": 20.0, "koc": 407.37132244096324, "freundlich": 1.1606938230870891, "dt50": {"system": 6.0, "soil": 73.36861735217879, "surfaceWater": 6.0, "sediment": 6.0}, "plant_uptake": 0.0, "name": "Compound 3338186728997655253", "model_specific_data": {}, "metabolites": [{"formation_fraction": 0.2, "metabolite": {"molarMass": 300.0, "water_solubility": 0.04332126657354266, "vapor_pressure": 1.7804531479285604e-06, "reference_temperature": 20.0, "koc": 4789.368249612096, "freundlich": 0.7496614719518196, "dt50": {"system": 6.0, "soil": 98.83018263131027, "surfaceWater": 6.0, "sediment": 6.0}, "plant_uptake": 0.5, "name": "Compound -7393759823345459063", "model_specific_data": {}, "metabolites": []}}]}}