{"gap": {"type": "relative", "arguments": {"name": "GAP -296091488377847865", "modelCrop": "WC", "rate": 250.0, "apply_every_n_years": 1, "number_of_applications": 2, "interval": 14, "model_specific_data": {}, "bbch": 31, "season": 0}}, "compound": {"molarMass": 300.0, "water_solubility": 0.012740539506209136, "vapor_pressure": 2.394738036979587e-06, "reference_temperature": 20.0, "koc": 678.0252782360214, "freundlich": 1.1552356487266158, "dt50": {"system": 6.0, "soil": 10.639859686025744, "surfaceWater": 6.0, "sediment": 6.0}, "plant_uptake": 0.0, "name": "Compound 7149952579566364745", "model_specific_data": {}, "metabolites": [{"formation_fraction": 0.2, "metabolite": {"molarMass": 300.0, "water_solubility": 0.012831272033707247, "vapor_pressure": 1.0604510910706516e-08, "reference_temperature": 20.0, "koc": 1787.9113545183868, "freundlich": 1.0239489599078273, "dt50": {"system": 6.0, "soil": 173.91230732295992, "surfaceWater": 6.0, "sediment": 6.0}, "plant_uptake": 0.5, "name": "Compound -4647482418205073547", "model_specific_data": {}, "metabolites": []}}]}}