{"gap": {"type": "relative", "arguments": {"name": "GAP -296091488377847865", "modelCrop": "WC", "rate": 250.0, "apply_every_n_years": 1, "number_of_applications": 2, "interval": 14, "model_specific_data": {}, "bbch": 31, "season": 0}}, "compound": {"molarMass": 300.0, "water_solubility": 0.6504557113741654, "vapor_pressure": 7.934203735591674e-05, "reference_temperature": 20.0, "koc": 2252.9166665941625, "freundlich": 0.7814943815102489, "dt50": {"system": 6.0, "soil": 138.36374035399382, "surfaceWater": 6.0, "sediment": 6.0}, "plant_uptake": 0.0, "name": "Compound -46627594697068030", "model_specific_data": {}, "metabolites": [{"formation_fraction": 0.2, "metabolite": {"molarMass": 300.0, "water_solubility": 0.0041671494558704475, "vapor_pressure": 4.525611650029319e-06, "reference_temperature": 20.0, "koc": 358.4585523666427, "freundlich": 0.7881976294054509, "dt50": {"system": 6.0, "soil": 125.29693756402285, "surfaceWater": 6.0, "sediment": 6.0}, "plant_uptake": 0.5, "name": "Compound 7076533994104703990", "model_specific_data": {}, "metabolites": []}}]}}