{"gap": {"type": "relative", "arguments": {"name": "GAP -296091488377847865", "modelCrop": "WC", "rate": 250.0, "apply_every_n_years": 1, "number_of_applications": 2, "interval": 14, "model_specific_data": {}, "bbch": 31, "season": 0}}, "compound": {"molarMass": 300.0, "water_solubility": 0.11188622091339764, "vapor_pressure": 0.00344359957429325, "reference_temperature": 20.0, "koc": 60.53362042652882, "freundlich": 0.8415041623693436, "dt50": {"system": 6.0, "soil": 66.92949131008336, "surfaceWater": 6.0, "sediment": 6.0}, "plant_uptake": 0.0, "name": "Compound -6634594107795641452", "model_specific_data": {}, "metabolites": [{"formation_fraction": 0.2, "metabolite": {"molarMass": 300.0, "water_solubility": 0.09986015321142319, "vapor_pressure": 0.00044301890554057443, "reference_temperature": 20.0, "koc": 199.27749422308148, "freundlich": 0.8686631628723737, "dt50": {"system": 6.0, "soil": 80.04019612405557, "surfaceWater": 6.0, "sediment": 6.0}, "plant_uptake": 0.5, "name": "Compound 4192639686086142269", "model_specific_data": {}, "metabolites": []}}]}}