{"gap": {"type": "relative", "arguments": {"name": "GAP -296091488377847865", "modelCrop": "WC", "rate": 250.0, "apply_every_n_years": 1, "number_of_applications": 2, "interval": 14, "model_specific_data": {}, "bbch": 31, "season": 0}}, "compound": {"molarMass": 300.0, "water_solubility": 0.041615506280719056, "vapor_pressure": 3.2332823387609334e-06, "reference_temperature": 20.0, "koc": 782.4119800091061, "freundlich": 0.9030771668650397, "dt50": {"system": 6.0, "soil": 240.93626997184205, "surfaceWater": 6.0, "sediment": 6.0}, "plant_uptake": 0.0, "name": "Compound 7691496345764791661", "model_specific_data": {}, "metabolites": [{"formation_fraction": 0.2, "metabolite": {"molarMass": 300.0, "water_solubility": 0.1951715405136364, "vapor_pressure": 1.3035047099647255e-07, "reference_temperature": 20.0, "koc": 22.45930916950844, "freundlich": 1.0531978677865046, "dt50": {"system": 6.0, "soil": 279.74507611113347, "surfaceWater": 6.0, "sediment": 6.0}, "plant_uptake": 0.5, "name": "Compound -8979979734313263175", "model_specific_data": {}, "metabolites": []}}]}}