{"gap": {"type": "relative", "arguments": {"name": "GAP -296091488377847865", "modelCrop": "WC", "rate": 250.0, "apply_every_n_years": 1, "number_of_applications": 2, "interval": 14, "model_specific_data": {}, "bbch": 31, "season": 0}}, "compound": {"molarMass": 300.0, "water_solubility": 1.2235893879272892, "vapor_pressure": 3.358851350093937e-06, "reference_temperature": 20.0, "koc": 94.67320982698995, "freundlich": 1.0665174022095687, "dt50": {"system": 6.0, "soil": 25.102995092088122, "surfaceWater": 6.0, "sediment": 6.0}, "plant_uptake": 0.0, "name": "Compound -6708191264812480080", "model_specific_data": {}, "metabolites": [{"formation_fraction": 0.2, "metabolite": {"molarMass": 300.0, "water_solubility": 0.015604051565489864, "vapor_pressure": 1.9376904717570028e-05, "reference_temperature": 20.0, "koc": 13.640024996352041, "freundlich": 1.047106297616132, "dt50": {"system": 6.0, "soil": 14.452010297409712, "surfaceWater": 6.0, "sediment": 6.0}, "plant_uptake": 0.5, "name": "Compound -5192436108151066707", "model_specific_data": {}, "metabolites": []}}]}}