{"gap": {"type": "relative", "arguments": {"name": "GAP -296091488377847865", "modelCrop": "WC", "rate": 250.0, "apply_every_n_years": 1, "number_of_applications": 2, "interval": 14, "model_specific_data": {}, "bbch": 31, "season": 0}}, "compound": {"molarMass": 300.0, "water_solubility": 0.04220088502156643, "vapor_pressure": 5.388950100797201e-05, "reference_temperature": 20.0, "koc": 224.99704067594126, "freundlich": 0.8917603976632034, "dt50": {"system": 6.0, "soil": 153.07077281528825, "surfaceWater": 6.0, "sediment": 6.0}, "plant_uptake": 0.0, "name": "Compound -7043699769862365231", "model_specific_data": {}, "metabolites": [{"formation_fraction": 0.2, "metabolite": {"molarMass": 300.0, "water_solubility": 6.560198679014039e-05, "vapor_pressure": 1.1077304738339021e-06, "reference_temperature": 20.0, "koc": 671.0979922445404, "freundlich": 1.1000754119037615, "dt50": {"system": 6.0, "soil": 281.31994931444603, "surfaceWater": 6.0, "sediment": 6.0}, "plant_uptake": 0.5, "name": "Compound -1110222105012132804", "model_specific_data": {}, "metabolites": []}}]}}