{"gap": {"type": "relative", "arguments": {"name": "GAP -296091488377847865", "modelCrop": "WC", "rate": 250.0, "apply_every_n_years": 1, "number_of_applications": 2, "interval": 14, "model_specific_data": {}, "bbch": 31, "season": 0}}, "compound": {"molarMass": 300.0, "water_solubility": 0.0017222170842271201, "vapor_pressure": 0.00047605256036608126, "reference_temperature": 20.0, "koc": 901.8231327873824, "freundlich": 1.1318064079726347, "dt50": {"system": 6.0, "soil": 141.0501025386204, "surfaceWater": 6.0, "sediment": 6.0}, "plant_uptake": 0.0, "name": "Compound 4431817385704552317", "model_specific_data": {}, "metabolites": [{"formation_fraction": 0.2, "metabolite": {"molarMass": 300.0, "water_solubility": 0.0026484876132849017, "vapor_pressure": 2.1074171362901864e-05, "reference_temperature": 20.0, "koc": 123.21447494286573, "freundlich": 1.138135846930063, "dt50": {"system": 6.0, "soil": 39.66385647376009, "surfaceWater": 6.0, "sediment": 6.0}, "plant_uptake": 0.5, "name": "Compound -8686947788955789660", "model_specific_data": {}, "metabolites": []}}]}}