{"gap": {"type": "relative", "arguments": {"name": "GAP -296091488377847865", "modelCrop": "WC", "rate": 250.0, "apply_every_n_years": 1, "number_of_applications": 2, "interval": 14, "model_specific_data": {}, "bbch": 31, "season": 0}}, "compound": {"molarMass": 300.0, "water_solubility": 0.013292263420761332, "vapor_pressure": 0.0002203462481110774, "reference_temperature": 20.0, "koc": 53.990552074341174, "freundlich": 1.1713455852229055, "dt50": {"system": 6.0, "soil": 245.0843052695502, "surfaceWater": 6.0, "sediment": 6.0}, "plant_uptake": 0.0, "name": "Compound 6853785805250513027", "model_specific_data": {}, "metabolites": [{"formation_fraction": 0.2, "metabolite": {"molarMass": 300.0, "water_solubility": 0.032974855470560796, "vapor_pressure": 0.0015938984088061593, "reference_temperature": 20.0, "koc": 453.5416457531621, "freundlich": 0.8330985482950503, "dt50": {"system": 6.0, "soil": 256.53123505273913, "surfaceWater": 6.0, "sediment": 6.0}, "plant_uptake": 0.5, "name": "Compound 8457368067644064093", "model_specific_data": {}, "metabolites": []}}]}}