{"gap": {"type": "relative", "arguments": {"name": "GAP -296091488377847865", "modelCrop": "WC", "rate": 250.0, "apply_every_n_years": 1, "number_of_applications": 2, "interval": 14, "model_specific_data": {}, "bbch": 31, "season": 0}}, "compound": {"molarMass": 300.0, "water_solubility": 0.07032274105539409, "vapor_pressure": 6.823337447672394e-07, "reference_temperature": 20.0, "koc": 97.2522749320421, "freundlich": 0.8333683677071329, "dt50": {"system": 6.0, "soil": 119.38974685518436, "surfaceWater": 6.0, "sediment": 6.0}, "plant_uptake": 0.0, "name": "Compound 2775237250620118951", "model_specific_data": {}, "metabolites": [{"formation_fraction": 0.2, "metabolite": {"molarMass": 300.0, "water_solubility": 1.6310226062572066, "vapor_pressure": 1.160130286828843e-06, "reference_temperature": 20.0, "koc": 110.65592865230978, "freundlich": 0.8998095496229703, "dt50": {"system": 6.0, "soil": 198.44205866134644, "surfaceWater": 6.0, "sediment": 6.0}, "plant_uptake": 0.5, "name": "Compound -1637334996218228517", "model_specific_data": {}, "metabolites": []}}]}}