{"gap": {"type": "relative", "arguments": {"name": "GAP -296091488377847865", "modelCrop": "WC", "rate": 250.0, "apply_every_n_years": 1, "number_of_applications": 2, "interval": 14, "model_specific_data": {}, "bbch": 31, "season": 0}}, "compound": {"molarMass": 300.0, "water_solubility": 0.006915195973106267, "vapor_pressure": 1.2741219989434404e-07, "reference_temperature": 20.0, "koc": 67.1035248915143, "freundlich": 0.8690910059465222, "dt50": {"system": 6.0, "soil": 199.3251852726533, "surfaceWater": 6.0, "sediment": 6.0}, "plant_uptake": 0.0, "name": "Compound -8460803727359387908", "model_specific_data": {}, "metabolites": [{"formation_fraction": 0.2, "metabolite": {"molarMass": 300.0, "water_solubility": 5.654611458148209e-06, "vapor_pressure": 1.9728996847713195e-05, "reference_temperature": 20.0, "koc": 1038.5905384422767, "freundlich": 0.7415835916082212, "dt50": {"system": 6.0, "soil": 165.096509332274, "surfaceWater": 6.0, "sediment": 6.0}, "plant_uptake": 0.5, "name": "Compound 4340993219784929474", "model_specific_data": {}, "metabolites": []}}]}}