{"gap": {"type": "relative", "arguments": {"name": "GAP -296091488377847865", "modelCrop": "WC", "rate": 250.0, "apply_every_n_years": 1, "number_of_applications": 2, "interval": 14, "model_specific_data": {}, "bbch": 31, "season": 0}}, "compound": {"molarMass": 300.0, "water_solubility": 2.423827653335305, "vapor_pressure": 8.736846943103175e-08, "reference_temperature": 20.0, "koc": 227.47329093778947, "freundlich": 0.8693457232680121, "dt50": {"system": 6.0, "soil": 112.9690946848487, "surfaceWater": 6.0, "sediment": 6.0}, "plant_uptake": 0.0, "name": "Compound -1170123256972901478", "model_specific_data": {}, "metabolites": [{"formation_fraction": 0.2, "metabolite": {"molarMass": 300.0, "water_solubility": 0.004263779651457404, "vapor_pressure": 3.4309714713404073e-05, "reference_temperature": 20.0, "koc": 10.136338134167502, "freundlich": 1.1011621977048156, "dt50": {"system": 6.0, "soil": 233.90276003300127, "surfaceWater": 6.0, "sediment": 6.0}, "plant_uptake": 0.5, "name": "Compound -8938610524756565010", "model_specific_data": {}, "metabolites": []}}]}}