{"gap": {"type": "relative", "arguments": {"name": "GAP -296091488377847865", "modelCrop": "WC", "rate": 250.0, "apply_every_n_years": 1, "number_of_applications": 2, "interval": 14, "model_specific_data": {}, "bbch": 31, "season": 0}}, "compound": {"molarMass": 300.0, "water_solubility": 0.168825008017128, "vapor_pressure": 2.4277315499958094e-07, "reference_temperature": 20.0, "koc": 92.11025258659073, "freundlich": 0.8390747781994055, "dt50": {"system": 6.0, "soil": 35.84366551374245, "surfaceWater": 6.0, "sediment": 6.0}, "plant_uptake": 0.0, "name": "Compound 6683412138427778489", "model_specific_data": {}, "metabolites": [{"formation_fraction": 0.2, "metabolite": {"molarMass": 300.0, "water_solubility": 0.0003785378452264373, "vapor_pressure": 3.2352908092675333e-05, "reference_temperature": 20.0, "koc": 14.905947128611299, "freundlich": 0.8054801979418105, "dt50": {"system": 6.0, "soil": 22.11261206931156, "surfaceWater": 6.0, "sediment": 6.0}, "plant_uptake": 0.5, "name": "Compound 5407737914847524052", "model_specific_data": {}, "metabolites": []}}]}}