{"gap": {"type": "relative", "arguments": {"name": "GAP -296091488377847865", "modelCrop": "WC", "rate": 250.0, "apply_every_n_years": 1, "number_of_applications": 2, "interval": 14, "model_specific_data": {}, "bbch": 31, "season": 0}}, "compound": {"molarMass": 300.0, "water_solubility": 0.002341786378748647, "vapor_pressure": 5.044108762078034e-06, "reference_temperature": 20.0, "koc": 4674.188887593847, "freundlich": 0.8243290096866436, "dt50": {"system": 6.0, "soil": 101.33513154955357, "surfaceWater": 6.0, "sediment": 6.0}, "plant_uptake": 0.0, "name": "Compound 3284229289455378171", "model_specific_data": {}, "metabolites": [{"formation_fraction": 0.2, "metabolite": {"molarMass": 300.0, "water_solubility": 0.04059676926406787, "vapor_pressure": 2.058860388892545e-06, "reference_temperature": 20.0, "koc": 2083.7384672085504, "freundlich": 0.7629388960984368, "dt50": {"system": 6.0, "soil": 92.63978467247959, "surfaceWater": 6.0, "sediment": 6.0}, "plant_uptake": 0.5, "name": "Compound 8858468207719288672", "model_specific_data": {}, "metabolites": []}}]}}