{"gap": {"type": "relative", "arguments": {"name": "GAP -296091488377847865", "modelCrop": "WC", "rate": 250.0, "apply_every_n_years": 1, "number_of_applications": 2, "interval": 14, "model_specific_data": {}, "bbch": 31, "season": 0}}, "compound": {"molarMass": 300.0, "water_solubility": 2.975150278680345, "vapor_pressure": 9.073697718981429e-05, "reference_temperature": 20.0, "koc": 27.337693659925474, "freundlich": 1.1258627138734654, "dt50": {"system": 6.0, "soil": 46.31478788509542, "surfaceWater": 6.0, "sediment": 6.0}, "plant_uptake": 0.0, "name": "Compound 6206501060487385980", "model_specific_data": {}, "metabolites": [{"formation_fraction": 0.2, "metabolite": {"molarMass": 300.0, "water_solubility": 0.0026059738154047573, "vapor_pressure": 3.112139746702186e-06, "reference_temperature": 20.0, "koc": 177.8235366789367, "freundlich": 0.8279437849758926, "dt50": {"system": 6.0, "soil": 213.23885129404292, "surfaceWater": 6.0, "sediment": 6.0}, "plant_uptake": 0.5, "name": "Compound -8920481723295804825", "model_specific_data": {}, "metabolites": []}}]}}