{"gap": {"type": "relative", "arguments": {"name": "GAP -296091488377847865", "modelCrop": "WC", "rate": 250.0, "apply_every_n_years": 1, "number_of_applications": 2, "interval": 14, "model_specific_data": {}, "bbch": 31, "season": 0}}, "compound": {"molarMass": 300.0, "water_solubility": 0.020703673562332815, "vapor_pressure": 6.405873129581769e-05, "reference_temperature": 20.0, "koc": 1215.306607711021, "freundlich": 0.7206375538161303, "dt50": {"system": 6.0, "soil": 244.60200642293356, "surfaceWater": 6.0, "sediment": 6.0}, "plant_uptake": 0.0, "name": "Compound 5732684666755149747", "model_specific_data": {}, "metabolites": [{"formation_fraction": 0.2, "metabolite": {"molarMass": 300.0, "water_solubility": 0.0083369021975107, "vapor_pressure": 1.9261912062943837e-06, "reference_temperature": 20.0, "koc": 904.1296996552314, "freundlich": 1.1637397261790956, "dt50": {"system": 6.0, "soil": 275.6020409751746, "surfaceWater": 6.0, "sediment": 6.0}, "plant_uptake": 0.5, "name": "Compound -3453588876933240433", "model_specific_data": {}, "metabolites": []}}]}}