{"gap": {"type": "relative", "arguments": {"name": "GAP -296091488377847865", "modelCrop": "WC", "rate": 250.0, "apply_every_n_years": 1, "number_of_applications": 2, "interval": 14, "model_specific_data": {}, "bbch": 31, "season": 0}}, "compound": {"molarMass": 300.0, "water_solubility": 0.11218284372224761, "vapor_pressure": 0.00010267346314217531, "reference_temperature": 20.0, "koc": 251.51401704530335, "freundlich": 0.7870028323964142, "dt50": {"system": 6.0, "soil": 186.53091980744705, "surfaceWater": 6.0, "sediment": 6.0}, "plant_uptake": 0.0, "name": "Compound -4230496535462099903", "model_specific_data": {}, "metabolites": [{"formation_fraction": 0.2, "metabolite": {"molarMass": 300.0, "water_solubility": 4.987537317613623, "vapor_pressure": 4.3633285936808906e-05, "reference_temperature": 20.0, "koc": 446.7501736218439, "freundlich": 0.8675837492844155, "dt50": {"system": 6.0, "soil": 172.33304489377355, "surfaceWater": 6.0, "sediment": 6.0}, "plant_uptake": 0.5, "name": "Compound -2456908047060283166", "model_specific_data": {}, "metabolites": []}}]}}