{"gap": {"type": "relative", "arguments": {"name": "GAP -296091488377847865", "modelCrop": "WC", "rate": 250.0, "apply_every_n_years": 1, "number_of_applications": 2, "interval": 14, "model_specific_data": {}, "bbch": 31, "season": 0}}, "compound": {"molarMass": 300.0, "water_solubility": 0.13553143683026453, "vapor_pressure": 7.768009791896495e-07, "reference_temperature": 20.0, "koc": 560.1584150868589, "freundlich": 0.860819410432638, "dt50": {"system": 6.0, "soil": 275.1298425931619, "surfaceWater": 6.0, "sediment": 6.0}, "plant_uptake": 0.0, "name": "Compound 6711203393522085828", "model_specific_data": {}, "metabolites": [{"formation_fraction": 0.2, "metabolite": {"molarMass": 300.0, "water_solubility": 0.0044668271907976126, "vapor_pressure": 3.3392522488093547e-06, "reference_temperature": 20.0, "koc": 128.87180458853206, "freundlich": 0.7819586805740777, "dt50": {"system": 6.0, "soil": 248.51337855714476, "surfaceWater": 6.0, "sediment": 6.0}, "plant_uptake": 0.5, "name": "Compound -2874625581289924951", "model_specific_data": {}, "metabolites": []}}]}}