{"gap": {"type": "relative", "arguments": {"name": "GAP -296091488377847865", "modelCrop": "WC", "rate": 250.0, "apply_every_n_years": 1, "number_of_applications": 2, "interval": 14, "model_specific_data": {}, "bbch": 31, "season": 0}}, "compound": {"molarMass": 300.0, "water_solubility": 0.004712919233893829, "vapor_pressure": 2.0899634692586585e-05, "reference_temperature": 20.0, "koc": 249.9296858603628, "freundlich": 1.0792402878788305, "dt50": {"system": 6.0, "soil": 257.9076143019673, "surfaceWater": 6.0, "sediment": 6.0}, "plant_uptake": 0.0, "name": "Compound -4328723443074652628", "model_specific_data": {}, "metabolites": [{"formation_fraction": 0.2, "metabolite": {"molarMass": 300.0, "water_solubility": 0.015054009483866608, "vapor_pressure": 0.00014595023564047891, "reference_temperature": 20.0, "koc": 571.2462792014959, "freundlich": 0.8351190440857676, "dt50": {"system": 6.0, "soil": 152.9453827970635, "surfaceWater": 6.0, "sediment": 6.0}, "plant_uptake": 0.5, "name": "Compound 1149764515495329615", "model_specific_data": {}, "metabolites": []}}]}}