{"gap": {"type": "relative", "arguments": {"name": "GAP -296091488377847865", "modelCrop": "WC", "rate": 250.0, "apply_every_n_years": 1, "number_of_applications": 2, "interval": 14, "model_specific_data": {}, "bbch": 31, "season": 0}}, "compound": {"molarMass": 300.0, "water_solubility": 0.0015429585990497567, "vapor_pressure": 0.0003482120524023543, "reference_temperature": 20.0, "koc": 2338.946634031742, "freundlich": 0.7448590279810046, "dt50": {"system": 6.0, "soil": 38.277004465310426, "surfaceWater": 6.0, "sediment": 6.0}, "plant_uptake": 0.0, "name": "Compound -2038371822820523320", "model_specific_data": {}, "metabolites": [{"formation_fraction": 0.2, "metabolite": {"molarMass": 300.0, "water_solubility": 0.0019030444686104536, "vapor_pressure": 4.7588884260446255e-06, "reference_temperature": 20.0, "koc": 16.500196096056563, "freundlich": 0.7884107533976207, "dt50": {"system": 6.0, "soil": 131.92172450633151, "surfaceWater": 6.0, "sediment": 6.0}, "plant_uptake": 0.5, "name": "Compound 1514625570401399609", "model_specific_data": {}, "metabolites": []}}]}}