{"gap": {"type": "relative", "arguments": {"name": "GAP -296091488377847865", "modelCrop": "WC", "rate": 250.0, "apply_every_n_years": 1, "number_of_applications": 2, "interval": 14, "model_specific_data": {}, "bbch": 31, "season": 0}}, "compound": {"molarMass": 300.0, "water_solubility": 0.0026907219818319223, "vapor_pressure": 0.0014967785495855282, "reference_temperature": 20.0, "koc": 472.6158295088414, "freundlich": 0.7841644276753867, "dt50": {"system": 6.0, "soil": 298.35484022102446, "surfaceWater": 6.0, "sediment": 6.0}, "plant_uptake": 0.0, "name": "Compound 4642609241124533993", "model_specific_data": {}, "metabolites": [{"formation_fraction": 0.2, "metabolite": {"molarMass": 300.0, "water_solubility": 0.023851942776875412, "vapor_pressure": 4.652020774111145e-06, "reference_temperature": 20.0, "koc": 2792.0601772784935, "freundlich": 0.7870991415514001, "dt50": {"system": 6.0, "soil": 131.85079490985228, "surfaceWater": 6.0, "sediment": 6.0}, "plant_uptake": 0.5, "name": "Compound 6512039387765789355", "model_specific_data": {}, "metabolites": []}}]}}