{"gap": {"type": "relative", "arguments": {"name": "GAP -296091488377847865", "modelCrop": "WC", "rate": 250.0, "apply_every_n_years": 1, "number_of_applications": 2, "interval": 14, "model_specific_data": {}, "bbch": 31, "season": 0}}, "compound": {"molarMass": 300.0, "water_solubility": 0.004106644558417545, "vapor_pressure": 1.1505804121678907e-05, "reference_temperature": 20.0, "koc": 1081.308402553806, "freundlich": 1.1060938795445507, "dt50": {"system": 6.0, "soil": 258.3671662302116, "surfaceWater": 6.0, "sediment": 6.0}, "plant_uptake": 0.0, "name": "Compound -5273627618367626463", "model_specific_data": {}, "metabolites": [{"formation_fraction": 0.2, "metabolite": {"molarMass": 300.0, "water_solubility": 0.000142650918986958, "vapor_pressure": 9.114731870189204e-05, "reference_temperature": 20.0, "koc": 4061.829172531812, "freundlich": 0.9753998714996204, "dt50": {"system": 6.0, "soil": 162.90697103152942, "surfaceWater": 6.0, "sediment": 6.0}, "plant_uptake": 0.5, "name": "Compound -4006803264472449706", "model_specific_data": {}, "metabolites": []}}]}}