{"gap": {"type": "relative", "arguments": {"name": "GAP -296091488377847865", "modelCrop": "WC", "rate": 250.0, "apply_every_n_years": 1, "number_of_applications": 2, "interval": 14, "model_specific_data": {}, "bbch": 31, "season": 0}}, "compound": {"molarMass": 300.0, "water_solubility": 0.002730182216698495, "vapor_pressure": 6.295896567711087e-07, "reference_temperature": 20.0, "koc": 385.2203314512914, "freundlich": 0.7465424861568197, "dt50": {"system": 6.0, "soil": 47.828141480293404, "surfaceWater": 6.0, "sediment": 6.0}, "plant_uptake": 0.0, "name": "Compound 2066730026590548782", "model_specific_data": {}, "metabolites": [{"formation_fraction": 0.2, "metabolite": {"molarMass": 300.0, "water_solubility": 0.005531307652091579, "vapor_pressure": 0.0010481954277982975, "reference_temperature": 20.0, "koc": 804.7025080076445, "freundlich": 0.7584423795810338, "dt50": {"system": 6.0, "soil": 221.909504109795, "surfaceWater": 6.0, "sediment": 6.0}, "plant_uptake": 0.5, "name": "Compound 8026407595107314359", "model_specific_data": {}, "metabolites": []}}]}}