{"gap": {"type": "relative", "arguments": {"name": "GAP -296091488377847865", "modelCrop": "WC", "rate": 250.0, "apply_every_n_years": 1, "number_of_applications": 2, "interval": 14, "model_specific_data": {}, "bbch": 31, "season": 0}}, "compound": {"molarMass": 300.0, "water_solubility": 0.016984239674460732, "vapor_pressure": 1.0899243337384964e-05, "reference_temperature": 20.0, "koc": 3027.818388157553, "freundlich": 1.1340965272872152, "dt50": {"system": 6.0, "soil": 267.0582960423137, "surfaceWater": 6.0, "sediment": 6.0}, "plant_uptake": 0.0, "name": "Compound 3705933519281956844", "model_specific_data": {}, "metabolites": [{"formation_fraction": 0.2, "metabolite": {"molarMass": 300.0, "water_solubility": 0.009045320487867946, "vapor_pressure": 1.4526976619451964e-06, "reference_temperature": 20.0, "koc": 2643.4549699739364, "freundlich": 0.8258163972962385, "dt50": {"system": 6.0, "soil": 228.93277651436648, "surfaceWater": 6.0, "sediment": 6.0}, "plant_uptake": 0.5, "name": "Compound -8338630458979986137", "model_specific_data": {}, "metabolites": []}}]}}