{"gap": {"type": "relative", "arguments": {"name": "GAP -296091488377847865", "modelCrop": "WC", "rate": 250.0, "apply_every_n_years": 1, "number_of_applications": 2, "interval": 14, "model_specific_data": {}, "bbch": 31, "season": 0}}, "compound": {"molarMass": 300.0, "water_solubility": 0.5318791657823894, "vapor_pressure": 0.0012995593508008257, "reference_temperature": 20.0, "koc": 803.6579003928833, "freundlich": 0.7069064455840604, "dt50": {"system": 6.0, "soil": 55.69367180926614, "surfaceWater": 6.0, "sediment": 6.0}, "plant_uptake": 0.0, "name": "Compound -3964493396164433569", "model_specific_data": {}, "metabolites": [{"formation_fraction": 0.2, "metabolite": {"molarMass": 300.0, "water_solubility": 0.02046823505343449, "vapor_pressure": 2.0018183894176107e-07, "reference_temperature": 20.0, "koc": 10.54673208200913, "freundlich": 0.7670247092190509, "dt50": {"system": 6.0, "soil": 185.7624186413703, "surfaceWater": 6.0, "sediment": 6.0}, "plant_uptake": 0.5, "name": "Compound 7345521891489555201", "model_specific_data": {}, "metabolites": []}}]}}