{"gap": {"type": "relative", "arguments": {"name": "GAP -296091488377847865", "modelCrop": "WC", "rate": 250.0, "apply_every_n_years": 1, "number_of_applications": 2, "interval": 14, "model_specific_data": {}, "bbch": 31, "season": 0}}, "compound": {"molarMass": 300.0, "water_solubility": 0.011699135127356135, "vapor_pressure": 5.5680709732395e-07, "reference_temperature": 20.0, "koc": 199.5238526697633, "freundlich": 0.8223504513352853, "dt50": {"system": 6.0, "soil": 120.00227823231013, "surfaceWater": 6.0, "sediment": 6.0}, "plant_uptake": 0.0, "name": "Compound -1197889316752248062", "model_specific_data": {}, "metabolites": [{"formation_fraction": 0.2, "metabolite": {"molarMass": 300.0, "water_solubility": 0.2300311769064419, "vapor_pressure": 0.01170718868565787, "reference_temperature": 20.0, "koc": 169.05570440668973, "freundlich": 0.7673931622442478, "dt50": {"system": 6.0, "soil": 49.57009622855608, "surfaceWater": 6.0, "sediment": 6.0}, "plant_uptake": 0.5, "name": "Compound 8037896467584218461", "model_specific_data": {}, "metabolites": []}}]}}