{"gap": {"type": "relative", "arguments": {"name": "GAP -296091488377847865", "modelCrop": "WC", "rate": 250.0, "apply_every_n_years": 1, "number_of_applications": 2, "interval": 14, "model_specific_data": {}, "bbch": 31, "season": 0}}, "compound": {"molarMass": 300.0, "water_solubility": 0.03670434480552723, "vapor_pressure": 2.3097296788322543e-06, "reference_temperature": 20.0, "koc": 10.401598964188446, "freundlich": 1.097816389404774, "dt50": {"system": 6.0, "soil": 229.7245347173232, "surfaceWater": 6.0, "sediment": 6.0}, "plant_uptake": 0.0, "name": "Compound 6385665944505941103", "model_specific_data": {}, "metabolites": [{"formation_fraction": 0.2, "metabolite": {"molarMass": 300.0, "water_solubility": 0.020101380430452433, "vapor_pressure": 1.0653199650027967e-05, "reference_temperature": 20.0, "koc": 1979.359086202858, "freundlich": 0.9949708840841573, "dt50": {"system": 6.0, "soil": 11.213392910025314, "surfaceWater": 6.0, "sediment": 6.0}, "plant_uptake": 0.5, "name": "Compound -2435864644584170225", "model_specific_data": {}, "metabolites": []}}]}}