{"gap": {"type": "relative", "arguments": {"name": "GAP -296091488377847865", "modelCrop": "WC", "rate": 250.0, "apply_every_n_years": 1, "number_of_applications": 2, "interval": 14, "model_specific_data": {}, "bbch": 31, "season": 0}}, "compound": {"molarMass": 300.0, "water_solubility": 0.41969273119426637, "vapor_pressure": 0.012266867467282415, "reference_temperature": 20.0, "koc": 168.77731016957986, "freundlich": 0.8218704709412664, "dt50": {"system": 6.0, "soil": 208.27386214946048, "surfaceWater": 6.0, "sediment": 6.0}, "plant_uptake": 0.0, "name": "Compound -4344909310646486142", "model_specific_data": {}, "metabolites": [{"formation_fraction": 0.2, "metabolite": {"molarMass": 300.0, "water_solubility": 0.0008432540111086687, "vapor_pressure": 1.6753824205383603e-05, "reference_temperature": 20.0, "koc": 22.4463168268852, "freundlich": 1.1183279943866382, "dt50": {"system": 6.0, "soil": 104.53168542389848, "surfaceWater": 6.0, "sediment": 6.0}, "plant_uptake": 0.5, "name": "Compound -1198301663222934444", "model_specific_data": {}, "metabolites": []}}]}}