{"gap": {"type": "relative", "arguments": {"name": "GAP -296091488377847865", "modelCrop": "WC", "rate": 250.0, "apply_every_n_years": 1, "number_of_applications": 2, "interval": 14, "model_specific_data": {}, "bbch": 31, "season": 0}}, "compound": {"molarMass": 300.0, "water_solubility": 0.12480513332159678, "vapor_pressure": 3.03638272895484e-06, "reference_temperature": 20.0, "koc": 379.90488515468417, "freundlich": 1.149345527757857, "dt50": {"system": 6.0, "soil": 201.34617757385215, "surfaceWater": 6.0, "sediment": 6.0}, "plant_uptake": 0.0, "name": "Compound -4582488350643949468", "model_specific_data": {}, "metabolites": [{"formation_fraction": 0.2, "metabolite": {"molarMass": 300.0, "water_solubility": 0.24789711872973894, "vapor_pressure": 6.890550670130447e-06, "reference_temperature": 20.0, "koc": 1168.6549483099063, "freundlich": 0.9104038130207508, "dt50": {"system": 6.0, "soil": 86.16414695349587, "surfaceWater": 6.0, "sediment": 6.0}, "plant_uptake": 0.5, "name": "Compound 6585382781480120990", "model_specific_data": {}, "metabolites": []}}]}}