{"gap": {"type": "relative", "arguments": {"name": "GAP -296091488377847865", "modelCrop": "WC", "rate": 250.0, "apply_every_n_years": 1, "number_of_applications": 2, "interval": 14, "model_specific_data": {}, "bbch": 31, "season": 0}}, "compound": {"molarMass": 300.0, "water_solubility": 0.006871800868402839, "vapor_pressure": 0.00016248229905277466, "reference_temperature": 20.0, "koc": 133.479017372733, "freundlich": 0.902586328388528, "dt50": {"system": 6.0, "soil": 148.63203240731528, "surfaceWater": 6.0, "sediment": 6.0}, "plant_uptake": 0.0, "name": "Compound 7283924431814965313", "model_specific_data": {}, "metabolites": [{"formation_fraction": 0.2, "metabolite": {"molarMass": 300.0, "water_solubility": 0.0002257583687431077, "vapor_pressure": 1.4961517678097724e-05, "reference_temperature": 20.0, "koc": 460.7075042025378, "freundlich": 1.0588144111447213, "dt50": {"system": 6.0, "soil": 147.54958350193516, "surfaceWater": 6.0, "sediment": 6.0}, "plant_uptake": 0.5, "name": "Compound -5299237937662644077", "model_specific_data": {}, "metabolites": []}}]}}