{"gap": {"type": "relative", "arguments": {"name": "GAP -296091488377847865", "modelCrop": "WC", "rate": 250.0, "apply_every_n_years": 1, "number_of_applications": 2, "interval": 14, "model_specific_data": {}, "bbch": 31, "season": 0}}, "compound": {"molarMass": 300.0, "water_solubility": 0.002243099223991238, "vapor_pressure": 1.2145928013491423e-07, "reference_temperature": 20.0, "koc": 76.15210092521113, "freundlich": 1.0567519522320212, "dt50": {"system": 6.0, "soil": 199.85134477497456, "surfaceWater": 6.0, "sediment": 6.0}, "plant_uptake": 0.0, "name": "Compound 5080386141892282431", "model_specific_data": {}, "metabolites": [{"formation_fraction": 0.2, "metabolite": {"molarMass": 300.0, "water_solubility": 0.007676625599400613, "vapor_pressure": 1.973516857252385e-08, "reference_temperature": 20.0, "koc": 19.806766686093034, "freundlich": 1.1730009276355564, "dt50": {"system": 6.0, "soil": 227.77016341485756, "surfaceWater": 6.0, "sediment": 6.0}, "plant_uptake": 0.5, "name": "Compound 1657424631768179204", "model_specific_data": {}, "metabolites": []}}]}}