{"gap": {"type": "relative", "arguments": {"name": "GAP -296091488377847865", "modelCrop": "WC", "rate": 250.0, "apply_every_n_years": 1, "number_of_applications": 2, "interval": 14, "model_specific_data": {}, "bbch": 31, "season": 0}}, "compound": {"molarMass": 300.0, "water_solubility": 0.07549446729054402, "vapor_pressure": 3.2381876678045585e-06, "reference_temperature": 20.0, "koc": 393.0299719447153, "freundlich": 1.1490982572941317, "dt50": {"system": 6.0, "soil": 23.17236737323141, "surfaceWater": 6.0, "sediment": 6.0}, "plant_uptake": 0.0, "name": "Compound 6932067776446734138", "model_specific_data": {}, "metabolites": [{"formation_fraction": 0.2, "metabolite": {"molarMass": 300.0, "water_solubility": 0.02364506606973358, "vapor_pressure": 1.622314027902894e-05, "reference_temperature": 20.0, "koc": 77.54590392550891, "freundlich": 0.7558030005189668, "dt50": {"system": 6.0, "soil": 183.84831855315488, "surfaceWater": 6.0, "sediment": 6.0}, "plant_uptake": 0.5, "name": "Compound 1155208494997630932", "model_specific_data": {}, "metabolites": []}}]}}