{"gap": {"type": "relative", "arguments": {"name": "GAP -296091488377847865", "modelCrop": "WC", "rate": 250.0, "apply_every_n_years": 1, "number_of_applications": 2, "interval": 14, "model_specific_data": {}, "bbch": 31, "season": 0}}, "compound": {"molarMass": 300.0, "water_solubility": 0.0015563488809603656, "vapor_pressure": 0.0013846586854377376, "reference_temperature": 20.0, "koc": 62.76850085351176, "freundlich": 0.7182456738918284, "dt50": {"system": 6.0, "soil": 23.975220485258756, "surfaceWater": 6.0, "sediment": 6.0}, "plant_uptake": 0.0, "name": "Compound -1710371179086363972", "model_specific_data": {}, "metabolites": [{"formation_fraction": 0.2, "metabolite": {"molarMass": 300.0, "water_solubility": 0.00019739719153500642, "vapor_pressure": 6.456230252288975e-09, "reference_temperature": 20.0, "koc": 1906.877674449599, "freundlich": 0.7685136145496105, "dt50": {"system": 6.0, "soil": 166.78714608794658, "surfaceWater": 6.0, "sediment": 6.0}, "plant_uptake": 0.5, "name": "Compound 9195575812403521817", "model_specific_data": {}, "metabolites": []}}]}}