{"gap": {"type": "relative", "arguments": {"name": "GAP -296091488377847865", "modelCrop": "WC", "rate": 250.0, "apply_every_n_years": 1, "number_of_applications": 2, "interval": 14, "model_specific_data": {}, "bbch": 31, "season": 0}}, "compound": {"molarMass": 300.0, "water_solubility": 0.000361488855343603, "vapor_pressure": 4.945599403350613e-05, "reference_temperature": 20.0, "koc": 107.73978156915544, "freundlich": 0.7323744877222882, "dt50": {"system": 6.0, "soil": 30.758250171888843, "surfaceWater": 6.0, "sediment": 6.0}, "plant_uptake": 0.0, "name": "Compound 1253192960366426629", "model_specific_data": {}, "metabolites": [{"formation_fraction": 0.2, "metabolite": {"molarMass": 300.0, "water_solubility": 0.007528910291222434, "vapor_pressure": 1.533531313034539e-06, "reference_temperature": 20.0, "koc": 109.3255226341548, "freundlich": 0.7675848256858397, "dt50": {"system": 6.0, "soil": 247.03399822354484, "surfaceWater": 6.0, "sediment": 6.0}, "plant_uptake": 0.5, "name": "Compound -7786448533129772789", "model_specific_data": {}, "metabolites": []}}]}}