{"gap": {"type": "relative", "arguments": {"name": "GAP -296091488377847865", "modelCrop": "WC", "rate": 250.0, "apply_every_n_years": 1, "number_of_applications": 2, "interval": 14, "model_specific_data": {}, "bbch": 31, "season": 0}}, "compound": {"molarMass": 300.0, "water_solubility": 0.00010810990089055536, "vapor_pressure": 0.00014411963741024663, "reference_temperature": 20.0, "koc": 3619.217725918471, "freundlich": 0.7309034620382948, "dt50": {"system": 6.0, "soil": 180.45235300971802, "surfaceWater": 6.0, "sediment": 6.0}, "plant_uptake": 0.0, "name": "Compound 3596311538571554101", "model_specific_data": {}, "metabolites": [{"formation_fraction": 0.2, "metabolite": {"molarMass": 300.0, "water_solubility": 0.035497252100545905, "vapor_pressure": 4.2232836057225856e-08, "reference_temperature": 20.0, "koc": 2975.2129903387545, "freundlich": 0.7151920363314188, "dt50": {"system": 6.0, "soil": 4.627752984309392, "surfaceWater": 6.0, "sediment": 6.0}, "plant_uptake": 0.5, "name": "Compound -3418367465787194201", "model_specific_data": {}, "metabolites": []}}]}}