{"gap": {"type": "relative", "arguments": {"name": "GAP -296091488377847865", "modelCrop": "WC", "rate": 250.0, "apply_every_n_years": 1, "number_of_applications": 2, "interval": 14, "model_specific_data": {}, "bbch": 31, "season": 0}}, "compound": {"molarMass": 300.0, "water_solubility": 0.004965513669546583, "vapor_pressure": 3.3191536171331812e-06, "reference_temperature": 20.0, "koc": 1251.0806066868959, "freundlich": 1.002010654716599, "dt50": {"system": 6.0, "soil": 4.995808171925633, "surfaceWater": 6.0, "sediment": 6.0}, "plant_uptake": 0.0, "name": "Compound 8797570456229675563", "model_specific_data": {}, "metabolites": [{"formation_fraction": 0.2, "metabolite": {"molarMass": 300.0, "water_solubility": 0.032322453846608784, "vapor_pressure": 6.425266392216983e-05, "reference_temperature": 20.0, "koc": 84.14447158646577, "freundlich": 0.8765105786450871, "dt50": {"system": 6.0, "soil": 294.73336149514165, "surfaceWater": 6.0, "sediment": 6.0}, "plant_uptake": 0.5, "name": "Compound 4758776905037428139", "model_specific_data": {}, "metabolites": []}}]}}