{"gap": {"type": "relative", "arguments": {"name": "GAP -296091488377847865", "modelCrop": "WC", "rate": 250.0, "apply_every_n_years": 1, "number_of_applications": 2, "interval": 14, "model_specific_data": {}, "bbch": 31, "season": 0}}, "compound": {"molarMass": 300.0, "water_solubility": 0.01756705427424618, "vapor_pressure": 0.0003575476517209382, "reference_temperature": 20.0, "koc": 11.03903008507105, "freundlich": 0.8978497143686707, "dt50": {"system": 6.0, "soil": 27.966856415051605, "surfaceWater": 6.0, "sediment": 6.0}, "plant_uptake": 0.0, "name": "Compound 4323405261994759728", "model_specific_data": {}, "metabolites": [{"formation_fraction": 0.2, "metabolite": {"molarMass": 300.0, "water_solubility": 0.006324968955111641, "vapor_pressure": 5.224511522477639e-05, "reference_temperature": 20.0, "koc": 282.35208858773217, "freundlich": 0.9440152459629649, "dt50": {"system": 6.0, "soil": 33.12785294404564, "surfaceWater": 6.0, "sediment": 6.0}, "plant_uptake": 0.5, "name": "Compound -2822811720724565112", "model_specific_data": {}, "metabolites": []}}]}}