{"gap": {"type": "relative", "arguments": {"name": "GAP -296091488377847865", "modelCrop": "WC", "rate": 250.0, "apply_every_n_years": 1, "number_of_applications": 2, "interval": 14, "model_specific_data": {}, "bbch": 31, "season": 0}}, "compound": {"molarMass": 300.0, "water_solubility": 0.40355987925698705, "vapor_pressure": 3.60684550058217e-09, "reference_temperature": 20.0, "koc": 462.82177169380867, "freundlich": 1.0287056805723314, "dt50": {"system": 6.0, "soil": 243.15165992317267, "surfaceWater": 6.0, "sediment": 6.0}, "plant_uptake": 0.0, "name": "Compound 5465046815446816533", "model_specific_data": {}, "metabolites": [{"formation_fraction": 0.2, "metabolite": {"molarMass": 300.0, "water_solubility": 0.10889285662859284, "vapor_pressure": 0.0002504260060535066, "reference_temperature": 20.0, "koc": 356.7204911128568, "freundlich": 1.196440449901343, "dt50": {"system": 6.0, "soil": 167.98120084632663, "surfaceWater": 6.0, "sediment": 6.0}, "plant_uptake": 0.5, "name": "Compound -9217226311600368699", "model_specific_data": {}, "metabolites": []}}]}}