{"gap": {"type": "relative", "arguments": {"name": "GAP -296091488377847865", "modelCrop": "WC", "rate": 250.0, "apply_every_n_years": 1, "number_of_applications": 2, "interval": 14, "model_specific_data": {}, "bbch": 31, "season": 0}}, "compound": {"molarMass": 300.0, "water_solubility": 0.0062288417009835504, "vapor_pressure": 6.314309566644196e-07, "reference_temperature": 20.0, "koc": 758.5995073021688, "freundlich": 0.7751640204336208, "dt50": {"system": 6.0, "soil": 29.865116351266153, "surfaceWater": 6.0, "sediment": 6.0}, "plant_uptake": 0.0, "name": "Compound -243077535970999428", "model_specific_data": {}, "metabolites": [{"formation_fraction": 0.2, "metabolite": {"molarMass": 300.0, "water_solubility": 0.0002841933607686849, "vapor_pressure": 0.0007092757118483198, "reference_temperature": 20.0, "koc": 1476.2380082211318, "freundlich": 0.7793583659171807, "dt50": {"system": 6.0, "soil": 114.71440788908713, "surfaceWater": 6.0, "sediment": 6.0}, "plant_uptake": 0.5, "name": "Compound 4840901605879755030", "model_specific_data": {}, "metabolites": []}}]}}