{"gap": {"type": "relative", "arguments": {"name": "GAP -296091488377847865", "modelCrop": "WC", "rate": 250.0, "apply_every_n_years": 1, "number_of_applications": 2, "interval": 14, "model_specific_data": {}, "bbch": 31, "season": 0}}, "compound": {"molarMass": 300.0, "water_solubility": 0.006615054176706972, "vapor_pressure": 6.0930269690823775e-09, "reference_temperature": 20.0, "koc": 161.39077924252754, "freundlich": 0.8716046082841464, "dt50": {"system": 6.0, "soil": 145.84488254435263, "surfaceWater": 6.0, "sediment": 6.0}, "plant_uptake": 0.0, "name": "Compound -3882297441540485125", "model_specific_data": {}, "metabolites": [{"formation_fraction": 0.2, "metabolite": {"molarMass": 300.0, "water_solubility": 0.005086335249694917, "vapor_pressure": 2.1095865909766798e-06, "reference_temperature": 20.0, "koc": 31.05985787066436, "freundlich": 0.7541570681760625, "dt50": {"system": 6.0, "soil": 40.67594060287463, "surfaceWater": 6.0, "sediment": 6.0}, "plant_uptake": 0.5, "name": "Compound -1018303680792478544", "model_specific_data": {}, "metabolites": []}}]}}