{"gap": {"type": "relative", "arguments": {"name": "GAP -296091488377847865", "modelCrop": "WC", "rate": 250.0, "apply_every_n_years": 1, "number_of_applications": 2, "interval": 14, "model_specific_data": {}, "bbch": 31, "season": 0}}, "compound": {"molarMass": 300.0, "water_solubility": 0.0001225901900922726, "vapor_pressure": 3.64189904771315e-07, "reference_temperature": 20.0, "koc": 14.364941465885813, "freundlich": 0.7009658614530746, "dt50": {"system": 6.0, "soil": 191.34883162941915, "surfaceWater": 6.0, "sediment": 6.0}, "plant_uptake": 0.0, "name": "Compound -2739995972812286998", "model_specific_data": {}, "metabolites": [{"formation_fraction": 0.2, "metabolite": {"molarMass": 300.0, "water_solubility": 0.0024504441087404042, "vapor_pressure": 4.549334536805177e-06, "reference_temperature": 20.0, "koc": 431.9083302498437, "freundlich": 1.0490703709879963, "dt50": {"system": 6.0, "soil": 19.283889325135195, "surfaceWater": 6.0, "sediment": 6.0}, "plant_uptake": 0.5, "name": "Compound 271068632359926506", "model_specific_data": {}, "metabolites": []}}]}}