{"gap": {"type": "relative", "arguments": {"name": "GAP -296091488377847865", "modelCrop": "WC", "rate": 250.0, "apply_every_n_years": 1, "number_of_applications": 2, "interval": 14, "model_specific_data": {}, "bbch": 31, "season": 0}}, "compound": {"molarMass": 300.0, "water_solubility": 0.10523224999395175, "vapor_pressure": 6.125948884448563e-06, "reference_temperature": 20.0, "koc": 645.7995227259885, "freundlich": 1.012745525902611, "dt50": {"system": 6.0, "soil": 183.97483728033313, "surfaceWater": 6.0, "sediment": 6.0}, "plant_uptake": 0.0, "name": "Compound 8451713862888477310", "model_specific_data": {}, "metabolites": [{"formation_fraction": 0.2, "metabolite": {"molarMass": 300.0, "water_solubility": 0.0004591315086633203, "vapor_pressure": 0.0070875428208979395, "reference_temperature": 20.0, "koc": 45.795037436678236, "freundlich": 0.7499809070153631, "dt50": {"system": 6.0, "soil": 4.2855378469410415, "surfaceWater": 6.0, "sediment": 6.0}, "plant_uptake": 0.5, "name": "Compound -6655330285357678651", "model_specific_data": {}, "metabolites": []}}]}}