{"gap": {"type": "relative", "arguments": {"name": "GAP -296091488377847865", "modelCrop": "WC", "rate": 250.0, "apply_every_n_years": 1, "number_of_applications": 2, "interval": 14, "model_specific_data": {}, "bbch": 31, "season": 0}}, "compound": {"molarMass": 300.0, "water_solubility": 0.00707440880038543, "vapor_pressure": 0.0008298238597409347, "reference_temperature": 20.0, "koc": 87.35283546216299, "freundlich": 1.1132618339731102, "dt50": {"system": 6.0, "soil": 167.33911011665634, "surfaceWater": 6.0, "sediment": 6.0}, "plant_uptake": 0.0, "name": "Compound 6838537586249502324", "model_specific_data": {}, "metabolites": [{"formation_fraction": 0.2, "metabolite": {"molarMass": 300.0, "water_solubility": 0.22451062050658221, "vapor_pressure": 0.005773577012167828, "reference_temperature": 20.0, "koc": 2627.157388233867, "freundlich": 0.7806811362701878, "dt50": {"system": 6.0, "soil": 182.27038058803265, "surfaceWater": 6.0, "sediment": 6.0}, "plant_uptake": 0.5, "name": "Compound 7084532132310604320", "model_specific_data": {}, "metabolites": []}}]}}