{"gap": {"type": "relative", "arguments": {"name": "GAP -296091488377847865", "modelCrop": "WC", "rate": 250.0, "apply_every_n_years": 1, "number_of_applications": 2, "interval": 14, "model_specific_data": {}, "bbch": 31, "season": 0}}, "compound": {"molarMass": 300.0, "water_solubility": 0.013623539334690465, "vapor_pressure": 0.00031880352190648124, "reference_temperature": 20.0, "koc": 1221.0109005635418, "freundlich": 1.1129655617855163, "dt50": {"system": 6.0, "soil": 106.63862041907683, "surfaceWater": 6.0, "sediment": 6.0}, "plant_uptake": 0.0, "name": "Compound -2103708830052536417", "model_specific_data": {}, "metabolites": [{"formation_fraction": 0.2, "metabolite": {"molarMass": 300.0, "water_solubility": 0.012815939047452247, "vapor_pressure": 1.7638871938030552e-08, "reference_temperature": 20.0, "koc": 926.0118852896579, "freundlich": 1.1349436808011366, "dt50": {"system": 6.0, "soil": 35.402463217260966, "surfaceWater": 6.0, "sediment": 6.0}, "plant_uptake": 0.5, "name": "Compound -6925438423648296673", "model_specific_data": {}, "metabolites": []}}]}}