{"gap": {"type": "relative", "arguments": {"name": "GAP -296091488377847865", "modelCrop": "WC", "rate": 250.0, "apply_every_n_years": 1, "number_of_applications": 2, "interval": 14, "model_specific_data": {}, "bbch": 31, "season": 0}}, "compound": {"molarMass": 300.0, "water_solubility": 0.0012843628230815082, "vapor_pressure": 2.726734698941003e-06, "reference_temperature": 20.0, "koc": 368.2101636281493, "freundlich": 0.7686578518231397, "dt50": {"system": 6.0, "soil": 114.38143481350883, "surfaceWater": 6.0, "sediment": 6.0}, "plant_uptake": 0.0, "name": "Compound 4211462046117777202", "model_specific_data": {}, "metabolites": [{"formation_fraction": 0.2, "metabolite": {"molarMass": 300.0, "water_solubility": 0.012730070293231132, "vapor_pressure": 1.4936798076597163e-05, "reference_temperature": 20.0, "koc": 74.28103013620567, "freundlich": 1.1246462880003163, "dt50": {"system": 6.0, "soil": 271.5565852205535, "surfaceWater": 6.0, "sediment": 6.0}, "plant_uptake": 0.5, "name": "Compound -3214611222456970615", "model_specific_data": {}, "metabolites": []}}]}}