{"gap": {"type": "relative", "arguments": {"name": "GAP -296091488377847865", "modelCrop": "WC", "rate": 250.0, "apply_every_n_years": 1, "number_of_applications": 2, "interval": 14, "model_specific_data": {}, "bbch": 31, "season": 0}}, "compound": {"molarMass": 300.0, "water_solubility": 0.015882038293322763, "vapor_pressure": 0.00021593485247115135, "reference_temperature": 20.0, "koc": 162.2909371822955, "freundlich": 0.8724054506398277, "dt50": {"system": 6.0, "soil": 23.27352158845556, "surfaceWater": 6.0, "sediment": 6.0}, "plant_uptake": 0.0, "name": "Compound -5310336326011587701", "model_specific_data": {}, "metabolites": [{"formation_fraction": 0.2, "metabolite": {"molarMass": 300.0, "water_solubility": 1.2444283152054751, "vapor_pressure": 1.0778338158611851e-05, "reference_temperature": 20.0, "koc": 164.18050822945344, "freundlich": 1.1202282763170417, "dt50": {"system": 6.0, "soil": 199.71013959232855, "surfaceWater": 6.0, "sediment": 6.0}, "plant_uptake": 0.5, "name": "Compound 7017955169271617074", "model_specific_data": {}, "metabolites": []}}]}}