{"gap": {"type": "relative", "arguments": {"name": "GAP -296091488377847865", "modelCrop": "WC", "rate": 250.0, "apply_every_n_years": 1, "number_of_applications": 2, "interval": 14, "model_specific_data": {}, "bbch": 31, "season": 0}}, "compound": {"molarMass": 300.0, "water_solubility": 0.007523165515122615, "vapor_pressure": 5.76244967635589e-05, "reference_temperature": 20.0, "koc": 720.2568362486772, "freundlich": 1.1374426358963785, "dt50": {"system": 6.0, "soil": 129.78023275871564, "surfaceWater": 6.0, "sediment": 6.0}, "plant_uptake": 0.0, "name": "Compound 8377698928144116337", "model_specific_data": {}, "metabolites": [{"formation_fraction": 0.2, "metabolite": {"molarMass": 300.0, "water_solubility": 0.007929091288899107, "vapor_pressure": 6.436290856925314e-06, "reference_temperature": 20.0, "koc": 3271.1366844961863, "freundlich": 0.886511482305685, "dt50": {"system": 6.0, "soil": 153.29989340817147, "surfaceWater": 6.0, "sediment": 6.0}, "plant_uptake": 0.5, "name": "Compound -3136139039901957212", "model_specific_data": {}, "metabolites": []}}]}}