{"gap": {"type": "relative", "arguments": {"name": "GAP -296091488377847865", "modelCrop": "WC", "rate": 250.0, "apply_every_n_years": 1, "number_of_applications": 2, "interval": 14, "model_specific_data": {}, "bbch": 31, "season": 0}}, "compound": {"molarMass": 300.0, "water_solubility": 0.0007857432933005224, "vapor_pressure": 6.769971540252455e-10, "reference_temperature": 20.0, "koc": 107.82546399350869, "freundlich": 0.9541171135178699, "dt50": {"system": 6.0, "soil": 167.14924490031672, "surfaceWater": 6.0, "sediment": 6.0}, "plant_uptake": 0.0, "name": "Compound 7580997857150136007", "model_specific_data": {}, "metabolites": [{"formation_fraction": 0.2, "metabolite": {"molarMass": 300.0, "water_solubility": 0.002081892637094568, "vapor_pressure": 1.92764276585754e-06, "reference_temperature": 20.0, "koc": 159.94987080934496, "freundlich": 1.1821092145292096, "dt50": {"system": 6.0, "soil": 67.0189510723624, "surfaceWater": 6.0, "sediment": 6.0}, "plant_uptake": 0.5, "name": "Compound 8758149738025483135", "model_specific_data": {}, "metabolites": []}}]}}