{"gap": {"type": "relative", "arguments": {"name": "GAP -296091488377847865", "modelCrop": "WC", "rate": 250.0, "apply_every_n_years": 1, "number_of_applications": 2, "interval": 14, "model_specific_data": {}, "bbch": 31, "season": 0}}, "compound": {"molarMass": 300.0, "water_solubility": 0.0021739667745702554, "vapor_pressure": 2.9178935175070997e-07, "reference_temperature": 20.0, "koc": 13.60193008928912, "freundlich": 0.7691193686354892, "dt50": {"system": 6.0, "soil": 67.69898436571724, "surfaceWater": 6.0, "sediment": 6.0}, "plant_uptake": 0.0, "name": "Compound 7009661243846244706", "model_specific_data": {}, "metabolites": [{"formation_fraction": 0.2, "metabolite": {"molarMass": 300.0, "water_solubility": 0.059465661136118037, "vapor_pressure": 5.244007058825359e-05, "reference_temperature": 20.0, "koc": 84.0274323006759, "freundlich": 0.7129512671634914, "dt50": {"system": 6.0, "soil": 299.13407114227505, "surfaceWater": 6.0, "sediment": 6.0}, "plant_uptake": 0.5, "name": "Compound -3986444975234555401", "model_specific_data": {}, "metabolites": []}}]}}