{"gap": {"type": "relative", "arguments": {"name": "GAP -296091488377847865", "modelCrop": "WC", "rate": 250.0, "apply_every_n_years": 1, "number_of_applications": 2, "interval": 14, "model_specific_data": {}, "bbch": 31, "season": 0}}, "compound": {"molarMass": 300.0, "water_solubility": 2.894384965537089e-05, "vapor_pressure": 6.298267756063033e-07, "reference_temperature": 20.0, "koc": 35.9376126562528, "freundlich": 0.8506988222815448, "dt50": {"system": 6.0, "soil": 171.25135669465007, "surfaceWater": 6.0, "sediment": 6.0}, "plant_uptake": 0.0, "name": "Compound 6424127671847028664", "model_specific_data": {}, "metabolites": [{"formation_fraction": 0.2, "metabolite": {"molarMass": 300.0, "water_solubility": 0.0006781148407782266, "vapor_pressure": 4.955306212789114e-07, "reference_temperature": 20.0, "koc": 50.50088530120992, "freundlich": 1.0334143578155206, "dt50": {"system": 6.0, "soil": 88.38340621896845, "surfaceWater": 6.0, "sediment": 6.0}, "plant_uptake": 0.5, "name": "Compound -6952142088576002354", "model_specific_data": {}, "metabolites": []}}]}}