{"gap": {"type": "relative", "arguments": {"name": "GAP -296091488377847865", "modelCrop": "WC", "rate": 250.0, "apply_every_n_years": 1, "number_of_applications": 2, "interval": 14, "model_specific_data": {}, "bbch": 31, "season": 0}}, "compound": {"molarMass": 300.0, "water_solubility": 0.011997338314928788, "vapor_pressure": 9.265881483085255e-06, "reference_temperature": 20.0, "koc": 50.22230046455037, "freundlich": 1.0225960764400845, "dt50": {"system": 6.0, "soil": 73.33845810528611, "surfaceWater": 6.0, "sediment": 6.0}, "plant_uptake": 0.0, "name": "Compound 8194796937402722298", "model_specific_data": {}, "metabolites": [{"formation_fraction": 0.2, "metabolite": {"molarMass": 300.0, "water_solubility": 0.010206462854016407, "vapor_pressure": 1.0149968361235205e-05, "reference_temperature": 20.0, "koc": 4759.464642891609, "freundlich": 0.8847133184901037, "dt50": {"system": 6.0, "soil": 14.954242067050057, "surfaceWater": 6.0, "sediment": 6.0}, "plant_uptake": 0.5, "name": "Compound 4086485944546602310", "model_specific_data": {}, "metabolites": []}}]}}