{"gap": {"type": "relative", "arguments": {"name": "GAP -296091488377847865", "modelCrop": "WC", "rate": 250.0, "apply_every_n_years": 1, "number_of_applications": 2, "interval": 14, "model_specific_data": {}, "bbch": 31, "season": 0}}, "compound": {"molarMass": 300.0, "water_solubility": 0.012219214283638188, "vapor_pressure": 7.676493139004633e-06, "reference_temperature": 20.0, "koc": 1453.3653526089608, "freundlich": 0.7436734346089842, "dt50": {"system": 6.0, "soil": 3.5453421371222764, "surfaceWater": 6.0, "sediment": 6.0}, "plant_uptake": 0.0, "name": "Compound -4811665637614230646", "model_specific_data": {}, "metabolites": [{"formation_fraction": 0.2, "metabolite": {"molarMass": 300.0, "water_solubility": 2.5942521495175246e-05, "vapor_pressure": 0.0003068893055795358, "reference_temperature": 20.0, "koc": 429.0898844993556, "freundlich": 0.8987719052222347, "dt50": {"system": 6.0, "soil": 126.92851506410484, "surfaceWater": 6.0, "sediment": 6.0}, "plant_uptake": 0.5, "name": "Compound 8463705198442058884", "model_specific_data": {}, "metabolites": []}}]}}