{"gap": {"type": "relative", "arguments": {"name": "GAP -296091488377847865", "modelCrop": "WC", "rate": 250.0, "apply_every_n_years": 1, "number_of_applications": 2, "interval": 14, "model_specific_data": {}, "bbch": 31, "season": 0}}, "compound": {"molarMass": 300.0, "water_solubility": 0.0005096498169564244, "vapor_pressure": 1.4202115364525675e-07, "reference_temperature": 20.0, "koc": 101.75761318955513, "freundlich": 1.1240683044953543, "dt50": {"system": 6.0, "soil": 216.37929427413985, "surfaceWater": 6.0, "sediment": 6.0}, "plant_uptake": 0.0, "name": "Compound -6486313072467661563", "model_specific_data": {}, "metabolites": [{"formation_fraction": 0.2, "metabolite": {"molarMass": 300.0, "water_solubility": 0.030539708848185874, "vapor_pressure": 6.882555263287752e-05, "reference_temperature": 20.0, "koc": 13.934455601453184, "freundlich": 0.8102877779070488, "dt50": {"system": 6.0, "soil": 267.6524743968146, "surfaceWater": 6.0, "sediment": 6.0}, "plant_uptake": 0.5, "name": "Compound 1769261580921383670", "model_specific_data": {}, "metabolites": []}}]}}