{"gap": {"type": "relative", "arguments": {"name": "GAP -296091488377847865", "modelCrop": "WC", "rate": 250.0, "apply_every_n_years": 1, "number_of_applications": 2, "interval": 14, "model_specific_data": {}, "bbch": 31, "season": 0}}, "compound": {"molarMass": 300.0, "water_solubility": 0.002376177738962022, "vapor_pressure": 7.851084030979356e-08, "reference_temperature": 20.0, "koc": 123.6967375081531, "freundlich": 0.8761921785033251, "dt50": {"system": 6.0, "soil": 31.152524769948432, "surfaceWater": 6.0, "sediment": 6.0}, "plant_uptake": 0.0, "name": "Compound 3905241631883234264", "model_specific_data": {}, "metabolites": [{"formation_fraction": 0.2, "metabolite": {"molarMass": 300.0, "water_solubility": 4.9065672058204415e-05, "vapor_pressure": 0.00014710669706383874, "reference_temperature": 20.0, "koc": 2386.400672524617, "freundlich": 1.0794996888945405, "dt50": {"system": 6.0, "soil": 164.8130506706615, "surfaceWater": 6.0, "sediment": 6.0}, "plant_uptake": 0.5, "name": "Compound -8269865121552131697", "model_specific_data": {}, "metabolites": []}}]}}