{"gap": {"type": "relative", "arguments": {"name": "GAP -296091488377847865", "modelCrop": "WC", "rate": 250.0, "apply_every_n_years": 1, "number_of_applications": 2, "interval": 14, "model_specific_data": {}, "bbch": 31, "season": 0}}, "compound": {"molarMass": 300.0, "water_solubility": 1.344726964652178, "vapor_pressure": 0.001909882994177442, "reference_temperature": 20.0, "koc": 42.4336573407232, "freundlich": 1.1994469515632795, "dt50": {"system": 6.0, "soil": 12.53469755721774, "surfaceWater": 6.0, "sediment": 6.0}, "plant_uptake": 0.0, "name": "Compound -3228706159145589056", "model_specific_data": {}, "metabolites": [{"formation_fraction": 0.2, "metabolite": {"molarMass": 300.0, "water_solubility": 0.0002714299726494253, "vapor_pressure": 2.0995626886065673e-05, "reference_temperature": 20.0, "koc": 15.330963394861712, "freundlich": 1.0619404978476608, "dt50": {"system": 6.0, "soil": 192.1562616745889, "surfaceWater": 6.0, "sediment": 6.0}, "plant_uptake": 0.5, "name": "Compound -4156103923558858837", "model_specific_data": {}, "metabolites": []}}]}}