{"gap": {"type": "relative", "arguments": {"name": "GAP -296091488377847865", "modelCrop": "WC", "rate": 250.0, "apply_every_n_years": 1, "number_of_applications": 2, "interval": 14, "model_specific_data": {}, "bbch": 31, "season": 0}}, "compound": {"molarMass": 300.0, "water_solubility": 0.006787000973766931, "vapor_pressure": 2.0728792677687548e-06, "reference_temperature": 20.0, "koc": 21.528878506482307, "freundlich": 1.1614315394483659, "dt50": {"system": 6.0, "soil": 269.6718997860343, "surfaceWater": 6.0, "sediment": 6.0}, "plant_uptake": 0.0, "name": "Compound 7809997790214931789", "model_specific_data": {}, "metabolites": [{"formation_fraction": 0.2, "metabolite": {"molarMass": 300.0, "water_solubility": 0.011024867093585636, "vapor_pressure": 7.062693552074607e-06, "reference_temperature": 20.0, "koc": 414.7264886902098, "freundlich": 1.0624004668233624, "dt50": {"system": 6.0, "soil": 233.3783106815275, "surfaceWater": 6.0, "sediment": 6.0}, "plant_uptake": 0.5, "name": "Compound -4536437145926976104", "model_specific_data": {}, "metabolites": []}}]}}