{"gap": {"type": "relative", "arguments": {"name": "GAP -296091488377847865", "modelCrop": "WC", "rate": 250.0, "apply_every_n_years": 1, "number_of_applications": 2, "interval": 14, "model_specific_data": {}, "bbch": 31, "season": 0}}, "compound": {"molarMass": 300.0, "water_solubility": 0.016192637853362897, "vapor_pressure": 9.54356187207854e-06, "reference_temperature": 20.0, "koc": 2457.455911695456, "freundlich": 1.1689041995400187, "dt50": {"system": 6.0, "soil": 267.2418595208706, "surfaceWater": 6.0, "sediment": 6.0}, "plant_uptake": 0.0, "name": "Compound -1077789739923710278", "model_specific_data": {}, "metabolites": [{"formation_fraction": 0.2, "metabolite": {"molarMass": 300.0, "water_solubility": 0.01577713617915045, "vapor_pressure": 7.937972820980458e-07, "reference_temperature": 20.0, "koc": 330.65437662652107, "freundlich": 0.8621249373278776, "dt50": {"system": 6.0, "soil": 160.09152078102903, "surfaceWater": 6.0, "sediment": 6.0}, "plant_uptake": 0.5, "name": "Compound 9154564639260174005", "model_specific_data": {}, "metabolites": []}}]}}