{"gap": {"type": "relative", "arguments": {"name": "GAP -296091488377847865", "modelCrop": "WC", "rate": 250.0, "apply_every_n_years": 1, "number_of_applications": 2, "interval": 14, "model_specific_data": {}, "bbch": 31, "season": 0}}, "compound": {"molarMass": 300.0, "water_solubility": 0.04051778601338933, "vapor_pressure": 5.435258280209098e-05, "reference_temperature": 20.0, "koc": 4444.443336198645, "freundlich": 0.814032064077465, "dt50": {"system": 6.0, "soil": 114.64396520634187, "surfaceWater": 6.0, "sediment": 6.0}, "plant_uptake": 0.0, "name": "Compound -1775087589832856231", "model_specific_data": {}, "metabolites": [{"formation_fraction": 0.2, "metabolite": {"molarMass": 300.0, "water_solubility": 0.00044779022809181236, "vapor_pressure": 1.640855613051068e-05, "reference_temperature": 20.0, "koc": 4229.576470999712, "freundlich": 1.0210353702870034, "dt50": {"system": 6.0, "soil": 210.2777084133529, "surfaceWater": 6.0, "sediment": 6.0}, "plant_uptake": 0.5, "name": "Compound 3250990067184283768", "model_specific_data": {}, "metabolites": []}}]}}