{"gap": {"type": "relative", "arguments": {"name": "GAP -296091488377847865", "modelCrop": "WC", "rate": 250.0, "apply_every_n_years": 1, "number_of_applications": 2, "interval": 14, "model_specific_data": {}, "bbch": 31, "season": 0}}, "compound": {"molarMass": 300.0, "water_solubility": 0.0010256645411907022, "vapor_pressure": 0.010440443893496834, "reference_temperature": 20.0, "koc": 1166.8894463777058, "freundlich": 0.744804247841556, "dt50": {"system": 6.0, "soil": 68.36251053904333, "surfaceWater": 6.0, "sediment": 6.0}, "plant_uptake": 0.0, "name": "Compound -7343319386103327547", "model_specific_data": {}, "metabolites": [{"formation_fraction": 0.2, "metabolite": {"molarMass": 300.0, "water_solubility": 0.19458515899598086, "vapor_pressure": 0.0003887062619085866, "reference_temperature": 20.0, "koc": 657.9596536316108, "freundlich": 0.710231403103496, "dt50": {"system": 6.0, "soil": 141.0488018919422, "surfaceWater": 6.0, "sediment": 6.0}, "plant_uptake": 0.5, "name": "Compound 1276154948417315012", "model_specific_data": {}, "metabolites": []}}]}}