{"gap": {"type": "relative", "arguments": {"name": "GAP -296091488377847865", "modelCrop": "WC", "rate": 250.0, "apply_every_n_years": 1, "number_of_applications": 2, "interval": 14, "model_specific_data": {}, "bbch": 31, "season": 0}}, "compound": {"molarMass": 300.0, "water_solubility": 0.0017587040417999368, "vapor_pressure": 0.000638971990345281, "reference_temperature": 20.0, "koc": 18.143582481423124, "freundlich": 0.9826028553919188, "dt50": {"system": 6.0, "soil": 11.587578253963434, "surfaceWater": 6.0, "sediment": 6.0}, "plant_uptake": 0.0, "name": "Compound 7558774279796348545", "model_specific_data": {}, "metabolites": [{"formation_fraction": 0.2, "metabolite": {"molarMass": 300.0, "water_solubility": 0.001660782600406726, "vapor_pressure": 7.792561813160308e-07, "reference_temperature": 20.0, "koc": 84.40588225279328, "freundlich": 0.8701271847060232, "dt50": {"system": 6.0, "soil": 172.4942006605971, "surfaceWater": 6.0, "sediment": 6.0}, "plant_uptake": 0.5, "name": "Compound -2279573349048006068", "model_specific_data": {}, "metabolites": []}}]}}