{"gap": {"type": "relative", "arguments": {"name": "GAP -296091488377847865", "modelCrop": "WC", "rate": 250.0, "apply_every_n_years": 1, "number_of_applications": 2, "interval": 14, "model_specific_data": {}, "bbch": 31, "season": 0}}, "compound": {"molarMass": 300.0, "water_solubility": 0.00040049766488312874, "vapor_pressure": 1.4733035044457546e-05, "reference_temperature": 20.0, "koc": 24.109282007892023, "freundlich": 1.0552720226307382, "dt50": {"system": 6.0, "soil": 271.85577625274567, "surfaceWater": 6.0, "sediment": 6.0}, "plant_uptake": 0.0, "name": "Compound -5237719212581345798", "model_specific_data": {}, "metabolites": [{"formation_fraction": 0.2, "metabolite": {"molarMass": 300.0, "water_solubility": 0.0002752808014748113, "vapor_pressure": 0.001530400057482506, "reference_temperature": 20.0, "koc": 26.495185282565604, "freundlich": 1.173393996875797, "dt50": {"system": 6.0, "soil": 65.11389964355752, "surfaceWater": 6.0, "sediment": 6.0}, "plant_uptake": 0.5, "name": "Compound -832369485455196163", "model_specific_data": {}, "metabolites": []}}]}}