{"gap": {"type": "relative", "arguments": {"name": "GAP -296091488377847865", "modelCrop": "WC", "rate": 250.0, "apply_every_n_years": 1, "number_of_applications": 2, "interval": 14, "model_specific_data": {}, "bbch": 31, "season": 0}}, "compound": {"molarMass": 300.0, "water_solubility": 0.011681260855535613, "vapor_pressure": 0.006109510331441183, "reference_temperature": 20.0, "koc": 354.2386909335633, "freundlich": 0.7006123433793384, "dt50": {"system": 6.0, "soil": 2.9779198051776934, "surfaceWater": 6.0, "sediment": 6.0}, "plant_uptake": 0.0, "name": "Compound 4327312464622523151", "model_specific_data": {}, "metabolites": [{"formation_fraction": 0.2, "metabolite": {"molarMass": 300.0, "water_solubility": 0.47356751428138005, "vapor_pressure": 0.0012935967502212813, "reference_temperature": 20.0, "koc": 1961.5643989978394, "freundlich": 1.1490658571287786, "dt50": {"system": 6.0, "soil": 4.645986565834967, "surfaceWater": 6.0, "sediment": 6.0}, "plant_uptake": 0.5, "name": "Compound -7824297554805398439", "model_specific_data": {}, "metabolites": []}}]}}