{"gap": {"type": "relative", "arguments": {"name": "GAP -296091488377847865", "modelCrop": "WC", "rate": 250.0, "apply_every_n_years": 1, "number_of_applications": 2, "interval": 14, "model_specific_data": {}, "bbch": 31, "season": 0}}, "compound": {"molarMass": 300.0, "water_solubility": 0.6954439419256858, "vapor_pressure": 0.015975203934134378, "reference_temperature": 20.0, "koc": 617.2076952003822, "freundlich": 1.0041344549631974, "dt50": {"system": 6.0, "soil": 291.08816096046934, "surfaceWater": 6.0, "sediment": 6.0}, "plant_uptake": 0.0, "name": "Compound -3382297229970321397", "model_specific_data": {}, "metabolites": [{"formation_fraction": 0.2, "metabolite": {"molarMass": 300.0, "water_solubility": 0.008258019542204106, "vapor_pressure": 2.717112553276992e-07, "reference_temperature": 20.0, "koc": 146.6257265668862, "freundlich": 1.0773586607549175, "dt50": {"system": 6.0, "soil": 78.16563453400224, "surfaceWater": 6.0, "sediment": 6.0}, "plant_uptake": 0.5, "name": "Compound 323856364389479032", "model_specific_data": {}, "metabolites": []}}]}}