{"gap": {"type": "relative", "arguments": {"name": "GAP -296091488377847865", "modelCrop": "WC", "rate": 250.0, "apply_every_n_years": 1, "number_of_applications": 2, "interval": 14, "model_specific_data": {}, "bbch": 31, "season": 0}}, "compound": {"molarMass": 300.0, "water_solubility": 0.012429440095004886, "vapor_pressure": 2.372265595198806e-07, "reference_temperature": 20.0, "koc": 29.28869285358375, "freundlich": 0.8168658840880834, "dt50": {"system": 6.0, "soil": 281.8438402066835, "surfaceWater": 6.0, "sediment": 6.0}, "plant_uptake": 0.0, "name": "Compound -568099660266094361", "model_specific_data": {}, "metabolites": [{"formation_fraction": 0.2, "metabolite": {"molarMass": 300.0, "water_solubility": 0.002275792158843852, "vapor_pressure": 2.4477716790109485e-05, "reference_temperature": 20.0, "koc": 31.362819839427054, "freundlich": 1.0448192159664038, "dt50": {"system": 6.0, "soil": 91.0365874031827, "surfaceWater": 6.0, "sediment": 6.0}, "plant_uptake": 0.5, "name": "Compound 3783761688091070543", "model_specific_data": {}, "metabolites": []}}]}}