{"gap": {"type": "relative", "arguments": {"name": "GAP -296091488377847865", "modelCrop": "WC", "rate": 250.0, "apply_every_n_years": 1, "number_of_applications": 2, "interval": 14, "model_specific_data": {}, "bbch": 31, "season": 0}}, "compound": {"molarMass": 300.0, "water_solubility": 0.028265222660989724, "vapor_pressure": 1.3501679582352323e-06, "reference_temperature": 20.0, "koc": 1313.981876453382, "freundlich": 1.1493808103275376, "dt50": {"system": 6.0, "soil": 80.11130251691787, "surfaceWater": 6.0, "sediment": 6.0}, "plant_uptake": 0.0, "name": "Compound -3153432783717849844", "model_specific_data": {}, "metabolites": [{"formation_fraction": 0.2, "metabolite": {"molarMass": 300.0, "water_solubility": 0.030546079083797376, "vapor_pressure": 0.0007875476251972634, "reference_temperature": 20.0, "koc": 3625.327749694986, "freundlich": 0.8585164744659053, "dt50": {"system": 6.0, "soil": 263.2169308378845, "surfaceWater": 6.0, "sediment": 6.0}, "plant_uptake": 0.5, "name": "Compound 7492559577623377627", "model_specific_data": {}, "metabolites": []}}]}}