{"gap": {"type": "relative", "arguments": {"name": "GAP -296091488377847865", "modelCrop": "WC", "rate": 250.0, "apply_every_n_years": 1, "number_of_applications": 2, "interval": 14, "model_specific_data": {}, "bbch": 31, "season": 0}}, "compound": {"molarMass": 300.0, "water_solubility": 0.002644509359252971, "vapor_pressure": 3.483845688606842e-07, "reference_temperature": 20.0, "koc": 475.05924217114676, "freundlich": 1.1618925585906217, "dt50": {"system": 6.0, "soil": 21.60814433752434, "surfaceWater": 6.0, "sediment": 6.0}, "plant_uptake": 0.0, "name": "Compound -4847298171754484564", "model_specific_data": {}, "metabolites": [{"formation_fraction": 0.2, "metabolite": {"molarMass": 300.0, "water_solubility": 0.0003076358620897228, "vapor_pressure": 1.2164146112586986e-05, "reference_temperature": 20.0, "koc": 613.3095353931944, "freundlich": 0.8506678522712036, "dt50": {"system": 6.0, "soil": 285.63618542401844, "surfaceWater": 6.0, "sediment": 6.0}, "plant_uptake": 0.5, "name": "Compound -3065677682547291070", "model_specific_data": {}, "metabolites": []}}]}}