{"gap": {"type": "relative", "arguments": {"name": "GAP -296091488377847865", "modelCrop": "WC", "rate": 250.0, "apply_every_n_years": 1, "number_of_applications": 2, "interval": 14, "model_specific_data": {}, "bbch": 31, "season": 0}}, "compound": {"molarMass": 300.0, "water_solubility": 0.0633743616079975, "vapor_pressure": 3.977757263170829e-07, "reference_temperature": 20.0, "koc": 17.976715532766903, "freundlich": 1.102203555678133, "dt50": {"system": 6.0, "soil": 146.5349135458898, "surfaceWater": 6.0, "sediment": 6.0}, "plant_uptake": 0.0, "name": "Compound -8829336198008700357", "model_specific_data": {}, "metabolites": [{"formation_fraction": 0.2, "metabolite": {"molarMass": 300.0, "water_solubility": 0.0021390236932775364, "vapor_pressure": 0.00021401585456422347, "reference_temperature": 20.0, "koc": 27.07941976961047, "freundlich": 1.08609456582856, "dt50": {"system": 6.0, "soil": 126.85641726395941, "surfaceWater": 6.0, "sediment": 6.0}, "plant_uptake": 0.5, "name": "Compound 7918409777522890662", "model_specific_data": {}, "metabolites": []}}]}}