{"gap": {"type": "relative", "arguments": {"name": "GAP -296091488377847865", "modelCrop": "WC", "rate": 250.0, "apply_every_n_years": 1, "number_of_applications": 2, "interval": 14, "model_specific_data": {}, "bbch": 31, "season": 0}}, "compound": {"molarMass": 300.0, "water_solubility": 1.497524940535646e-05, "vapor_pressure": 1.232211244734315e-06, "reference_temperature": 20.0, "koc": 33.99279419245501, "freundlich": 0.7913764531507338, "dt50": {"system": 6.0, "soil": 232.9211570462372, "surfaceWater": 6.0, "sediment": 6.0}, "plant_uptake": 0.0, "name": "Compound 359964433473217539", "model_specific_data": {}, "metabolites": [{"formation_fraction": 0.2, "metabolite": {"molarMass": 300.0, "water_solubility": 0.0006050479937671763, "vapor_pressure": 2.43926709863114e-05, "reference_temperature": 20.0, "koc": 754.2781822304955, "freundlich": 1.1215362420140067, "dt50": {"system": 6.0, "soil": 218.66346380844453, "surfaceWater": 6.0, "sediment": 6.0}, "plant_uptake": 0.5, "name": "Compound 6868106460045028871", "model_specific_data": {}, "metabolites": []}}]}}