{"gap": {"type": "relative", "arguments": {"name": "GAP -296091488377847865", "modelCrop": "WC", "rate": 250.0, "apply_every_n_years": 1, "number_of_applications": 2, "interval": 14, "model_specific_data": {}, "bbch": 31, "season": 0}}, "compound": {"molarMass": 300.0, "water_solubility": 0.005689635163144643, "vapor_pressure": 4.425091245815716e-05, "reference_temperature": 20.0, "koc": 54.505148203453814, "freundlich": 1.1842293269847723, "dt50": {"system": 6.0, "soil": 68.91052215448639, "surfaceWater": 6.0, "sediment": 6.0}, "plant_uptake": 0.0, "name": "Compound 1425624197216959376", "model_specific_data": {}, "metabolites": [{"formation_fraction": 0.2, "metabolite": {"molarMass": 300.0, "water_solubility": 0.00418470656910223, "vapor_pressure": 0.07119208700093606, "reference_temperature": 20.0, "koc": 17.71619106292723, "freundlich": 0.8636887438923199, "dt50": {"system": 6.0, "soil": 277.3444179450103, "surfaceWater": 6.0, "sediment": 6.0}, "plant_uptake": 0.5, "name": "Compound 1926503365877433327", "model_specific_data": {}, "metabolites": []}}]}}