{"gap": {"type": "relative", "arguments": {"name": "GAP -296091488377847865", "modelCrop": "WC", "rate": 250.0, "apply_every_n_years": 1, "number_of_applications": 2, "interval": 14, "model_specific_data": {}, "bbch": 31, "season": 0}}, "compound": {"molarMass": 300.0, "water_solubility": 0.00302924159970687, "vapor_pressure": 4.853131803409251e-05, "reference_temperature": 20.0, "koc": 18.771068451587507, "freundlich": 0.9608000055285303, "dt50": {"system": 6.0, "soil": 182.98823766586213, "surfaceWater": 6.0, "sediment": 6.0}, "plant_uptake": 0.0, "name": "Compound -1722011506526992940", "model_specific_data": {}, "metabolites": [{"formation_fraction": 0.2, "metabolite": {"molarMass": 300.0, "water_solubility": 0.06847366660662166, "vapor_pressure": 4.498646913095088e-06, "reference_temperature": 20.0, "koc": 144.96868414296085, "freundlich": 0.7777546475240745, "dt50": {"system": 6.0, "soil": 177.94362881879076, "surfaceWater": 6.0, "sediment": 6.0}, "plant_uptake": 0.5, "name": "Compound -4473521117081232779", "model_specific_data": {}, "metabolites": []}}]}}