{"gap": {"type": "relative", "arguments": {"name": "GAP -296091488377847865", "modelCrop": "WC", "rate": 250.0, "apply_every_n_years": 1, "number_of_applications": 2, "interval": 14, "model_specific_data": {}, "bbch": 31, "season": 0}}, "compound": {"molarMass": 300.0, "water_solubility": 0.0009681708509332249, "vapor_pressure": 1.2409310803469396e-05, "reference_temperature": 20.0, "koc": 12.213275076465884, "freundlich": 0.8662303444529866, "dt50": {"system": 6.0, "soil": 277.1841544230237, "surfaceWater": 6.0, "sediment": 6.0}, "plant_uptake": 0.0, "name": "Compound 935684681479123522", "model_specific_data": {}, "metabolites": [{"formation_fraction": 0.2, "metabolite": {"molarMass": 300.0, "water_solubility": 0.010773102364950587, "vapor_pressure": 0.0005206548501269848, "reference_temperature": 20.0, "koc": 567.6883147237539, "freundlich": 1.1061794379635246, "dt50": {"system": 6.0, "soil": 134.30693926226218, "surfaceWater": 6.0, "sediment": 6.0}, "plant_uptake": 0.5, "name": "Compound -3453290822852059856", "model_specific_data": {}, "metabolites": []}}]}}