{"gap": {"type": "relative", "arguments": {"name": "GAP -296091488377847865", "modelCrop": "WC", "rate": 250.0, "apply_every_n_years": 1, "number_of_applications": 2, "interval": 14, "model_specific_data": {}, "bbch": 31, "season": 0}}, "compound": {"molarMass": 300.0, "water_solubility": 0.0010224352318407065, "vapor_pressure": 1.1843929453086643e-06, "reference_temperature": 20.0, "koc": 342.19693808056803, "freundlich": 0.8743330905867435, "dt50": {"system": 6.0, "soil": 129.65845625378705, "surfaceWater": 6.0, "sediment": 6.0}, "plant_uptake": 0.0, "name": "Compound -6087290767041916373", "model_specific_data": {}, "metabolites": [{"formation_fraction": 0.2, "metabolite": {"molarMass": 300.0, "water_solubility": 0.00017351735828972524, "vapor_pressure": 4.651316842171624e-05, "reference_temperature": 20.0, "koc": 2703.673335059964, "freundlich": 1.0821934704862488, "dt50": {"system": 6.0, "soil": 209.44281824647427, "surfaceWater": 6.0, "sediment": 6.0}, "plant_uptake": 0.5, "name": "Compound -45821381378318401", "model_specific_data": {}, "metabolites": []}}]}}