{"gap": {"type": "relative", "arguments": {"name": "GAP -296091488377847865", "modelCrop": "WC", "rate": 250.0, "apply_every_n_years": 1, "number_of_applications": 2, "interval": 14, "model_specific_data": {}, "bbch": 31, "season": 0}}, "compound": {"molarMass": 300.0, "water_solubility": 0.020812772423297595, "vapor_pressure": 0.00037113815760807315, "reference_temperature": 20.0, "koc": 370.1841329222681, "freundlich": 0.955671345300799, "dt50": {"system": 6.0, "soil": 254.46062549736266, "surfaceWater": 6.0, "sediment": 6.0}, "plant_uptake": 0.0, "name": "Compound -6046186997577628274", "model_specific_data": {}, "metabolites": [{"formation_fraction": 0.2, "metabolite": {"molarMass": 300.0, "water_solubility": 0.0004181012921233579, "vapor_pressure": 1.248194380029897e-07, "reference_temperature": 20.0, "koc": 86.39661413854176, "freundlich": 0.8458673144691398, "dt50": {"system": 6.0, "soil": 198.90997890682056, "surfaceWater": 6.0, "sediment": 6.0}, "plant_uptake": 0.5, "name": "Compound -3284107966358716821", "model_specific_data": {}, "metabolites": []}}]}}