{"gap": {"type": "relative", "arguments": {"name": "GAP -296091488377847865", "modelCrop": "WC", "rate": 250.0, "apply_every_n_years": 1, "number_of_applications": 2, "interval": 14, "model_specific_data": {}, "bbch": 31, "season": 0}}, "compound": {"molarMass": 300.0, "water_solubility": 0.007738539120239572, "vapor_pressure": 5.138838344250205e-05, "reference_temperature": 20.0, "koc": 1549.3713704350057, "freundlich": 0.8736397049905165, "dt50": {"system": 6.0, "soil": 279.3028713981966, "surfaceWater": 6.0, "sediment": 6.0}, "plant_uptake": 0.0, "name": "Compound -7504340550090473778", "model_specific_data": {}, "metabolites": [{"formation_fraction": 0.2, "metabolite": {"molarMass": 300.0, "water_solubility": 0.0016210455172633953, "vapor_pressure": 7.759201288466049e-05, "reference_temperature": 20.0, "koc": 141.23292697654728, "freundlich": 0.8550498875662195, "dt50": {"system": 6.0, "soil": 247.5741836553035, "surfaceWater": 6.0, "sediment": 6.0}, "plant_uptake": 0.5, "name": "Compound -8465062523015690390", "model_specific_data": {}, "metabolites": []}}]}}