{"gap": {"type": "relative", "arguments": {"name": "GAP -296091488377847865", "modelCrop": "WC", "rate": 250.0, "apply_every_n_years": 1, "number_of_applications": 2, "interval": 14, "model_specific_data": {}, "bbch": 31, "season": 0}}, "compound": {"molarMass": 300.0, "water_solubility": 0.002005730697920146, "vapor_pressure": 0.0017756939833242448, "reference_temperature": 20.0, "koc": 170.29726158411682, "freundlich": 1.0951953609718137, "dt50": {"system": 6.0, "soil": 77.94636124581214, "surfaceWater": 6.0, "sediment": 6.0}, "plant_uptake": 0.0, "name": "Compound 6062500800339228554", "model_specific_data": {}, "metabolites": [{"formation_fraction": 0.2, "metabolite": {"molarMass": 300.0, "water_solubility": 3.03069980519773e-05, "vapor_pressure": 2.2011390639797587e-06, "reference_temperature": 20.0, "koc": 10.205602284388368, "freundlich": 0.9969907979867869, "dt50": {"system": 6.0, "soil": 82.74873719968483, "surfaceWater": 6.0, "sediment": 6.0}, "plant_uptake": 0.5, "name": "Compound 2579860677543411545", "model_specific_data": {}, "metabolites": []}}]}}