{"gap": {"type": "relative", "arguments": {"name": "GAP -296091488377847865", "modelCrop": "WC", "rate": 250.0, "apply_every_n_years": 1, "number_of_applications": 2, "interval": 14, "model_specific_data": {}, "bbch": 31, "season": 0}}, "compound": {"molarMass": 300.0, "water_solubility": 0.005731171503699995, "vapor_pressure": 0.0002078915354801111, "reference_temperature": 20.0, "koc": 280.1860040245415, "freundlich": 1.1896078693258738, "dt50": {"system": 6.0, "soil": 96.3642497742146, "surfaceWater": 6.0, "sediment": 6.0}, "plant_uptake": 0.0, "name": "Compound 206985543525736865", "model_specific_data": {}, "metabolites": [{"formation_fraction": 0.2, "metabolite": {"molarMass": 300.0, "water_solubility": 0.01572273346201693, "vapor_pressure": 4.294176245981474e-06, "reference_temperature": 20.0, "koc": 61.39911485240327, "freundlich": 0.7693726299985275, "dt50": {"system": 6.0, "soil": 189.8557608132314, "surfaceWater": 6.0, "sediment": 6.0}, "plant_uptake": 0.5, "name": "Compound 6021405564789030226", "model_specific_data": {}, "metabolites": []}}]}}