{"gap": {"type": "relative", "arguments": {"name": "GAP -296091488377847865", "modelCrop": "WC", "rate": 250.0, "apply_every_n_years": 1, "number_of_applications": 2, "interval": 14, "model_specific_data": {}, "bbch": 31, "season": 0}}, "compound": {"molarMass": 300.0, "water_solubility": 0.17718744847907425, "vapor_pressure": 0.00019302099459093288, "reference_temperature": 20.0, "koc": 15.30534709759107, "freundlich": 0.955742553500786, "dt50": {"system": 6.0, "soil": 195.5353089845153, "surfaceWater": 6.0, "sediment": 6.0}, "plant_uptake": 0.0, "name": "Compound 5772258495435873861", "model_specific_data": {}, "metabolites": [{"formation_fraction": 0.2, "metabolite": {"molarMass": 300.0, "water_solubility": 0.012668700477474494, "vapor_pressure": 6.965126961663498e-05, "reference_temperature": 20.0, "koc": 3481.894681211753, "freundlich": 0.9451975230341494, "dt50": {"system": 6.0, "soil": 58.52831375831332, "surfaceWater": 6.0, "sediment": 6.0}, "plant_uptake": 0.5, "name": "Compound -5816808155559227383", "model_specific_data": {}, "metabolites": []}}]}}