{"gap": {"type": "relative", "arguments": {"name": "GAP -296091488377847865", "modelCrop": "WC", "rate": 250.0, "apply_every_n_years": 1, "number_of_applications": 2, "interval": 14, "model_specific_data": {}, "bbch": 31, "season": 0}}, "compound": {"molarMass": 300.0, "water_solubility": 0.05562348394970678, "vapor_pressure": 0.00018883676416201758, "reference_temperature": 20.0, "koc": 1407.4328833281695, "freundlich": 0.8523636405586736, "dt50": {"system": 6.0, "soil": 228.9336830177315, "surfaceWater": 6.0, "sediment": 6.0}, "plant_uptake": 0.0, "name": "Compound -8049313178976267729", "model_specific_data": {}, "metabolites": [{"formation_fraction": 0.2, "metabolite": {"molarMass": 300.0, "water_solubility": 0.009351330949279127, "vapor_pressure": 0.0002610154415149379, "reference_temperature": 20.0, "koc": 718.4213808151914, "freundlich": 1.0064435407229753, "dt50": {"system": 6.0, "soil": 46.20646018824793, "surfaceWater": 6.0, "sediment": 6.0}, "plant_uptake": 0.5, "name": "Compound -2743756744419610761", "model_specific_data": {}, "metabolites": []}}]}}