{"gap": {"type": "relative", "arguments": {"name": "GAP -296091488377847865", "modelCrop": "WC", "rate": 250.0, "apply_every_n_years": 1, "number_of_applications": 2, "interval": 14, "model_specific_data": {}, "bbch": 31, "season": 0}}, "compound": {"molarMass": 300.0, "water_solubility": 0.0015521678131890425, "vapor_pressure": 0.0003721352643630579, "reference_temperature": 20.0, "koc": 34.45262327542167, "freundlich": 0.8068395789787914, "dt50": {"system": 6.0, "soil": 35.072801483645655, "surfaceWater": 6.0, "sediment": 6.0}, "plant_uptake": 0.0, "name": "Compound -2597671279745838017", "model_specific_data": {}, "metabolites": [{"formation_fraction": 0.2, "metabolite": {"molarMass": 300.0, "water_solubility": 0.008695277059556444, "vapor_pressure": 0.0003663500339198836, "reference_temperature": 20.0, "koc": 26.97653806993501, "freundlich": 1.1503173018826693, "dt50": {"system": 6.0, "soil": 250.37356290774275, "surfaceWater": 6.0, "sediment": 6.0}, "plant_uptake": 0.5, "name": "Compound 4492754719695909777", "model_specific_data": {}, "metabolites": []}}]}}