{"gap": {"type": "relative", "arguments": {"name": "GAP -296091488377847865", "modelCrop": "WC", "rate": 250.0, "apply_every_n_years": 1, "number_of_applications": 2, "interval": 14, "model_specific_data": {}, "bbch": 31, "season": 0}}, "compound": {"molarMass": 300.0, "water_solubility": 0.0005635173243288892, "vapor_pressure": 4.689016777263071e-07, "reference_temperature": 20.0, "koc": 245.7829391594889, "freundlich": 1.0524185693042725, "dt50": {"system": 6.0, "soil": 265.9952739131995, "surfaceWater": 6.0, "sediment": 6.0}, "plant_uptake": 0.0, "name": "Compound 1146521776139757830", "model_specific_data": {}, "metabolites": [{"formation_fraction": 0.2, "metabolite": {"molarMass": 300.0, "water_solubility": 7.412426708772521e-05, "vapor_pressure": 0.0006914391352582447, "reference_temperature": 20.0, "koc": 1416.5410655314897, "freundlich": 1.1757608903176977, "dt50": {"system": 6.0, "soil": 295.09015630904787, "surfaceWater": 6.0, "sediment": 6.0}, "plant_uptake": 0.5, "name": "Compound 8876346607989841741", "model_specific_data": {}, "metabolites": []}}]}}