{"gap": {"type": "relative", "arguments": {"name": "GAP -296091488377847865", "modelCrop": "WC", "rate": 250.0, "apply_every_n_years": 1, "number_of_applications": 2, "interval": 14, "model_specific_data": {}, "bbch": 31, "season": 0}}, "compound": {"molarMass": 300.0, "water_solubility": 0.06121201902988198, "vapor_pressure": 3.179353068721339e-05, "reference_temperature": 20.0, "koc": 944.5008596024305, "freundlich": 0.823790068323606, "dt50": {"system": 6.0, "soil": 32.47841851575093, "surfaceWater": 6.0, "sediment": 6.0}, "plant_uptake": 0.0, "name": "Compound 3629136770716293586", "model_specific_data": {}, "metabolites": [{"formation_fraction": 0.2, "metabolite": {"molarMass": 300.0, "water_solubility": 0.0008332281528013053, "vapor_pressure": 1.9048602616670335e-06, "reference_temperature": 20.0, "koc": 399.15011847345124, "freundlich": 0.7526784846091755, "dt50": {"system": 6.0, "soil": 236.9316424757689, "surfaceWater": 6.0, "sediment": 6.0}, "plant_uptake": 0.5, "name": "Compound 6609813884712751008", "model_specific_data": {}, "metabolites": []}}]}}