{"gap": {"type": "relative", "arguments": {"name": "GAP -296091488377847865", "modelCrop": "WC", "rate": 250.0, "apply_every_n_years": 1, "number_of_applications": 2, "interval": 14, "model_specific_data": {}, "bbch": 31, "season": 0}}, "compound": {"molarMass": 300.0, "water_solubility": 0.0008417140384402945, "vapor_pressure": 1.5351775376125716e-06, "reference_temperature": 20.0, "koc": 37.310548748998045, "freundlich": 0.9501885767242269, "dt50": {"system": 6.0, "soil": 114.10574398911514, "surfaceWater": 6.0, "sediment": 6.0}, "plant_uptake": 0.0, "name": "Compound -1392108214394719307", "model_specific_data": {}, "metabolites": [{"formation_fraction": 0.2, "metabolite": {"molarMass": 300.0, "water_solubility": 0.0022923839741207574, "vapor_pressure": 1.7786692221145614e-06, "reference_temperature": 20.0, "koc": 106.78209221149152, "freundlich": 1.0354582435310096, "dt50": {"system": 6.0, "soil": 214.14850663555745, "surfaceWater": 6.0, "sediment": 6.0}, "plant_uptake": 0.5, "name": "Compound 5312269562333930200", "model_specific_data": {}, "metabolites": []}}]}}