{"gap": {"type": "relative", "arguments": {"name": "GAP -296091488377847865", "modelCrop": "WC", "rate": 250.0, "apply_every_n_years": 1, "number_of_applications": 2, "interval": 14, "model_specific_data": {}, "bbch": 31, "season": 0}}, "compound": {"molarMass": 300.0, "water_solubility": 6.249515962943064e-05, "vapor_pressure": 0.006579984204202035, "reference_temperature": 20.0, "koc": 14.27266649174601, "freundlich": 0.9981104547621121, "dt50": {"system": 6.0, "soil": 249.91133933283976, "surfaceWater": 6.0, "sediment": 6.0}, "plant_uptake": 0.0, "name": "Compound 8634245158955593389", "model_specific_data": {}, "metabolites": [{"formation_fraction": 0.2, "metabolite": {"molarMass": 300.0, "water_solubility": 0.0010998947986653666, "vapor_pressure": 1.4240371524319589e-05, "reference_temperature": 20.0, "koc": 78.66795658160416, "freundlich": 1.1238941147327013, "dt50": {"system": 6.0, "soil": 61.051170687804856, "surfaceWater": 6.0, "sediment": 6.0}, "plant_uptake": 0.5, "name": "Compound 5292629043820240718", "model_specific_data": {}, "metabolites": []}}]}}