{"gap": {"type": "relative", "arguments": {"name": "GAP -296091488377847865", "modelCrop": "WC", "rate": 250.0, "apply_every_n_years": 1, "number_of_applications": 2, "interval": 14, "model_specific_data": {}, "bbch": 31, "season": 0}}, "compound": {"molarMass": 300.0, "water_solubility": 0.08877261515948869, "vapor_pressure": 0.0006767083330104683, "reference_temperature": 20.0, "koc": 2523.2169386571577, "freundlich": 1.0047220125061271, "dt50": {"system": 6.0, "soil": 298.1387703909805, "surfaceWater": 6.0, "sediment": 6.0}, "plant_uptake": 0.0, "name": "Compound -8149969558080521407", "model_specific_data": {}, "metabolites": [{"formation_fraction": 0.2, "metabolite": {"molarMass": 300.0, "water_solubility": 0.3250445197744286, "vapor_pressure": 0.00025279754003593586, "reference_temperature": 20.0, "koc": 327.0926235832017, "freundlich": 0.901390106370973, "dt50": {"system": 6.0, "soil": 164.66924230483806, "surfaceWater": 6.0, "sediment": 6.0}, "plant_uptake": 0.5, "name": "Compound 231137592444315851", "model_specific_data": {}, "metabolites": []}}]}}