{"gap": {"type": "relative", "arguments": {"name": "GAP -296091488377847865", "modelCrop": "WC", "rate": 250.0, "apply_every_n_years": 1, "number_of_applications": 2, "interval": 14, "model_specific_data": {}, "bbch": 31, "season": 0}}, "compound": {"molarMass": 300.0, "water_solubility": 0.07420702953321068, "vapor_pressure": 5.758151119740478e-07, "reference_temperature": 20.0, "koc": 57.72746990859996, "freundlich": 1.0399632333243645, "dt50": {"system": 6.0, "soil": 170.1269078814928, "surfaceWater": 6.0, "sediment": 6.0}, "plant_uptake": 0.0, "name": "Compound 4406171579639650013", "model_specific_data": {}, "metabolites": [{"formation_fraction": 0.2, "metabolite": {"molarMass": 300.0, "water_solubility": 0.021179668112124996, "vapor_pressure": 3.904876472177603e-06, "reference_temperature": 20.0, "koc": 223.32981120843723, "freundlich": 0.995339153637202, "dt50": {"system": 6.0, "soil": 138.6922511335845, "surfaceWater": 6.0, "sediment": 6.0}, "plant_uptake": 0.5, "name": "Compound 6933073235579062369", "model_specific_data": {}, "metabolites": []}}]}}