{"gap": {"type": "relative", "arguments": {"name": "GAP -296091488377847865", "modelCrop": "WC", "rate": 250.0, "apply_every_n_years": 1, "number_of_applications": 2, "interval": 14, "model_specific_data": {}, "bbch": 31, "season": 0}}, "compound": {"molarMass": 300.0, "water_solubility": 0.0008125517660406693, "vapor_pressure": 2.540778482052356e-06, "reference_temperature": 20.0, "koc": 786.9702259178605, "freundlich": 1.1658740590177712, "dt50": {"system": 6.0, "soil": 231.2857755143586, "surfaceWater": 6.0, "sediment": 6.0}, "plant_uptake": 0.0, "name": "Compound -7814704680001289152", "model_specific_data": {}, "metabolites": [{"formation_fraction": 0.2, "metabolite": {"molarMass": 300.0, "water_solubility": 0.05388408283600673, "vapor_pressure": 1.2646349907476497e-06, "reference_temperature": 20.0, "koc": 31.347010873538913, "freundlich": 1.0632830199124583, "dt50": {"system": 6.0, "soil": 174.42314842780814, "surfaceWater": 6.0, "sediment": 6.0}, "plant_uptake": 0.5, "name": "Compound -4663516457235785471", "model_specific_data": {}, "metabolites": []}}]}}