{"gap": {"type": "relative", "arguments": {"name": "GAP -296091488377847865", "modelCrop": "WC", "rate": 250.0, "apply_every_n_years": 1, "number_of_applications": 2, "interval": 14, "model_specific_data": {}, "bbch": 31, "season": 0}}, "compound": {"molarMass": 300.0, "water_solubility": 0.17050986126710269, "vapor_pressure": 0.001083070334282144, "reference_temperature": 20.0, "koc": 63.340656116898764, "freundlich": 1.0014268264013495, "dt50": {"system": 6.0, "soil": 136.45788185284496, "surfaceWater": 6.0, "sediment": 6.0}, "plant_uptake": 0.0, "name": "Compound 4809698561395177456", "model_specific_data": {}, "metabolites": [{"formation_fraction": 0.2, "metabolite": {"molarMass": 300.0, "water_solubility": 0.5164464921991899, "vapor_pressure": 2.6736803548195476e-06, "reference_temperature": 20.0, "koc": 1036.2801807448557, "freundlich": 0.7733864477182599, "dt50": {"system": 6.0, "soil": 267.3328163966663, "surfaceWater": 6.0, "sediment": 6.0}, "plant_uptake": 0.5, "name": "Compound 1631559840225566382", "model_specific_data": {}, "metabolites": []}}]}}