{"gap": {"type": "relative", "arguments": {"name": "GAP -296091488377847865", "modelCrop": "WC", "rate": 250.0, "apply_every_n_years": 1, "number_of_applications": 2, "interval": 14, "model_specific_data": {}, "bbch": 31, "season": 0}}, "compound": {"molarMass": 300.0, "water_solubility": 0.09794824543596929, "vapor_pressure": 3.972524817886319e-08, "reference_temperature": 20.0, "koc": 261.2707539547461, "freundlich": 0.9700238148071266, "dt50": {"system": 6.0, "soil": 190.25600569664002, "surfaceWater": 6.0, "sediment": 6.0}, "plant_uptake": 0.0, "name": "Compound 1932730968045726083", "model_specific_data": {}, "metabolites": [{"formation_fraction": 0.2, "metabolite": {"molarMass": 300.0, "water_solubility": 0.13174416461302044, "vapor_pressure": 0.0003425359116518025, "reference_temperature": 20.0, "koc": 29.974739610579935, "freundlich": 1.141405330569414, "dt50": {"system": 6.0, "soil": 287.70594575462883, "surfaceWater": 6.0, "sediment": 6.0}, "plant_uptake": 0.5, "name": "Compound 8701404799964755756", "model_specific_data": {}, "metabolites": []}}]}}