{"gap": {"type": "relative", "arguments": {"name": "GAP -296091488377847865", "modelCrop": "WC", "rate": 250.0, "apply_every_n_years": 1, "number_of_applications": 2, "interval": 14, "model_specific_data": {}, "bbch": 31, "season": 0}}, "compound": {"molarMass": 300.0, "water_solubility": 4.202233828191871, "vapor_pressure": 4.849125842789187e-05, "reference_temperature": 20.0, "koc": 134.48724358329662, "freundlich": 0.763718823453811, "dt50": {"system": 6.0, "soil": 268.2771721426864, "surfaceWater": 6.0, "sediment": 6.0}, "plant_uptake": 0.0, "name": "Compound 8271061861616810247", "model_specific_data": {}, "metabolites": [{"formation_fraction": 0.2, "metabolite": {"molarMass": 300.0, "water_solubility": 0.01100848525811097, "vapor_pressure": 0.0005348784752030922, "reference_temperature": 20.0, "koc": 2600.788482307655, "freundlich": 0.8447432768931535, "dt50": {"system": 6.0, "soil": 169.55873225167662, "surfaceWater": 6.0, "sediment": 6.0}, "plant_uptake": 0.5, "name": "Compound 1710071685961097030", "model_specific_data": {}, "metabolites": []}}]}}