{"gap": {"type": "relative", "arguments": {"name": "GAP -296091488377847865", "modelCrop": "WC", "rate": 250.0, "apply_every_n_years": 1, "number_of_applications": 2, "interval": 14, "model_specific_data": {}, "bbch": 31, "season": 0}}, "compound": {"molarMass": 300.0, "water_solubility": 0.004460418834943708, "vapor_pressure": 1.249398393611018e-05, "reference_temperature": 20.0, "koc": 1018.7562851136599, "freundlich": 0.8160029325012175, "dt50": {"system": 6.0, "soil": 279.58723390431237, "surfaceWater": 6.0, "sediment": 6.0}, "plant_uptake": 0.0, "name": "Compound -2289442918030361109", "model_specific_data": {}, "metabolites": [{"formation_fraction": 0.2, "metabolite": {"molarMass": 300.0, "water_solubility": 0.01616191317246194, "vapor_pressure": 6.893119673241835e-06, "reference_temperature": 20.0, "koc": 125.10218105588984, "freundlich": 1.0420663314841712, "dt50": {"system": 6.0, "soil": 198.2526223747576, "surfaceWater": 6.0, "sediment": 6.0}, "plant_uptake": 0.5, "name": "Compound 776837459478234803", "model_specific_data": {}, "metabolites": []}}]}}