{"gap": {"type": "relative", "arguments": {"name": "GAP -296091488377847865", "modelCrop": "WC", "rate": 250.0, "apply_every_n_years": 1, "number_of_applications": 2, "interval": 14, "model_specific_data": {}, "bbch": 31, "season": 0}}, "compound": {"molarMass": 300.0, "water_solubility": 0.000759800843309399, "vapor_pressure": 2.742086015131012e-09, "reference_temperature": 20.0, "koc": 1540.0321176293435, "freundlich": 0.960144344120287, "dt50": {"system": 6.0, "soil": 17.850905385317716, "surfaceWater": 6.0, "sediment": 6.0}, "plant_uptake": 0.0, "name": "Compound -193340567471878524", "model_specific_data": {}, "metabolites": [{"formation_fraction": 0.2, "metabolite": {"molarMass": 300.0, "water_solubility": 0.11855665287334786, "vapor_pressure": 3.7012218789116276e-07, "reference_temperature": 20.0, "koc": 323.44877811305435, "freundlich": 0.7200229413581465, "dt50": {"system": 6.0, "soil": 251.56831853403526, "surfaceWater": 6.0, "sediment": 6.0}, "plant_uptake": 0.5, "name": "Compound 4023975713434420738", "model_specific_data": {}, "metabolites": []}}]}}