{"gap": {"type": "relative", "arguments": {"name": "GAP -296091488377847865", "modelCrop": "WC", "rate": 250.0, "apply_every_n_years": 1, "number_of_applications": 2, "interval": 14, "model_specific_data": {}, "bbch": 31, "season": 0}}, "compound": {"molarMass": 300.0, "water_solubility": 0.018670663638694473, "vapor_pressure": 1.0683088821513569e-05, "reference_temperature": 20.0, "koc": 4821.772170247768, "freundlich": 0.8734962373233142, "dt50": {"system": 6.0, "soil": 109.83300404825255, "surfaceWater": 6.0, "sediment": 6.0}, "plant_uptake": 0.0, "name": "Compound -191292460442642498", "model_specific_data": {}, "metabolites": [{"formation_fraction": 0.2, "metabolite": {"molarMass": 300.0, "water_solubility": 0.5538543937994833, "vapor_pressure": 0.0022173360700936183, "reference_temperature": 20.0, "koc": 74.72176928534398, "freundlich": 0.7097278713240054, "dt50": {"system": 6.0, "soil": 72.78778712273147, "surfaceWater": 6.0, "sediment": 6.0}, "plant_uptake": 0.5, "name": "Compound -1348524160635781964", "model_specific_data": {}, "metabolites": []}}]}}