{"gap": {"type": "relative", "arguments": {"name": "GAP -296091488377847865", "modelCrop": "WC", "rate": 250.0, "apply_every_n_years": 1, "number_of_applications": 2, "interval": 14, "model_specific_data": {}, "bbch": 31, "season": 0}}, "compound": {"molarMass": 300.0, "water_solubility": 0.021969996882914507, "vapor_pressure": 2.731564799994758e-06, "reference_temperature": 20.0, "koc": 71.18829759968769, "freundlich": 0.8713245132040925, "dt50": {"system": 6.0, "soil": 276.9237847272081, "surfaceWater": 6.0, "sediment": 6.0}, "plant_uptake": 0.0, "name": "Compound 8755608929890750365", "model_specific_data": {}, "metabolites": [{"formation_fraction": 0.2, "metabolite": {"molarMass": 300.0, "water_solubility": 0.019190467839654005, "vapor_pressure": 0.00010976259414718654, "reference_temperature": 20.0, "koc": 222.54377516596503, "freundlich": 0.8197201074479715, "dt50": {"system": 6.0, "soil": 99.58241165048531, "surfaceWater": 6.0, "sediment": 6.0}, "plant_uptake": 0.5, "name": "Compound -7205000575887229210", "model_specific_data": {}, "metabolites": []}}]}}