{"gap": {"type": "relative", "arguments": {"name": "GAP -296091488377847865", "modelCrop": "WC", "rate": 250.0, "apply_every_n_years": 1, "number_of_applications": 2, "interval": 14, "model_specific_data": {}, "bbch": 31, "season": 0}}, "compound": {"molarMass": 300.0, "water_solubility": 0.0015584383611936176, "vapor_pressure": 0.0005191528775799664, "reference_temperature": 20.0, "koc": 64.15199420613072, "freundlich": 0.7860056052501438, "dt50": {"system": 6.0, "soil": 107.21578800961204, "surfaceWater": 6.0, "sediment": 6.0}, "plant_uptake": 0.0, "name": "Compound 5222379079923204253", "model_specific_data": {}, "metabolites": [{"formation_fraction": 0.2, "metabolite": {"molarMass": 300.0, "water_solubility": 0.005257809170133411, "vapor_pressure": 0.00032606181350596067, "reference_temperature": 20.0, "koc": 62.54598062052244, "freundlich": 0.8307672372718862, "dt50": {"system": 6.0, "soil": 138.07473174758337, "surfaceWater": 6.0, "sediment": 6.0}, "plant_uptake": 0.5, "name": "Compound 1494646452229453607", "model_specific_data": {}, "metabolites": []}}]}}