{"gap": {"type": "relative", "arguments": {"name": "GAP -296091488377847865", "modelCrop": "WC", "rate": 250.0, "apply_every_n_years": 1, "number_of_applications": 2, "interval": 14, "model_specific_data": {}, "bbch": 31, "season": 0}}, "compound": {"molarMass": 300.0, "water_solubility": 0.00041003597658624893, "vapor_pressure": 0.0007158360800982666, "reference_temperature": 20.0, "koc": 19.126905035065363, "freundlich": 1.067552044444457, "dt50": {"system": 6.0, "soil": 50.4569611031158, "surfaceWater": 6.0, "sediment": 6.0}, "plant_uptake": 0.0, "name": "Compound 2016314614151542767", "model_specific_data": {}, "metabolites": [{"formation_fraction": 0.2, "metabolite": {"molarMass": 300.0, "water_solubility": 0.0016219555228755016, "vapor_pressure": 5.292772219758984e-06, "reference_temperature": 20.0, "koc": 139.37255816461743, "freundlich": 0.761625765110026, "dt50": {"system": 6.0, "soil": 113.12572579006552, "surfaceWater": 6.0, "sediment": 6.0}, "plant_uptake": 0.5, "name": "Compound -3741009331934279061", "model_specific_data": {}, "metabolites": []}}]}}