{"gap": {"type": "relative", "arguments": {"name": "GAP -296091488377847865", "modelCrop": "WC", "rate": 250.0, "apply_every_n_years": 1, "number_of_applications": 2, "interval": 14, "model_specific_data": {}, "bbch": 31, "season": 0}}, "compound": {"molarMass": 300.0, "water_solubility": 9.492089136139089e-05, "vapor_pressure": 3.384417390420526e-06, "reference_temperature": 20.0, "koc": 2035.3648933117975, "freundlich": 1.0558664746998283, "dt50": {"system": 6.0, "soil": 146.8528844625696, "surfaceWater": 6.0, "sediment": 6.0}, "plant_uptake": 0.0, "name": "Compound 681419388013492316", "model_specific_data": {}, "metabolites": [{"formation_fraction": 0.2, "metabolite": {"molarMass": 300.0, "water_solubility": 0.00820193476317273, "vapor_pressure": 0.0006138185684755712, "reference_temperature": 20.0, "koc": 2782.5922482630326, "freundlich": 0.7518666989967894, "dt50": {"system": 6.0, "soil": 287.4876691637544, "surfaceWater": 6.0, "sediment": 6.0}, "plant_uptake": 0.5, "name": "Compound -3725642976822856935", "model_specific_data": {}, "metabolites": []}}]}}