{"gap": {"type": "relative", "arguments": {"name": "GAP -296091488377847865", "modelCrop": "WC", "rate": 250.0, "apply_every_n_years": 1, "number_of_applications": 2, "interval": 14, "model_specific_data": {}, "bbch": 31, "season": 0}}, "compound": {"molarMass": 300.0, "water_solubility": 0.06007911126577635, "vapor_pressure": 1.4073110157541853e-07, "reference_temperature": 20.0, "koc": 323.9175348273931, "freundlich": 0.9838618499580198, "dt50": {"system": 6.0, "soil": 232.39953887968977, "surfaceWater": 6.0, "sediment": 6.0}, "plant_uptake": 0.0, "name": "Compound 9030190694691494722", "model_specific_data": {}, "metabolites": [{"formation_fraction": 0.2, "metabolite": {"molarMass": 300.0, "water_solubility": 0.1884386899172716, "vapor_pressure": 0.00012603045611649734, "reference_temperature": 20.0, "koc": 1122.5313103418532, "freundlich": 1.0956986353434852, "dt50": {"system": 6.0, "soil": 21.406529821843908, "surfaceWater": 6.0, "sediment": 6.0}, "plant_uptake": 0.5, "name": "Compound -2055540919285189129", "model_specific_data": {}, "metabolites": []}}]}}