{"gap": {"type": "relative", "arguments": {"name": "GAP -296091488377847865", "modelCrop": "WC", "rate": 250.0, "apply_every_n_years": 1, "number_of_applications": 2, "interval": 14, "model_specific_data": {}, "bbch": 31, "season": 0}}, "compound": {"molarMass": 300.0, "water_solubility": 0.1538171066512263, "vapor_pressure": 2.395414505432154e-07, "reference_temperature": 20.0, "koc": 1647.7976776859177, "freundlich": 1.1199440442611293, "dt50": {"system": 6.0, "soil": 135.36898489029642, "surfaceWater": 6.0, "sediment": 6.0}, "plant_uptake": 0.0, "name": "Compound -889879731152295469", "model_specific_data": {}, "metabolites": [{"formation_fraction": 0.2, "metabolite": {"molarMass": 300.0, "water_solubility": 0.00027380057477608126, "vapor_pressure": 4.0952905757084383e-07, "reference_temperature": 20.0, "koc": 175.34468697037377, "freundlich": 0.9506759601673813, "dt50": {"system": 6.0, "soil": 270.41392613606166, "surfaceWater": 6.0, "sediment": 6.0}, "plant_uptake": 0.5, "name": "Compound -8996933099543584633", "model_specific_data": {}, "metabolites": []}}]}}