{"gap": {"type": "relative", "arguments": {"name": "GAP -296091488377847865", "modelCrop": "WC", "rate": 250.0, "apply_every_n_years": 1, "number_of_applications": 2, "interval": 14, "model_specific_data": {}, "bbch": 31, "season": 0}}, "compound": {"molarMass": 300.0, "water_solubility": 0.0019708723395548636, "vapor_pressure": 2.41014375606966e-07, "reference_temperature": 20.0, "koc": 17.280452251123457, "freundlich": 0.9604325359315149, "dt50": {"system": 6.0, "soil": 54.21326410758834, "surfaceWater": 6.0, "sediment": 6.0}, "plant_uptake": 0.0, "name": "Compound -6132513789438369251", "model_specific_data": {}, "metabolites": [{"formation_fraction": 0.2, "metabolite": {"molarMass": 300.0, "water_solubility": 0.004118132740848559, "vapor_pressure": 0.01567751094119604, "reference_temperature": 20.0, "koc": 49.16878577960746, "freundlich": 1.0661657697336515, "dt50": {"system": 6.0, "soil": 214.44863294442865, "surfaceWater": 6.0, "sediment": 6.0}, "plant_uptake": 0.5, "name": "Compound 5649505605642245623", "model_specific_data": {}, "metabolites": []}}]}}