{"gap": {"type": "relative", "arguments": {"name": "GAP -296091488377847865", "modelCrop": "WC", "rate": 250.0, "apply_every_n_years": 1, "number_of_applications": 2, "interval": 14, "model_specific_data": {}, "bbch": 31, "season": 0}}, "compound": {"molarMass": 300.0, "water_solubility": 0.0028162377409432096, "vapor_pressure": 0.003876776708849668, "reference_temperature": 20.0, "koc": 13.829203167528584, "freundlich": 1.0110970909210644, "dt50": {"system": 6.0, "soil": 265.1011324624764, "surfaceWater": 6.0, "sediment": 6.0}, "plant_uptake": 0.0, "name": "Compound -8755786155509254508", "model_specific_data": {}, "metabolites": [{"formation_fraction": 0.2, "metabolite": {"molarMass": 300.0, "water_solubility": 0.007975193734155282, "vapor_pressure": 1.1986827190892284e-07, "reference_temperature": 20.0, "koc": 756.6616768805807, "freundlich": 1.1512665059587353, "dt50": {"system": 6.0, "soil": 109.51883607062419, "surfaceWater": 6.0, "sediment": 6.0}, "plant_uptake": 0.5, "name": "Compound 5671418201113273968", "model_specific_data": {}, "metabolites": []}}]}}