{"gap": {"type": "relative", "arguments": {"name": "GAP -296091488377847865", "modelCrop": "WC", "rate": 250.0, "apply_every_n_years": 1, "number_of_applications": 2, "interval": 14, "model_specific_data": {}, "bbch": 31, "season": 0}}, "compound": {"molarMass": 300.0, "water_solubility": 0.0009928653878150083, "vapor_pressure": 2.7228022740877903e-07, "reference_temperature": 20.0, "koc": 4094.3175011855656, "freundlich": 0.7116297888244048, "dt50": {"system": 6.0, "soil": 287.53646622993386, "surfaceWater": 6.0, "sediment": 6.0}, "plant_uptake": 0.0, "name": "Compound -984102833213077770", "model_specific_data": {}, "metabolites": [{"formation_fraction": 0.2, "metabolite": {"molarMass": 300.0, "water_solubility": 0.28039723967325597, "vapor_pressure": 5.828132975553825e-07, "reference_temperature": 20.0, "koc": 18.68921598278083, "freundlich": 1.1741512579064728, "dt50": {"system": 6.0, "soil": 244.39542794507375, "surfaceWater": 6.0, "sediment": 6.0}, "plant_uptake": 0.5, "name": "Compound 4366049727268133836", "model_specific_data": {}, "metabolites": []}}]}}