{"gap": {"type": "relative", "arguments": {"name": "GAP -296091488377847865", "modelCrop": "WC", "rate": 250.0, "apply_every_n_years": 1, "number_of_applications": 2, "interval": 14, "model_specific_data": {}, "bbch": 31, "season": 0}}, "compound": {"molarMass": 300.0, "water_solubility": 0.006573806729621315, "vapor_pressure": 1.121449109618124e-06, "reference_temperature": 20.0, "koc": 863.6354753093705, "freundlich": 1.078567869719339, "dt50": {"system": 6.0, "soil": 13.727667255155362, "surfaceWater": 6.0, "sediment": 6.0}, "plant_uptake": 0.0, "name": "Compound -3526813366020864655", "model_specific_data": {}, "metabolites": [{"formation_fraction": 0.2, "metabolite": {"molarMass": 300.0, "water_solubility": 0.13920692337888793, "vapor_pressure": 1.5076468151218381e-05, "reference_temperature": 20.0, "koc": 4226.824606978444, "freundlich": 1.1236427940295333, "dt50": {"system": 6.0, "soil": 164.5162966048625, "surfaceWater": 6.0, "sediment": 6.0}, "plant_uptake": 0.5, "name": "Compound -4783380794720351973", "model_specific_data": {}, "metabolites": []}}]}}