{"gap": {"type": "relative", "arguments": {"name": "GAP -296091488377847865", "modelCrop": "WC", "rate": 250.0, "apply_every_n_years": 1, "number_of_applications": 2, "interval": 14, "model_specific_data": {}, "bbch": 31, "season": 0}}, "compound": {"molarMass": 300.0, "water_solubility": 0.2399112713360124, "vapor_pressure": 0.00015052019154172992, "reference_temperature": 20.0, "koc": 57.81896448764163, "freundlich": 0.9095865977713744, "dt50": {"system": 6.0, "soil": 91.42704657695587, "surfaceWater": 6.0, "sediment": 6.0}, "plant_uptake": 0.0, "name": "Compound 5995990172580518929", "model_specific_data": {}, "metabolites": [{"formation_fraction": 0.2, "metabolite": {"molarMass": 300.0, "water_solubility": 0.008554669559965878, "vapor_pressure": 5.389673660742871e-06, "reference_temperature": 20.0, "koc": 230.71868431876095, "freundlich": 0.73801191407291, "dt50": {"system": 6.0, "soil": 39.20249968015248, "surfaceWater": 6.0, "sediment": 6.0}, "plant_uptake": 0.5, "name": "Compound 7080989064274929567", "model_specific_data": {}, "metabolites": []}}]}}