{"gap": {"type": "relative", "arguments": {"name": "GAP -296091488377847865", "modelCrop": "WC", "rate": 250.0, "apply_every_n_years": 1, "number_of_applications": 2, "interval": 14, "model_specific_data": {}, "bbch": 31, "season": 0}}, "compound": {"molarMass": 300.0, "water_solubility": 0.000290975132402181, "vapor_pressure": 5.990750807477656e-05, "reference_temperature": 20.0, "koc": 11.3773326465074, "freundlich": 1.1529535615851143, "dt50": {"system": 6.0, "soil": 6.792911478691367, "surfaceWater": 6.0, "sediment": 6.0}, "plant_uptake": 0.0, "name": "Compound -6727593369918641578", "model_specific_data": {}, "metabolites": [{"formation_fraction": 0.2, "metabolite": {"molarMass": 300.0, "water_solubility": 0.010442793837419716, "vapor_pressure": 9.299934454935578e-07, "reference_temperature": 20.0, "koc": 168.65160475685377, "freundlich": 1.147066186492082, "dt50": {"system": 6.0, "soil": 71.51144892421635, "surfaceWater": 6.0, "sediment": 6.0}, "plant_uptake": 0.5, "name": "Compound 4268056070184025864", "model_specific_data": {}, "metabolites": []}}]}}