{"gap": {"type": "relative", "arguments": {"name": "GAP -296091488377847865", "modelCrop": "WC", "rate": 250.0, "apply_every_n_years": 1, "number_of_applications": 2, "interval": 14, "model_specific_data": {}, "bbch": 31, "season": 0}}, "compound": {"molarMass": 300.0, "water_solubility": 0.002349949985133951, "vapor_pressure": 3.349236012779181e-05, "reference_temperature": 20.0, "koc": 2020.3248102207353, "freundlich": 0.8196686996669386, "dt50": {"system": 6.0, "soil": 239.93315585048052, "surfaceWater": 6.0, "sediment": 6.0}, "plant_uptake": 0.0, "name": "Compound 2267184563391074685", "model_specific_data": {}, "metabolites": [{"formation_fraction": 0.2, "metabolite": {"molarMass": 300.0, "water_solubility": 3.726765098672566, "vapor_pressure": 1.6984915704575583e-05, "reference_temperature": 20.0, "koc": 245.67707755919216, "freundlich": 0.7270431934458436, "dt50": {"system": 6.0, "soil": 187.8456664716488, "surfaceWater": 6.0, "sediment": 6.0}, "plant_uptake": 0.5, "name": "Compound 5511126178547725281", "model_specific_data": {}, "metabolites": []}}]}}