{"gap": {"type": "relative", "arguments": {"name": "GAP -296091488377847865", "modelCrop": "WC", "rate": 250.0, "apply_every_n_years": 1, "number_of_applications": 2, "interval": 14, "model_specific_data": {}, "bbch": 31, "season": 0}}, "compound": {"molarMass": 300.0, "water_solubility": 0.07200127817688291, "vapor_pressure": 0.00121439986370605, "reference_temperature": 20.0, "koc": 637.3505626646008, "freundlich": 1.1115736380576353, "dt50": {"system": 6.0, "soil": 209.8817099319011, "surfaceWater": 6.0, "sediment": 6.0}, "plant_uptake": 0.0, "name": "Compound 912773060077758320", "model_specific_data": {}, "metabolites": [{"formation_fraction": 0.2, "metabolite": {"molarMass": 300.0, "water_solubility": 0.011490426597824647, "vapor_pressure": 0.001248165292505021, "reference_temperature": 20.0, "koc": 3938.3761173381695, "freundlich": 0.8333356242230536, "dt50": {"system": 6.0, "soil": 46.350479414921004, "surfaceWater": 6.0, "sediment": 6.0}, "plant_uptake": 0.5, "name": "Compound 1160580666492710137", "model_specific_data": {}, "metabolites": []}}]}}