{"gap": {"type": "relative", "arguments": {"name": "GAP -296091488377847865", "modelCrop": "WC", "rate": 250.0, "apply_every_n_years": 1, "number_of_applications": 2, "interval": 14, "model_specific_data": {}, "bbch": 31, "season": 0}}, "compound": {"molarMass": 300.0, "water_solubility": 0.006135952442884725, "vapor_pressure": 1.8396751785576525e-06, "reference_temperature": 20.0, "koc": 4981.994613055, "freundlich": 1.1986745167137225, "dt50": {"system": 6.0, "soil": 207.61830145933132, "surfaceWater": 6.0, "sediment": 6.0}, "plant_uptake": 0.0, "name": "Compound 3447801627193068623", "model_specific_data": {}, "metabolites": [{"formation_fraction": 0.2, "metabolite": {"molarMass": 300.0, "water_solubility": 0.19850662907345218, "vapor_pressure": 1.7027342395519532e-06, "reference_temperature": 20.0, "koc": 3219.8831796265927, "freundlich": 0.7408781799264548, "dt50": {"system": 6.0, "soil": 28.476207427623624, "surfaceWater": 6.0, "sediment": 6.0}, "plant_uptake": 0.5, "name": "Compound -3807100902029931", "model_specific_data": {}, "metabolites": []}}]}}