{"gap": {"type": "relative", "arguments": {"name": "GAP -296091488377847865", "modelCrop": "WC", "rate": 250.0, "apply_every_n_years": 1, "number_of_applications": 2, "interval": 14, "model_specific_data": {}, "bbch": 31, "season": 0}}, "compound": {"molarMass": 300.0, "water_solubility": 0.0033535839031876577, "vapor_pressure": 0.0015076219914067132, "reference_temperature": 20.0, "koc": 1398.3243412322051, "freundlich": 0.9623022133685546, "dt50": {"system": 6.0, "soil": 203.71702075785305, "surfaceWater": 6.0, "sediment": 6.0}, "plant_uptake": 0.0, "name": "Compound 7003260425026890633", "model_specific_data": {}, "metabolites": [{"formation_fraction": 0.2, "metabolite": {"molarMass": 300.0, "water_solubility": 0.0038933878114036226, "vapor_pressure": 1.252481033315435e-06, "reference_temperature": 20.0, "koc": 55.589885442946276, "freundlich": 0.9024789431814375, "dt50": {"system": 6.0, "soil": 291.50613588813394, "surfaceWater": 6.0, "sediment": 6.0}, "plant_uptake": 0.5, "name": "Compound -5155232548177969021", "model_specific_data": {}, "metabolites": []}}]}}