{"gap": {"type": "relative", "arguments": {"name": "GAP -296091488377847865", "modelCrop": "WC", "rate": 250.0, "apply_every_n_years": 1, "number_of_applications": 2, "interval": 14, "model_specific_data": {}, "bbch": 31, "season": 0}}, "compound": {"molarMass": 300.0, "water_solubility": 0.011535272422644184, "vapor_pressure": 5.092951806750158e-06, "reference_temperature": 20.0, "koc": 947.0688472921046, "freundlich": 0.7246957732232533, "dt50": {"system": 6.0, "soil": 5.08029273039379, "surfaceWater": 6.0, "sediment": 6.0}, "plant_uptake": 0.0, "name": "Compound 2973122142231295488", "model_specific_data": {}, "metabolites": [{"formation_fraction": 0.2, "metabolite": {"molarMass": 300.0, "water_solubility": 0.0008993717500400524, "vapor_pressure": 9.477509653883137e-06, "reference_temperature": 20.0, "koc": 1213.8340168157313, "freundlich": 0.7959775543683085, "dt50": {"system": 6.0, "soil": 166.2475701037797, "surfaceWater": 6.0, "sediment": 6.0}, "plant_uptake": 0.5, "name": "Compound -6616228691047392257", "model_specific_data": {}, "metabolites": []}}]}}