{"gap": {"type": "relative", "arguments": {"name": "GAP -296091488377847865", "modelCrop": "WC", "rate": 250.0, "apply_every_n_years": 1, "number_of_applications": 2, "interval": 14, "model_specific_data": {}, "bbch": 31, "season": 0}}, "compound": {"molarMass": 300.0, "water_solubility": 0.0032419203452250236, "vapor_pressure": 8.850443103567247e-06, "reference_temperature": 20.0, "koc": 190.3219659263334, "freundlich": 1.1490306811390907, "dt50": {"system": 6.0, "soil": 68.97499235780113, "surfaceWater": 6.0, "sediment": 6.0}, "plant_uptake": 0.0, "name": "Compound -1037935256055809599", "model_specific_data": {}, "metabolites": [{"formation_fraction": 0.2, "metabolite": {"molarMass": 300.0, "water_solubility": 2.362702176094647, "vapor_pressure": 3.7442925217862513e-06, "reference_temperature": 20.0, "koc": 3595.0048073650205, "freundlich": 0.9272612680288891, "dt50": {"system": 6.0, "soil": 23.851861789644758, "surfaceWater": 6.0, "sediment": 6.0}, "plant_uptake": 0.5, "name": "Compound -1890963463778091476", "model_specific_data": {}, "metabolites": []}}]}}