{"gap": {"type": "relative", "arguments": {"name": "GAP -296091488377847865", "modelCrop": "WC", "rate": 250.0, "apply_every_n_years": 1, "number_of_applications": 2, "interval": 14, "model_specific_data": {}, "bbch": 31, "season": 0}}, "compound": {"molarMass": 300.0, "water_solubility": 0.9882837512179486, "vapor_pressure": 8.344217758928154e-08, "reference_temperature": 20.0, "koc": 185.11387010986826, "freundlich": 0.8019347800715275, "dt50": {"system": 6.0, "soil": 204.96569050652587, "surfaceWater": 6.0, "sediment": 6.0}, "plant_uptake": 0.0, "name": "Compound 1016588052489644598", "model_specific_data": {}, "metabolites": [{"formation_fraction": 0.2, "metabolite": {"molarMass": 300.0, "water_solubility": 0.5437098096668446, "vapor_pressure": 7.881187677142253e-05, "reference_temperature": 20.0, "koc": 67.93041989479865, "freundlich": 1.1715331968702185, "dt50": {"system": 6.0, "soil": 96.27977541380977, "surfaceWater": 6.0, "sediment": 6.0}, "plant_uptake": 0.5, "name": "Compound -1698800501096068474", "model_specific_data": {}, "metabolites": []}}]}}