{"gap": {"type": "relative", "arguments": {"name": "GAP -296091488377847865", "modelCrop": "WC", "rate": 250.0, "apply_every_n_years": 1, "number_of_applications": 2, "interval": 14, "model_specific_data": {}, "bbch": 31, "season": 0}}, "compound": {"molarMass": 300.0, "water_solubility": 0.005073665527580325, "vapor_pressure": 0.014365677311003569, "reference_temperature": 20.0, "koc": 1004.2502001356577, "freundlich": 0.9208444013178468, "dt50": {"system": 6.0, "soil": 296.3878143816629, "surfaceWater": 6.0, "sediment": 6.0}, "plant_uptake": 0.0, "name": "Compound -2179476524224198462", "model_specific_data": {}, "metabolites": [{"formation_fraction": 0.2, "metabolite": {"molarMass": 300.0, "water_solubility": 0.023380214952258664, "vapor_pressure": 0.0002521608162271957, "reference_temperature": 20.0, "koc": 42.88635477277639, "freundlich": 0.8507441955333533, "dt50": {"system": 6.0, "soil": 21.96550317074865, "surfaceWater": 6.0, "sediment": 6.0}, "plant_uptake": 0.5, "name": "Compound -4020538233913789132", "model_specific_data": {}, "metabolites": []}}]}}