{"gap": {"type": "relative", "arguments": {"name": "GAP -296091488377847865", "modelCrop": "WC", "rate": 250.0, "apply_every_n_years": 1, "number_of_applications": 2, "interval": 14, "model_specific_data": {}, "bbch": 31, "season": 0}}, "compound": {"molarMass": 300.0, "water_solubility": 0.11912094555196323, "vapor_pressure": 3.0443185984352425e-06, "reference_temperature": 20.0, "koc": 25.55587378667414, "freundlich": 0.7188129019930911, "dt50": {"system": 6.0, "soil": 277.1951544160586, "surfaceWater": 6.0, "sediment": 6.0}, "plant_uptake": 0.0, "name": "Compound 1250367556206109460", "model_specific_data": {}, "metabolites": [{"formation_fraction": 0.2, "metabolite": {"molarMass": 300.0, "water_solubility": 0.00041117848519942485, "vapor_pressure": 1.6604872972672956e-05, "reference_temperature": 20.0, "koc": 3228.367012311282, "freundlich": 0.8785924719204314, "dt50": {"system": 6.0, "soil": 265.21833523601254, "surfaceWater": 6.0, "sediment": 6.0}, "plant_uptake": 0.5, "name": "Compound -6464375477060565383", "model_specific_data": {}, "metabolites": []}}]}}