{"gap": {"type": "relative", "arguments": {"name": "GAP -296091488377847865", "modelCrop": "WC", "rate": 250.0, "apply_every_n_years": 1, "number_of_applications": 2, "interval": 14, "model_specific_data": {}, "bbch": 31, "season": 0}}, "compound": {"molarMass": 300.0, "water_solubility": 0.0002105529655368263, "vapor_pressure": 3.043473375641249e-07, "reference_temperature": 20.0, "koc": 3623.4812456593254, "freundlich": 0.7840889768353756, "dt50": {"system": 6.0, "soil": 184.17929027448733, "surfaceWater": 6.0, "sediment": 6.0}, "plant_uptake": 0.0, "name": "Compound -2368356547207570628", "model_specific_data": {}, "metabolites": [{"formation_fraction": 0.2, "metabolite": {"molarMass": 300.0, "water_solubility": 0.00022905805252149223, "vapor_pressure": 1.5374929858326442e-08, "reference_temperature": 20.0, "koc": 1785.7206294582718, "freundlich": 0.7848373180858277, "dt50": {"system": 6.0, "soil": 220.59956536348125, "surfaceWater": 6.0, "sediment": 6.0}, "plant_uptake": 0.5, "name": "Compound 3832511044418404108", "model_specific_data": {}, "metabolites": []}}]}}