{"gap": {"type": "relative", "arguments": {"name": "GAP -296091488377847865", "modelCrop": "WC", "rate": 250.0, "apply_every_n_years": 1, "number_of_applications": 2, "interval": 14, "model_specific_data": {}, "bbch": 31, "season": 0}}, "compound": {"molarMass": 300.0, "water_solubility": 0.38971145380334143, "vapor_pressure": 0.00016319088261795235, "reference_temperature": 20.0, "koc": 81.94485555487815, "freundlich": 1.0238603690140868, "dt50": {"system": 6.0, "soil": 25.284137608220934, "surfaceWater": 6.0, "sediment": 6.0}, "plant_uptake": 0.0, "name": "Compound 323713000347435369", "model_specific_data": {}, "metabolites": [{"formation_fraction": 0.2, "metabolite": {"molarMass": 300.0, "water_solubility": 0.011144181431832443, "vapor_pressure": 5.63626862434657e-07, "reference_temperature": 20.0, "koc": 12.937088308832886, "freundlich": 0.8701158477156303, "dt50": {"system": 6.0, "soil": 248.99146619556905, "surfaceWater": 6.0, "sediment": 6.0}, "plant_uptake": 0.5, "name": "Compound 3007459634197596139", "model_specific_data": {}, "metabolites": []}}]}}