{"gap": {"type": "relative", "arguments": {"name": "GAP -296091488377847865", "modelCrop": "WC", "rate": 250.0, "apply_every_n_years": 1, "number_of_applications": 2, "interval": 14, "model_specific_data": {}, "bbch": 31, "season": 0}}, "compound": {"molarMass": 300.0, "water_solubility": 0.0368476620261956, "vapor_pressure": 0.00014569550913600776, "reference_temperature": 20.0, "koc": 162.5496123269588, "freundlich": 0.8218140074708608, "dt50": {"system": 6.0, "soil": 11.655190097846862, "surfaceWater": 6.0, "sediment": 6.0}, "plant_uptake": 0.0, "name": "Compound -5789715963205762340", "model_specific_data": {}, "metabolites": [{"formation_fraction": 0.2, "metabolite": {"molarMass": 300.0, "water_solubility": 0.00048661481595698304, "vapor_pressure": 7.988841372930077e-05, "reference_temperature": 20.0, "koc": 444.2814985770634, "freundlich": 1.1868058209461498, "dt50": {"system": 6.0, "soil": 288.5501444081914, "surfaceWater": 6.0, "sediment": 6.0}, "plant_uptake": 0.5, "name": "Compound 3620137820326093178", "model_specific_data": {}, "metabolites": []}}]}}