{"gap": {"type": "relative", "arguments": {"name": "GAP -296091488377847865", "modelCrop": "WC", "rate": 250.0, "apply_every_n_years": 1, "number_of_applications": 2, "interval": 14, "model_specific_data": {}, "bbch": 31, "season": 0}}, "compound": {"molarMass": 300.0, "water_solubility": 0.6212769982769913, "vapor_pressure": 2.3093268353236124e-06, "reference_temperature": 20.0, "koc": 93.37943176519462, "freundlich": 1.009589120568153, "dt50": {"system": 6.0, "soil": 205.41765818421342, "surfaceWater": 6.0, "sediment": 6.0}, "plant_uptake": 0.0, "name": "Compound -8896843541780525197", "model_specific_data": {}, "metabolites": [{"formation_fraction": 0.2, "metabolite": {"molarMass": 300.0, "water_solubility": 0.0018985394554165557, "vapor_pressure": 0.0005359826645712918, "reference_temperature": 20.0, "koc": 10.970565420386064, "freundlich": 0.7042493911449896, "dt50": {"system": 6.0, "soil": 146.76262168060606, "surfaceWater": 6.0, "sediment": 6.0}, "plant_uptake": 0.5, "name": "Compound -5596226854167587886", "model_specific_data": {}, "metabolites": []}}]}}