{"gap": {"type": "relative", "arguments": {"name": "GAP -296091488377847865", "modelCrop": "WC", "rate": 250.0, "apply_every_n_years": 1, "number_of_applications": 2, "interval": 14, "model_specific_data": {}, "bbch": 31, "season": 0}}, "compound": {"molarMass": 300.0, "water_solubility": 0.027699152468480374, "vapor_pressure": 0.0003296940860705153, "reference_temperature": 20.0, "koc": 1595.585092741606, "freundlich": 1.0286714361925209, "dt50": {"system": 6.0, "soil": 180.84136020278024, "surfaceWater": 6.0, "sediment": 6.0}, "plant_uptake": 0.0, "name": "Compound 1213010977197359664", "model_specific_data": {}, "metabolites": [{"formation_fraction": 0.2, "metabolite": {"molarMass": 300.0, "water_solubility": 0.001942049993893889, "vapor_pressure": 1.398072483979298e-05, "reference_temperature": 20.0, "koc": 199.85251580961145, "freundlich": 0.9688857902638826, "dt50": {"system": 6.0, "soil": 94.94009796062811, "surfaceWater": 6.0, "sediment": 6.0}, "plant_uptake": 0.5, "name": "Compound -8264093766880839869", "model_specific_data": {}, "metabolites": []}}]}}