{"gap": {"type": "relative", "arguments": {"name": "GAP -296091488377847865", "modelCrop": "WC", "rate": 250.0, "apply_every_n_years": 1, "number_of_applications": 2, "interval": 14, "model_specific_data": {}, "bbch": 31, "season": 0}}, "compound": {"molarMass": 300.0, "water_solubility": 3.7162156571175884, "vapor_pressure": 4.78555028156053e-05, "reference_temperature": 20.0, "koc": 58.40125930818001, "freundlich": 1.1589988059610605, "dt50": {"system": 6.0, "soil": 262.5891390678964, "surfaceWater": 6.0, "sediment": 6.0}, "plant_uptake": 0.0, "name": "Compound 1217419025479686160", "model_specific_data": {}, "metabolites": [{"formation_fraction": 0.2, "metabolite": {"molarMass": 300.0, "water_solubility": 0.006918007406376956, "vapor_pressure": 1.3842038049411195e-07, "reference_temperature": 20.0, "koc": 172.9038380143839, "freundlich": 1.032934519986649, "dt50": {"system": 6.0, "soil": 168.83864746854113, "surfaceWater": 6.0, "sediment": 6.0}, "plant_uptake": 0.5, "name": "Compound -5170872230727882405", "model_specific_data": {}, "metabolites": []}}]}}