{"gap": {"type": "relative", "arguments": {"name": "GAP -296091488377847865", "modelCrop": "WC", "rate": 250.0, "apply_every_n_years": 1, "number_of_applications": 2, "interval": 14, "model_specific_data": {}, "bbch": 31, "season": 0}}, "compound": {"molarMass": 300.0, "water_solubility": 0.1372897912247508, "vapor_pressure": 8.551476136928172e-06, "reference_temperature": 20.0, "koc": 98.44620428746457, "freundlich": 0.9546041466640509, "dt50": {"system": 6.0, "soil": 62.32983195316004, "surfaceWater": 6.0, "sediment": 6.0}, "plant_uptake": 0.0, "name": "Compound 8446779873084657700", "model_specific_data": {}, "metabolites": [{"formation_fraction": 0.2, "metabolite": {"molarMass": 300.0, "water_solubility": 0.07861492992362758, "vapor_pressure": 3.4997298186553635e-08, "reference_temperature": 20.0, "koc": 165.06422428819022, "freundlich": 1.0700073146667977, "dt50": {"system": 6.0, "soil": 62.26680698783962, "surfaceWater": 6.0, "sediment": 6.0}, "plant_uptake": 0.5, "name": "Compound -9099813361695997767", "model_specific_data": {}, "metabolites": []}}]}}