{"gap": {"type": "relative", "arguments": {"name": "GAP -296091488377847865", "modelCrop": "WC", "rate": 250.0, "apply_every_n_years": 1, "number_of_applications": 2, "interval": 14, "model_specific_data": {}, "bbch": 31, "season": 0}}, "compound": {"molarMass": 300.0, "water_solubility": 0.026442804758676202, "vapor_pressure": 6.235068736559585e-07, "reference_temperature": 20.0, "koc": 3212.261464060906, "freundlich": 0.7750242938277462, "dt50": {"system": 6.0, "soil": 97.35870010535068, "surfaceWater": 6.0, "sediment": 6.0}, "plant_uptake": 0.0, "name": "Compound 7867268125444511077", "model_specific_data": {}, "metabolites": [{"formation_fraction": 0.2, "metabolite": {"molarMass": 300.0, "water_solubility": 0.009628586582457401, "vapor_pressure": 1.2338300207708605e-07, "reference_temperature": 20.0, "koc": 28.83525941170737, "freundlich": 0.9287280548520045, "dt50": {"system": 6.0, "soil": 36.86263780539708, "surfaceWater": 6.0, "sediment": 6.0}, "plant_uptake": 0.5, "name": "Compound -5370801912391774954", "model_specific_data": {}, "metabolites": []}}]}}