{"gap": {"type": "relative", "arguments": {"name": "GAP -296091488377847865", "modelCrop": "WC", "rate": 250.0, "apply_every_n_years": 1, "number_of_applications": 2, "interval": 14, "model_specific_data": {}, "bbch": 31, "season": 0}}, "compound": {"molarMass": 300.0, "water_solubility": 0.023425071718841617, "vapor_pressure": 7.1310644020867265e-06, "reference_temperature": 20.0, "koc": 1980.275004078599, "freundlich": 0.9854248597490411, "dt50": {"system": 6.0, "soil": 154.9919828511406, "surfaceWater": 6.0, "sediment": 6.0}, "plant_uptake": 0.0, "name": "Compound 4007073865233711260", "model_specific_data": {}, "metabolites": [{"formation_fraction": 0.2, "metabolite": {"molarMass": 300.0, "water_solubility": 0.0038821291315996828, "vapor_pressure": 3.479828354627677e-07, "reference_temperature": 20.0, "koc": 29.404693842623264, "freundlich": 0.7595935541526432, "dt50": {"system": 6.0, "soil": 265.8135483895293, "surfaceWater": 6.0, "sediment": 6.0}, "plant_uptake": 0.5, "name": "Compound -1285688071400988736", "model_specific_data": {}, "metabolites": []}}]}}