{"gap": {"type": "relative", "arguments": {"name": "GAP -296091488377847865", "modelCrop": "WC", "rate": 250.0, "apply_every_n_years": 1, "number_of_applications": 2, "interval": 14, "model_specific_data": {}, "bbch": 31, "season": 0}}, "compound": {"molarMass": 300.0, "water_solubility": 0.03866220955129503, "vapor_pressure": 5.097850247997098e-10, "reference_temperature": 20.0, "koc": 22.539957542086245, "freundlich": 0.7212458952397892, "dt50": {"system": 6.0, "soil": 17.439042534514176, "surfaceWater": 6.0, "sediment": 6.0}, "plant_uptake": 0.0, "name": "Compound -1870775725992442326", "model_specific_data": {}, "metabolites": [{"formation_fraction": 0.2, "metabolite": {"molarMass": 300.0, "water_solubility": 0.01072104251754307, "vapor_pressure": 2.334666011020583e-05, "reference_temperature": 20.0, "koc": 4016.335118511944, "freundlich": 1.1094384889705053, "dt50": {"system": 6.0, "soil": 44.23806019353021, "surfaceWater": 6.0, "sediment": 6.0}, "plant_uptake": 0.5, "name": "Compound 8816709005803744504", "model_specific_data": {}, "metabolites": []}}]}}