{"gap": {"type": "relative", "arguments": {"name": "GAP -296091488377847865", "modelCrop": "WC", "rate": 250.0, "apply_every_n_years": 1, "number_of_applications": 2, "interval": 14, "model_specific_data": {}, "bbch": 31, "season": 0}}, "compound": {"molarMass": 300.0, "water_solubility": 0.005400524737325272, "vapor_pressure": 1.7848266891471057e-06, "reference_temperature": 20.0, "koc": 1170.890509665283, "freundlich": 0.9464619567754093, "dt50": {"system": 6.0, "soil": 252.9464568969082, "surfaceWater": 6.0, "sediment": 6.0}, "plant_uptake": 0.0, "name": "Compound -3408122564868112514", "model_specific_data": {}, "metabolites": [{"formation_fraction": 0.2, "metabolite": {"molarMass": 300.0, "water_solubility": 0.028770928347435883, "vapor_pressure": 4.486375646148557e-08, "reference_temperature": 20.0, "koc": 4157.080938824229, "freundlich": 1.0994110609754055, "dt50": {"system": 6.0, "soil": 119.51754538195405, "surfaceWater": 6.0, "sediment": 6.0}, "plant_uptake": 0.5, "name": "Compound -7277123539868020313", "model_specific_data": {}, "metabolites": []}}]}}