{"gap": {"type": "relative", "arguments": {"name": "GAP -296091488377847865", "modelCrop": "WC", "rate": 250.0, "apply_every_n_years": 1, "number_of_applications": 2, "interval": 14, "model_specific_data": {}, "bbch": 31, "season": 0}}, "compound": {"molarMass": 300.0, "water_solubility": 0.00029208312697163395, "vapor_pressure": 3.619824415464812e-05, "reference_temperature": 20.0, "koc": 3113.742326558058, "freundlich": 0.9730015720277296, "dt50": {"system": 6.0, "soil": 200.29807060539497, "surfaceWater": 6.0, "sediment": 6.0}, "plant_uptake": 0.0, "name": "Compound -779911295227548421", "model_specific_data": {}, "metabolites": [{"formation_fraction": 0.2, "metabolite": {"molarMass": 300.0, "water_solubility": 0.003629982021813093, "vapor_pressure": 1.1912244779297084e-07, "reference_temperature": 20.0, "koc": 11.583956370335336, "freundlich": 0.7885882688421573, "dt50": {"system": 6.0, "soil": 286.61894574252636, "surfaceWater": 6.0, "sediment": 6.0}, "plant_uptake": 0.5, "name": "Compound 8324531745136457382", "model_specific_data": {}, "metabolites": []}}]}}