{"gap": {"type": "relative", "arguments": {"name": "GAP -296091488377847865", "modelCrop": "WC", "rate": 250.0, "apply_every_n_years": 1, "number_of_applications": 2, "interval": 14, "model_specific_data": {}, "bbch": 31, "season": 0}}, "compound": {"molarMass": 300.0, "water_solubility": 0.0008959736414093239, "vapor_pressure": 2.413811722882333e-07, "reference_temperature": 20.0, "koc": 2326.3825812725063, "freundlich": 0.9425256384393124, "dt50": {"system": 6.0, "soil": 282.66907654651396, "surfaceWater": 6.0, "sediment": 6.0}, "plant_uptake": 0.0, "name": "Compound 2306050833889354702", "model_specific_data": {}, "metabolites": [{"formation_fraction": 0.2, "metabolite": {"molarMass": 300.0, "water_solubility": 0.0021775162100316553, "vapor_pressure": 4.6578798253789094e-07, "reference_temperature": 20.0, "koc": 242.05153419444588, "freundlich": 1.1792264286473133, "dt50": {"system": 6.0, "soil": 178.55407576274368, "surfaceWater": 6.0, "sediment": 6.0}, "plant_uptake": 0.5, "name": "Compound 1203144704231825778", "model_specific_data": {}, "metabolites": []}}]}}