{"gap": {"type": "relative", "arguments": {"name": "GAP -296091488377847865", "modelCrop": "WC", "rate": 250.0, "apply_every_n_years": 1, "number_of_applications": 2, "interval": 14, "model_specific_data": {}, "bbch": 31, "season": 0}}, "compound": {"molarMass": 300.0, "water_solubility": 0.0004382718702346198, "vapor_pressure": 1.516219096013095e-06, "reference_temperature": 20.0, "koc": 643.8940676922552, "freundlich": 0.7412721590512088, "dt50": {"system": 6.0, "soil": 89.19668900468028, "surfaceWater": 6.0, "sediment": 6.0}, "plant_uptake": 0.0, "name": "Compound 8652826918935904419", "model_specific_data": {}, "metabolites": [{"formation_fraction": 0.2, "metabolite": {"molarMass": 300.0, "water_solubility": 0.0004567046741779047, "vapor_pressure": 4.891187666228799e-05, "reference_temperature": 20.0, "koc": 1822.3757163903608, "freundlich": 1.1688118371989509, "dt50": {"system": 6.0, "soil": 232.85133535919388, "surfaceWater": 6.0, "sediment": 6.0}, "plant_uptake": 0.5, "name": "Compound -6691025950500122634", "model_specific_data": {}, "metabolites": []}}]}}