{"gap": {"type": "relative", "arguments": {"name": "GAP -296091488377847865", "modelCrop": "WC", "rate": 250.0, "apply_every_n_years": 1, "number_of_applications": 2, "interval": 14, "model_specific_data": {}, "bbch": 31, "season": 0}}, "compound": {"molarMass": 300.0, "water_solubility": 0.17792441409901355, "vapor_pressure": 3.0193136596901956e-06, "reference_temperature": 20.0, "koc": 585.1474394346712, "freundlich": 0.7721219713025633, "dt50": {"system": 6.0, "soil": 62.16032845423888, "surfaceWater": 6.0, "sediment": 6.0}, "plant_uptake": 0.0, "name": "Compound 4813297825522022352", "model_specific_data": {}, "metabolites": [{"formation_fraction": 0.2, "metabolite": {"molarMass": 300.0, "water_solubility": 0.024826848834601505, "vapor_pressure": 9.526211127913852e-05, "reference_temperature": 20.0, "koc": 133.6427332088046, "freundlich": 1.1458571869674157, "dt50": {"system": 6.0, "soil": 50.12530667764953, "surfaceWater": 6.0, "sediment": 6.0}, "plant_uptake": 0.5, "name": "Compound 3541699513388506847", "model_specific_data": {}, "metabolites": []}}]}}