{"gap": {"type": "relative", "arguments": {"name": "GAP -296091488377847865", "modelCrop": "WC", "rate": 250.0, "apply_every_n_years": 1, "number_of_applications": 2, "interval": 14, "model_specific_data": {}, "bbch": 31, "season": 0}}, "compound": {"molarMass": 300.0, "water_solubility": 0.002624039076115827, "vapor_pressure": 0.00016955368638053639, "reference_temperature": 20.0, "koc": 945.6644533600904, "freundlich": 0.8536952121162364, "dt50": {"system": 6.0, "soil": 88.97723631739346, "surfaceWater": 6.0, "sediment": 6.0}, "plant_uptake": 0.0, "name": "Compound -5626278793181199311", "model_specific_data": {}, "metabolites": [{"formation_fraction": 0.2, "metabolite": {"molarMass": 300.0, "water_solubility": 0.27131099990305874, "vapor_pressure": 5.36386538852482e-05, "reference_temperature": 20.0, "koc": 1929.3099899150232, "freundlich": 0.8162053374339029, "dt50": {"system": 6.0, "soil": 268.22554782191605, "surfaceWater": 6.0, "sediment": 6.0}, "plant_uptake": 0.5, "name": "Compound 4691617583155132724", "model_specific_data": {}, "metabolites": []}}]}}