{"gap": {"type": "relative", "arguments": {"name": "GAP -296091488377847865", "modelCrop": "WC", "rate": 250.0, "apply_every_n_years": 1, "number_of_applications": 2, "interval": 14, "model_specific_data": {}, "bbch": 31, "season": 0}}, "compound": {"molarMass": 300.0, "water_solubility": 0.0017058722491473596, "vapor_pressure": 0.00022561248240929795, "reference_temperature": 20.0, "koc": 1173.4739937039988, "freundlich": 1.0278005259615675, "dt50": {"system": 6.0, "soil": 46.98205451754012, "surfaceWater": 6.0, "sediment": 6.0}, "plant_uptake": 0.0, "name": "Compound -2545512032245155621", "model_specific_data": {}, "metabolites": [{"formation_fraction": 0.2, "metabolite": {"molarMass": 300.0, "water_solubility": 0.001697176125419099, "vapor_pressure": 3.3607883711246885e-05, "reference_temperature": 20.0, "koc": 1196.1346158226997, "freundlich": 0.7811690250972987, "dt50": {"system": 6.0, "soil": 161.90641115938104, "surfaceWater": 6.0, "sediment": 6.0}, "plant_uptake": 0.5, "name": "Compound 197536896836550334", "model_specific_data": {}, "metabolites": []}}]}}