{"gap": {"type": "relative", "arguments": {"name": "GAP -296091488377847865", "modelCrop": "WC", "rate": 250.0, "apply_every_n_years": 1, "number_of_applications": 2, "interval": 14, "model_specific_data": {}, "bbch": 31, "season": 0}}, "compound": {"molarMass": 300.0, "water_solubility": 0.5461075816603608, "vapor_pressure": 5.863731755512385e-06, "reference_temperature": 20.0, "koc": 231.71025963394655, "freundlich": 1.1381199879484527, "dt50": {"system": 6.0, "soil": 254.9561832916202, "surfaceWater": 6.0, "sediment": 6.0}, "plant_uptake": 0.0, "name": "Compound 6261916295565358470", "model_specific_data": {}, "metabolites": [{"formation_fraction": 0.2, "metabolite": {"molarMass": 300.0, "water_solubility": 0.015536128131062298, "vapor_pressure": 1.3263767131778858e-06, "reference_temperature": 20.0, "koc": 2979.4273933609816, "freundlich": 1.1882251857459383, "dt50": {"system": 6.0, "soil": 294.7063825108213, "surfaceWater": 6.0, "sediment": 6.0}, "plant_uptake": 0.5, "name": "Compound 1268917867708296978", "model_specific_data": {}, "metabolites": []}}]}}