{"gap": {"type": "relative", "arguments": {"name": "GAP -296091488377847865", "modelCrop": "WC", "rate": 250.0, "apply_every_n_years": 1, "number_of_applications": 2, "interval": 14, "model_specific_data": {}, "bbch": 31, "season": 0}}, "compound": {"molarMass": 300.0, "water_solubility": 0.0024584780806214913, "vapor_pressure": 3.6522646951525457e-06, "reference_temperature": 20.0, "koc": 12.708053011079908, "freundlich": 1.185401033705877, "dt50": {"system": 6.0, "soil": 48.27490217868498, "surfaceWater": 6.0, "sediment": 6.0}, "plant_uptake": 0.0, "name": "Compound -4255373764208683821", "model_specific_data": {}, "metabolites": [{"formation_fraction": 0.2, "metabolite": {"molarMass": 300.0, "water_solubility": 0.36135624178731046, "vapor_pressure": 0.0006409014603074056, "reference_temperature": 20.0, "koc": 2237.6625343417886, "freundlich": 1.0844618853605115, "dt50": {"system": 6.0, "soil": 17.898798676132476, "surfaceWater": 6.0, "sediment": 6.0}, "plant_uptake": 0.5, "name": "Compound -1924980837066776035", "model_specific_data": {}, "metabolites": []}}]}}