{"gap": {"type": "relative", "arguments": {"name": "GAP -296091488377847865", "modelCrop": "WC", "rate": 250.0, "apply_every_n_years": 1, "number_of_applications": 2, "interval": 14, "model_specific_data": {}, "bbch": 31, "season": 0}}, "compound": {"molarMass": 300.0, "water_solubility": 0.07997150879343648, "vapor_pressure": 9.486045607245003e-05, "reference_temperature": 20.0, "koc": 303.99899074580657, "freundlich": 0.7999966816586276, "dt50": {"system": 6.0, "soil": 98.63208210246844, "surfaceWater": 6.0, "sediment": 6.0}, "plant_uptake": 0.0, "name": "Compound -7173439308664029700", "model_specific_data": {}, "metabolites": [{"formation_fraction": 0.2, "metabolite": {"molarMass": 300.0, "water_solubility": 0.00019134152473770938, "vapor_pressure": 7.668115667075228e-07, "reference_temperature": 20.0, "koc": 89.59726637518122, "freundlich": 1.0111649300153505, "dt50": {"system": 6.0, "soil": 89.37419685248669, "surfaceWater": 6.0, "sediment": 6.0}, "plant_uptake": 0.5, "name": "Compound -7888703867353334722", "model_specific_data": {}, "metabolites": []}}]}}