{"gap": {"type": "relative", "arguments": {"name": "GAP -296091488377847865", "modelCrop": "WC", "rate": 250.0, "apply_every_n_years": 1, "number_of_applications": 2, "interval": 14, "model_specific_data": {}, "bbch": 31, "season": 0}}, "compound": {"molarMass": 300.0, "water_solubility": 0.0004082449634554694, "vapor_pressure": 1.680445654444008e-07, "reference_temperature": 20.0, "koc": 2141.221308602354, "freundlich": 0.7808077626434318, "dt50": {"system": 6.0, "soil": 255.22008109515394, "surfaceWater": 6.0, "sediment": 6.0}, "plant_uptake": 0.0, "name": "Compound -8445722082726571561", "model_specific_data": {}, "metabolites": [{"formation_fraction": 0.2, "metabolite": {"molarMass": 300.0, "water_solubility": 0.0015331382475679673, "vapor_pressure": 3.4319914478561334e-06, "reference_temperature": 20.0, "koc": 1301.7662550445407, "freundlich": 1.109041473579607, "dt50": {"system": 6.0, "soil": 211.05332299443108, "surfaceWater": 6.0, "sediment": 6.0}, "plant_uptake": 0.5, "name": "Compound -5828205800366960219", "model_specific_data": {}, "metabolites": []}}]}}