{"gap": {"type": "relative", "arguments": {"name": "GAP -296091488377847865", "modelCrop": "WC", "rate": 250.0, "apply_every_n_years": 1, "number_of_applications": 2, "interval": 14, "model_specific_data": {}, "bbch": 31, "season": 0}}, "compound": {"molarMass": 300.0, "water_solubility": 0.007561018786910173, "vapor_pressure": 9.868667518474353e-07, "reference_temperature": 20.0, "koc": 148.77632859165888, "freundlich": 1.1958892396271308, "dt50": {"system": 6.0, "soil": 80.30131747499547, "surfaceWater": 6.0, "sediment": 6.0}, "plant_uptake": 0.0, "name": "Compound 3983173131032631414", "model_specific_data": {}, "metabolites": [{"formation_fraction": 0.2, "metabolite": {"molarMass": 300.0, "water_solubility": 0.06350812344356319, "vapor_pressure": 2.3613167680805953e-05, "reference_temperature": 20.0, "koc": 280.27955372457916, "freundlich": 0.8302744373840025, "dt50": {"system": 6.0, "soil": 189.81166131227096, "surfaceWater": 6.0, "sediment": 6.0}, "plant_uptake": 0.5, "name": "Compound 1000460493025765417", "model_specific_data": {}, "metabolites": []}}]}}