{"gap": {"type": "relative", "arguments": {"name": "GAP -296091488377847865", "modelCrop": "WC", "rate": 250.0, "apply_every_n_years": 1, "number_of_applications": 2, "interval": 14, "model_specific_data": {}, "bbch": 31, "season": 0}}, "compound": {"molarMass": 300.0, "water_solubility": 0.0011706950530137755, "vapor_pressure": 6.910119748033624e-05, "reference_temperature": 20.0, "koc": 1854.4379762297115, "freundlich": 0.8299478447200295, "dt50": {"system": 6.0, "soil": 232.28216953832057, "surfaceWater": 6.0, "sediment": 6.0}, "plant_uptake": 0.0, "name": "Compound -964767566667733966", "model_specific_data": {}, "metabolites": [{"formation_fraction": 0.2, "metabolite": {"molarMass": 300.0, "water_solubility": 0.029064501557158548, "vapor_pressure": 1.8783665733771144e-06, "reference_temperature": 20.0, "koc": 633.5567394011779, "freundlich": 0.954940221203429, "dt50": {"system": 6.0, "soil": 265.47065648436177, "surfaceWater": 6.0, "sediment": 6.0}, "plant_uptake": 0.5, "name": "Compound 8917240583507907931", "model_specific_data": {}, "metabolites": []}}]}}