{"gap": {"type": "relative", "arguments": {"name": "GAP -296091488377847865", "modelCrop": "WC", "rate": 250.0, "apply_every_n_years": 1, "number_of_applications": 2, "interval": 14, "model_specific_data": {}, "bbch": 31, "season": 0}}, "compound": {"molarMass": 300.0, "water_solubility": 0.0047146943596304966, "vapor_pressure": 1.238693932586375e-06, "reference_temperature": 20.0, "koc": 2794.839426574058, "freundlich": 1.1931650134417868, "dt50": {"system": 6.0, "soil": 254.14304592335733, "surfaceWater": 6.0, "sediment": 6.0}, "plant_uptake": 0.0, "name": "Compound -2093925683755873422", "model_specific_data": {}, "metabolites": [{"formation_fraction": 0.2, "metabolite": {"molarMass": 300.0, "water_solubility": 0.0013623523709312803, "vapor_pressure": 4.43390501815035e-06, "reference_temperature": 20.0, "koc": 99.66417084154465, "freundlich": 0.9718489616241988, "dt50": {"system": 6.0, "soil": 231.38940566036334, "surfaceWater": 6.0, "sediment": 6.0}, "plant_uptake": 0.5, "name": "Compound -7898438789541513028", "model_specific_data": {}, "metabolites": []}}]}}