{"gap": {"type": "relative", "arguments": {"name": "GAP -296091488377847865", "modelCrop": "WC", "rate": 250.0, "apply_every_n_years": 1, "number_of_applications": 2, "interval": 14, "model_specific_data": {}, "bbch": 31, "season": 0}}, "compound": {"molarMass": 300.0, "water_solubility": 0.03367180773180713, "vapor_pressure": 2.4100807685867637e-05, "reference_temperature": 20.0, "koc": 19.82960925197911, "freundlich": 1.0971564470216257, "dt50": {"system": 6.0, "soil": 172.0569432023191, "surfaceWater": 6.0, "sediment": 6.0}, "plant_uptake": 0.0, "name": "Compound -6772661865029848776", "model_specific_data": {}, "metabolites": [{"formation_fraction": 0.2, "metabolite": {"molarMass": 300.0, "water_solubility": 0.4319882016350566, "vapor_pressure": 2.1323566590336794e-06, "reference_temperature": 20.0, "koc": 4923.006504258651, "freundlich": 1.1851520544125154, "dt50": {"system": 6.0, "soil": 87.56954494349642, "surfaceWater": 6.0, "sediment": 6.0}, "plant_uptake": 0.5, "name": "Compound -2597211757785956247", "model_specific_data": {}, "metabolites": []}}]}}