{"gap": {"type": "relative", "arguments": {"name": "GAP -296091488377847865", "modelCrop": "WC", "rate": 250.0, "apply_every_n_years": 1, "number_of_applications": 2, "interval": 14, "model_specific_data": {}, "bbch": 31, "season": 0}}, "compound": {"molarMass": 300.0, "water_solubility": 0.018391347272022053, "vapor_pressure": 0.00033847891992353537, "reference_temperature": 20.0, "koc": 1187.7999775604592, "freundlich": 0.7244825726270273, "dt50": {"system": 6.0, "soil": 38.636578088062734, "surfaceWater": 6.0, "sediment": 6.0}, "plant_uptake": 0.0, "name": "Compound 5553902438401184588", "model_specific_data": {}, "metabolites": [{"formation_fraction": 0.2, "metabolite": {"molarMass": 300.0, "water_solubility": 0.09313718261905911, "vapor_pressure": 1.5114466566807487e-08, "reference_temperature": 20.0, "koc": 14.630062791047648, "freundlich": 0.7526032770703072, "dt50": {"system": 6.0, "soil": 194.55895544203725, "surfaceWater": 6.0, "sediment": 6.0}, "plant_uptake": 0.5, "name": "Compound 8338820163163027986", "model_specific_data": {}, "metabolites": []}}]}}