{"gap": {"type": "relative", "arguments": {"name": "GAP -296091488377847865", "modelCrop": "WC", "rate": 250.0, "apply_every_n_years": 1, "number_of_applications": 2, "interval": 14, "model_specific_data": {}, "bbch": 31, "season": 0}}, "compound": {"molarMass": 300.0, "water_solubility": 0.0074710078000940015, "vapor_pressure": 2.888755542313353e-07, "reference_temperature": 20.0, "koc": 2841.899497221861, "freundlich": 1.1391334310472856, "dt50": {"system": 6.0, "soil": 175.99386895279181, "surfaceWater": 6.0, "sediment": 6.0}, "plant_uptake": 0.0, "name": "Compound -3612225175026931077", "model_specific_data": {}, "metabolites": [{"formation_fraction": 0.2, "metabolite": {"molarMass": 300.0, "water_solubility": 0.03493994689345189, "vapor_pressure": 8.004716188389445e-05, "reference_temperature": 20.0, "koc": 77.36834411333399, "freundlich": 0.7250356170598975, "dt50": {"system": 6.0, "soil": 9.060121033866718, "surfaceWater": 6.0, "sediment": 6.0}, "plant_uptake": 0.5, "name": "Compound 6460416092869498635", "model_specific_data": {}, "metabolites": []}}]}}