{"gap": {"type": "relative", "arguments": {"name": "GAP -296091488377847865", "modelCrop": "WC", "rate": 250.0, "apply_every_n_years": 1, "number_of_applications": 2, "interval": 14, "model_specific_data": {}, "bbch": 31, "season": 0}}, "compound": {"molarMass": 300.0, "water_solubility": 0.00123475303183517, "vapor_pressure": 1.325207938555973e-07, "reference_temperature": 20.0, "koc": 192.9261529258829, "freundlich": 1.0701182681442638, "dt50": {"system": 6.0, "soil": 243.97552204933572, "surfaceWater": 6.0, "sediment": 6.0}, "plant_uptake": 0.0, "name": "Compound 5356749773399464835", "model_specific_data": {}, "metabolites": [{"formation_fraction": 0.2, "metabolite": {"molarMass": 300.0, "water_solubility": 0.08196368993567768, "vapor_pressure": 7.319911036004379e-05, "reference_temperature": 20.0, "koc": 73.62969398638319, "freundlich": 0.7779873536962278, "dt50": {"system": 6.0, "soil": 74.33027561960103, "surfaceWater": 6.0, "sediment": 6.0}, "plant_uptake": 0.5, "name": "Compound 338895503855795782", "model_specific_data": {}, "metabolites": []}}]}}