{"gap": {"type": "relative", "arguments": {"name": "GAP -296091488377847865", "modelCrop": "WC", "rate": 250.0, "apply_every_n_years": 1, "number_of_applications": 2, "interval": 14, "model_specific_data": {}, "bbch": 31, "season": 0}}, "compound": {"molarMass": 300.0, "water_solubility": 0.017759833038728474, "vapor_pressure": 7.52654954513308e-06, "reference_temperature": 20.0, "koc": 494.1418780226843, "freundlich": 1.1532143980893177, "dt50": {"system": 6.0, "soil": 187.17973368620196, "surfaceWater": 6.0, "sediment": 6.0}, "plant_uptake": 0.0, "name": "Compound 3472410156926542444", "model_specific_data": {}, "metabolites": [{"formation_fraction": 0.2, "metabolite": {"molarMass": 300.0, "water_solubility": 0.02571868709697616, "vapor_pressure": 1.2127262513238065e-08, "reference_temperature": 20.0, "koc": 650.5458457604016, "freundlich": 0.9422081128512807, "dt50": {"system": 6.0, "soil": 43.246080183400544, "surfaceWater": 6.0, "sediment": 6.0}, "plant_uptake": 0.5, "name": "Compound 428402698025967787", "model_specific_data": {}, "metabolites": []}}]}}