{"gap": {"type": "relative", "arguments": {"name": "GAP -296091488377847865", "modelCrop": "WC", "rate": 250.0, "apply_every_n_years": 1, "number_of_applications": 2, "interval": 14, "model_specific_data": {}, "bbch": 31, "season": 0}}, "compound": {"molarMass": 300.0, "water_solubility": 0.06020307417639811, "vapor_pressure": 1.6781284682160953e-05, "reference_temperature": 20.0, "koc": 25.51273470337267, "freundlich": 0.7135009377807786, "dt50": {"system": 6.0, "soil": 298.14770821411395, "surfaceWater": 6.0, "sediment": 6.0}, "plant_uptake": 0.0, "name": "Compound 5512122749438218679", "model_specific_data": {}, "metabolites": [{"formation_fraction": 0.2, "metabolite": {"molarMass": 300.0, "water_solubility": 9.965196373854322e-05, "vapor_pressure": 1.668708872921108e-06, "reference_temperature": 20.0, "koc": 40.32491432204599, "freundlich": 1.0369293137754734, "dt50": {"system": 6.0, "soil": 42.73729339780315, "surfaceWater": 6.0, "sediment": 6.0}, "plant_uptake": 0.5, "name": "Compound 299078395456542309", "model_specific_data": {}, "metabolites": []}}]}}