{"gap": {"type": "relative", "arguments": {"name": "GAP -296091488377847865", "modelCrop": "WC", "rate": 250.0, "apply_every_n_years": 1, "number_of_applications": 2, "interval": 14, "model_specific_data": {}, "bbch": 31, "season": 0}}, "compound": {"molarMass": 300.0, "water_solubility": 8.856941093319796e-05, "vapor_pressure": 9.669697578651196e-05, "reference_temperature": 20.0, "koc": 2487.452577510822, "freundlich": 0.7499697249559225, "dt50": {"system": 6.0, "soil": 287.61757376468705, "surfaceWater": 6.0, "sediment": 6.0}, "plant_uptake": 0.0, "name": "Compound 7757712246940887666", "model_specific_data": {}, "metabolites": [{"formation_fraction": 0.2, "metabolite": {"molarMass": 300.0, "water_solubility": 0.0003523539157499569, "vapor_pressure": 4.808659928953554e-05, "reference_temperature": 20.0, "koc": 2162.8313195269347, "freundlich": 0.822722513912917, "dt50": {"system": 6.0, "soil": 108.29128488567665, "surfaceWater": 6.0, "sediment": 6.0}, "plant_uptake": 0.5, "name": "Compound 6388814176442307191", "model_specific_data": {}, "metabolites": []}}]}}