{"gap": {"type": "relative", "arguments": {"name": "GAP -296091488377847865", "modelCrop": "WC", "rate": 250.0, "apply_every_n_years": 1, "number_of_applications": 2, "interval": 14, "model_specific_data": {}, "bbch": 31, "season": 0}}, "compound": {"molarMass": 300.0, "water_solubility": 0.05790534695841549, "vapor_pressure": 5.428222858261991e-05, "reference_temperature": 20.0, "koc": 115.41733706671398, "freundlich": 1.032966612177905, "dt50": {"system": 6.0, "soil": 69.54155980258533, "surfaceWater": 6.0, "sediment": 6.0}, "plant_uptake": 0.0, "name": "Compound -1306093656485616652", "model_specific_data": {}, "metabolites": [{"formation_fraction": 0.2, "metabolite": {"molarMass": 300.0, "water_solubility": 0.000841628192965359, "vapor_pressure": 0.0001634963612905055, "reference_temperature": 20.0, "koc": 27.189960043223202, "freundlich": 1.0165052904924097, "dt50": {"system": 6.0, "soil": 294.68787924527436, "surfaceWater": 6.0, "sediment": 6.0}, "plant_uptake": 0.5, "name": "Compound 5341827027489032246", "model_specific_data": {}, "metabolites": []}}]}}