{"gap": {"type": "relative", "arguments": {"name": "GAP -296091488377847865", "modelCrop": "WC", "rate": 250.0, "apply_every_n_years": 1, "number_of_applications": 2, "interval": 14, "model_specific_data": {}, "bbch": 31, "season": 0}}, "compound": {"molarMass": 300.0, "water_solubility": 0.0004825913410477294, "vapor_pressure": 1.5802648717120206e-06, "reference_temperature": 20.0, "koc": 929.7200961591248, "freundlich": 0.7542979904805343, "dt50": {"system": 6.0, "soil": 9.831747736881606, "surfaceWater": 6.0, "sediment": 6.0}, "plant_uptake": 0.0, "name": "Compound 7102681643173314893", "model_specific_data": {}, "metabolites": [{"formation_fraction": 0.2, "metabolite": {"molarMass": 300.0, "water_solubility": 0.0011577045617166596, "vapor_pressure": 1.3397730630982741e-06, "reference_temperature": 20.0, "koc": 1118.3959463125925, "freundlich": 0.7954698623505859, "dt50": {"system": 6.0, "soil": 287.2932107595666, "surfaceWater": 6.0, "sediment": 6.0}, "plant_uptake": 0.5, "name": "Compound -9076294277781883972", "model_specific_data": {}, "metabolites": []}}]}}