{"gap": {"type": "relative", "arguments": {"name": "GAP -296091488377847865", "modelCrop": "WC", "rate": 250.0, "apply_every_n_years": 1, "number_of_applications": 2, "interval": 14, "model_specific_data": {}, "bbch": 31, "season": 0}}, "compound": {"molarMass": 300.0, "water_solubility": 3.3859642301911516e-05, "vapor_pressure": 2.873480909034305e-06, "reference_temperature": 20.0, "koc": 176.75301813883428, "freundlich": 0.8421244802231245, "dt50": {"system": 6.0, "soil": 167.81178156935684, "surfaceWater": 6.0, "sediment": 6.0}, "plant_uptake": 0.0, "name": "Compound 2738859068434881797", "model_specific_data": {}, "metabolites": [{"formation_fraction": 0.2, "metabolite": {"molarMass": 300.0, "water_solubility": 0.0021119529096073984, "vapor_pressure": 3.082525540256171e-05, "reference_temperature": 20.0, "koc": 707.7383427007336, "freundlich": 1.1784337991517284, "dt50": {"system": 6.0, "soil": 263.632954052703, "surfaceWater": 6.0, "sediment": 6.0}, "plant_uptake": 0.5, "name": "Compound -5884350168817743315", "model_specific_data": {}, "metabolites": []}}]}}