{"gap": {"type": "relative", "arguments": {"name": "GAP -296091488377847865", "modelCrop": "WC", "rate": 250.0, "apply_every_n_years": 1, "number_of_applications": 2, "interval": 14, "model_specific_data": {}, "bbch": 31, "season": 0}}, "compound": {"molarMass": 300.0, "water_solubility": 0.12978465422532579, "vapor_pressure": 0.004862033773418513, "reference_temperature": 20.0, "koc": 522.7821965718506, "freundlich": 0.89479562138221, "dt50": {"system": 6.0, "soil": 266.9992986276472, "surfaceWater": 6.0, "sediment": 6.0}, "plant_uptake": 0.0, "name": "Compound -7829008015038782368", "model_specific_data": {}, "metabolites": [{"formation_fraction": 0.2, "metabolite": {"molarMass": 300.0, "water_solubility": 0.5369874689607937, "vapor_pressure": 0.002283371325635708, "reference_temperature": 20.0, "koc": 2168.685723944298, "freundlich": 0.8967500440064831, "dt50": {"system": 6.0, "soil": 161.17627173926712, "surfaceWater": 6.0, "sediment": 6.0}, "plant_uptake": 0.5, "name": "Compound 2737136897315770718", "model_specific_data": {}, "metabolites": []}}]}}