{"gap": {"type": "relative", "arguments": {"name": "GAP -296091488377847865", "modelCrop": "WC", "rate": 250.0, "apply_every_n_years": 1, "number_of_applications": 2, "interval": 14, "model_specific_data": {}, "bbch": 31, "season": 0}}, "compound": {"molarMass": 300.0, "water_solubility": 0.0008885169611200477, "vapor_pressure": 0.001770542374293042, "reference_temperature": 20.0, "koc": 12.092378274222686, "freundlich": 1.0142436273625863, "dt50": {"system": 6.0, "soil": 67.57035986167953, "surfaceWater": 6.0, "sediment": 6.0}, "plant_uptake": 0.0, "name": "Compound 3040418270411632831", "model_specific_data": {}, "metabolites": [{"formation_fraction": 0.2, "metabolite": {"molarMass": 300.0, "water_solubility": 0.0003226887587366136, "vapor_pressure": 0.01812813669090075, "reference_temperature": 20.0, "koc": 1187.4130125750578, "freundlich": 1.035617196484158, "dt50": {"system": 6.0, "soil": 257.4371226044209, "surfaceWater": 6.0, "sediment": 6.0}, "plant_uptake": 0.5, "name": "Compound -4780577634657135972", "model_specific_data": {}, "metabolites": []}}]}}