{"gap": {"type": "relative", "arguments": {"name": "GAP -296091488377847865", "modelCrop": "WC", "rate": 250.0, "apply_every_n_years": 1, "number_of_applications": 2, "interval": 14, "model_specific_data": {}, "bbch": 31, "season": 0}}, "compound": {"molarMass": 300.0, "water_solubility": 0.04981438942110973, "vapor_pressure": 2.588464113886378e-06, "reference_temperature": 20.0, "koc": 11.433427370467191, "freundlich": 0.7158498907826463, "dt50": {"system": 6.0, "soil": 12.605871129460946, "surfaceWater": 6.0, "sediment": 6.0}, "plant_uptake": 0.0, "name": "Compound -498374319009920327", "model_specific_data": {}, "metabolites": [{"formation_fraction": 0.2, "metabolite": {"molarMass": 300.0, "water_solubility": 0.009167019008047223, "vapor_pressure": 4.716278430408674e-07, "reference_temperature": 20.0, "koc": 2976.391650578369, "freundlich": 1.0780003611546638, "dt50": {"system": 6.0, "soil": 159.60718818853357, "surfaceWater": 6.0, "sediment": 6.0}, "plant_uptake": 0.5, "name": "Compound -6408102834106659541", "model_specific_data": {}, "metabolites": []}}]}}