{"gap": {"type": "relative", "arguments": {"name": "GAP -296091488377847865", "modelCrop": "WC", "rate": 250.0, "apply_every_n_years": 1, "number_of_applications": 2, "interval": 14, "model_specific_data": {}, "bbch": 31, "season": 0}}, "compound": {"molarMass": 300.0, "water_solubility": 0.02232543222152714, "vapor_pressure": 6.36337189536465e-07, "reference_temperature": 20.0, "koc": 88.33800960807696, "freundlich": 1.0911104474347706, "dt50": {"system": 6.0, "soil": 219.15265400958236, "surfaceWater": 6.0, "sediment": 6.0}, "plant_uptake": 0.0, "name": "Compound -2558213708425030837", "model_specific_data": {}, "metabolites": [{"formation_fraction": 0.2, "metabolite": {"molarMass": 300.0, "water_solubility": 0.035426591523014826, "vapor_pressure": 1.6894062532444678e-07, "reference_temperature": 20.0, "koc": 565.0156637234128, "freundlich": 0.8564833697630116, "dt50": {"system": 6.0, "soil": 74.70765332999999, "surfaceWater": 6.0, "sediment": 6.0}, "plant_uptake": 0.5, "name": "Compound 7069099058597419214", "model_specific_data": {}, "metabolites": []}}]}}