{"gap": {"type": "relative", "arguments": {"name": "GAP -296091488377847865", "modelCrop": "WC", "rate": 250.0, "apply_every_n_years": 1, "number_of_applications": 2, "interval": 14, "model_specific_data": {}, "bbch": 31, "season": 0}}, "compound": {"molarMass": 300.0, "water_solubility": 0.059436015497355804, "vapor_pressure": 2.485620848979446e-08, "reference_temperature": 20.0, "koc": 1010.6882936563447, "freundlich": 0.8142186287988341, "dt50": {"system": 6.0, "soil": 132.84618665371192, "surfaceWater": 6.0, "sediment": 6.0}, "plant_uptake": 0.0, "name": "Compound 6636006470383584339", "model_specific_data": {}, "metabolites": [{"formation_fraction": 0.2, "metabolite": {"molarMass": 300.0, "water_solubility": 0.06964752343002456, "vapor_pressure": 0.00013883299575290114, "reference_temperature": 20.0, "koc": 30.81797288942901, "freundlich": 1.0135854248247431, "dt50": {"system": 6.0, "soil": 191.28709015091383, "surfaceWater": 6.0, "sediment": 6.0}, "plant_uptake": 0.5, "name": "Compound 670845487004519590", "model_specific_data": {}, "metabolites": []}}]}}