{"gap": {"type": "relative", "arguments": {"name": "GAP -296091488377847865", "modelCrop": "WC", "rate": 250.0, "apply_every_n_years": 1, "number_of_applications": 2, "interval": 14, "model_specific_data": {}, "bbch": 31, "season": 0}}, "compound": {"molarMass": 300.0, "water_solubility": 0.0007772607883693927, "vapor_pressure": 0.0004996795670467742, "reference_temperature": 20.0, "koc": 2728.669717949335, "freundlich": 0.7836458218383243, "dt50": {"system": 6.0, "soil": 194.1202924708148, "surfaceWater": 6.0, "sediment": 6.0}, "plant_uptake": 0.0, "name": "Compound -6433397276235323716", "model_specific_data": {}, "metabolites": [{"formation_fraction": 0.2, "metabolite": {"molarMass": 300.0, "water_solubility": 0.16899666236025437, "vapor_pressure": 2.6604410393829617e-06, "reference_temperature": 20.0, "koc": 13.822883100212895, "freundlich": 0.7131097120409664, "dt50": {"system": 6.0, "soil": 189.1189982786735, "surfaceWater": 6.0, "sediment": 6.0}, "plant_uptake": 0.5, "name": "Compound 7650314689340022935", "model_specific_data": {}, "metabolites": []}}]}}