{"gap": {"type": "relative", "arguments": {"name": "GAP -296091488377847865", "modelCrop": "WC", "rate": 250.0, "apply_every_n_years": 1, "number_of_applications": 2, "interval": 14, "model_specific_data": {}, "bbch": 31, "season": 0}}, "compound": {"molarMass": 300.0, "water_solubility": 0.025783294416734128, "vapor_pressure": 6.480710260821663e-07, "reference_temperature": 20.0, "koc": 158.07098790537518, "freundlich": 1.0341923009587224, "dt50": {"system": 6.0, "soil": 251.31092094354563, "surfaceWater": 6.0, "sediment": 6.0}, "plant_uptake": 0.0, "name": "Compound 7820569716950502529", "model_specific_data": {}, "metabolites": [{"formation_fraction": 0.2, "metabolite": {"molarMass": 300.0, "water_solubility": 0.00010378375547687769, "vapor_pressure": 8.5124475137962e-06, "reference_temperature": 20.0, "koc": 57.42489187325987, "freundlich": 0.8415031327410504, "dt50": {"system": 6.0, "soil": 74.86924460165015, "surfaceWater": 6.0, "sediment": 6.0}, "plant_uptake": 0.5, "name": "Compound -1591039615085376232", "model_specific_data": {}, "metabolites": []}}]}}