{"gap": {"type": "relative", "arguments": {"name": "GAP -296091488377847865", "modelCrop": "WC", "rate": 250.0, "apply_every_n_years": 1, "number_of_applications": 2, "interval": 14, "model_specific_data": {}, "bbch": 31, "season": 0}}, "compound": {"molarMass": 300.0, "water_solubility": 0.0002227044942552262, "vapor_pressure": 8.787918802538563e-05, "reference_temperature": 20.0, "koc": 11.914220997336807, "freundlich": 1.1219780870941234, "dt50": {"system": 6.0, "soil": 140.5318802719685, "surfaceWater": 6.0, "sediment": 6.0}, "plant_uptake": 0.0, "name": "Compound -2027643876778711670", "model_specific_data": {}, "metabolites": [{"formation_fraction": 0.2, "metabolite": {"molarMass": 300.0, "water_solubility": 0.0005948410757975743, "vapor_pressure": 3.7161298540784314e-06, "reference_temperature": 20.0, "koc": 109.15651299638094, "freundlich": 0.7589057112969139, "dt50": {"system": 6.0, "soil": 175.93288097245375, "surfaceWater": 6.0, "sediment": 6.0}, "plant_uptake": 0.5, "name": "Compound 9111739403408926585", "model_specific_data": {}, "metabolites": []}}]}}