{"gap": {"type": "relative", "arguments": {"name": "GAP -296091488377847865", "modelCrop": "WC", "rate": 250.0, "apply_every_n_years": 1, "number_of_applications": 2, "interval": 14, "model_specific_data": {}, "bbch": 31, "season": 0}}, "compound": {"molarMass": 300.0, "water_solubility": 0.00982398367642642, "vapor_pressure": 5.5412895408166745e-08, "reference_temperature": 20.0, "koc": 784.9903935217193, "freundlich": 1.050532489273372, "dt50": {"system": 6.0, "soil": 165.5477926500646, "surfaceWater": 6.0, "sediment": 6.0}, "plant_uptake": 0.0, "name": "Compound 5350344251384141192", "model_specific_data": {}, "metabolites": [{"formation_fraction": 0.2, "metabolite": {"molarMass": 300.0, "water_solubility": 0.007494753816800806, "vapor_pressure": 1.7879189149745288e-06, "reference_temperature": 20.0, "koc": 153.5631861544532, "freundlich": 0.7281648268520757, "dt50": {"system": 6.0, "soil": 129.81687020147794, "surfaceWater": 6.0, "sediment": 6.0}, "plant_uptake": 0.5, "name": "Compound -7117428933544235853", "model_specific_data": {}, "metabolites": []}}]}}