{"gap": {"type": "relative", "arguments": {"name": "GAP -296091488377847865", "modelCrop": "WC", "rate": 250.0, "apply_every_n_years": 1, "number_of_applications": 2, "interval": 14, "model_specific_data": {}, "bbch": 31, "season": 0}}, "compound": {"molarMass": 300.0, "water_solubility": 0.05678362983792433, "vapor_pressure": 5.301026909124539e-07, "reference_temperature": 20.0, "koc": 175.10058578763048, "freundlich": 0.7133873889396667, "dt50": {"system": 6.0, "soil": 203.13032103814587, "surfaceWater": 6.0, "sediment": 6.0}, "plant_uptake": 0.0, "name": "Compound 4632324983835545244", "model_specific_data": {}, "metabolites": [{"formation_fraction": 0.2, "metabolite": {"molarMass": 300.0, "water_solubility": 0.024765328128632354, "vapor_pressure": 4.75998087179108e-05, "reference_temperature": 20.0, "koc": 155.9444470646635, "freundlich": 1.1863313227159296, "dt50": {"system": 6.0, "soil": 23.8070002540896, "surfaceWater": 6.0, "sediment": 6.0}, "plant_uptake": 0.5, "name": "Compound 4355615795255780385", "model_specific_data": {}, "metabolites": []}}]}}