{"gap": {"type": "relative", "arguments": {"name": "GAP -296091488377847865", "modelCrop": "WC", "rate": 250.0, "apply_every_n_years": 1, "number_of_applications": 2, "interval": 14, "model_specific_data": {}, "bbch": 31, "season": 0}}, "compound": {"molarMass": 300.0, "water_solubility": 0.002240239801588461, "vapor_pressure": 1.0115345081603958e-05, "reference_temperature": 20.0, "koc": 4363.711352866021, "freundlich": 0.8985656379747138, "dt50": {"system": 6.0, "soil": 69.58022481073952, "surfaceWater": 6.0, "sediment": 6.0}, "plant_uptake": 0.0, "name": "Compound 4829061390134359086", "model_specific_data": {}, "metabolites": [{"formation_fraction": 0.2, "metabolite": {"molarMass": 300.0, "water_solubility": 0.04353334449759751, "vapor_pressure": 0.09926215638304202, "reference_temperature": 20.0, "koc": 14.434050978528454, "freundlich": 0.9397067931829481, "dt50": {"system": 6.0, "soil": 275.86215586889415, "surfaceWater": 6.0, "sediment": 6.0}, "plant_uptake": 0.5, "name": "Compound -3179984326472458452", "model_specific_data": {}, "metabolites": []}}]}}