{"gap": {"type": "relative", "arguments": {"name": "GAP -296091488377847865", "modelCrop": "WC", "rate": 250.0, "apply_every_n_years": 1, "number_of_applications": 2, "interval": 14, "model_specific_data": {}, "bbch": 31, "season": 0}}, "compound": {"molarMass": 300.0, "water_solubility": 0.010951848527638914, "vapor_pressure": 1.4279560882155836e-05, "reference_temperature": 20.0, "koc": 503.4409103469601, "freundlich": 0.8922566305146351, "dt50": {"system": 6.0, "soil": 288.3579189331659, "surfaceWater": 6.0, "sediment": 6.0}, "plant_uptake": 0.0, "name": "Compound -4710726354082243844", "model_specific_data": {}, "metabolites": [{"formation_fraction": 0.2, "metabolite": {"molarMass": 300.0, "water_solubility": 0.12656702384817725, "vapor_pressure": 3.036527915810246e-06, "reference_temperature": 20.0, "koc": 38.8492628364294, "freundlich": 1.0926961663895103, "dt50": {"system": 6.0, "soil": 10.888475916511185, "surfaceWater": 6.0, "sediment": 6.0}, "plant_uptake": 0.5, "name": "Compound -111412451365998709", "model_specific_data": {}, "metabolites": []}}]}}