{"gap": {"type": "relative", "arguments": {"name": "GAP -296091488377847865", "modelCrop": "WC", "rate": 250.0, "apply_every_n_years": 1, "number_of_applications": 2, "interval": 14, "model_specific_data": {}, "bbch": 31, "season": 0}}, "compound": {"molarMass": 300.0, "water_solubility": 0.06122388974008865, "vapor_pressure": 0.002165042492830305, "reference_temperature": 20.0, "koc": 2188.233122215696, "freundlich": 0.9529389946546862, "dt50": {"system": 6.0, "soil": 217.9695984627567, "surfaceWater": 6.0, "sediment": 6.0}, "plant_uptake": 0.0, "name": "Compound 7172230001804841319", "model_specific_data": {}, "metabolites": [{"formation_fraction": 0.2, "metabolite": {"molarMass": 300.0, "water_solubility": 0.006278784546051125, "vapor_pressure": 3.291708337652129e-06, "reference_temperature": 20.0, "koc": 785.0351376443654, "freundlich": 1.0342926534886117, "dt50": {"system": 6.0, "soil": 222.7149145122047, "surfaceWater": 6.0, "sediment": 6.0}, "plant_uptake": 0.5, "name": "Compound 1793964971781948732", "model_specific_data": {}, "metabolites": []}}]}}