{"gap": {"type": "relative", "arguments": {"name": "GAP -296091488377847865", "modelCrop": "WC", "rate": 250.0, "apply_every_n_years": 1, "number_of_applications": 2, "interval": 14, "model_specific_data": {}, "bbch": 31, "season": 0}}, "compound": {"molarMass": 300.0, "water_solubility": 0.003698044384900574, "vapor_pressure": 0.00025382513209163256, "reference_temperature": 20.0, "koc": 283.8141079310339, "freundlich": 0.7592180465436512, "dt50": {"system": 6.0, "soil": 25.248678257911195, "surfaceWater": 6.0, "sediment": 6.0}, "plant_uptake": 0.0, "name": "Compound 3570372217405252825", "model_specific_data": {}, "metabolites": [{"formation_fraction": 0.2, "metabolite": {"molarMass": 300.0, "water_solubility": 0.0007191462433410833, "vapor_pressure": 1.3065533188556318e-06, "reference_temperature": 20.0, "koc": 25.166061065239926, "freundlich": 1.1541139900936814, "dt50": {"system": 6.0, "soil": 273.0305873700449, "surfaceWater": 6.0, "sediment": 6.0}, "plant_uptake": 0.5, "name": "Compound 8818137048602463815", "model_specific_data": {}, "metabolites": []}}]}}