{"gap": {"type": "relative", "arguments": {"name": "GAP -296091488377847865", "modelCrop": "WC", "rate": 250.0, "apply_every_n_years": 1, "number_of_applications": 2, "interval": 14, "model_specific_data": {}, "bbch": 31, "season": 0}}, "compound": {"molarMass": 300.0, "water_solubility": 0.0037759496230049604, "vapor_pressure": 5.660148088098342e-07, "reference_temperature": 20.0, "koc": 950.9091194671087, "freundlich": 0.8722469584251917, "dt50": {"system": 6.0, "soil": 129.48657259703427, "surfaceWater": 6.0, "sediment": 6.0}, "plant_uptake": 0.0, "name": "Compound -3415484920142959657", "model_specific_data": {}, "metabolites": [{"formation_fraction": 0.2, "metabolite": {"molarMass": 300.0, "water_solubility": 0.002180178995647484, "vapor_pressure": 1.4625631502470578e-06, "reference_temperature": 20.0, "koc": 17.809029059931742, "freundlich": 0.8308923473711377, "dt50": {"system": 6.0, "soil": 121.32429246028457, "surfaceWater": 6.0, "sediment": 6.0}, "plant_uptake": 0.5, "name": "Compound -4369074418825216274", "model_specific_data": {}, "metabolites": []}}]}}