{"gap": {"type": "relative", "arguments": {"name": "GAP -296091488377847865", "modelCrop": "WC", "rate": 250.0, "apply_every_n_years": 1, "number_of_applications": 2, "interval": 14, "model_specific_data": {}, "bbch": 31, "season": 0}}, "compound": {"molarMass": 300.0, "water_solubility": 0.08006874121389523, "vapor_pressure": 0.0014462738313248283, "reference_temperature": 20.0, "koc": 1694.4481626685551, "freundlich": 0.8284217869123467, "dt50": {"system": 6.0, "soil": 55.798120111977596, "surfaceWater": 6.0, "sediment": 6.0}, "plant_uptake": 0.0, "name": "Compound 6870051880420343385", "model_specific_data": {}, "metabolites": [{"formation_fraction": 0.2, "metabolite": {"molarMass": 300.0, "water_solubility": 0.0032892013482669676, "vapor_pressure": 0.00033576294895623475, "reference_temperature": 20.0, "koc": 103.58761716894058, "freundlich": 1.0082048104881438, "dt50": {"system": 6.0, "soil": 235.94476732355872, "surfaceWater": 6.0, "sediment": 6.0}, "plant_uptake": 0.5, "name": "Compound -4198494777327158462", "model_specific_data": {}, "metabolites": []}}]}}