{"gap": {"type": "relative", "arguments": {"name": "GAP -296091488377847865", "modelCrop": "WC", "rate": 250.0, "apply_every_n_years": 1, "number_of_applications": 2, "interval": 14, "model_specific_data": {}, "bbch": 31, "season": 0}}, "compound": {"molarMass": 300.0, "water_solubility": 0.09074744257838624, "vapor_pressure": 2.0574296070245296e-05, "reference_temperature": 20.0, "koc": 718.7962657701544, "freundlich": 0.7558556416709695, "dt50": {"system": 6.0, "soil": 140.8462729152081, "surfaceWater": 6.0, "sediment": 6.0}, "plant_uptake": 0.0, "name": "Compound 2628746071911939642", "model_specific_data": {}, "metabolites": [{"formation_fraction": 0.2, "metabolite": {"molarMass": 300.0, "water_solubility": 0.03544433468121142, "vapor_pressure": 1.171534818132782e-06, "reference_temperature": 20.0, "koc": 16.374272551298255, "freundlich": 0.8078875654624382, "dt50": {"system": 6.0, "soil": 207.4388493854888, "surfaceWater": 6.0, "sediment": 6.0}, "plant_uptake": 0.5, "name": "Compound 1312847305131482147", "model_specific_data": {}, "metabolites": []}}]}}