{"gap": {"type": "relative", "arguments": {"name": "GAP -296091488377847865", "modelCrop": "WC", "rate": 250.0, "apply_every_n_years": 1, "number_of_applications": 2, "interval": 14, "model_specific_data": {}, "bbch": 31, "season": 0}}, "compound": {"molarMass": 300.0, "water_solubility": 0.014382309010082719, "vapor_pressure": 1.6624110393784485e-07, "reference_temperature": 20.0, "koc": 222.27760554829925, "freundlich": 1.0115778745950994, "dt50": {"system": 6.0, "soil": 213.47980123816214, "surfaceWater": 6.0, "sediment": 6.0}, "plant_uptake": 0.0, "name": "Compound 8214174867460819110", "model_specific_data": {}, "metabolites": [{"formation_fraction": 0.2, "metabolite": {"molarMass": 300.0, "water_solubility": 0.0022026351496552865, "vapor_pressure": 5.189101579852607e-06, "reference_temperature": 20.0, "koc": 306.8424073744781, "freundlich": 1.0419727668322323, "dt50": {"system": 6.0, "soil": 72.59532542504812, "surfaceWater": 6.0, "sediment": 6.0}, "plant_uptake": 0.5, "name": "Compound 8804097703588313781", "model_specific_data": {}, "metabolites": []}}]}}