{"gap": {"type": "relative", "arguments": {"name": "GAP -296091488377847865", "modelCrop": "WC", "rate": 250.0, "apply_every_n_years": 1, "number_of_applications": 2, "interval": 14, "model_specific_data": {}, "bbch": 31, "season": 0}}, "compound": {"molarMass": 300.0, "water_solubility": 0.03221533152538742, "vapor_pressure": 3.503184209377146e-07, "reference_temperature": 20.0, "koc": 172.9401420136288, "freundlich": 0.8727093765832589, "dt50": {"system": 6.0, "soil": 19.655663167451117, "surfaceWater": 6.0, "sediment": 6.0}, "plant_uptake": 0.0, "name": "Compound 5774106143641542375", "model_specific_data": {}, "metabolites": [{"formation_fraction": 0.2, "metabolite": {"molarMass": 300.0, "water_solubility": 0.00048244206428115535, "vapor_pressure": 3.4324332543821335e-06, "reference_temperature": 20.0, "koc": 958.9910751384233, "freundlich": 1.1896095251670273, "dt50": {"system": 6.0, "soil": 286.43103442950195, "surfaceWater": 6.0, "sediment": 6.0}, "plant_uptake": 0.5, "name": "Compound 796647086822586572", "model_specific_data": {}, "metabolites": []}}]}}