{"gap": {"type": "relative", "arguments": {"name": "GAP -296091488377847865", "modelCrop": "WC", "rate": 250.0, "apply_every_n_years": 1, "number_of_applications": 2, "interval": 14, "model_specific_data": {}, "bbch": 31, "season": 0}}, "compound": {"molarMass": 300.0, "water_solubility": 0.00022247550621594628, "vapor_pressure": 8.685595310140774e-07, "reference_temperature": 20.0, "koc": 1227.9060279466466, "freundlich": 0.837446481808493, "dt50": {"system": 6.0, "soil": 16.94941441926349, "surfaceWater": 6.0, "sediment": 6.0}, "plant_uptake": 0.0, "name": "Compound 6450203315407438421", "model_specific_data": {}, "metabolites": [{"formation_fraction": 0.2, "metabolite": {"molarMass": 300.0, "water_solubility": 0.006527464716712934, "vapor_pressure": 0.007544379130256008, "reference_temperature": 20.0, "koc": 44.43208357714128, "freundlich": 0.7434285170420158, "dt50": {"system": 6.0, "soil": 94.28565825495197, "surfaceWater": 6.0, "sediment": 6.0}, "plant_uptake": 0.5, "name": "Compound -5423179683991499469", "model_specific_data": {}, "metabolites": []}}]}}