{"gap": {"type": "relative", "arguments": {"name": "GAP -296091488377847865", "modelCrop": "WC", "rate": 250.0, "apply_every_n_years": 1, "number_of_applications": 2, "interval": 14, "model_specific_data": {}, "bbch": 31, "season": 0}}, "compound": {"molarMass": 300.0, "water_solubility": 0.0027262469718985437, "vapor_pressure": 6.944933813917246e-07, "reference_temperature": 20.0, "koc": 11.172400664607645, "freundlich": 1.1906224682890665, "dt50": {"system": 6.0, "soil": 91.0340332715052, "surfaceWater": 6.0, "sediment": 6.0}, "plant_uptake": 0.0, "name": "Compound -8384820401813051165", "model_specific_data": {}, "metabolites": [{"formation_fraction": 0.2, "metabolite": {"molarMass": 300.0, "water_solubility": 0.0830427623644865, "vapor_pressure": 0.00014682358266761392, "reference_temperature": 20.0, "koc": 259.4440368403487, "freundlich": 0.9446759800497757, "dt50": {"system": 6.0, "soil": 76.98807880890182, "surfaceWater": 6.0, "sediment": 6.0}, "plant_uptake": 0.5, "name": "Compound 3004513446533334272", "model_specific_data": {}, "metabolites": []}}]}}