{"gap": {"type": "relative", "arguments": {"name": "GAP -296091488377847865", "modelCrop": "WC", "rate": 250.0, "apply_every_n_years": 1, "number_of_applications": 2, "interval": 14, "model_specific_data": {}, "bbch": 31, "season": 0}}, "compound": {"molarMass": 300.0, "water_solubility": 0.2779735499839381, "vapor_pressure": 1.1393618788251538e-07, "reference_temperature": 20.0, "koc": 2395.78288834454, "freundlich": 1.059557283543381, "dt50": {"system": 6.0, "soil": 221.3948900936593, "surfaceWater": 6.0, "sediment": 6.0}, "plant_uptake": 0.0, "name": "Compound 2793767243043050155", "model_specific_data": {}, "metabolites": [{"formation_fraction": 0.2, "metabolite": {"molarMass": 300.0, "water_solubility": 0.00040329668280450416, "vapor_pressure": 1.8674299968232268e-05, "reference_temperature": 20.0, "koc": 1892.9484360221047, "freundlich": 1.1325533383559647, "dt50": {"system": 6.0, "soil": 128.29014910239968, "surfaceWater": 6.0, "sediment": 6.0}, "plant_uptake": 0.5, "name": "Compound 8685649488776227375", "model_specific_data": {}, "metabolites": []}}]}}