{"gap": {"type": "relative", "arguments": {"name": "GAP -296091488377847865", "modelCrop": "WC", "rate": 250.0, "apply_every_n_years": 1, "number_of_applications": 2, "interval": 14, "model_specific_data": {}, "bbch": 31, "season": 0}}, "compound": {"molarMass": 300.0, "water_solubility": 0.014654921340782829, "vapor_pressure": 9.418066362602088e-06, "reference_temperature": 20.0, "koc": 69.64958346745266, "freundlich": 1.1563175591265447, "dt50": {"system": 6.0, "soil": 123.63106050970784, "surfaceWater": 6.0, "sediment": 6.0}, "plant_uptake": 0.0, "name": "Compound 274285733090831971", "model_specific_data": {}, "metabolites": [{"formation_fraction": 0.2, "metabolite": {"molarMass": 300.0, "water_solubility": 0.01094101555014074, "vapor_pressure": 3.927522122089405e-05, "reference_temperature": 20.0, "koc": 52.71113562421388, "freundlich": 1.051759181024075, "dt50": {"system": 6.0, "soil": 157.4954978223067, "surfaceWater": 6.0, "sediment": 6.0}, "plant_uptake": 0.5, "name": "Compound 4641503021034258692", "model_specific_data": {}, "metabolites": []}}]}}