{"gap": {"type": "relative", "arguments": {"name": "GAP -296091488377847865", "modelCrop": "WC", "rate": 250.0, "apply_every_n_years": 1, "number_of_applications": 2, "interval": 14, "model_specific_data": {}, "bbch": 31, "season": 0}}, "compound": {"molarMass": 300.0, "water_solubility": 0.012857592208468948, "vapor_pressure": 0.000131898256533459, "reference_temperature": 20.0, "koc": 28.76051104028083, "freundlich": 1.1856854042881757, "dt50": {"system": 6.0, "soil": 105.57291085198418, "surfaceWater": 6.0, "sediment": 6.0}, "plant_uptake": 0.0, "name": "Compound -8961071174730952606", "model_specific_data": {}, "metabolites": [{"formation_fraction": 0.2, "metabolite": {"molarMass": 300.0, "water_solubility": 0.15838213117373337, "vapor_pressure": 3.860854056657277e-07, "reference_temperature": 20.0, "koc": 57.844001188956085, "freundlich": 0.8628482459659963, "dt50": {"system": 6.0, "soil": 177.8075345230335, "surfaceWater": 6.0, "sediment": 6.0}, "plant_uptake": 0.5, "name": "Compound 8686050876263780784", "model_specific_data": {}, "metabolites": []}}]}}