{"gap": {"type": "relative", "arguments": {"name": "GAP -296091488377847865", "modelCrop": "WC", "rate": 250.0, "apply_every_n_years": 1, "number_of_applications": 2, "interval": 14, "model_specific_data": {}, "bbch": 31, "season": 0}}, "compound": {"molarMass": 300.0, "water_solubility": 0.0009597034368207352, "vapor_pressure": 0.00029013667169407913, "reference_temperature": 20.0, "koc": 125.59181834212619, "freundlich": 1.1450504256866314, "dt50": {"system": 6.0, "soil": 200.35431951009087, "surfaceWater": 6.0, "sediment": 6.0}, "plant_uptake": 0.0, "name": "Compound -8468898605664655112", "model_specific_data": {}, "metabolites": [{"formation_fraction": 0.2, "metabolite": {"molarMass": 300.0, "water_solubility": 0.06129664419673429, "vapor_pressure": 5.289284422720603e-05, "reference_temperature": 20.0, "koc": 950.1855083986172, "freundlich": 0.9656829744391631, "dt50": {"system": 6.0, "soil": 259.069634422801, "surfaceWater": 6.0, "sediment": 6.0}, "plant_uptake": 0.5, "name": "Compound 4227469101987485427", "model_specific_data": {}, "metabolites": []}}]}}