{"gap": {"type": "relative", "arguments": {"name": "GAP -296091488377847865", "modelCrop": "WC", "rate": 250.0, "apply_every_n_years": 1, "number_of_applications": 2, "interval": 14, "model_specific_data": {}, "bbch": 31, "season": 0}}, "compound": {"molarMass": 300.0, "water_solubility": 5.0856105357052464e-05, "vapor_pressure": 3.2288923193420046e-05, "reference_temperature": 20.0, "koc": 157.60896039958754, "freundlich": 0.8457211248201133, "dt50": {"system": 6.0, "soil": 39.524600638948904, "surfaceWater": 6.0, "sediment": 6.0}, "plant_uptake": 0.0, "name": "Compound -4216234764419761108", "model_specific_data": {}, "metabolites": [{"formation_fraction": 0.2, "metabolite": {"molarMass": 300.0, "water_solubility": 0.2939088592231691, "vapor_pressure": 6.439563902629438e-07, "reference_temperature": 20.0, "koc": 448.4124262576928, "freundlich": 1.0494139825223059, "dt50": {"system": 6.0, "soil": 241.43034317433674, "surfaceWater": 6.0, "sediment": 6.0}, "plant_uptake": 0.5, "name": "Compound 8243351947200885197", "model_specific_data": {}, "metabolites": []}}]}}