{"gap": {"type": "relative", "arguments": {"name": "GAP -296091488377847865", "modelCrop": "WC", "rate": 250.0, "apply_every_n_years": 1, "number_of_applications": 2, "interval": 14, "model_specific_data": {}, "bbch": 31, "season": 0}}, "compound": {"molarMass": 300.0, "water_solubility": 0.0003027804609561881, "vapor_pressure": 1.9441314486136867e-06, "reference_temperature": 20.0, "koc": 160.25522784382238, "freundlich": 0.8224916309350851, "dt50": {"system": 6.0, "soil": 127.81550945083924, "surfaceWater": 6.0, "sediment": 6.0}, "plant_uptake": 0.0, "name": "Compound 3082871570701191054", "model_specific_data": {}, "metabolites": [{"formation_fraction": 0.2, "metabolite": {"molarMass": 300.0, "water_solubility": 0.005143718757925837, "vapor_pressure": 1.1007349984394533e-05, "reference_temperature": 20.0, "koc": 1555.861604585838, "freundlich": 1.113523632966133, "dt50": {"system": 6.0, "soil": 64.38879849323413, "surfaceWater": 6.0, "sediment": 6.0}, "plant_uptake": 0.5, "name": "Compound 2114721053014784281", "model_specific_data": {}, "metabolites": []}}]}}