{"gap": {"type": "relative", "arguments": {"name": "GAP -296091488377847865", "modelCrop": "WC", "rate": 250.0, "apply_every_n_years": 1, "number_of_applications": 2, "interval": 14, "model_specific_data": {}, "bbch": 31, "season": 0}}, "compound": {"molarMass": 300.0, "water_solubility": 0.0020864320233533653, "vapor_pressure": 0.0006002220801519234, "reference_temperature": 20.0, "koc": 31.6714859932538, "freundlich": 0.9383879337489025, "dt50": {"system": 6.0, "soil": 170.59697290871134, "surfaceWater": 6.0, "sediment": 6.0}, "plant_uptake": 0.0, "name": "Compound -8849966170314559080", "model_specific_data": {}, "metabolites": [{"formation_fraction": 0.2, "metabolite": {"molarMass": 300.0, "water_solubility": 0.0004932695252688708, "vapor_pressure": 0.007562724712771463, "reference_temperature": 20.0, "koc": 30.64726848444729, "freundlich": 0.7338494351481808, "dt50": {"system": 6.0, "soil": 125.92421826773007, "surfaceWater": 6.0, "sediment": 6.0}, "plant_uptake": 0.5, "name": "Compound 4833482824174884819", "model_specific_data": {}, "metabolites": []}}]}}