{"gap": {"type": "relative", "arguments": {"name": "GAP -296091488377847865", "modelCrop": "WC", "rate": 250.0, "apply_every_n_years": 1, "number_of_applications": 2, "interval": 14, "model_specific_data": {}, "bbch": 31, "season": 0}}, "compound": {"molarMass": 300.0, "water_solubility": 0.006843053898032152, "vapor_pressure": 0.0003850829927895737, "reference_temperature": 20.0, "koc": 214.90447871004332, "freundlich": 0.7945251783373053, "dt50": {"system": 6.0, "soil": 250.4439542553546, "surfaceWater": 6.0, "sediment": 6.0}, "plant_uptake": 0.0, "name": "Compound 6552871727424681081", "model_specific_data": {}, "metabolites": [{"formation_fraction": 0.2, "metabolite": {"molarMass": 300.0, "water_solubility": 0.01712643894731041, "vapor_pressure": 9.50174249404069e-05, "reference_temperature": 20.0, "koc": 265.7825423677228, "freundlich": 1.051299822932696, "dt50": {"system": 6.0, "soil": 269.5848631834461, "surfaceWater": 6.0, "sediment": 6.0}, "plant_uptake": 0.5, "name": "Compound -4611918465595517134", "model_specific_data": {}, "metabolites": []}}]}}