{"gap": {"type": "relative", "arguments": {"name": "GAP -296091488377847865", "modelCrop": "WC", "rate": 250.0, "apply_every_n_years": 1, "number_of_applications": 2, "interval": 14, "model_specific_data": {}, "bbch": 31, "season": 0}}, "compound": {"molarMass": 300.0, "water_solubility": 0.0001445766683219616, "vapor_pressure": 0.00012018141901438846, "reference_temperature": 20.0, "koc": 37.708960628313164, "freundlich": 0.7053859161638905, "dt50": {"system": 6.0, "soil": 154.58896810915672, "surfaceWater": 6.0, "sediment": 6.0}, "plant_uptake": 0.0, "name": "Compound -4555883757396081906", "model_specific_data": {}, "metabolites": [{"formation_fraction": 0.2, "metabolite": {"molarMass": 300.0, "water_solubility": 0.0002711745669585096, "vapor_pressure": 1.5305671526082758e-06, "reference_temperature": 20.0, "koc": 22.713101226971805, "freundlich": 0.8914700133033973, "dt50": {"system": 6.0, "soil": 160.53365229369433, "surfaceWater": 6.0, "sediment": 6.0}, "plant_uptake": 0.5, "name": "Compound 2838466072282745896", "model_specific_data": {}, "metabolites": []}}]}}