{"gap": {"type": "relative", "arguments": {"name": "GAP -296091488377847865", "modelCrop": "WC", "rate": 250.0, "apply_every_n_years": 1, "number_of_applications": 2, "interval": 14, "model_specific_data": {}, "bbch": 31, "season": 0}}, "compound": {"molarMass": 300.0, "water_solubility": 0.037454079413967147, "vapor_pressure": 0.00477351311721532, "reference_temperature": 20.0, "koc": 776.876690576532, "freundlich": 0.9412612177474668, "dt50": {"system": 6.0, "soil": 27.139439105512988, "surfaceWater": 6.0, "sediment": 6.0}, "plant_uptake": 0.0, "name": "Compound -5710913277812279749", "model_specific_data": {}, "metabolites": [{"formation_fraction": 0.2, "metabolite": {"molarMass": 300.0, "water_solubility": 0.028059621059972315, "vapor_pressure": 2.189419996220261e-06, "reference_temperature": 20.0, "koc": 128.05088134785956, "freundlich": 0.7923402314387555, "dt50": {"system": 6.0, "soil": 232.0120020554102, "surfaceWater": 6.0, "sediment": 6.0}, "plant_uptake": 0.5, "name": "Compound -4073138202064955020", "model_specific_data": {}, "metabolites": []}}]}}