{"gap": {"type": "relative", "arguments": {"name": "GAP -296091488377847865", "modelCrop": "WC", "rate": 250.0, "apply_every_n_years": 1, "number_of_applications": 2, "interval": 14, "model_specific_data": {}, "bbch": 31, "season": 0}}, "compound": {"molarMass": 300.0, "water_solubility": 0.006480942124633062, "vapor_pressure": 6.500654986114428e-05, "reference_temperature": 20.0, "koc": 950.9103608561159, "freundlich": 1.1700516231264593, "dt50": {"system": 6.0, "soil": 190.46778756064626, "surfaceWater": 6.0, "sediment": 6.0}, "plant_uptake": 0.0, "name": "Compound 1900424689399592261", "model_specific_data": {}, "metabolites": [{"formation_fraction": 0.2, "metabolite": {"molarMass": 300.0, "water_solubility": 0.783807713092522, "vapor_pressure": 2.774448358970622e-07, "reference_temperature": 20.0, "koc": 16.568103467840977, "freundlich": 0.7025812150078543, "dt50": {"system": 6.0, "soil": 228.26090286618265, "surfaceWater": 6.0, "sediment": 6.0}, "plant_uptake": 0.5, "name": "Compound -958277143134564646", "model_specific_data": {}, "metabolites": []}}]}}