{"gap": {"type": "relative", "arguments": {"name": "GAP -296091488377847865", "modelCrop": "WC", "rate": 250.0, "apply_every_n_years": 1, "number_of_applications": 2, "interval": 14, "model_specific_data": {}, "bbch": 31, "season": 0}}, "compound": {"molarMass": 300.0, "water_solubility": 0.07409648906211702, "vapor_pressure": 0.0005949576537643332, "reference_temperature": 20.0, "koc": 1544.8369812917833, "freundlich": 1.1777474001866053, "dt50": {"system": 6.0, "soil": 204.57493873643142, "surfaceWater": 6.0, "sediment": 6.0}, "plant_uptake": 0.0, "name": "Compound 572896074486131757", "model_specific_data": {}, "metabolites": [{"formation_fraction": 0.2, "metabolite": {"molarMass": 300.0, "water_solubility": 0.001986217599829662, "vapor_pressure": 3.781099340893001e-09, "reference_temperature": 20.0, "koc": 438.5718761121711, "freundlich": 1.19953277535242, "dt50": {"system": 6.0, "soil": 161.88778818474037, "surfaceWater": 6.0, "sediment": 6.0}, "plant_uptake": 0.5, "name": "Compound -855687142849171841", "model_specific_data": {}, "metabolites": []}}]}}