{"gap": {"type": "relative", "arguments": {"name": "GAP -296091488377847865", "modelCrop": "WC", "rate": 250.0, "apply_every_n_years": 1, "number_of_applications": 2, "interval": 14, "model_specific_data": {}, "bbch": 31, "season": 0}}, "compound": {"molarMass": 300.0, "water_solubility": 0.07705368056156443, "vapor_pressure": 1.9385505931769346e-07, "reference_temperature": 20.0, "koc": 99.75739736868681, "freundlich": 0.7958443565674391, "dt50": {"system": 6.0, "soil": 142.0870805914558, "surfaceWater": 6.0, "sediment": 6.0}, "plant_uptake": 0.0, "name": "Compound 4378429244748232122", "model_specific_data": {}, "metabolites": [{"formation_fraction": 0.2, "metabolite": {"molarMass": 300.0, "water_solubility": 0.023523659536553023, "vapor_pressure": 0.0025221973895719744, "reference_temperature": 20.0, "koc": 13.470003493782562, "freundlich": 0.7974429629850083, "dt50": {"system": 6.0, "soil": 66.81248910960024, "surfaceWater": 6.0, "sediment": 6.0}, "plant_uptake": 0.5, "name": "Compound -5104915497775630013", "model_specific_data": {}, "metabolites": []}}]}}