{"gap": {"type": "relative", "arguments": {"name": "GAP -296091488377847865", "modelCrop": "WC", "rate": 250.0, "apply_every_n_years": 1, "number_of_applications": 2, "interval": 14, "model_specific_data": {}, "bbch": 31, "season": 0}}, "compound": {"molarMass": 300.0, "water_solubility": 0.23641420256512072, "vapor_pressure": 2.6799485002009876e-05, "reference_temperature": 20.0, "koc": 50.39180998705087, "freundlich": 1.035061485762379, "dt50": {"system": 6.0, "soil": 244.56554131233145, "surfaceWater": 6.0, "sediment": 6.0}, "plant_uptake": 0.0, "name": "Compound -811514917326642977", "model_specific_data": {}, "metabolites": [{"formation_fraction": 0.2, "metabolite": {"molarMass": 300.0, "water_solubility": 0.001257816085082826, "vapor_pressure": 7.646764487261853e-07, "reference_temperature": 20.0, "koc": 20.777441606368036, "freundlich": 0.8542017640641358, "dt50": {"system": 6.0, "soil": 276.92616960142243, "surfaceWater": 6.0, "sediment": 6.0}, "plant_uptake": 0.5, "name": "Compound -2960366888740097311", "model_specific_data": {}, "metabolites": []}}]}}