{"gap": {"type": "relative", "arguments": {"name": "GAP -296091488377847865", "modelCrop": "WC", "rate": 250.0, "apply_every_n_years": 1, "number_of_applications": 2, "interval": 14, "model_specific_data": {}, "bbch": 31, "season": 0}}, "compound": {"molarMass": 300.0, "water_solubility": 0.0011421256647964012, "vapor_pressure": 9.770920872947886e-07, "reference_temperature": 20.0, "koc": 2469.178961135428, "freundlich": 0.9039160262247609, "dt50": {"system": 6.0, "soil": 38.02804380077777, "surfaceWater": 6.0, "sediment": 6.0}, "plant_uptake": 0.0, "name": "Compound -5502569161074478576", "model_specific_data": {}, "metabolites": [{"formation_fraction": 0.2, "metabolite": {"molarMass": 300.0, "water_solubility": 0.7415652218884242, "vapor_pressure": 0.0026745798004819458, "reference_temperature": 20.0, "koc": 23.243326009203734, "freundlich": 1.0551174908318026, "dt50": {"system": 6.0, "soil": 75.27932153228717, "surfaceWater": 6.0, "sediment": 6.0}, "plant_uptake": 0.5, "name": "Compound -719004230850036915", "model_specific_data": {}, "metabolites": []}}]}}