{"gap": {"type": "relative", "arguments": {"name": "GAP -296091488377847865", "modelCrop": "WC", "rate": 250.0, "apply_every_n_years": 1, "number_of_applications": 2, "interval": 14, "model_specific_data": {}, "bbch": 31, "season": 0}}, "compound": {"molarMass": 300.0, "water_solubility": 0.008832441730632799, "vapor_pressure": 1.0778119630687854e-06, "reference_temperature": 20.0, "koc": 416.3597666970796, "freundlich": 1.187265961357963, "dt50": {"system": 6.0, "soil": 115.8753585546791, "surfaceWater": 6.0, "sediment": 6.0}, "plant_uptake": 0.0, "name": "Compound 798744180213724336", "model_specific_data": {}, "metabolites": [{"formation_fraction": 0.2, "metabolite": {"molarMass": 300.0, "water_solubility": 2.504189245987929e-05, "vapor_pressure": 2.4849454727392915e-06, "reference_temperature": 20.0, "koc": 110.13242775644635, "freundlich": 1.1521519630089019, "dt50": {"system": 6.0, "soil": 159.2286637393111, "surfaceWater": 6.0, "sediment": 6.0}, "plant_uptake": 0.5, "name": "Compound -1974492068614907343", "model_specific_data": {}, "metabolites": []}}]}}