{"gap": {"type": "relative", "arguments": {"name": "GAP -296091488377847865", "modelCrop": "WC", "rate": 250.0, "apply_every_n_years": 1, "number_of_applications": 2, "interval": 14, "model_specific_data": {}, "bbch": 31, "season": 0}}, "compound": {"molarMass": 300.0, "water_solubility": 0.011499331244919666, "vapor_pressure": 9.318191144442669e-06, "reference_temperature": 20.0, "koc": 65.35669750288146, "freundlich": 1.141533646963292, "dt50": {"system": 6.0, "soil": 15.202759655771901, "surfaceWater": 6.0, "sediment": 6.0}, "plant_uptake": 0.0, "name": "Compound 3353408874930915279", "model_specific_data": {}, "metabolites": [{"formation_fraction": 0.2, "metabolite": {"molarMass": 300.0, "water_solubility": 0.008756849601144381, "vapor_pressure": 2.7854797441084065e-07, "reference_temperature": 20.0, "koc": 259.0080953911699, "freundlich": 0.7203884424084559, "dt50": {"system": 6.0, "soil": 241.95520946943077, "surfaceWater": 6.0, "sediment": 6.0}, "plant_uptake": 0.5, "name": "Compound 2350587007608967314", "model_specific_data": {}, "metabolites": []}}]}}