{"gap": {"type": "relative", "arguments": {"name": "GAP -296091488377847865", "modelCrop": "WC", "rate": 250.0, "apply_every_n_years": 1, "number_of_applications": 2, "interval": 14, "model_specific_data": {}, "bbch": 31, "season": 0}}, "compound": {"molarMass": 300.0, "water_solubility": 0.004853223047700241, "vapor_pressure": 2.2096014570640833e-05, "reference_temperature": 20.0, "koc": 16.584780297502814, "freundlich": 1.105707278503016, "dt50": {"system": 6.0, "soil": 296.4573719483066, "surfaceWater": 6.0, "sediment": 6.0}, "plant_uptake": 0.0, "name": "Compound -3122081145744326972", "model_specific_data": {}, "metabolites": [{"formation_fraction": 0.2, "metabolite": {"molarMass": 300.0, "water_solubility": 0.03732171397614853, "vapor_pressure": 1.8312450097620275e-06, "reference_temperature": 20.0, "koc": 124.34873763177039, "freundlich": 1.1873311542788658, "dt50": {"system": 6.0, "soil": 298.84911205521075, "surfaceWater": 6.0, "sediment": 6.0}, "plant_uptake": 0.5, "name": "Compound 6817729279459568377", "model_specific_data": {}, "metabolites": []}}]}}