{"gap": {"type": "relative", "arguments": {"name": "GAP -296091488377847865", "modelCrop": "WC", "rate": 250.0, "apply_every_n_years": 1, "number_of_applications": 2, "interval": 14, "model_specific_data": {}, "bbch": 31, "season": 0}}, "compound": {"molarMass": 300.0, "water_solubility": 0.5145784099469739, "vapor_pressure": 0.00014495776961059831, "reference_temperature": 20.0, "koc": 73.33767457360214, "freundlich": 0.7890470204463831, "dt50": {"system": 6.0, "soil": 172.3738260336916, "surfaceWater": 6.0, "sediment": 6.0}, "plant_uptake": 0.0, "name": "Compound 3203180936862871480", "model_specific_data": {}, "metabolites": [{"formation_fraction": 0.2, "metabolite": {"molarMass": 300.0, "water_solubility": 0.00016720276282078522, "vapor_pressure": 0.0005829757416301557, "reference_temperature": 20.0, "koc": 35.18296304940983, "freundlich": 1.1027748261837822, "dt50": {"system": 6.0, "soil": 144.94665667160666, "surfaceWater": 6.0, "sediment": 6.0}, "plant_uptake": 0.5, "name": "Compound -388368616690795176", "model_specific_data": {}, "metabolites": []}}]}}