{"gap": {"type": "relative", "arguments": {"name": "GAP -296091488377847865", "modelCrop": "WC", "rate": 250.0, "apply_every_n_years": 1, "number_of_applications": 2, "interval": 14, "model_specific_data": {}, "bbch": 31, "season": 0}}, "compound": {"molarMass": 300.0, "water_solubility": 0.001291086567391294, "vapor_pressure": 1.0247359691952028e-06, "reference_temperature": 20.0, "koc": 19.464554659703087, "freundlich": 0.9834180024381005, "dt50": {"system": 6.0, "soil": 251.0734524180729, "surfaceWater": 6.0, "sediment": 6.0}, "plant_uptake": 0.0, "name": "Compound 7920177527015891119", "model_specific_data": {}, "metabolites": [{"formation_fraction": 0.2, "metabolite": {"molarMass": 300.0, "water_solubility": 0.3092789327805933, "vapor_pressure": 4.8281526855878654e-05, "reference_temperature": 20.0, "koc": 2283.6495946408186, "freundlich": 1.1374260480009826, "dt50": {"system": 6.0, "soil": 163.29424313350214, "surfaceWater": 6.0, "sediment": 6.0}, "plant_uptake": 0.5, "name": "Compound -974442894975858691", "model_specific_data": {}, "metabolites": []}}]}}