{"gap": {"type": "relative", "arguments": {"name": "GAP -296091488377847865", "modelCrop": "WC", "rate": 250.0, "apply_every_n_years": 1, "number_of_applications": 2, "interval": 14, "model_specific_data": {}, "bbch": 31, "season": 0}}, "compound": {"molarMass": 300.0, "water_solubility": 0.01584551249507734, "vapor_pressure": 2.465178728052475e-06, "reference_temperature": 20.0, "koc": 3717.041671749497, "freundlich": 1.005413779393469, "dt50": {"system": 6.0, "soil": 238.63998530185745, "surfaceWater": 6.0, "sediment": 6.0}, "plant_uptake": 0.0, "name": "Compound 4125441126226827215", "model_specific_data": {}, "metabolites": [{"formation_fraction": 0.2, "metabolite": {"molarMass": 300.0, "water_solubility": 0.0355463962306352, "vapor_pressure": 0.00022362878369771983, "reference_temperature": 20.0, "koc": 2909.6797074352044, "freundlich": 1.1059194559145014, "dt50": {"system": 6.0, "soil": 262.3013919076911, "surfaceWater": 6.0, "sediment": 6.0}, "plant_uptake": 0.5, "name": "Compound -8924998992521730911", "model_specific_data": {}, "metabolites": []}}]}}