{"gap": {"type": "relative", "arguments": {"name": "GAP -296091488377847865", "modelCrop": "WC", "rate": 250.0, "apply_every_n_years": 1, "number_of_applications": 2, "interval": 14, "model_specific_data": {}, "bbch": 31, "season": 0}}, "compound": {"molarMass": 300.0, "water_solubility": 0.028573452456307925, "vapor_pressure": 2.4694065316583607e-06, "reference_temperature": 20.0, "koc": 52.515464453042036, "freundlich": 0.8653387610740914, "dt50": {"system": 6.0, "soil": 228.20181116270132, "surfaceWater": 6.0, "sediment": 6.0}, "plant_uptake": 0.0, "name": "Compound 3501420211707836387", "model_specific_data": {}, "metabolites": [{"formation_fraction": 0.2, "metabolite": {"molarMass": 300.0, "water_solubility": 0.009157043765527019, "vapor_pressure": 0.0018253888709742197, "reference_temperature": 20.0, "koc": 649.4341985172301, "freundlich": 0.9155042667312113, "dt50": {"system": 6.0, "soil": 288.78240534412237, "surfaceWater": 6.0, "sediment": 6.0}, "plant_uptake": 0.5, "name": "Compound -8028233513539625338", "model_specific_data": {}, "metabolites": []}}]}}