{"gap": {"type": "relative", "arguments": {"name": "GAP -296091488377847865", "modelCrop": "WC", "rate": 250.0, "apply_every_n_years": 1, "number_of_applications": 2, "interval": 14, "model_specific_data": {}, "bbch": 31, "season": 0}}, "compound": {"molarMass": 300.0, "water_solubility": 0.026442556022712043, "vapor_pressure": 1.0743112479539655e-05, "reference_temperature": 20.0, "koc": 43.27074798314627, "freundlich": 1.1856465968047978, "dt50": {"system": 6.0, "soil": 271.66681807850784, "surfaceWater": 6.0, "sediment": 6.0}, "plant_uptake": 0.0, "name": "Compound -3030763740164208545", "model_specific_data": {}, "metabolites": [{"formation_fraction": 0.2, "metabolite": {"molarMass": 300.0, "water_solubility": 0.007292736965679304, "vapor_pressure": 1.4189087919140332e-05, "reference_temperature": 20.0, "koc": 3325.6507288598496, "freundlich": 1.0462723920826673, "dt50": {"system": 6.0, "soil": 121.9607871041786, "surfaceWater": 6.0, "sediment": 6.0}, "plant_uptake": 0.5, "name": "Compound -1637198155811464612", "model_specific_data": {}, "metabolites": []}}]}}