{"gap": {"type": "relative", "arguments": {"name": "GAP -296091488377847865", "modelCrop": "WC", "rate": 250.0, "apply_every_n_years": 1, "number_of_applications": 2, "interval": 14, "model_specific_data": {}, "bbch": 31, "season": 0}}, "compound": {"molarMass": 300.0, "water_solubility": 0.0525003461610095, "vapor_pressure": 7.1691005142828316e-06, "reference_temperature": 20.0, "koc": 23.563511747825224, "freundlich": 1.040540897489809, "dt50": {"system": 6.0, "soil": 188.66193854984493, "surfaceWater": 6.0, "sediment": 6.0}, "plant_uptake": 0.0, "name": "Compound 5811342047096867003", "model_specific_data": {}, "metabolites": [{"formation_fraction": 0.2, "metabolite": {"molarMass": 300.0, "water_solubility": 0.00331847693859238, "vapor_pressure": 4.7179663664829517e-05, "reference_temperature": 20.0, "koc": 3425.3348831231024, "freundlich": 1.1720257247072694, "dt50": {"system": 6.0, "soil": 199.60666494153654, "surfaceWater": 6.0, "sediment": 6.0}, "plant_uptake": 0.5, "name": "Compound 7718120666449339496", "model_specific_data": {}, "metabolites": []}}]}}