{"gap": {"type": "relative", "arguments": {"name": "GAP -296091488377847865", "modelCrop": "WC", "rate": 250.0, "apply_every_n_years": 1, "number_of_applications": 2, "interval": 14, "model_specific_data": {}, "bbch": 31, "season": 0}}, "compound": {"molarMass": 300.0, "water_solubility": 0.04566579824365629, "vapor_pressure": 1.5422886472893888e-07, "reference_temperature": 20.0, "koc": 124.31266253289871, "freundlich": 1.1719254847762945, "dt50": {"system": 6.0, "soil": 211.86249096826225, "surfaceWater": 6.0, "sediment": 6.0}, "plant_uptake": 0.0, "name": "Compound -1515702771548288040", "model_specific_data": {}, "metabolites": [{"formation_fraction": 0.2, "metabolite": {"molarMass": 300.0, "water_solubility": 0.007110748299623256, "vapor_pressure": 0.00038126016862509345, "reference_temperature": 20.0, "koc": 688.2946026416439, "freundlich": 1.0863074587225046, "dt50": {"system": 6.0, "soil": 249.26357744094224, "surfaceWater": 6.0, "sediment": 6.0}, "plant_uptake": 0.5, "name": "Compound 3644661813101255780", "model_specific_data": {}, "metabolites": []}}]}}