{"gap": {"type": "relative", "arguments": {"name": "GAP -296091488377847865", "modelCrop": "WC", "rate": 250.0, "apply_every_n_years": 1, "number_of_applications": 2, "interval": 14, "model_specific_data": {}, "bbch": 31, "season": 0}}, "compound": {"molarMass": 300.0, "water_solubility": 0.0030675724484963527, "vapor_pressure": 4.556170072244431e-05, "reference_temperature": 20.0, "koc": 1262.480563015267, "freundlich": 1.0631500894075603, "dt50": {"system": 6.0, "soil": 222.9756707894069, "surfaceWater": 6.0, "sediment": 6.0}, "plant_uptake": 0.0, "name": "Compound -2862569549267832271", "model_specific_data": {}, "metabolites": [{"formation_fraction": 0.2, "metabolite": {"molarMass": 300.0, "water_solubility": 0.11955985701206283, "vapor_pressure": 3.817454499988e-06, "reference_temperature": 20.0, "koc": 1763.2306372540693, "freundlich": 0.9540333481716936, "dt50": {"system": 6.0, "soil": 197.84446490129625, "surfaceWater": 6.0, "sediment": 6.0}, "plant_uptake": 0.5, "name": "Compound 2511583035204284787", "model_specific_data": {}, "metabolites": []}}]}}