{"gap": {"type": "relative", "arguments": {"name": "GAP -296091488377847865", "modelCrop": "WC", "rate": 250.0, "apply_every_n_years": 1, "number_of_applications": 2, "interval": 14, "model_specific_data": {}, "bbch": 31, "season": 0}}, "compound": {"molarMass": 300.0, "water_solubility": 0.4783217963193912, "vapor_pressure": 1.1944168334743246e-05, "reference_temperature": 20.0, "koc": 383.4762407358858, "freundlich": 0.9694858377903925, "dt50": {"system": 6.0, "soil": 114.38252419408087, "surfaceWater": 6.0, "sediment": 6.0}, "plant_uptake": 0.0, "name": "Compound -5507027648910775153", "model_specific_data": {}, "metabolites": [{"formation_fraction": 0.2, "metabolite": {"molarMass": 300.0, "water_solubility": 0.013406677023582652, "vapor_pressure": 9.493944195610188e-06, "reference_temperature": 20.0, "koc": 17.773080043231637, "freundlich": 1.0575131924084107, "dt50": {"system": 6.0, "soil": 54.892938559311816, "surfaceWater": 6.0, "sediment": 6.0}, "plant_uptake": 0.5, "name": "Compound -1181111108823323623", "model_specific_data": {}, "metabolites": []}}]}}