{"gap": {"type": "relative", "arguments": {"name": "GAP -296091488377847865", "modelCrop": "WC", "rate": 250.0, "apply_every_n_years": 1, "number_of_applications": 2, "interval": 14, "model_specific_data": {}, "bbch": 31, "season": 0}}, "compound": {"molarMass": 300.0, "water_solubility": 0.0033622915067605063, "vapor_pressure": 0.00014620542187644638, "reference_temperature": 20.0, "koc": 10.19566870583193, "freundlich": 0.8624796329887071, "dt50": {"system": 6.0, "soil": 191.77299941165353, "surfaceWater": 6.0, "sediment": 6.0}, "plant_uptake": 0.0, "name": "Compound -8624426628134030556", "model_specific_data": {}, "metabolites": [{"formation_fraction": 0.2, "metabolite": {"molarMass": 300.0, "water_solubility": 0.0013333982424520569, "vapor_pressure": 1.3343199518207472e-07, "reference_temperature": 20.0, "koc": 164.20700366779468, "freundlich": 0.7588017290910076, "dt50": {"system": 6.0, "soil": 98.97043745264621, "surfaceWater": 6.0, "sediment": 6.0}, "plant_uptake": 0.5, "name": "Compound 8625266808816236328", "model_specific_data": {}, "metabolites": []}}]}}