{"gap": {"type": "relative", "arguments": {"name": "GAP -296091488377847865", "modelCrop": "WC", "rate": 250.0, "apply_every_n_years": 1, "number_of_applications": 2, "interval": 14, "model_specific_data": {}, "bbch": 31, "season": 0}}, "compound": {"molarMass": 300.0, "water_solubility": 0.014847185908431924, "vapor_pressure": 1.1533040318135944e-08, "reference_temperature": 20.0, "koc": 1650.4796557082532, "freundlich": 0.9039275697480734, "dt50": {"system": 6.0, "soil": 133.31586056188212, "surfaceWater": 6.0, "sediment": 6.0}, "plant_uptake": 0.0, "name": "Compound -5609302864919344250", "model_specific_data": {}, "metabolites": [{"formation_fraction": 0.2, "metabolite": {"molarMass": 300.0, "water_solubility": 0.011356850481341994, "vapor_pressure": 4.926417952920802e-06, "reference_temperature": 20.0, "koc": 3596.4304506597555, "freundlich": 1.108684888111583, "dt50": {"system": 6.0, "soil": 36.552763691038045, "surfaceWater": 6.0, "sediment": 6.0}, "plant_uptake": 0.5, "name": "Compound -4319384960653410243", "model_specific_data": {}, "metabolites": []}}]}}