{"gap": {"type": "relative", "arguments": {"name": "GAP -296091488377847865", "modelCrop": "WC", "rate": 250.0, "apply_every_n_years": 1, "number_of_applications": 2, "interval": 14, "model_specific_data": {}, "bbch": 31, "season": 0}}, "compound": {"molarMass": 300.0, "water_solubility": 0.009731018191276631, "vapor_pressure": 9.686670896510142e-06, "reference_temperature": 20.0, "koc": 135.60599488692867, "freundlich": 1.0088312304476996, "dt50": {"system": 6.0, "soil": 14.832438039039065, "surfaceWater": 6.0, "sediment": 6.0}, "plant_uptake": 0.0, "name": "Compound 8447126433486325151", "model_specific_data": {}, "metabolites": [{"formation_fraction": 0.2, "metabolite": {"molarMass": 300.0, "water_solubility": 0.04963799576468005, "vapor_pressure": 0.00018155915958716605, "reference_temperature": 20.0, "koc": 238.91844569822422, "freundlich": 0.8566084764736304, "dt50": {"system": 6.0, "soil": 95.29412915229145, "surfaceWater": 6.0, "sediment": 6.0}, "plant_uptake": 0.5, "name": "Compound -1354011374666057492", "model_specific_data": {}, "metabolites": []}}]}}