{"gap": {"type": "relative", "arguments": {"name": "GAP -296091488377847865", "modelCrop": "WC", "rate": 250.0, "apply_every_n_years": 1, "number_of_applications": 2, "interval": 14, "model_specific_data": {}, "bbch": 31, "season": 0}}, "compound": {"molarMass": 300.0, "water_solubility": 0.007182506185953052, "vapor_pressure": 6.632042259413949e-06, "reference_temperature": 20.0, "koc": 29.846906718495028, "freundlich": 0.7147142215321718, "dt50": {"system": 6.0, "soil": 184.4119981639024, "surfaceWater": 6.0, "sediment": 6.0}, "plant_uptake": 0.0, "name": "Compound -5199087825650366041", "model_specific_data": {}, "metabolites": [{"formation_fraction": 0.2, "metabolite": {"molarMass": 300.0, "water_solubility": 0.017309597530958343, "vapor_pressure": 0.0004860935545699855, "reference_temperature": 20.0, "koc": 1430.7930409047544, "freundlich": 0.9813533976486657, "dt50": {"system": 6.0, "soil": 256.6170385504531, "surfaceWater": 6.0, "sediment": 6.0}, "plant_uptake": 0.5, "name": "Compound -8827669052485957593", "model_specific_data": {}, "metabolites": []}}]}}