{"gap": {"type": "relative", "arguments": {"name": "GAP -296091488377847865", "modelCrop": "WC", "rate": 250.0, "apply_every_n_years": 1, "number_of_applications": 2, "interval": 14, "model_specific_data": {}, "bbch": 31, "season": 0}}, "compound": {"molarMass": 300.0, "water_solubility": 0.043729808893527636, "vapor_pressure": 1.23674104239242e-05, "reference_temperature": 20.0, "koc": 1215.8265610678866, "freundlich": 0.8353828520956053, "dt50": {"system": 6.0, "soil": 34.68597088499131, "surfaceWater": 6.0, "sediment": 6.0}, "plant_uptake": 0.0, "name": "Compound -3444339524339052808", "model_specific_data": {}, "metabolites": [{"formation_fraction": 0.2, "metabolite": {"molarMass": 300.0, "water_solubility": 0.0008457389943803785, "vapor_pressure": 1.872192407712344e-05, "reference_temperature": 20.0, "koc": 410.85621047281137, "freundlich": 1.0346495459918543, "dt50": {"system": 6.0, "soil": 170.6141469309371, "surfaceWater": 6.0, "sediment": 6.0}, "plant_uptake": 0.5, "name": "Compound -3687859756677465677", "model_specific_data": {}, "metabolites": []}}]}}