{"gap": {"type": "relative", "arguments": {"name": "GAP -296091488377847865", "modelCrop": "WC", "rate": 250.0, "apply_every_n_years": 1, "number_of_applications": 2, "interval": 14, "model_specific_data": {}, "bbch": 31, "season": 0}}, "compound": {"molarMass": 300.0, "water_solubility": 0.0007933514955060308, "vapor_pressure": 2.0267301503113917e-06, "reference_temperature": 20.0, "koc": 2758.392277021057, "freundlich": 0.7006286016316456, "dt50": {"system": 6.0, "soil": 151.47134907699873, "surfaceWater": 6.0, "sediment": 6.0}, "plant_uptake": 0.0, "name": "Compound -2530304298848139421", "model_specific_data": {}, "metabolites": [{"formation_fraction": 0.2, "metabolite": {"molarMass": 300.0, "water_solubility": 0.16872460590534463, "vapor_pressure": 8.549217134280782e-08, "reference_temperature": 20.0, "koc": 303.4990138898252, "freundlich": 0.7175479879985331, "dt50": {"system": 6.0, "soil": 63.25461351176532, "surfaceWater": 6.0, "sediment": 6.0}, "plant_uptake": 0.5, "name": "Compound -7151981965642332028", "model_specific_data": {}, "metabolites": []}}]}}