{"gap": {"type": "relative", "arguments": {"name": "GAP -296091488377847865", "modelCrop": "WC", "rate": 250.0, "apply_every_n_years": 1, "number_of_applications": 2, "interval": 14, "model_specific_data": {}, "bbch": 31, "season": 0}}, "compound": {"molarMass": 300.0, "water_solubility": 4.8063571741919214e-05, "vapor_pressure": 3.591781458071542e-07, "reference_temperature": 20.0, "koc": 129.02871079668222, "freundlich": 1.1365547127660962, "dt50": {"system": 6.0, "soil": 241.6409254991079, "surfaceWater": 6.0, "sediment": 6.0}, "plant_uptake": 0.0, "name": "Compound 6307970968846491699", "model_specific_data": {}, "metabolites": [{"formation_fraction": 0.2, "metabolite": {"molarMass": 300.0, "water_solubility": 0.020961880416440096, "vapor_pressure": 4.3373228382342016e-05, "reference_temperature": 20.0, "koc": 2293.7998463120452, "freundlich": 0.8732251536901914, "dt50": {"system": 6.0, "soil": 34.73277014231082, "surfaceWater": 6.0, "sediment": 6.0}, "plant_uptake": 0.5, "name": "Compound 2521583554646962510", "model_specific_data": {}, "metabolites": []}}]}}