{"gap": {"type": "relative", "arguments": {"name": "GAP -296091488377847865", "modelCrop": "WC", "rate": 250.0, "apply_every_n_years": 1, "number_of_applications": 2, "interval": 14, "model_specific_data": {}, "bbch": 31, "season": 0}}, "compound": {"molarMass": 300.0, "water_solubility": 0.001023409934396058, "vapor_pressure": 7.3051520929948675e-09, "reference_temperature": 20.0, "koc": 824.983376931184, "freundlich": 1.0082718526918752, "dt50": {"system": 6.0, "soil": 182.96548512136908, "surfaceWater": 6.0, "sediment": 6.0}, "plant_uptake": 0.0, "name": "Compound 5250925669006718300", "model_specific_data": {}, "metabolites": [{"formation_fraction": 0.2, "metabolite": {"molarMass": 300.0, "water_solubility": 0.003450717805252856, "vapor_pressure": 5.7314804097977505e-06, "reference_temperature": 20.0, "koc": 27.90320503607684, "freundlich": 1.082291562925432, "dt50": {"system": 6.0, "soil": 107.22119488995808, "surfaceWater": 6.0, "sediment": 6.0}, "plant_uptake": 0.5, "name": "Compound 3982905281622367890", "model_specific_data": {}, "metabolites": []}}]}}