{"gap": {"type": "relative", "arguments": {"name": "GAP -296091488377847865", "modelCrop": "WC", "rate": 250.0, "apply_every_n_years": 1, "number_of_applications": 2, "interval": 14, "model_specific_data": {}, "bbch": 31, "season": 0}}, "compound": {"molarMass": 300.0, "water_solubility": 0.0005130221440175371, "vapor_pressure": 9.478159223329183e-05, "reference_temperature": 20.0, "koc": 91.15382874995855, "freundlich": 0.8473766719138516, "dt50": {"system": 6.0, "soil": 15.278241522083263, "surfaceWater": 6.0, "sediment": 6.0}, "plant_uptake": 0.0, "name": "Compound -1230449566616982970", "model_specific_data": {}, "metabolites": [{"formation_fraction": 0.2, "metabolite": {"molarMass": 300.0, "water_solubility": 0.08079453458394677, "vapor_pressure": 7.757737020599487e-05, "reference_temperature": 20.0, "koc": 92.23798602387112, "freundlich": 0.8835532531435903, "dt50": {"system": 6.0, "soil": 270.6190937796419, "surfaceWater": 6.0, "sediment": 6.0}, "plant_uptake": 0.5, "name": "Compound -305554832829234320", "model_specific_data": {}, "metabolites": []}}]}}