{"gap": {"type": "relative", "arguments": {"name": "GAP -296091488377847865", "modelCrop": "WC", "rate": 250.0, "apply_every_n_years": 1, "number_of_applications": 2, "interval": 14, "model_specific_data": {}, "bbch": 31, "season": 0}}, "compound": {"molarMass": 300.0, "water_solubility": 0.001653078472982206, "vapor_pressure": 9.69672081064249e-08, "reference_temperature": 20.0, "koc": 4773.586878686469, "freundlich": 0.9185893279217096, "dt50": {"system": 6.0, "soil": 145.26350625519518, "surfaceWater": 6.0, "sediment": 6.0}, "plant_uptake": 0.0, "name": "Compound 876184561004453064", "model_specific_data": {}, "metabolites": [{"formation_fraction": 0.2, "metabolite": {"molarMass": 300.0, "water_solubility": 0.0001787963077882946, "vapor_pressure": 1.932217298747678e-05, "reference_temperature": 20.0, "koc": 244.06371527321775, "freundlich": 0.884787237837147, "dt50": {"system": 6.0, "soil": 204.8829207788476, "surfaceWater": 6.0, "sediment": 6.0}, "plant_uptake": 0.5, "name": "Compound 638562780259269099", "model_specific_data": {}, "metabolites": []}}]}}