{"gap": {"type": "relative", "arguments": {"name": "GAP -296091488377847865", "modelCrop": "WC", "rate": 250.0, "apply_every_n_years": 1, "number_of_applications": 2, "interval": 14, "model_specific_data": {}, "bbch": 31, "season": 0}}, "compound": {"molarMass": 300.0, "water_solubility": 0.0005288498990691055, "vapor_pressure": 0.00017656169700245173, "reference_temperature": 20.0, "koc": 13.581929457741412, "freundlich": 1.1600218746069295, "dt50": {"system": 6.0, "soil": 80.42273043641731, "surfaceWater": 6.0, "sediment": 6.0}, "plant_uptake": 0.0, "name": "Compound 1758726564250617486", "model_specific_data": {}, "metabolites": [{"formation_fraction": 0.2, "metabolite": {"molarMass": 300.0, "water_solubility": 0.009294299118552235, "vapor_pressure": 1.1938680985991169e-05, "reference_temperature": 20.0, "koc": 1104.092477112832, "freundlich": 0.8005147555292409, "dt50": {"system": 6.0, "soil": 144.4954136852512, "surfaceWater": 6.0, "sediment": 6.0}, "plant_uptake": 0.5, "name": "Compound -3518254249483661035", "model_specific_data": {}, "metabolites": []}}]}}