{"gap": {"type": "relative", "arguments": {"name": "GAP -296091488377847865", "modelCrop": "WC", "rate": 250.0, "apply_every_n_years": 1, "number_of_applications": 2, "interval": 14, "model_specific_data": {}, "bbch": 31, "season": 0}}, "compound": {"molarMass": 300.0, "water_solubility": 1.5473186183431837, "vapor_pressure": 0.00025966582685368243, "reference_temperature": 20.0, "koc": 357.1496504433607, "freundlich": 0.7340492355081387, "dt50": {"system": 6.0, "soil": 247.9325828632725, "surfaceWater": 6.0, "sediment": 6.0}, "plant_uptake": 0.0, "name": "Compound -3413825502438180692", "model_specific_data": {}, "metabolites": [{"formation_fraction": 0.2, "metabolite": {"molarMass": 300.0, "water_solubility": 0.001902643895309456, "vapor_pressure": 1.0573444645951562e-06, "reference_temperature": 20.0, "koc": 340.64116630196065, "freundlich": 0.9081336143415006, "dt50": {"system": 6.0, "soil": 90.69176326805324, "surfaceWater": 6.0, "sediment": 6.0}, "plant_uptake": 0.5, "name": "Compound 4266335576861923034", "model_specific_data": {}, "metabolites": []}}]}}