{"gap": {"type": "relative", "arguments": {"name": "GAP -296091488377847865", "modelCrop": "WC", "rate": 250.0, "apply_every_n_years": 1, "number_of_applications": 2, "interval": 14, "model_specific_data": {}, "bbch": 31, "season": 0}}, "compound": {"molarMass": 300.0, "water_solubility": 0.015859390698721228, "vapor_pressure": 6.648503782485913e-05, "reference_temperature": 20.0, "koc": 89.64718056650271, "freundlich": 1.0763801944542175, "dt50": {"system": 6.0, "soil": 169.0314265472046, "surfaceWater": 6.0, "sediment": 6.0}, "plant_uptake": 0.0, "name": "Compound -8573915030034272003", "model_specific_data": {}, "metabolites": [{"formation_fraction": 0.2, "metabolite": {"molarMass": 300.0, "water_solubility": 0.02695896212963758, "vapor_pressure": 1.453770714146914e-06, "reference_temperature": 20.0, "koc": 318.13339850696667, "freundlich": 0.7013796690139409, "dt50": {"system": 6.0, "soil": 193.7774356464837, "surfaceWater": 6.0, "sediment": 6.0}, "plant_uptake": 0.5, "name": "Compound 3348431984330643925", "model_specific_data": {}, "metabolites": []}}]}}