{"gap": {"type": "relative", "arguments": {"name": "GAP -296091488377847865", "modelCrop": "WC", "rate": 250.0, "apply_every_n_years": 1, "number_of_applications": 2, "interval": 14, "model_specific_data": {}, "bbch": 31, "season": 0}}, "compound": {"molarMass": 300.0, "water_solubility": 0.6707171619630776, "vapor_pressure": 0.06826602484038473, "reference_temperature": 20.0, "koc": 407.60118892320645, "freundlich": 0.769239625762709, "dt50": {"system": 6.0, "soil": 61.24492901670148, "surfaceWater": 6.0, "sediment": 6.0}, "plant_uptake": 0.0, "name": "Compound -6468638822519123394", "model_specific_data": {}, "metabolites": [{"formation_fraction": 0.2, "metabolite": {"molarMass": 300.0, "water_solubility": 0.0001957109633917921, "vapor_pressure": 0.0011684766005301346, "reference_temperature": 20.0, "koc": 1073.9069037858258, "freundlich": 0.8575835120819748, "dt50": {"system": 6.0, "soil": 140.8083226183465, "surfaceWater": 6.0, "sediment": 6.0}, "plant_uptake": 0.5, "name": "Compound 3763743365807056650", "model_specific_data": {}, "metabolites": []}}]}}