{"gap": {"type": "relative", "arguments": {"name": "GAP -296091488377847865", "modelCrop": "WC", "rate": 250.0, "apply_every_n_years": 1, "number_of_applications": 2, "interval": 14, "model_specific_data": {}, "bbch": 31, "season": 0}}, "compound": {"molarMass": 300.0, "water_solubility": 0.008770430833073958, "vapor_pressure": 6.706945109520404e-05, "reference_temperature": 20.0, "koc": 481.2994456614337, "freundlich": 1.098508904839018, "dt50": {"system": 6.0, "soil": 247.40347879590257, "surfaceWater": 6.0, "sediment": 6.0}, "plant_uptake": 0.0, "name": "Compound 4554141661105887314", "model_specific_data": {}, "metabolites": [{"formation_fraction": 0.2, "metabolite": {"molarMass": 300.0, "water_solubility": 1.0968536623772567, "vapor_pressure": 0.002044827005358408, "reference_temperature": 20.0, "koc": 744.0538019799894, "freundlich": 1.006437986087783, "dt50": {"system": 6.0, "soil": 221.62204995552347, "surfaceWater": 6.0, "sediment": 6.0}, "plant_uptake": 0.5, "name": "Compound 3177117069352408090", "model_specific_data": {}, "metabolites": []}}]}}