{"gap": {"type": "relative", "arguments": {"name": "GAP -296091488377847865", "modelCrop": "WC", "rate": 250.0, "apply_every_n_years": 1, "number_of_applications": 2, "interval": 14, "model_specific_data": {}, "bbch": 31, "season": 0}}, "compound": {"molarMass": 300.0, "water_solubility": 0.03081636557163132, "vapor_pressure": 3.007780115337362e-07, "reference_temperature": 20.0, "koc": 104.2619125899423, "freundlich": 1.1961958598304583, "dt50": {"system": 6.0, "soil": 136.16757956243734, "surfaceWater": 6.0, "sediment": 6.0}, "plant_uptake": 0.0, "name": "Compound 7069522021018507727", "model_specific_data": {}, "metabolites": [{"formation_fraction": 0.2, "metabolite": {"molarMass": 300.0, "water_solubility": 0.005688909856982788, "vapor_pressure": 3.5394566440954336e-05, "reference_temperature": 20.0, "koc": 63.41331386578136, "freundlich": 1.105435175346752, "dt50": {"system": 6.0, "soil": 249.47387188230718, "surfaceWater": 6.0, "sediment": 6.0}, "plant_uptake": 0.5, "name": "Compound 6187804805468550950", "model_specific_data": {}, "metabolites": []}}]}}