{"gap": {"type": "relative", "arguments": {"name": "GAP -296091488377847865", "modelCrop": "WC", "rate": 250.0, "apply_every_n_years": 1, "number_of_applications": 2, "interval": 14, "model_specific_data": {}, "bbch": 31, "season": 0}}, "compound": {"molarMass": 300.0, "water_solubility": 0.010402728925019988, "vapor_pressure": 8.580201459888687e-07, "reference_temperature": 20.0, "koc": 1818.9614674447264, "freundlich": 1.0639634300107743, "dt50": {"system": 6.0, "soil": 182.69195652860526, "surfaceWater": 6.0, "sediment": 6.0}, "plant_uptake": 0.0, "name": "Compound 8302264662605027773", "model_specific_data": {}, "metabolites": [{"formation_fraction": 0.2, "metabolite": {"molarMass": 300.0, "water_solubility": 0.02030553792460801, "vapor_pressure": 8.682061584115177e-05, "reference_temperature": 20.0, "koc": 824.8020108201325, "freundlich": 1.0522005871151994, "dt50": {"system": 6.0, "soil": 253.7038930991525, "surfaceWater": 6.0, "sediment": 6.0}, "plant_uptake": 0.5, "name": "Compound -9207195783545427092", "model_specific_data": {}, "metabolites": []}}]}}