{"gap": {"type": "relative", "arguments": {"name": "GAP -296091488377847865", "modelCrop": "WC", "rate": 250.0, "apply_every_n_years": 1, "number_of_applications": 2, "interval": 14, "model_specific_data": {}, "bbch": 31, "season": 0}}, "compound": {"molarMass": 300.0, "water_solubility": 6.029589875941782e-05, "vapor_pressure": 1.550245928352637e-07, "reference_temperature": 20.0, "koc": 161.80030916032328, "freundlich": 1.1084376748826497, "dt50": {"system": 6.0, "soil": 296.4644745298901, "surfaceWater": 6.0, "sediment": 6.0}, "plant_uptake": 0.0, "name": "Compound 1592281386689180912", "model_specific_data": {}, "metabolites": [{"formation_fraction": 0.2, "metabolite": {"molarMass": 300.0, "water_solubility": 0.013856814557194366, "vapor_pressure": 6.304913306301793e-07, "reference_temperature": 20.0, "koc": 463.7453661764683, "freundlich": 1.040844029137128, "dt50": {"system": 6.0, "soil": 53.03264837973214, "surfaceWater": 6.0, "sediment": 6.0}, "plant_uptake": 0.5, "name": "Compound -6140254719103940305", "model_specific_data": {}, "metabolites": []}}]}}