{"gap": {"type": "relative", "arguments": {"name": "GAP -296091488377847865", "modelCrop": "WC", "rate": 250.0, "apply_every_n_years": 1, "number_of_applications": 2, "interval": 14, "model_specific_data": {}, "bbch": 31, "season": 0}}, "compound": {"molarMass": 300.0, "water_solubility": 0.008929866175168688, "vapor_pressure": 1.913852918729804e-05, "reference_temperature": 20.0, "koc": 53.3204458328777, "freundlich": 1.1271375254493594, "dt50": {"system": 6.0, "soil": 174.87607153904665, "surfaceWater": 6.0, "sediment": 6.0}, "plant_uptake": 0.0, "name": "Compound -1407549647484149976", "model_specific_data": {}, "metabolites": [{"formation_fraction": 0.2, "metabolite": {"molarMass": 300.0, "water_solubility": 1.8681264094213204, "vapor_pressure": 6.875981310145465e-06, "reference_temperature": 20.0, "koc": 1264.8534753042247, "freundlich": 0.9050772049120199, "dt50": {"system": 6.0, "soil": 259.46920308745433, "surfaceWater": 6.0, "sediment": 6.0}, "plant_uptake": 0.5, "name": "Compound 2612173852841624503", "model_specific_data": {}, "metabolites": []}}]}}