{"gap": {"type": "relative", "arguments": {"name": "GAP -296091488377847865", "modelCrop": "WC", "rate": 250.0, "apply_every_n_years": 1, "number_of_applications": 2, "interval": 14, "model_specific_data": {}, "bbch": 31, "season": 0}}, "compound": {"molarMass": 300.0, "water_solubility": 0.0025732764720647248, "vapor_pressure": 8.55037358268267e-06, "reference_temperature": 20.0, "koc": 1134.646822325653, "freundlich": 1.0479843932927888, "dt50": {"system": 6.0, "soil": 80.85552857281102, "surfaceWater": 6.0, "sediment": 6.0}, "plant_uptake": 0.0, "name": "Compound 745850442181206657", "model_specific_data": {}, "metabolites": [{"formation_fraction": 0.2, "metabolite": {"molarMass": 300.0, "water_solubility": 0.001079629549844413, "vapor_pressure": 2.1229747546483102e-05, "reference_temperature": 20.0, "koc": 1139.6802074395393, "freundlich": 1.0766449689481377, "dt50": {"system": 6.0, "soil": 50.14376187519243, "surfaceWater": 6.0, "sediment": 6.0}, "plant_uptake": 0.5, "name": "Compound -3497643676215537225", "model_specific_data": {}, "metabolites": []}}]}}