{"gap": {"type": "relative", "arguments": {"name": "GAP -296091488377847865", "modelCrop": "WC", "rate": 250.0, "apply_every_n_years": 1, "number_of_applications": 2, "interval": 14, "model_specific_data": {}, "bbch": 31, "season": 0}}, "compound": {"molarMass": 300.0, "water_solubility": 0.12575655306707637, "vapor_pressure": 5.256411972070841e-07, "reference_temperature": 20.0, "koc": 4525.598109101873, "freundlich": 1.1800426414198815, "dt50": {"system": 6.0, "soil": 107.46353813000187, "surfaceWater": 6.0, "sediment": 6.0}, "plant_uptake": 0.0, "name": "Compound -5731934832612349013", "model_specific_data": {}, "metabolites": [{"formation_fraction": 0.2, "metabolite": {"molarMass": 300.0, "water_solubility": 1.408803180160019, "vapor_pressure": 3.436945647857049e-07, "reference_temperature": 20.0, "koc": 92.66278801242419, "freundlich": 1.1050239997097284, "dt50": {"system": 6.0, "soil": 36.35336068299867, "surfaceWater": 6.0, "sediment": 6.0}, "plant_uptake": 0.5, "name": "Compound 786419208089748146", "model_specific_data": {}, "metabolites": []}}]}}