{"gap": {"type": "relative", "arguments": {"name": "GAP -296091488377847865", "modelCrop": "WC", "rate": 250.0, "apply_every_n_years": 1, "number_of_applications": 2, "interval": 14, "model_specific_data": {}, "bbch": 31, "season": 0}}, "compound": {"molarMass": 300.0, "water_solubility": 0.18476136256707915, "vapor_pressure": 2.9012345000954683e-07, "reference_temperature": 20.0, "koc": 25.667648325438886, "freundlich": 0.7280473022667487, "dt50": {"system": 6.0, "soil": 262.4764970329003, "surfaceWater": 6.0, "sediment": 6.0}, "plant_uptake": 0.0, "name": "Compound 6687379337072558378", "model_specific_data": {}, "metabolites": [{"formation_fraction": 0.2, "metabolite": {"molarMass": 300.0, "water_solubility": 0.029973858769174522, "vapor_pressure": 0.00024062110488741828, "reference_temperature": 20.0, "koc": 39.40814812637099, "freundlich": 0.7921384285345117, "dt50": {"system": 6.0, "soil": 260.23886289163465, "surfaceWater": 6.0, "sediment": 6.0}, "plant_uptake": 0.5, "name": "Compound -5727616715864265986", "model_specific_data": {}, "metabolites": []}}]}}