{"gap": {"type": "relative", "arguments": {"name": "GAP -296091488377847865", "modelCrop": "WC", "rate": 250.0, "apply_every_n_years": 1, "number_of_applications": 2, "interval": 14, "model_specific_data": {}, "bbch": 31, "season": 0}}, "compound": {"molarMass": 300.0, "water_solubility": 0.0010420060063790451, "vapor_pressure": 4.887572078089966e-07, "reference_temperature": 20.0, "koc": 248.6623349657299, "freundlich": 0.8902413919478996, "dt50": {"system": 6.0, "soil": 299.7343049520333, "surfaceWater": 6.0, "sediment": 6.0}, "plant_uptake": 0.0, "name": "Compound 8588006308256149839", "model_specific_data": {}, "metabolites": [{"formation_fraction": 0.2, "metabolite": {"molarMass": 300.0, "water_solubility": 0.00018632414169475592, "vapor_pressure": 4.3537156243642554e-08, "reference_temperature": 20.0, "koc": 141.01851974826877, "freundlich": 0.8667575786311597, "dt50": {"system": 6.0, "soil": 83.07720862207283, "surfaceWater": 6.0, "sediment": 6.0}, "plant_uptake": 0.5, "name": "Compound -952671095037857384", "model_specific_data": {}, "metabolites": []}}]}}