{"gap": {"type": "relative", "arguments": {"name": "GAP -296091488377847865", "modelCrop": "WC", "rate": 250.0, "apply_every_n_years": 1, "number_of_applications": 2, "interval": 14, "model_specific_data": {}, "bbch": 31, "season": 0}}, "compound": {"molarMass": 300.0, "water_solubility": 0.12301075783081376, "vapor_pressure": 0.0004557362376941893, "reference_temperature": 20.0, "koc": 41.18893861013596, "freundlich": 0.9133093968785162, "dt50": {"system": 6.0, "soil": 72.88760606683405, "surfaceWater": 6.0, "sediment": 6.0}, "plant_uptake": 0.0, "name": "Compound 583649576220080348", "model_specific_data": {}, "metabolites": [{"formation_fraction": 0.2, "metabolite": {"molarMass": 300.0, "water_solubility": 0.011100997515324645, "vapor_pressure": 2.0719849396395807e-09, "reference_temperature": 20.0, "koc": 1448.9564923705734, "freundlich": 1.0431538271980068, "dt50": {"system": 6.0, "soil": 67.14182729707835, "surfaceWater": 6.0, "sediment": 6.0}, "plant_uptake": 0.5, "name": "Compound -5954986529812998655", "model_specific_data": {}, "metabolites": []}}]}}