{"gap": {"type": "relative", "arguments": {"name": "GAP -296091488377847865", "modelCrop": "WC", "rate": 250.0, "apply_every_n_years": 1, "number_of_applications": 2, "interval": 14, "model_specific_data": {}, "bbch": 31, "season": 0}}, "compound": {"molarMass": 300.0, "water_solubility": 0.2505777657371929, "vapor_pressure": 9.780101960747028e-05, "reference_temperature": 20.0, "koc": 3834.6242555749955, "freundlich": 0.7360906701234433, "dt50": {"system": 6.0, "soil": 195.62182017120867, "surfaceWater": 6.0, "sediment": 6.0}, "plant_uptake": 0.0, "name": "Compound 5585073395744117348", "model_specific_data": {}, "metabolites": [{"formation_fraction": 0.2, "metabolite": {"molarMass": 300.0, "water_solubility": 0.0005749659302225126, "vapor_pressure": 2.491773843466446e-05, "reference_temperature": 20.0, "koc": 1200.763288924519, "freundlich": 0.9347208570030485, "dt50": {"system": 6.0, "soil": 277.5083671754688, "surfaceWater": 6.0, "sediment": 6.0}, "plant_uptake": 0.5, "name": "Compound -1319549181380852587", "model_specific_data": {}, "metabolites": []}}]}}