{"gap": {"type": "relative", "arguments": {"name": "GAP -296091488377847865", "modelCrop": "WC", "rate": 250.0, "apply_every_n_years": 1, "number_of_applications": 2, "interval": 14, "model_specific_data": {}, "bbch": 31, "season": 0}}, "compound": {"molarMass": 300.0, "water_solubility": 0.03825683652155673, "vapor_pressure": 0.013874732684092825, "reference_temperature": 20.0, "koc": 24.000103663683916, "freundlich": 1.1948338322554135, "dt50": {"system": 6.0, "soil": 217.45820387487615, "surfaceWater": 6.0, "sediment": 6.0}, "plant_uptake": 0.0, "name": "Compound 1153408979233614588", "model_specific_data": {}, "metabolites": [{"formation_fraction": 0.2, "metabolite": {"molarMass": 300.0, "water_solubility": 0.12312123141872473, "vapor_pressure": 0.00013472344097715746, "reference_temperature": 20.0, "koc": 1739.5505512560617, "freundlich": 0.8988941733059532, "dt50": {"system": 6.0, "soil": 238.52653442073165, "surfaceWater": 6.0, "sediment": 6.0}, "plant_uptake": 0.5, "name": "Compound -5780351790592818496", "model_specific_data": {}, "metabolites": []}}]}}