{"gap": {"type": "relative", "arguments": {"name": "GAP -296091488377847865", "modelCrop": "WC", "rate": 250.0, "apply_every_n_years": 1, "number_of_applications": 2, "interval": 14, "model_specific_data": {}, "bbch": 31, "season": 0}}, "compound": {"molarMass": 300.0, "water_solubility": 0.0062971500735520824, "vapor_pressure": 0.0005618925007726082, "reference_temperature": 20.0, "koc": 1046.4628192873165, "freundlich": 0.826774118065585, "dt50": {"system": 6.0, "soil": 212.1507350098174, "surfaceWater": 6.0, "sediment": 6.0}, "plant_uptake": 0.0, "name": "Compound 3419482369171743855", "model_specific_data": {}, "metabolites": [{"formation_fraction": 0.2, "metabolite": {"molarMass": 300.0, "water_solubility": 0.026826548415239616, "vapor_pressure": 2.2058007501579252e-07, "reference_temperature": 20.0, "koc": 672.062886434208, "freundlich": 0.8266994828681882, "dt50": {"system": 6.0, "soil": 120.63899082737682, "surfaceWater": 6.0, "sediment": 6.0}, "plant_uptake": 0.5, "name": "Compound 5063431193926022975", "model_specific_data": {}, "metabolites": []}}]}}