{"gap": {"type": "relative", "arguments": {"name": "GAP -296091488377847865", "modelCrop": "WC", "rate": 250.0, "apply_every_n_years": 1, "number_of_applications": 2, "interval": 14, "model_specific_data": {}, "bbch": 31, "season": 0}}, "compound": {"molarMass": 300.0, "water_solubility": 0.0378407621917565, "vapor_pressure": 1.250462036597842e-05, "reference_temperature": 20.0, "koc": 29.70172474247987, "freundlich": 1.1729896916697744, "dt50": {"system": 6.0, "soil": 277.1693249700593, "surfaceWater": 6.0, "sediment": 6.0}, "plant_uptake": 0.0, "name": "Compound 5938747582308180527", "model_specific_data": {}, "metabolites": [{"formation_fraction": 0.2, "metabolite": {"molarMass": 300.0, "water_solubility": 0.026392683253610747, "vapor_pressure": 5.582746689172409e-06, "reference_temperature": 20.0, "koc": 4607.369271311262, "freundlich": 1.1701240810851041, "dt50": {"system": 6.0, "soil": 110.27097442933278, "surfaceWater": 6.0, "sediment": 6.0}, "plant_uptake": 0.5, "name": "Compound -8031685393770749728", "model_specific_data": {}, "metabolites": []}}]}}