{"gap": {"type": "relative", "arguments": {"name": "GAP -296091488377847865", "modelCrop": "WC", "rate": 250.0, "apply_every_n_years": 1, "number_of_applications": 2, "interval": 14, "model_specific_data": {}, "bbch": 31, "season": 0}}, "compound": {"molarMass": 300.0, "water_solubility": 0.009129380666054105, "vapor_pressure": 0.00030313963675104405, "reference_temperature": 20.0, "koc": 488.9478931460677, "freundlich": 0.7030572916426889, "dt50": {"system": 6.0, "soil": 234.8405443262648, "surfaceWater": 6.0, "sediment": 6.0}, "plant_uptake": 0.0, "name": "Compound -3327602562309741931", "model_specific_data": {}, "metabolites": [{"formation_fraction": 0.2, "metabolite": {"molarMass": 300.0, "water_solubility": 0.6168380237726209, "vapor_pressure": 5.372888629369036e-06, "reference_temperature": 20.0, "koc": 2014.9443309556389, "freundlich": 0.7682803685770039, "dt50": {"system": 6.0, "soil": 281.2188325516167, "surfaceWater": 6.0, "sediment": 6.0}, "plant_uptake": 0.5, "name": "Compound 8659188222570908692", "model_specific_data": {}, "metabolites": []}}]}}