{"gap": {"type": "relative", "arguments": {"name": "GAP -296091488377847865", "modelCrop": "WC", "rate": 250.0, "apply_every_n_years": 1, "number_of_applications": 2, "interval": 14, "model_specific_data": {}, "bbch": 31, "season": 0}}, "compound": {"molarMass": 300.0, "water_solubility": 0.1440256301035423, "vapor_pressure": 0.0007180981514232287, "reference_temperature": 20.0, "koc": 85.2322483115035, "freundlich": 1.1675342449260888, "dt50": {"system": 6.0, "soil": 142.48798726442854, "surfaceWater": 6.0, "sediment": 6.0}, "plant_uptake": 0.0, "name": "Compound 5901494947281367257", "model_specific_data": {}, "metabolites": [{"formation_fraction": 0.2, "metabolite": {"molarMass": 300.0, "water_solubility": 0.010119714949268712, "vapor_pressure": 1.0417388051144656e-05, "reference_temperature": 20.0, "koc": 180.49902485925276, "freundlich": 1.091355483595077, "dt50": {"system": 6.0, "soil": 161.6564282246206, "surfaceWater": 6.0, "sediment": 6.0}, "plant_uptake": 0.5, "name": "Compound 5067760539435918389", "model_specific_data": {}, "metabolites": []}}]}}