{"gap": {"type": "relative", "arguments": {"name": "GAP -296091488377847865", "modelCrop": "WC", "rate": 250.0, "apply_every_n_years": 1, "number_of_applications": 2, "interval": 14, "model_specific_data": {}, "bbch": 31, "season": 0}}, "compound": {"molarMass": 300.0, "water_solubility": 0.012721073513647626, "vapor_pressure": 1.829251368024404e-05, "reference_temperature": 20.0, "koc": 57.16301757742706, "freundlich": 0.8740219161800283, "dt50": {"system": 6.0, "soil": 62.90926563257294, "surfaceWater": 6.0, "sediment": 6.0}, "plant_uptake": 0.0, "name": "Compound -1557297167044324954", "model_specific_data": {}, "metabolites": [{"formation_fraction": 0.2, "metabolite": {"molarMass": 300.0, "water_solubility": 0.06893947940984069, "vapor_pressure": 2.8186040803408698e-05, "reference_temperature": 20.0, "koc": 11.94911800690572, "freundlich": 1.1067159174600312, "dt50": {"system": 6.0, "soil": 111.44400241797624, "surfaceWater": 6.0, "sediment": 6.0}, "plant_uptake": 0.5, "name": "Compound -7028492216795015447", "model_specific_data": {}, "metabolites": []}}]}}