{"gap": {"type": "relative", "arguments": {"name": "GAP -296091488377847865", "modelCrop": "WC", "rate": 250.0, "apply_every_n_years": 1, "number_of_applications": 2, "interval": 14, "model_specific_data": {}, "bbch": 31, "season": 0}}, "compound": {"molarMass": 300.0, "water_solubility": 0.0028776166156362854, "vapor_pressure": 4.10805922171594e-05, "reference_temperature": 20.0, "koc": 1286.7034924949032, "freundlich": 0.9064802482115719, "dt50": {"system": 6.0, "soil": 258.79523430757104, "surfaceWater": 6.0, "sediment": 6.0}, "plant_uptake": 0.0, "name": "Compound 3774106284100489349", "model_specific_data": {}, "metabolites": [{"formation_fraction": 0.2, "metabolite": {"molarMass": 300.0, "water_solubility": 0.00278992321026013, "vapor_pressure": 1.5705481674879123e-07, "reference_temperature": 20.0, "koc": 3034.841262843746, "freundlich": 1.1318655775259576, "dt50": {"system": 6.0, "soil": 281.39424035769366, "surfaceWater": 6.0, "sediment": 6.0}, "plant_uptake": 0.5, "name": "Compound -5032383167226284050", "model_specific_data": {}, "metabolites": []}}]}}