{"gap": {"type": "relative", "arguments": {"name": "GAP -296091488377847865", "modelCrop": "WC", "rate": 250.0, "apply_every_n_years": 1, "number_of_applications": 2, "interval": 14, "model_specific_data": {}, "bbch": 31, "season": 0}}, "compound": {"molarMass": 300.0, "water_solubility": 0.12834176579164505, "vapor_pressure": 0.0008060053721608457, "reference_temperature": 20.0, "koc": 32.208124601136234, "freundlich": 0.700819655232824, "dt50": {"system": 6.0, "soil": 136.62241819140007, "surfaceWater": 6.0, "sediment": 6.0}, "plant_uptake": 0.0, "name": "Compound 2379788158673366374", "model_specific_data": {}, "metabolites": [{"formation_fraction": 0.2, "metabolite": {"molarMass": 300.0, "water_solubility": 0.0005204245394646785, "vapor_pressure": 3.765798474467134e-05, "reference_temperature": 20.0, "koc": 314.5547217913769, "freundlich": 0.7741438111096578, "dt50": {"system": 6.0, "soil": 121.72493952746984, "surfaceWater": 6.0, "sediment": 6.0}, "plant_uptake": 0.5, "name": "Compound -6544457760324350815", "model_specific_data": {}, "metabolites": []}}]}}