{"gap": {"type": "relative", "arguments": {"name": "GAP -296091488377847865", "modelCrop": "WC", "rate": 250.0, "apply_every_n_years": 1, "number_of_applications": 2, "interval": 14, "model_specific_data": {}, "bbch": 31, "season": 0}}, "compound": {"molarMass": 300.0, "water_solubility": 0.0010123452570192577, "vapor_pressure": 1.3399328985448277e-06, "reference_temperature": 20.0, "koc": 1907.6447736042592, "freundlich": 0.7992934726072372, "dt50": {"system": 6.0, "soil": 43.79738612087149, "surfaceWater": 6.0, "sediment": 6.0}, "plant_uptake": 0.0, "name": "Compound -7021300508607920707", "model_specific_data": {}, "metabolites": [{"formation_fraction": 0.2, "metabolite": {"molarMass": 300.0, "water_solubility": 0.004539337174129913, "vapor_pressure": 2.3198826452200325e-06, "reference_temperature": 20.0, "koc": 35.623582041843754, "freundlich": 0.7383289201827787, "dt50": {"system": 6.0, "soil": 139.97218168243353, "surfaceWater": 6.0, "sediment": 6.0}, "plant_uptake": 0.5, "name": "Compound -8783183625933844851", "model_specific_data": {}, "metabolites": []}}]}}