{"gap": {"type": "relative", "arguments": {"name": "GAP -296091488377847865", "modelCrop": "WC", "rate": 250.0, "apply_every_n_years": 1, "number_of_applications": 2, "interval": 14, "model_specific_data": {}, "bbch": 31, "season": 0}}, "compound": {"molarMass": 300.0, "water_solubility": 0.0007115493035267945, "vapor_pressure": 6.891285113619467e-05, "reference_temperature": 20.0, "koc": 361.6427496582404, "freundlich": 1.0624529716060247, "dt50": {"system": 6.0, "soil": 296.9193528699006, "surfaceWater": 6.0, "sediment": 6.0}, "plant_uptake": 0.0, "name": "Compound -3590775072311069460", "model_specific_data": {}, "metabolites": [{"formation_fraction": 0.2, "metabolite": {"molarMass": 300.0, "water_solubility": 0.04032303049337202, "vapor_pressure": 1.612849347548599e-08, "reference_temperature": 20.0, "koc": 12.473258240431703, "freundlich": 0.7183542303682726, "dt50": {"system": 6.0, "soil": 146.52695983217086, "surfaceWater": 6.0, "sediment": 6.0}, "plant_uptake": 0.5, "name": "Compound 8971838160696528662", "model_specific_data": {}, "metabolites": []}}]}}