{"gap": {"type": "relative", "arguments": {"name": "GAP -296091488377847865", "modelCrop": "WC", "rate": 250.0, "apply_every_n_years": 1, "number_of_applications": 2, "interval": 14, "model_specific_data": {}, "bbch": 31, "season": 0}}, "compound": {"molarMass": 300.0, "water_solubility": 0.010527414988661919, "vapor_pressure": 0.00020333280388332817, "reference_temperature": 20.0, "koc": 659.4971915273194, "freundlich": 1.1878672569618864, "dt50": {"system": 6.0, "soil": 107.85159077775124, "surfaceWater": 6.0, "sediment": 6.0}, "plant_uptake": 0.0, "name": "Compound -1958263607321098067", "model_specific_data": {}, "metabolites": [{"formation_fraction": 0.2, "metabolite": {"molarMass": 300.0, "water_solubility": 0.008632419874653298, "vapor_pressure": 5.192868225063759e-05, "reference_temperature": 20.0, "koc": 1025.9856416491116, "freundlich": 1.0726072466339063, "dt50": {"system": 6.0, "soil": 253.30978947006318, "surfaceWater": 6.0, "sediment": 6.0}, "plant_uptake": 0.5, "name": "Compound -5085950854531366367", "model_specific_data": {}, "metabolites": []}}]}}