{"gap": {"type": "relative", "arguments": {"name": "GAP -296091488377847865", "modelCrop": "WC", "rate": 250.0, "apply_every_n_years": 1, "number_of_applications": 2, "interval": 14, "model_specific_data": {}, "bbch": 31, "season": 0}}, "compound": {"molarMass": 300.0, "water_solubility": 0.0006930585608801589, "vapor_pressure": 0.0003652564947388775, "reference_temperature": 20.0, "koc": 565.0963061622876, "freundlich": 0.8920746073422896, "dt50": {"system": 6.0, "soil": 148.26167369479822, "surfaceWater": 6.0, "sediment": 6.0}, "plant_uptake": 0.0, "name": "Compound -6365722986858862902", "model_specific_data": {}, "metabolites": [{"formation_fraction": 0.2, "metabolite": {"molarMass": 300.0, "water_solubility": 0.16886871964006941, "vapor_pressure": 0.00011260970597744577, "reference_temperature": 20.0, "koc": 10.756725320449878, "freundlich": 0.9725006845136085, "dt50": {"system": 6.0, "soil": 142.36318809041558, "surfaceWater": 6.0, "sediment": 6.0}, "plant_uptake": 0.5, "name": "Compound 2397735592136552183", "model_specific_data": {}, "metabolites": []}}]}}