{"gap": {"type": "relative", "arguments": {"name": "GAP -296091488377847865", "modelCrop": "WC", "rate": 250.0, "apply_every_n_years": 1, "number_of_applications": 2, "interval": 14, "model_specific_data": {}, "bbch": 31, "season": 0}}, "compound": {"molarMass": 300.0, "water_solubility": 0.083833629596349, "vapor_pressure": 0.0002093381649532598, "reference_temperature": 20.0, "koc": 71.58598897528876, "freundlich": 0.973420004823278, "dt50": {"system": 6.0, "soil": 145.27616813450538, "surfaceWater": 6.0, "sediment": 6.0}, "plant_uptake": 0.0, "name": "Compound 5839515175265132607", "model_specific_data": {}, "metabolites": [{"formation_fraction": 0.2, "metabolite": {"molarMass": 300.0, "water_solubility": 0.07329622819043233, "vapor_pressure": 0.00013444894716224272, "reference_temperature": 20.0, "koc": 277.8400055890019, "freundlich": 0.9208017759676904, "dt50": {"system": 6.0, "soil": 44.14366336898922, "surfaceWater": 6.0, "sediment": 6.0}, "plant_uptake": 0.5, "name": "Compound 4958674716097162514", "model_specific_data": {}, "metabolites": []}}]}}