{"gap": {"type": "relative", "arguments": {"name": "GAP -296091488377847865", "modelCrop": "WC", "rate": 250.0, "apply_every_n_years": 1, "number_of_applications": 2, "interval": 14, "model_specific_data": {}, "bbch": 31, "season": 0}}, "compound": {"molarMass": 300.0, "water_solubility": 0.0008888996690778478, "vapor_pressure": 8.431370108528885e-06, "reference_temperature": 20.0, "koc": 3836.249568848634, "freundlich": 1.0106549189574638, "dt50": {"system": 6.0, "soil": 172.84918115055592, "surfaceWater": 6.0, "sediment": 6.0}, "plant_uptake": 0.0, "name": "Compound 1131026835615549537", "model_specific_data": {}, "metabolites": [{"formation_fraction": 0.2, "metabolite": {"molarMass": 300.0, "water_solubility": 0.018561395354973725, "vapor_pressure": 7.670506953724799e-06, "reference_temperature": 20.0, "koc": 1439.4057185947763, "freundlich": 0.8550538776680138, "dt50": {"system": 6.0, "soil": 164.87865137599132, "surfaceWater": 6.0, "sediment": 6.0}, "plant_uptake": 0.5, "name": "Compound -653518925907741823", "model_specific_data": {}, "metabolites": []}}]}}