{"gap": {"type": "relative", "arguments": {"name": "GAP -296091488377847865", "modelCrop": "WC", "rate": 250.0, "apply_every_n_years": 1, "number_of_applications": 2, "interval": 14, "model_specific_data": {}, "bbch": 31, "season": 0}}, "compound": {"molarMass": 300.0, "water_solubility": 0.03216438377729708, "vapor_pressure": 4.654226396491526e-06, "reference_temperature": 20.0, "koc": 244.01345552230978, "freundlich": 1.1437097610718048, "dt50": {"system": 6.0, "soil": 236.6661609480929, "surfaceWater": 6.0, "sediment": 6.0}, "plant_uptake": 0.0, "name": "Compound 2972647600866085355", "model_specific_data": {}, "metabolites": [{"formation_fraction": 0.2, "metabolite": {"molarMass": 300.0, "water_solubility": 0.013834232100323907, "vapor_pressure": 0.00015756267987527772, "reference_temperature": 20.0, "koc": 1991.7035424368084, "freundlich": 0.7494152371092602, "dt50": {"system": 6.0, "soil": 61.16163590027534, "surfaceWater": 6.0, "sediment": 6.0}, "plant_uptake": 0.5, "name": "Compound -3455380502921559837", "model_specific_data": {}, "metabolites": []}}]}}