{"gap": {"type": "relative", "arguments": {"name": "GAP -296091488377847865", "modelCrop": "WC", "rate": 250.0, "apply_every_n_years": 1, "number_of_applications": 2, "interval": 14, "model_specific_data": {}, "bbch": 31, "season": 0}}, "compound": {"molarMass": 300.0, "water_solubility": 7.81162835864061e-05, "vapor_pressure": 2.373504892536894e-05, "reference_temperature": 20.0, "koc": 1465.0909408791604, "freundlich": 1.052442501385246, "dt50": {"system": 6.0, "soil": 170.3767918145808, "surfaceWater": 6.0, "sediment": 6.0}, "plant_uptake": 0.0, "name": "Compound 5384096937213559896", "model_specific_data": {}, "metabolites": [{"formation_fraction": 0.2, "metabolite": {"molarMass": 300.0, "water_solubility": 0.001327552668243636, "vapor_pressure": 1.5666199058847404e-09, "reference_temperature": 20.0, "koc": 3986.8424010884723, "freundlich": 0.8858733308133364, "dt50": {"system": 6.0, "soil": 83.84175460707574, "surfaceWater": 6.0, "sediment": 6.0}, "plant_uptake": 0.5, "name": "Compound 7019028845280972404", "model_specific_data": {}, "metabolites": []}}]}}