{"gap": {"type": "relative", "arguments": {"name": "GAP -296091488377847865", "modelCrop": "WC", "rate": 250.0, "apply_every_n_years": 1, "number_of_applications": 2, "interval": 14, "model_specific_data": {}, "bbch": 31, "season": 0}}, "compound": {"molarMass": 300.0, "water_solubility": 1.5589232660759451, "vapor_pressure": 0.00016319002675555775, "reference_temperature": 20.0, "koc": 1128.4911112655807, "freundlich": 0.9448327071941098, "dt50": {"system": 6.0, "soil": 50.89388470091016, "surfaceWater": 6.0, "sediment": 6.0}, "plant_uptake": 0.0, "name": "Compound 4261067066804758290", "model_specific_data": {}, "metabolites": [{"formation_fraction": 0.2, "metabolite": {"molarMass": 300.0, "water_solubility": 0.03802855476473397, "vapor_pressure": 1.5222099372682445e-05, "reference_temperature": 20.0, "koc": 198.04931072962702, "freundlich": 1.0014441929226323, "dt50": {"system": 6.0, "soil": 122.03142980434791, "surfaceWater": 6.0, "sediment": 6.0}, "plant_uptake": 0.5, "name": "Compound 6830586320526778369", "model_specific_data": {}, "metabolites": []}}]}}