{"gap": {"type": "relative", "arguments": {"name": "GAP -296091488377847865", "modelCrop": "WC", "rate": 250.0, "apply_every_n_years": 1, "number_of_applications": 2, "interval": 14, "model_specific_data": {}, "bbch": 31, "season": 0}}, "compound": {"molarMass": 300.0, "water_solubility": 0.3875841978123467, "vapor_pressure": 1.8994470945687508e-06, "reference_temperature": 20.0, "koc": 19.7090059069226, "freundlich": 1.056518737870982, "dt50": {"system": 6.0, "soil": 164.17984970028064, "surfaceWater": 6.0, "sediment": 6.0}, "plant_uptake": 0.0, "name": "Compound -5031856160805945158", "model_specific_data": {}, "metabolites": [{"formation_fraction": 0.2, "metabolite": {"molarMass": 300.0, "water_solubility": 0.006992598887206297, "vapor_pressure": 0.0008108850085489142, "reference_temperature": 20.0, "koc": 1144.589939426081, "freundlich": 1.193728670423792, "dt50": {"system": 6.0, "soil": 52.745266301617505, "surfaceWater": 6.0, "sediment": 6.0}, "plant_uptake": 0.5, "name": "Compound -6781279450024799062", "model_specific_data": {}, "metabolites": []}}]}}