{"gap": {"type": "relative", "arguments": {"name": "GAP -296091488377847865", "modelCrop": "WC", "rate": 250.0, "apply_every_n_years": 1, "number_of_applications": 2, "interval": 14, "model_specific_data": {}, "bbch": 31, "season": 0}}, "compound": {"molarMass": 300.0, "water_solubility": 0.0809467548333822, "vapor_pressure": 1.0447217211269259e-05, "reference_temperature": 20.0, "koc": 399.43486930402366, "freundlich": 0.7877497777847676, "dt50": {"system": 6.0, "soil": 82.10073441890816, "surfaceWater": 6.0, "sediment": 6.0}, "plant_uptake": 0.0, "name": "Compound -8424186758636378901", "model_specific_data": {}, "metabolites": [{"formation_fraction": 0.2, "metabolite": {"molarMass": 300.0, "water_solubility": 0.006066254007311031, "vapor_pressure": 2.28276839292179e-06, "reference_temperature": 20.0, "koc": 24.428301641961397, "freundlich": 1.061851211422167, "dt50": {"system": 6.0, "soil": 170.65391944302016, "surfaceWater": 6.0, "sediment": 6.0}, "plant_uptake": 0.5, "name": "Compound 2593007697511474554", "model_specific_data": {}, "metabolites": []}}]}}