{"gap": {"type": "relative", "arguments": {"name": "GAP -296091488377847865", "modelCrop": "WC", "rate": 250.0, "apply_every_n_years": 1, "number_of_applications": 2, "interval": 14, "model_specific_data": {}, "bbch": 31, "season": 0}}, "compound": {"molarMass": 300.0, "water_solubility": 0.04031514120489906, "vapor_pressure": 1.6502498634801942e-05, "reference_temperature": 20.0, "koc": 271.86413296998086, "freundlich": 0.7638306365131884, "dt50": {"system": 6.0, "soil": 151.59461150182656, "surfaceWater": 6.0, "sediment": 6.0}, "plant_uptake": 0.0, "name": "Compound 4564403101470093462", "model_specific_data": {}, "metabolites": [{"formation_fraction": 0.2, "metabolite": {"molarMass": 300.0, "water_solubility": 0.00782535032341112, "vapor_pressure": 7.800068747665173e-07, "reference_temperature": 20.0, "koc": 1408.7906602589205, "freundlich": 1.0018926776546668, "dt50": {"system": 6.0, "soil": 192.10745977085955, "surfaceWater": 6.0, "sediment": 6.0}, "plant_uptake": 0.5, "name": "Compound 2569159616334651316", "model_specific_data": {}, "metabolites": []}}]}}