{"gap": {"type": "relative", "arguments": {"name": "GAP -296091488377847865", "modelCrop": "WC", "rate": 250.0, "apply_every_n_years": 1, "number_of_applications": 2, "interval": 14, "model_specific_data": {}, "bbch": 31, "season": 0}}, "compound": {"molarMass": 300.0, "water_solubility": 0.005370430148969772, "vapor_pressure": 0.00022432593079352132, "reference_temperature": 20.0, "koc": 1094.3458886297944, "freundlich": 0.8346540601888792, "dt50": {"system": 6.0, "soil": 156.86754012706425, "surfaceWater": 6.0, "sediment": 6.0}, "plant_uptake": 0.0, "name": "Compound -5176168187608059427", "model_specific_data": {}, "metabolites": [{"formation_fraction": 0.2, "metabolite": {"molarMass": 300.0, "water_solubility": 0.0001337851406219064, "vapor_pressure": 0.0021140592031004034, "reference_temperature": 20.0, "koc": 870.7589265696217, "freundlich": 0.9338516801201134, "dt50": {"system": 6.0, "soil": 131.86784084928038, "surfaceWater": 6.0, "sediment": 6.0}, "plant_uptake": 0.5, "name": "Compound 1898936118423066573", "model_specific_data": {}, "metabolites": []}}]}}