{"gap": {"type": "relative", "arguments": {"name": "GAP -296091488377847865", "modelCrop": "WC", "rate": 250.0, "apply_every_n_years": 1, "number_of_applications": 2, "interval": 14, "model_specific_data": {}, "bbch": 31, "season": 0}}, "compound": {"molarMass": 300.0, "water_solubility": 0.0770671963154843, "vapor_pressure": 1.5184991602714155e-06, "reference_temperature": 20.0, "koc": 39.24109211815706, "freundlich": 1.1393636448413629, "dt50": {"system": 6.0, "soil": 62.20617541398642, "surfaceWater": 6.0, "sediment": 6.0}, "plant_uptake": 0.0, "name": "Compound 4280738545710644831", "model_specific_data": {}, "metabolites": [{"formation_fraction": 0.2, "metabolite": {"molarMass": 300.0, "water_solubility": 0.03258091026208086, "vapor_pressure": 3.2736650375752816e-11, "reference_temperature": 20.0, "koc": 200.4709342044214, "freundlich": 1.131282353304991, "dt50": {"system": 6.0, "soil": 259.2632981665961, "surfaceWater": 6.0, "sediment": 6.0}, "plant_uptake": 0.5, "name": "Compound -8649341852393498955", "model_specific_data": {}, "metabolites": []}}]}}