{"gap": {"type": "relative", "arguments": {"name": "GAP -296091488377847865", "modelCrop": "WC", "rate": 250.0, "apply_every_n_years": 1, "number_of_applications": 2, "interval": 14, "model_specific_data": {}, "bbch": 31, "season": 0}}, "compound": {"molarMass": 300.0, "water_solubility": 0.0025316675622875794, "vapor_pressure": 0.19338575540890557, "reference_temperature": 20.0, "koc": 748.1918782516074, "freundlich": 0.9492686610115405, "dt50": {"system": 6.0, "soil": 109.97152030724068, "surfaceWater": 6.0, "sediment": 6.0}, "plant_uptake": 0.0, "name": "Compound 5919270152106765743", "model_specific_data": {}, "metabolites": [{"formation_fraction": 0.2, "metabolite": {"molarMass": 300.0, "water_solubility": 0.01196206611855395, "vapor_pressure": 5.242739876998236e-05, "reference_temperature": 20.0, "koc": 3057.210003460557, "freundlich": 1.0877838367155517, "dt50": {"system": 6.0, "soil": 80.8631390888729, "surfaceWater": 6.0, "sediment": 6.0}, "plant_uptake": 0.5, "name": "Compound -3322182841253499647", "model_specific_data": {}, "metabolites": []}}]}}