{"gap": {"type": "relative", "arguments": {"name": "GAP -296091488377847865", "modelCrop": "WC", "rate": 250.0, "apply_every_n_years": 1, "number_of_applications": 2, "interval": 14, "model_specific_data": {}, "bbch": 31, "season": 0}}, "compound": {"molarMass": 300.0, "water_solubility": 0.002648065992370531, "vapor_pressure": 2.1679096710875147e-07, "reference_temperature": 20.0, "koc": 19.488391080328462, "freundlich": 0.770545809730097, "dt50": {"system": 6.0, "soil": 182.50273992233866, "surfaceWater": 6.0, "sediment": 6.0}, "plant_uptake": 0.0, "name": "Compound -7987349147926372923", "model_specific_data": {}, "metabolites": [{"formation_fraction": 0.2, "metabolite": {"molarMass": 300.0, "water_solubility": 0.013112162229226915, "vapor_pressure": 1.3536978766046504e-06, "reference_temperature": 20.0, "koc": 1002.1039548817122, "freundlich": 0.935830892864882, "dt50": {"system": 6.0, "soil": 165.72917714637168, "surfaceWater": 6.0, "sediment": 6.0}, "plant_uptake": 0.5, "name": "Compound -3346214238710706142", "model_specific_data": {}, "metabolites": []}}]}}