{"gap": {"type": "relative", "arguments": {"name": "GAP -296091488377847865", "modelCrop": "WC", "rate": 250.0, "apply_every_n_years": 1, "number_of_applications": 2, "interval": 14, "model_specific_data": {}, "bbch": 31, "season": 0}}, "compound": {"molarMass": 300.0, "water_solubility": 0.0036455357155459568, "vapor_pressure": 0.000290622211068858, "reference_temperature": 20.0, "koc": 1865.3604169502112, "freundlich": 0.8393857388340966, "dt50": {"system": 6.0, "soil": 252.40161941874652, "surfaceWater": 6.0, "sediment": 6.0}, "plant_uptake": 0.0, "name": "Compound 2335334868108733837", "model_specific_data": {}, "metabolites": [{"formation_fraction": 0.2, "metabolite": {"molarMass": 300.0, "water_solubility": 0.0721596912135015, "vapor_pressure": 1.5559090981998053e-05, "reference_temperature": 20.0, "koc": 2223.892765253338, "freundlich": 0.891060976266818, "dt50": {"system": 6.0, "soil": 230.3569791906974, "surfaceWater": 6.0, "sediment": 6.0}, "plant_uptake": 0.5, "name": "Compound -4687893331885566252", "model_specific_data": {}, "metabolites": []}}]}}