{"gap": {"type": "relative", "arguments": {"name": "GAP -296091488377847865", "modelCrop": "WC", "rate": 250.0, "apply_every_n_years": 1, "number_of_applications": 2, "interval": 14, "model_specific_data": {}, "bbch": 31, "season": 0}}, "compound": {"molarMass": 300.0, "water_solubility": 0.013530642308441273, "vapor_pressure": 6.254153792413772e-07, "reference_temperature": 20.0, "koc": 2196.8939247507037, "freundlich": 0.7833876617522908, "dt50": {"system": 6.0, "soil": 177.91137730851835, "surfaceWater": 6.0, "sediment": 6.0}, "plant_uptake": 0.0, "name": "Compound -2330127627498258670", "model_specific_data": {}, "metabolites": [{"formation_fraction": 0.2, "metabolite": {"molarMass": 300.0, "water_solubility": 0.0005996423497102316, "vapor_pressure": 0.0005403880829349001, "reference_temperature": 20.0, "koc": 11.404148181302034, "freundlich": 0.9010415506844911, "dt50": {"system": 6.0, "soil": 236.44228878683194, "surfaceWater": 6.0, "sediment": 6.0}, "plant_uptake": 0.5, "name": "Compound 8175395022352570037", "model_specific_data": {}, "metabolites": []}}]}}