{"gap": {"type": "relative", "arguments": {"name": "GAP -296091488377847865", "modelCrop": "WC", "rate": 250.0, "apply_every_n_years": 1, "number_of_applications": 2, "interval": 14, "model_specific_data": {}, "bbch": 31, "season": 0}}, "compound": {"molarMass": 300.0, "water_solubility": 0.00497151651472034, "vapor_pressure": 0.0020461960614394136, "reference_temperature": 20.0, "koc": 19.912131762026895, "freundlich": 0.9346247024856709, "dt50": {"system": 6.0, "soil": 177.11238619367614, "surfaceWater": 6.0, "sediment": 6.0}, "plant_uptake": 0.0, "name": "Compound 7374597867798527056", "model_specific_data": {}, "metabolites": [{"formation_fraction": 0.2, "metabolite": {"molarMass": 300.0, "water_solubility": 0.059118849353944306, "vapor_pressure": 5.633322864914606e-07, "reference_temperature": 20.0, "koc": 4552.871454550126, "freundlich": 1.1962862410809632, "dt50": {"system": 6.0, "soil": 138.28765273709288, "surfaceWater": 6.0, "sediment": 6.0}, "plant_uptake": 0.5, "name": "Compound 5486579744844817418", "model_specific_data": {}, "metabolites": []}}]}}