{"gap": {"type": "relative", "arguments": {"name": "GAP -296091488377847865", "modelCrop": "WC", "rate": 250.0, "apply_every_n_years": 1, "number_of_applications": 2, "interval": 14, "model_specific_data": {}, "bbch": 31, "season": 0}}, "compound": {"molarMass": 300.0, "water_solubility": 0.0017082593937385116, "vapor_pressure": 9.577780950583747e-06, "reference_temperature": 20.0, "koc": 39.7732599832559, "freundlich": 0.8601112088550907, "dt50": {"system": 6.0, "soil": 150.78188495832208, "surfaceWater": 6.0, "sediment": 6.0}, "plant_uptake": 0.0, "name": "Compound 7176915126743848591", "model_specific_data": {}, "metabolites": [{"formation_fraction": 0.2, "metabolite": {"molarMass": 300.0, "water_solubility": 0.4718359646544124, "vapor_pressure": 2.5478816709532813e-05, "reference_temperature": 20.0, "koc": 49.10953409698612, "freundlich": 0.7025870073587417, "dt50": {"system": 6.0, "soil": 170.6575582269395, "surfaceWater": 6.0, "sediment": 6.0}, "plant_uptake": 0.5, "name": "Compound -5010030366148812013", "model_specific_data": {}, "metabolites": []}}]}}