{"gap": {"type": "relative", "arguments": {"name": "GAP -296091488377847865", "modelCrop": "WC", "rate": 250.0, "apply_every_n_years": 1, "number_of_applications": 2, "interval": 14, "model_specific_data": {}, "bbch": 31, "season": 0}}, "compound": {"molarMass": 300.0, "water_solubility": 0.0015637342554400844, "vapor_pressure": 1.641995855134445e-08, "reference_temperature": 20.0, "koc": 44.33540321084755, "freundlich": 0.7531334925053849, "dt50": {"system": 6.0, "soil": 204.64181434294446, "surfaceWater": 6.0, "sediment": 6.0}, "plant_uptake": 0.0, "name": "Compound 2774182814613804594", "model_specific_data": {}, "metabolites": [{"formation_fraction": 0.2, "metabolite": {"molarMass": 300.0, "water_solubility": 0.00019573889157109166, "vapor_pressure": 4.1375842356207276e-07, "reference_temperature": 20.0, "koc": 16.370267341374642, "freundlich": 0.7556420898734124, "dt50": {"system": 6.0, "soil": 26.395326575653066, "surfaceWater": 6.0, "sediment": 6.0}, "plant_uptake": 0.5, "name": "Compound 898943096352035760", "model_specific_data": {}, "metabolites": []}}]}}