{"gap": {"type": "relative", "arguments": {"name": "GAP -296091488377847865", "modelCrop": "WC", "rate": 250.0, "apply_every_n_years": 1, "number_of_applications": 2, "interval": 14, "model_specific_data": {}, "bbch": 31, "season": 0}}, "compound": {"molarMass": 300.0, "water_solubility": 0.001672565101639749, "vapor_pressure": 3.500305956982074e-06, "reference_temperature": 20.0, "koc": 41.677160408475714, "freundlich": 1.0772369795373615, "dt50": {"system": 6.0, "soil": 79.50664983515978, "surfaceWater": 6.0, "sediment": 6.0}, "plant_uptake": 0.0, "name": "Compound -6117025710907274670", "model_specific_data": {}, "metabolites": [{"formation_fraction": 0.2, "metabolite": {"molarMass": 300.0, "water_solubility": 0.005037282214858576, "vapor_pressure": 2.8851237712407157e-05, "reference_temperature": 20.0, "koc": 68.25517051336747, "freundlich": 1.123955069874428, "dt50": {"system": 6.0, "soil": 119.50111533458163, "surfaceWater": 6.0, "sediment": 6.0}, "plant_uptake": 0.5, "name": "Compound -6260143998147470911", "model_specific_data": {}, "metabolites": []}}]}}