{"gap": {"type": "relative", "arguments": {"name": "GAP -296091488377847865", "modelCrop": "WC", "rate": 250.0, "apply_every_n_years": 1, "number_of_applications": 2, "interval": 14, "model_specific_data": {}, "bbch": 31, "season": 0}}, "compound": {"molarMass": 300.0, "water_solubility": 0.0012162222393251915, "vapor_pressure": 3.4351703895373464e-07, "reference_temperature": 20.0, "koc": 900.9929785541058, "freundlich": 0.850371022919771, "dt50": {"system": 6.0, "soil": 26.621256332788285, "surfaceWater": 6.0, "sediment": 6.0}, "plant_uptake": 0.0, "name": "Compound -3106765783051356013", "model_specific_data": {}, "metabolites": [{"formation_fraction": 0.2, "metabolite": {"molarMass": 300.0, "water_solubility": 0.0012093330144927906, "vapor_pressure": 0.0008658818172900236, "reference_temperature": 20.0, "koc": 2279.7176975253706, "freundlich": 0.9073613197772783, "dt50": {"system": 6.0, "soil": 115.73885166560777, "surfaceWater": 6.0, "sediment": 6.0}, "plant_uptake": 0.5, "name": "Compound -2121906865613264613", "model_specific_data": {}, "metabolites": []}}]}}