{"gap": {"type": "relative", "arguments": {"name": "GAP -296091488377847865", "modelCrop": "WC", "rate": 250.0, "apply_every_n_years": 1, "number_of_applications": 2, "interval": 14, "model_specific_data": {}, "bbch": 31, "season": 0}}, "compound": {"molarMass": 300.0, "water_solubility": 0.0004359095970681225, "vapor_pressure": 0.0001255388488266185, "reference_temperature": 20.0, "koc": 2554.8436568766997, "freundlich": 1.0469907425320149, "dt50": {"system": 6.0, "soil": 230.0377182207738, "surfaceWater": 6.0, "sediment": 6.0}, "plant_uptake": 0.0, "name": "Compound -1722993471304956475", "model_specific_data": {}, "metabolites": [{"formation_fraction": 0.2, "metabolite": {"molarMass": 300.0, "water_solubility": 0.0012810189826486717, "vapor_pressure": 0.00035889696860788014, "reference_temperature": 20.0, "koc": 12.242575967490009, "freundlich": 0.7598487799459575, "dt50": {"system": 6.0, "soil": 239.37575323555112, "surfaceWater": 6.0, "sediment": 6.0}, "plant_uptake": 0.5, "name": "Compound -6252179060379207961", "model_specific_data": {}, "metabolites": []}}]}}