{"gap": {"type": "relative", "arguments": {"name": "GAP -296091488377847865", "modelCrop": "WC", "rate": 250.0, "apply_every_n_years": 1, "number_of_applications": 2, "interval": 14, "model_specific_data": {}, "bbch": 31, "season": 0}}, "compound": {"molarMass": 300.0, "water_solubility": 0.00031504685073769365, "vapor_pressure": 1.329789648348195e-05, "reference_temperature": 20.0, "koc": 1587.0579030699214, "freundlich": 0.7459695081186557, "dt50": {"system": 6.0, "soil": 116.82842628485344, "surfaceWater": 6.0, "sediment": 6.0}, "plant_uptake": 0.0, "name": "Compound 8598438414167624207", "model_specific_data": {}, "metabolites": [{"formation_fraction": 0.2, "metabolite": {"molarMass": 300.0, "water_solubility": 0.0004462152778115342, "vapor_pressure": 0.001434059565893892, "reference_temperature": 20.0, "koc": 1139.1226882863073, "freundlich": 0.8093726256867066, "dt50": {"system": 6.0, "soil": 6.826744092020187, "surfaceWater": 6.0, "sediment": 6.0}, "plant_uptake": 0.5, "name": "Compound -8667236790449521149", "model_specific_data": {}, "metabolites": []}}]}}