{"gap": {"type": "relative", "arguments": {"name": "GAP -296091488377847865", "modelCrop": "WC", "rate": 250.0, "apply_every_n_years": 1, "number_of_applications": 2, "interval": 14, "model_specific_data": {}, "bbch": 31, "season": 0}}, "compound": {"molarMass": 300.0, "water_solubility": 0.0022223121612207158, "vapor_pressure": 0.10849167526661986, "reference_temperature": 20.0, "koc": 2061.1368429630365, "freundlich": 0.7182758206989885, "dt50": {"system": 6.0, "soil": 95.28336146545519, "surfaceWater": 6.0, "sediment": 6.0}, "plant_uptake": 0.0, "name": "Compound 6788915315413325564", "model_specific_data": {}, "metabolites": [{"formation_fraction": 0.2, "metabolite": {"molarMass": 300.0, "water_solubility": 0.12647071595286294, "vapor_pressure": 0.00032931669583664505, "reference_temperature": 20.0, "koc": 2616.863464180894, "freundlich": 1.0651769914929932, "dt50": {"system": 6.0, "soil": 109.30544220861725, "surfaceWater": 6.0, "sediment": 6.0}, "plant_uptake": 0.5, "name": "Compound 1635419801276498115", "model_specific_data": {}, "metabolites": []}}]}}