{"gap": {"type": "relative", "arguments": {"name": "GAP -296091488377847865", "modelCrop": "WC", "rate": 250.0, "apply_every_n_years": 1, "number_of_applications": 2, "interval": 14, "model_specific_data": {}, "bbch": 31, "season": 0}}, "compound": {"molarMass": 300.0, "water_solubility": 0.07367124961070445, "vapor_pressure": 2.944084890134065e-06, "reference_temperature": 20.0, "koc": 108.46392462568133, "freundlich": 1.031870621139989, "dt50": {"system": 6.0, "soil": 216.20604790266657, "surfaceWater": 6.0, "sediment": 6.0}, "plant_uptake": 0.0, "name": "Compound -284087099456756318", "model_specific_data": {}, "metabolites": [{"formation_fraction": 0.2, "metabolite": {"molarMass": 300.0, "water_solubility": 0.0015294911832967925, "vapor_pressure": 1.2258400113059658e-06, "reference_temperature": 20.0, "koc": 638.081104171473, "freundlich": 1.1809884239746995, "dt50": {"system": 6.0, "soil": 259.1652661332755, "surfaceWater": 6.0, "sediment": 6.0}, "plant_uptake": 0.5, "name": "Compound -2344847207725913500", "model_specific_data": {}, "metabolites": []}}]}}