{"gap": {"type": "relative", "arguments": {"name": "GAP -296091488377847865", "modelCrop": "WC", "rate": 250.0, "apply_every_n_years": 1, "number_of_applications": 2, "interval": 14, "model_specific_data": {}, "bbch": 31, "season": 0}}, "compound": {"molarMass": 300.0, "water_solubility": 0.0048247271319869405, "vapor_pressure": 1.995831004985445e-05, "reference_temperature": 20.0, "koc": 851.1549436801649, "freundlich": 0.8896089979389703, "dt50": {"system": 6.0, "soil": 238.43348207775617, "surfaceWater": 6.0, "sediment": 6.0}, "plant_uptake": 0.0, "name": "Compound 2832578480708288147", "model_specific_data": {}, "metabolites": [{"formation_fraction": 0.2, "metabolite": {"molarMass": 300.0, "water_solubility": 0.031361080349771496, "vapor_pressure": 1.28590997347293e-06, "reference_temperature": 20.0, "koc": 188.70723807284216, "freundlich": 1.0541829153720619, "dt50": {"system": 6.0, "soil": 298.34177701379383, "surfaceWater": 6.0, "sediment": 6.0}, "plant_uptake": 0.5, "name": "Compound -5025924708655481494", "model_specific_data": {}, "metabolites": []}}]}}