{"gap": {"type": "relative", "arguments": {"name": "GAP -296091488377847865", "modelCrop": "WC", "rate": 250.0, "apply_every_n_years": 1, "number_of_applications": 2, "interval": 14, "model_specific_data": {}, "bbch": 31, "season": 0}}, "compound": {"molarMass": 300.0, "water_solubility": 0.0015575362686171944, "vapor_pressure": 4.4190404177254784e-05, "reference_temperature": 20.0, "koc": 185.4574470833185, "freundlich": 0.7930296310252806, "dt50": {"system": 6.0, "soil": 230.83059909238997, "surfaceWater": 6.0, "sediment": 6.0}, "plant_uptake": 0.0, "name": "Compound -2310664741762436872", "model_specific_data": {}, "metabolites": [{"formation_fraction": 0.2, "metabolite": {"molarMass": 300.0, "water_solubility": 0.045283831081678896, "vapor_pressure": 3.1115294461534566e-06, "reference_temperature": 20.0, "koc": 122.73620208316235, "freundlich": 0.8487968782849423, "dt50": {"system": 6.0, "soil": 53.99612672063875, "surfaceWater": 6.0, "sediment": 6.0}, "plant_uptake": 0.5, "name": "Compound -5767704000390601731", "model_specific_data": {}, "metabolites": []}}]}}