{"gap": {"type": "relative", "arguments": {"name": "GAP -296091488377847865", "modelCrop": "WC", "rate": 250.0, "apply_every_n_years": 1, "number_of_applications": 2, "interval": 14, "model_specific_data": {}, "bbch": 31, "season": 0}}, "compound": {"molarMass": 300.0, "water_solubility": 0.060953645564541775, "vapor_pressure": 9.731266793013907e-06, "reference_temperature": 20.0, "koc": 477.61372247031613, "freundlich": 1.0094994056612232, "dt50": {"system": 6.0, "soil": 247.67013607310886, "surfaceWater": 6.0, "sediment": 6.0}, "plant_uptake": 0.0, "name": "Compound 6705901087151452189", "model_specific_data": {}, "metabolites": [{"formation_fraction": 0.2, "metabolite": {"molarMass": 300.0, "water_solubility": 0.0015425037879705991, "vapor_pressure": 4.050562336384966e-06, "reference_temperature": 20.0, "koc": 276.3745513546812, "freundlich": 1.1685354385163578, "dt50": {"system": 6.0, "soil": 73.63490542585355, "surfaceWater": 6.0, "sediment": 6.0}, "plant_uptake": 0.5, "name": "Compound 5406961717982883866", "model_specific_data": {}, "metabolites": []}}]}}