{"gap": {"type": "relative", "arguments": {"name": "GAP -296091488377847865", "modelCrop": "WC", "rate": 250.0, "apply_every_n_years": 1, "number_of_applications": 2, "interval": 14, "model_specific_data": {}, "bbch": 31, "season": 0}}, "compound": {"molarMass": 300.0, "water_solubility": 0.5035077270588143, "vapor_pressure": 2.232824872124492e-06, "reference_temperature": 20.0, "koc": 28.304072824966596, "freundlich": 0.7277357948658378, "dt50": {"system": 6.0, "soil": 224.31790684103404, "surfaceWater": 6.0, "sediment": 6.0}, "plant_uptake": 0.0, "name": "Compound -5126870341218627670", "model_specific_data": {}, "metabolites": [{"formation_fraction": 0.2, "metabolite": {"molarMass": 300.0, "water_solubility": 0.05641935886848316, "vapor_pressure": 7.321539416663089e-07, "reference_temperature": 20.0, "koc": 135.01739099514194, "freundlich": 0.8389850128745147, "dt50": {"system": 6.0, "soil": 119.55723736646884, "surfaceWater": 6.0, "sediment": 6.0}, "plant_uptake": 0.5, "name": "Compound -7271103010120441418", "model_specific_data": {}, "metabolites": []}}]}}