{"gap": {"type": "relative", "arguments": {"name": "GAP -296091488377847865", "modelCrop": "WC", "rate": 250.0, "apply_every_n_years": 1, "number_of_applications": 2, "interval": 14, "model_specific_data": {}, "bbch": 31, "season": 0}}, "compound": {"molarMass": 300.0, "water_solubility": 0.0012387981215232333, "vapor_pressure": 2.6724756392442492e-05, "reference_temperature": 20.0, "koc": 1120.0143454779386, "freundlich": 0.8857649494579775, "dt50": {"system": 6.0, "soil": 81.61221764604099, "surfaceWater": 6.0, "sediment": 6.0}, "plant_uptake": 0.0, "name": "Compound -781686183748425649", "model_specific_data": {}, "metabolites": [{"formation_fraction": 0.2, "metabolite": {"molarMass": 300.0, "water_solubility": 0.019106414112287633, "vapor_pressure": 0.0005238227686153587, "reference_temperature": 20.0, "koc": 20.17885656574381, "freundlich": 0.8024808871763816, "dt50": {"system": 6.0, "soil": 297.7929937841821, "surfaceWater": 6.0, "sediment": 6.0}, "plant_uptake": 0.5, "name": "Compound 4864161943910218943", "model_specific_data": {}, "metabolites": []}}]}}