{"gap": {"type": "relative", "arguments": {"name": "GAP -296091488377847865", "modelCrop": "WC", "rate": 250.0, "apply_every_n_years": 1, "number_of_applications": 2, "interval": 14, "model_specific_data": {}, "bbch": 31, "season": 0}}, "compound": {"molarMass": 300.0, "water_solubility": 0.011194963062637847, "vapor_pressure": 7.197766882932384e-05, "reference_temperature": 20.0, "koc": 1652.951881993031, "freundlich": 1.0528078096294133, "dt50": {"system": 6.0, "soil": 67.71900327537597, "surfaceWater": 6.0, "sediment": 6.0}, "plant_uptake": 0.0, "name": "Compound 776052123005851137", "model_specific_data": {}, "metabolites": [{"formation_fraction": 0.2, "metabolite": {"molarMass": 300.0, "water_solubility": 0.48834245692134837, "vapor_pressure": 1.1588749739623296e-08, "reference_temperature": 20.0, "koc": 750.6066434637509, "freundlich": 0.9546131677373622, "dt50": {"system": 6.0, "soil": 44.936408373802806, "surfaceWater": 6.0, "sediment": 6.0}, "plant_uptake": 0.5, "name": "Compound -6423599713151088637", "model_specific_data": {}, "metabolites": []}}]}}