{"gap": {"type": "relative", "arguments": {"name": "GAP -296091488377847865", "modelCrop": "WC", "rate": 250.0, "apply_every_n_years": 1, "number_of_applications": 2, "interval": 14, "model_specific_data": {}, "bbch": 31, "season": 0}}, "compound": {"molarMass": 300.0, "water_solubility": 0.0012089708806064705, "vapor_pressure": 4.502673358709259e-06, "reference_temperature": 20.0, "koc": 813.9893303212237, "freundlich": 1.114460414233002, "dt50": {"system": 6.0, "soil": 124.68976379182438, "surfaceWater": 6.0, "sediment": 6.0}, "plant_uptake": 0.0, "name": "Compound -5375753064119133510", "model_specific_data": {}, "metabolites": [{"formation_fraction": 0.2, "metabolite": {"molarMass": 300.0, "water_solubility": 0.1121493649600164, "vapor_pressure": 0.009062255274769835, "reference_temperature": 20.0, "koc": 381.61543301212185, "freundlich": 0.762857597039329, "dt50": {"system": 6.0, "soil": 107.46207399804642, "surfaceWater": 6.0, "sediment": 6.0}, "plant_uptake": 0.5, "name": "Compound 7828278305168964667", "model_specific_data": {}, "metabolites": []}}]}}