{"gap": {"type": "relative", "arguments": {"name": "GAP -296091488377847865", "modelCrop": "WC", "rate": 250.0, "apply_every_n_years": 1, "number_of_applications": 2, "interval": 14, "model_specific_data": {}, "bbch": 31, "season": 0}}, "compound": {"molarMass": 300.0, "water_solubility": 0.0015826599427327802, "vapor_pressure": 7.933285349060774e-05, "reference_temperature": 20.0, "koc": 229.74799968383599, "freundlich": 0.8226843111070221, "dt50": {"system": 6.0, "soil": 249.59028273424207, "surfaceWater": 6.0, "sediment": 6.0}, "plant_uptake": 0.0, "name": "Compound 1291310059554155639", "model_specific_data": {}, "metabolites": [{"formation_fraction": 0.2, "metabolite": {"molarMass": 300.0, "water_solubility": 1.6858350218903144, "vapor_pressure": 1.4778859641519488e-06, "reference_temperature": 20.0, "koc": 40.62178242025068, "freundlich": 1.0753760445543177, "dt50": {"system": 6.0, "soil": 282.9513336455903, "surfaceWater": 6.0, "sediment": 6.0}, "plant_uptake": 0.5, "name": "Compound -2089107555589507843", "model_specific_data": {}, "metabolites": []}}]}}