{"gap": {"type": "relative", "arguments": {"name": "GAP -296091488377847865", "modelCrop": "WC", "rate": 250.0, "apply_every_n_years": 1, "number_of_applications": 2, "interval": 14, "model_specific_data": {}, "bbch": 31, "season": 0}}, "compound": {"molarMass": 300.0, "water_solubility": 0.0010151067613656528, "vapor_pressure": 3.849478731188924e-05, "reference_temperature": 20.0, "koc": 1999.4566214185677, "freundlich": 0.8081311891587158, "dt50": {"system": 6.0, "soil": 125.93963621021601, "surfaceWater": 6.0, "sediment": 6.0}, "plant_uptake": 0.0, "name": "Compound 8006095352964185182", "model_specific_data": {}, "metabolites": [{"formation_fraction": 0.2, "metabolite": {"molarMass": 300.0, "water_solubility": 0.10861653684344967, "vapor_pressure": 6.357245347028381e-07, "reference_temperature": 20.0, "koc": 33.86929288893538, "freundlich": 1.141181637167021, "dt50": {"system": 6.0, "soil": 54.32072589094989, "surfaceWater": 6.0, "sediment": 6.0}, "plant_uptake": 0.5, "name": "Compound 1319249541701850927", "model_specific_data": {}, "metabolites": []}}]}}