{"gap": {"type": "relative", "arguments": {"name": "GAP -296091488377847865", "modelCrop": "WC", "rate": 250.0, "apply_every_n_years": 1, "number_of_applications": 2, "interval": 14, "model_specific_data": {}, "bbch": 31, "season": 0}}, "compound": {"molarMass": 300.0, "water_solubility": 0.13861987324697556, "vapor_pressure": 0.00021810723119651738, "reference_temperature": 20.0, "koc": 186.17241777916456, "freundlich": 1.1816222614432226, "dt50": {"system": 6.0, "soil": 239.4270957460318, "surfaceWater": 6.0, "sediment": 6.0}, "plant_uptake": 0.0, "name": "Compound -8422505722238557407", "model_specific_data": {}, "metabolites": [{"formation_fraction": 0.2, "metabolite": {"molarMass": 300.0, "water_solubility": 0.004781429078773496, "vapor_pressure": 1.6240347883519185e-06, "reference_temperature": 20.0, "koc": 121.44945350482706, "freundlich": 0.8668988070231718, "dt50": {"system": 6.0, "soil": 252.00619930062018, "surfaceWater": 6.0, "sediment": 6.0}, "plant_uptake": 0.5, "name": "Compound 6216571332799727459", "model_specific_data": {}, "metabolites": []}}]}}