{"gap": {"type": "relative", "arguments": {"name": "GAP -296091488377847865", "modelCrop": "WC", "rate": 250.0, "apply_every_n_years": 1, "number_of_applications": 2, "interval": 14, "model_specific_data": {}, "bbch": 31, "season": 0}}, "compound": {"molarMass": 300.0, "water_solubility": 0.0015631772798800569, "vapor_pressure": 4.293730340636882e-05, "reference_temperature": 20.0, "koc": 467.8425849683772, "freundlich": 1.1927485662544228, "dt50": {"system": 6.0, "soil": 183.56326405742863, "surfaceWater": 6.0, "sediment": 6.0}, "plant_uptake": 0.0, "name": "Compound -5351462318674531720", "model_specific_data": {}, "metabolites": [{"formation_fraction": 0.2, "metabolite": {"molarMass": 300.0, "water_solubility": 0.023050594796114616, "vapor_pressure": 1.4348550890011306e-05, "reference_temperature": 20.0, "koc": 821.3417140280889, "freundlich": 1.1908010321586935, "dt50": {"system": 6.0, "soil": 158.78523626566704, "surfaceWater": 6.0, "sediment": 6.0}, "plant_uptake": 0.5, "name": "Compound -1370035031951818642", "model_specific_data": {}, "metabolites": []}}]}}