{"gap": {"type": "relative", "arguments": {"name": "GAP -296091488377847865", "modelCrop": "WC", "rate": 250.0, "apply_every_n_years": 1, "number_of_applications": 2, "interval": 14, "model_specific_data": {}, "bbch": 31, "season": 0}}, "compound": {"molarMass": 300.0, "water_solubility": 0.003642577644822357, "vapor_pressure": 0.0008110651837479302, "reference_temperature": 20.0, "koc": 1585.2444410352641, "freundlich": 0.955496778520459, "dt50": {"system": 6.0, "soil": 118.52658917441305, "surfaceWater": 6.0, "sediment": 6.0}, "plant_uptake": 0.0, "name": "Compound -3361104295085054879", "model_specific_data": {}, "metabolites": [{"formation_fraction": 0.2, "metabolite": {"molarMass": 300.0, "water_solubility": 0.012424041990246423, "vapor_pressure": 8.21601072164384e-08, "reference_temperature": 20.0, "koc": 2970.447596458182, "freundlich": 1.070400169933729, "dt50": {"system": 6.0, "soil": 208.57539989158587, "surfaceWater": 6.0, "sediment": 6.0}, "plant_uptake": 0.5, "name": "Compound -6800622656294111239", "model_specific_data": {}, "metabolites": []}}]}}