{"gap": {"type": "relative", "arguments": {"name": "GAP -296091488377847865", "modelCrop": "WC", "rate": 250.0, "apply_every_n_years": 1, "number_of_applications": 2, "interval": 14, "model_specific_data": {}, "bbch": 31, "season": 0}}, "compound": {"molarMass": 300.0, "water_solubility": 0.544356420562688, "vapor_pressure": 3.060844512011957e-06, "reference_temperature": 20.0, "koc": 330.55235579364694, "freundlich": 0.7993681550316873, "dt50": {"system": 6.0, "soil": 268.7964211191595, "surfaceWater": 6.0, "sediment": 6.0}, "plant_uptake": 0.0, "name": "Compound -4337720492233271383", "model_specific_data": {}, "metabolites": [{"formation_fraction": 0.2, "metabolite": {"molarMass": 300.0, "water_solubility": 0.08603291073670141, "vapor_pressure": 1.819990374516779e-05, "reference_temperature": 20.0, "koc": 77.59441763630933, "freundlich": 1.0290435185918452, "dt50": {"system": 6.0, "soil": 217.8091033770692, "surfaceWater": 6.0, "sediment": 6.0}, "plant_uptake": 0.5, "name": "Compound 8200243724067294459", "model_specific_data": {}, "metabolites": []}}]}}