{"gap": {"type": "relative", "arguments": {"name": "GAP -296091488377847865", "modelCrop": "WC", "rate": 250.0, "apply_every_n_years": 1, "number_of_applications": 2, "interval": 14, "model_specific_data": {}, "bbch": 31, "season": 0}}, "compound": {"molarMass": 300.0, "water_solubility": 0.004631548430367253, "vapor_pressure": 0.0015049712360080355, "reference_temperature": 20.0, "koc": 2679.0980736308084, "freundlich": 1.0252409903351003, "dt50": {"system": 6.0, "soil": 136.80017447857395, "surfaceWater": 6.0, "sediment": 6.0}, "plant_uptake": 0.0, "name": "Compound -3712715220864665756", "model_specific_data": {}, "metabolites": [{"formation_fraction": 0.2, "metabolite": {"molarMass": 300.0, "water_solubility": 0.0025853260302840975, "vapor_pressure": 5.225380508976973e-05, "reference_temperature": 20.0, "koc": 39.96845510628062, "freundlich": 0.9417553836917668, "dt50": {"system": 6.0, "soil": 128.70587616647964, "surfaceWater": 6.0, "sediment": 6.0}, "plant_uptake": 0.5, "name": "Compound -158878831680446167", "model_specific_data": {}, "metabolites": []}}]}}