{"gap": {"type": "relative", "arguments": {"name": "GAP -296091488377847865", "modelCrop": "WC", "rate": 250.0, "apply_every_n_years": 1, "number_of_applications": 2, "interval": 14, "model_specific_data": {}, "bbch": 31, "season": 0}}, "compound": {"molarMass": 300.0, "water_solubility": 0.004632344221521732, "vapor_pressure": 5.4311473253449784e-05, "reference_temperature": 20.0, "koc": 26.021274765563, "freundlich": 1.1058726415952325, "dt50": {"system": 6.0, "soil": 121.3804877502445, "surfaceWater": 6.0, "sediment": 6.0}, "plant_uptake": 0.0, "name": "Compound 76959535560075036", "model_specific_data": {}, "metabolites": [{"formation_fraction": 0.2, "metabolite": {"molarMass": 300.0, "water_solubility": 0.011874438175672158, "vapor_pressure": 6.0147312822748876e-06, "reference_temperature": 20.0, "koc": 70.44108820430095, "freundlich": 1.1103946998443435, "dt50": {"system": 6.0, "soil": 17.247224899701532, "surfaceWater": 6.0, "sediment": 6.0}, "plant_uptake": 0.5, "name": "Compound 7709616571078049337", "model_specific_data": {}, "metabolites": []}}]}}