{"gap": {"type": "relative", "arguments": {"name": "GAP -296091488377847865", "modelCrop": "WC", "rate": 250.0, "apply_every_n_years": 1, "number_of_applications": 2, "interval": 14, "model_specific_data": {}, "bbch": 31, "season": 0}}, "compound": {"molarMass": 300.0, "water_solubility": 0.0003632936121844072, "vapor_pressure": 3.6735257531695643e-07, "reference_temperature": 20.0, "koc": 76.7906357495233, "freundlich": 1.0269751701452816, "dt50": {"system": 6.0, "soil": 115.26010244023672, "surfaceWater": 6.0, "sediment": 6.0}, "plant_uptake": 0.0, "name": "Compound 2267772883131152807", "model_specific_data": {}, "metabolites": [{"formation_fraction": 0.2, "metabolite": {"molarMass": 300.0, "water_solubility": 0.0005263879367874693, "vapor_pressure": 6.31499141587833e-06, "reference_temperature": 20.0, "koc": 2478.08774656045, "freundlich": 0.9142660486267851, "dt50": {"system": 6.0, "soil": 142.90581183986535, "surfaceWater": 6.0, "sediment": 6.0}, "plant_uptake": 0.5, "name": "Compound 8199649144658270448", "model_specific_data": {}, "metabolites": []}}]}}