{"gap": {"type": "relative", "arguments": {"name": "GAP -296091488377847865", "modelCrop": "WC", "rate": 250.0, "apply_every_n_years": 1, "number_of_applications": 2, "interval": 14, "model_specific_data": {}, "bbch": 31, "season": 0}}, "compound": {"molarMass": 300.0, "water_solubility": 0.011825072502526688, "vapor_pressure": 2.4361443384822685e-05, "reference_temperature": 20.0, "koc": 13.03298723989477, "freundlich": 1.1221211500766017, "dt50": {"system": 6.0, "soil": 103.87845397566431, "surfaceWater": 6.0, "sediment": 6.0}, "plant_uptake": 0.0, "name": "Compound -4680142742913199228", "model_specific_data": {}, "metabolites": [{"formation_fraction": 0.2, "metabolite": {"molarMass": 300.0, "water_solubility": 0.12917749719815333, "vapor_pressure": 1.7457588142266914e-06, "reference_temperature": 20.0, "koc": 318.28805655675075, "freundlich": 0.8398804719810515, "dt50": {"system": 6.0, "soil": 175.1254013184526, "surfaceWater": 6.0, "sediment": 6.0}, "plant_uptake": 0.5, "name": "Compound 5344258301873358105", "model_specific_data": {}, "metabolites": []}}]}}