{"gap": {"type": "relative", "arguments": {"name": "GAP -296091488377847865", "modelCrop": "WC", "rate": 250.0, "apply_every_n_years": 1, "number_of_applications": 2, "interval": 14, "model_specific_data": {}, "bbch": 31, "season": 0}}, "compound": {"molarMass": 300.0, "water_solubility": 0.008224078436460164, "vapor_pressure": 6.643550659176834e-06, "reference_temperature": 20.0, "koc": 114.24346340230774, "freundlich": 0.9433354948699331, "dt50": {"system": 6.0, "soil": 135.39179124797678, "surfaceWater": 6.0, "sediment": 6.0}, "plant_uptake": 0.0, "name": "Compound 624383528594905434", "model_specific_data": {}, "metabolites": [{"formation_fraction": 0.2, "metabolite": {"molarMass": 300.0, "water_solubility": 0.003424058242236875, "vapor_pressure": 2.220560095190048e-06, "reference_temperature": 20.0, "koc": 314.06057405944284, "freundlich": 0.8766898800892113, "dt50": {"system": 6.0, "soil": 184.07613625375316, "surfaceWater": 6.0, "sediment": 6.0}, "plant_uptake": 0.5, "name": "Compound 6570293939122419938", "model_specific_data": {}, "metabolites": []}}]}}