{"gap": {"type": "relative", "arguments": {"name": "GAP -296091488377847865", "modelCrop": "WC", "rate": 250.0, "apply_every_n_years": 1, "number_of_applications": 2, "interval": 14, "model_specific_data": {}, "bbch": 31, "season": 0}}, "compound": {"molarMass": 300.0, "water_solubility": 0.0002815036277315562, "vapor_pressure": 4.230890643117515e-06, "reference_temperature": 20.0, "koc": 42.8573203939299, "freundlich": 0.8900804624809329, "dt50": {"system": 6.0, "soil": 105.13643639085936, "surfaceWater": 6.0, "sediment": 6.0}, "plant_uptake": 0.0, "name": "Compound 808521104988727825", "model_specific_data": {}, "metabolites": [{"formation_fraction": 0.2, "metabolite": {"molarMass": 300.0, "water_solubility": 0.002284974492914124, "vapor_pressure": 1.3693114066764717e-06, "reference_temperature": 20.0, "koc": 347.0898614544156, "freundlich": 0.9046785844710472, "dt50": {"system": 6.0, "soil": 174.4279900441517, "surfaceWater": 6.0, "sediment": 6.0}, "plant_uptake": 0.5, "name": "Compound -4431677589125671737", "model_specific_data": {}, "metabolites": []}}]}}