{"gap": {"type": "relative", "arguments": {"name": "GAP -296091488377847865", "modelCrop": "WC", "rate": 250.0, "apply_every_n_years": 1, "number_of_applications": 2, "interval": 14, "model_specific_data": {}, "bbch": 31, "season": 0}}, "compound": {"molarMass": 300.0, "water_solubility": 9.196497123140302e-06, "vapor_pressure": 4.539890789424143e-05, "reference_temperature": 20.0, "koc": 52.202997052181324, "freundlich": 0.8742614365291632, "dt50": {"system": 6.0, "soil": 179.86071243744766, "surfaceWater": 6.0, "sediment": 6.0}, "plant_uptake": 0.0, "name": "Compound 7361267571578900534", "model_specific_data": {}, "metabolites": [{"formation_fraction": 0.2, "metabolite": {"molarMass": 300.0, "water_solubility": 0.12279925095180659, "vapor_pressure": 2.863863163240167e-06, "reference_temperature": 20.0, "koc": 3883.785366240954, "freundlich": 0.8422976760662036, "dt50": {"system": 6.0, "soil": 52.32547012247859, "surfaceWater": 6.0, "sediment": 6.0}, "plant_uptake": 0.5, "name": "Compound 989046094659484651", "model_specific_data": {}, "metabolites": []}}]}}