{"gap": {"type": "relative", "arguments": {"name": "GAP -296091488377847865", "modelCrop": "WC", "rate": 250.0, "apply_every_n_years": 1, "number_of_applications": 2, "interval": 14, "model_specific_data": {}, "bbch": 31, "season": 0}}, "compound": {"molarMass": 300.0, "water_solubility": 0.0023667387744525465, "vapor_pressure": 5.271142238723359e-06, "reference_temperature": 20.0, "koc": 331.6837982728346, "freundlich": 1.1691719752845837, "dt50": {"system": 6.0, "soil": 127.15213481026939, "surfaceWater": 6.0, "sediment": 6.0}, "plant_uptake": 0.0, "name": "Compound 8879740949782146378", "model_specific_data": {}, "metabolites": [{"formation_fraction": 0.2, "metabolite": {"molarMass": 300.0, "water_solubility": 0.0007989670714553623, "vapor_pressure": 1.7085419499160279e-06, "reference_temperature": 20.0, "koc": 104.51734323544072, "freundlich": 0.7093637125033604, "dt50": {"system": 6.0, "soil": 74.96676850399969, "surfaceWater": 6.0, "sediment": 6.0}, "plant_uptake": 0.5, "name": "Compound 4777796463143232982", "model_specific_data": {}, "metabolites": []}}]}}