{"gap": {"type": "relative", "arguments": {"name": "GAP -296091488377847865", "modelCrop": "WC", "rate": 250.0, "apply_every_n_years": 1, "number_of_applications": 2, "interval": 14, "model_specific_data": {}, "bbch": 31, "season": 0}}, "compound": {"molarMass": 300.0, "water_solubility": 0.012501685337574796, "vapor_pressure": 0.0011635049342297752, "reference_temperature": 20.0, "koc": 292.2920681858678, "freundlich": 1.0284683651974567, "dt50": {"system": 6.0, "soil": 121.92045480271165, "surfaceWater": 6.0, "sediment": 6.0}, "plant_uptake": 0.0, "name": "Compound -880078131007879548", "model_specific_data": {}, "metabolites": [{"formation_fraction": 0.2, "metabolite": {"molarMass": 300.0, "water_solubility": 0.001768679085265118, "vapor_pressure": 2.188160373473761e-06, "reference_temperature": 20.0, "koc": 73.40971183400605, "freundlich": 0.7507411969838307, "dt50": {"system": 6.0, "soil": 203.69441271188572, "surfaceWater": 6.0, "sediment": 6.0}, "plant_uptake": 0.5, "name": "Compound -4680732731527823542", "model_specific_data": {}, "metabolites": []}}]}}