{"gap": {"type": "relative", "arguments": {"name": "GAP -296091488377847865", "modelCrop": "WC", "rate": 250.0, "apply_every_n_years": 1, "number_of_applications": 2, "interval": 14, "model_specific_data": {}, "bbch": 31, "season": 0}}, "compound": {"molarMass": 300.0, "water_solubility": 0.0006401156624958706, "vapor_pressure": 8.834644729370435e-05, "reference_temperature": 20.0, "koc": 2190.012087820816, "freundlich": 0.8562842949207363, "dt50": {"system": 6.0, "soil": 80.3993744560512, "surfaceWater": 6.0, "sediment": 6.0}, "plant_uptake": 0.0, "name": "Compound -3929996138196538977", "model_specific_data": {}, "metabolites": [{"formation_fraction": 0.2, "metabolite": {"molarMass": 300.0, "water_solubility": 0.06767580030271603, "vapor_pressure": 1.744249410658801e-05, "reference_temperature": 20.0, "koc": 19.20968348689284, "freundlich": 0.9679180979201902, "dt50": {"system": 6.0, "soil": 209.28830583488335, "surfaceWater": 6.0, "sediment": 6.0}, "plant_uptake": 0.5, "name": "Compound -1415225003274798928", "model_specific_data": {}, "metabolites": []}}]}}