{"gap": {"type": "relative", "arguments": {"name": "GAP -296091488377847865", "modelCrop": "WC", "rate": 250.0, "apply_every_n_years": 1, "number_of_applications": 2, "interval": 14, "model_specific_data": {}, "bbch": 31, "season": 0}}, "compound": {"molarMass": 300.0, "water_solubility": 0.024267178873048387, "vapor_pressure": 4.15978573490319e-08, "reference_temperature": 20.0, "koc": 184.70400007585764, "freundlich": 0.9524101908584988, "dt50": {"system": 6.0, "soil": 206.79785827531657, "surfaceWater": 6.0, "sediment": 6.0}, "plant_uptake": 0.0, "name": "Compound -4132652206523363493", "model_specific_data": {}, "metabolites": [{"formation_fraction": 0.2, "metabolite": {"molarMass": 300.0, "water_solubility": 0.0005447353171016717, "vapor_pressure": 9.123566942762889e-06, "reference_temperature": 20.0, "koc": 1535.840434717339, "freundlich": 0.7153955516300498, "dt50": {"system": 6.0, "soil": 157.98799691813898, "surfaceWater": 6.0, "sediment": 6.0}, "plant_uptake": 0.5, "name": "Compound 3845633867842676991", "model_specific_data": {}, "metabolites": []}}]}}