{"gap": {"type": "relative", "arguments": {"name": "GAP -296091488377847865", "modelCrop": "WC", "rate": 250.0, "apply_every_n_years": 1, "number_of_applications": 2, "interval": 14, "model_specific_data": {}, "bbch": 31, "season": 0}}, "compound": {"molarMass": 300.0, "water_solubility": 0.0034659649974287405, "vapor_pressure": 0.028442824395298705, "reference_temperature": 20.0, "koc": 224.6035698564681, "freundlich": 1.1247140545026877, "dt50": {"system": 6.0, "soil": 66.88918108561346, "surfaceWater": 6.0, "sediment": 6.0}, "plant_uptake": 0.0, "name": "Compound -4110063417876705374", "model_specific_data": {}, "metabolites": [{"formation_fraction": 0.2, "metabolite": {"molarMass": 300.0, "water_solubility": 0.008033210970121456, "vapor_pressure": 2.3623974080669814e-05, "reference_temperature": 20.0, "koc": 80.38600247445044, "freundlich": 0.8589579480477445, "dt50": {"system": 6.0, "soil": 267.4972355013444, "surfaceWater": 6.0, "sediment": 6.0}, "plant_uptake": 0.5, "name": "Compound 4656361549562117711", "model_specific_data": {}, "metabolites": []}}]}}