{"gap": {"type": "relative", "arguments": {"name": "GAP -296091488377847865", "modelCrop": "WC", "rate": 250.0, "apply_every_n_years": 1, "number_of_applications": 2, "interval": 14, "model_specific_data": {}, "bbch": 31, "season": 0}}, "compound": {"molarMass": 300.0, "water_solubility": 0.020633639556795216, "vapor_pressure": 3.934327091871491e-07, "reference_temperature": 20.0, "koc": 757.7984808448235, "freundlich": 0.8421679083290532, "dt50": {"system": 6.0, "soil": 26.805070621140537, "surfaceWater": 6.0, "sediment": 6.0}, "plant_uptake": 0.0, "name": "Compound 7508011468863763236", "model_specific_data": {}, "metabolites": [{"formation_fraction": 0.2, "metabolite": {"molarMass": 300.0, "water_solubility": 0.0010475017931751078, "vapor_pressure": 6.880431849494089e-07, "reference_temperature": 20.0, "koc": 203.2447046104797, "freundlich": 0.9954413248608207, "dt50": {"system": 6.0, "soil": 217.7510888430177, "surfaceWater": 6.0, "sediment": 6.0}, "plant_uptake": 0.5, "name": "Compound 6503346787783779614", "model_specific_data": {}, "metabolites": []}}]}}