{"gap": {"type": "relative", "arguments": {"name": "GAP -296091488377847865", "modelCrop": "WC", "rate": 250.0, "apply_every_n_years": 1, "number_of_applications": 2, "interval": 14, "model_specific_data": {}, "bbch": 31, "season": 0}}, "compound": {"molarMass": 300.0, "water_solubility": 0.009951289504051435, "vapor_pressure": 1.3519050179478008e-05, "reference_temperature": 20.0, "koc": 27.182789705830164, "freundlich": 1.1963241998101954, "dt50": {"system": 6.0, "soil": 21.781195074970224, "surfaceWater": 6.0, "sediment": 6.0}, "plant_uptake": 0.0, "name": "Compound 2468180430845994380", "model_specific_data": {}, "metabolites": [{"formation_fraction": 0.2, "metabolite": {"molarMass": 300.0, "water_solubility": 0.015406504099193075, "vapor_pressure": 0.0009089550235646673, "reference_temperature": 20.0, "koc": 892.6262841800376, "freundlich": 0.9848403034285483, "dt50": {"system": 6.0, "soil": 118.1017747095687, "surfaceWater": 6.0, "sediment": 6.0}, "plant_uptake": 0.5, "name": "Compound 2450315324344987183", "model_specific_data": {}, "metabolites": []}}]}}