{"gap": {"type": "relative", "arguments": {"name": "GAP -296091488377847865", "modelCrop": "WC", "rate": 250.0, "apply_every_n_years": 1, "number_of_applications": 2, "interval": 14, "model_specific_data": {}, "bbch": 31, "season": 0}}, "compound": {"molarMass": 300.0, "water_solubility": 0.005612926119038743, "vapor_pressure": 5.1354216311966194e-06, "reference_temperature": 20.0, "koc": 2531.3469405594883, "freundlich": 1.0578615344680973, "dt50": {"system": 6.0, "soil": 62.432055042980025, "surfaceWater": 6.0, "sediment": 6.0}, "plant_uptake": 0.0, "name": "Compound 5277400177337294853", "model_specific_data": {}, "metabolites": [{"formation_fraction": 0.2, "metabolite": {"molarMass": 300.0, "water_solubility": 0.0015948361549853096, "vapor_pressure": 1.3832137672035198e-06, "reference_temperature": 20.0, "koc": 2464.5821083675637, "freundlich": 0.95931627375691, "dt50": {"system": 6.0, "soil": 108.59771230276624, "surfaceWater": 6.0, "sediment": 6.0}, "plant_uptake": 0.5, "name": "Compound 5947719941582169110", "model_specific_data": {}, "metabolites": []}}]}}