{"gap": {"type": "relative", "arguments": {"name": "GAP -296091488377847865", "modelCrop": "WC", "rate": 250.0, "apply_every_n_years": 1, "number_of_applications": 2, "interval": 14, "model_specific_data": {}, "bbch": 31, "season": 0}}, "compound": {"molarMass": 300.0, "water_solubility": 0.0863620893647197, "vapor_pressure": 2.1836865645969864e-07, "reference_temperature": 20.0, "koc": 14.448558508225911, "freundlich": 0.8420731196010032, "dt50": {"system": 6.0, "soil": 191.2503965170836, "surfaceWater": 6.0, "sediment": 6.0}, "plant_uptake": 0.0, "name": "Compound -5185147620880810650", "model_specific_data": {}, "metabolites": [{"formation_fraction": 0.2, "metabolite": {"molarMass": 300.0, "water_solubility": 0.01926427205324252, "vapor_pressure": 0.0001346672497109487, "reference_temperature": 20.0, "koc": 203.3169158534049, "freundlich": 0.9381897638750721, "dt50": {"system": 6.0, "soil": 60.38549604677229, "surfaceWater": 6.0, "sediment": 6.0}, "plant_uptake": 0.5, "name": "Compound -5393969703150534241", "model_specific_data": {}, "metabolites": []}}]}}