{"gap": {"type": "relative", "arguments": {"name": "GAP -296091488377847865", "modelCrop": "WC", "rate": 250.0, "apply_every_n_years": 1, "number_of_applications": 2, "interval": 14, "model_specific_data": {}, "bbch": 31, "season": 0}}, "compound": {"molarMass": 300.0, "water_solubility": 0.01163077464491478, "vapor_pressure": 2.369432521200867e-05, "reference_temperature": 20.0, "koc": 299.657679982454, "freundlich": 0.7625263232379794, "dt50": {"system": 6.0, "soil": 91.24229668548551, "surfaceWater": 6.0, "sediment": 6.0}, "plant_uptake": 0.0, "name": "Compound -5360253081306553006", "model_specific_data": {}, "metabolites": [{"formation_fraction": 0.2, "metabolite": {"molarMass": 300.0, "water_solubility": 0.008018746727344017, "vapor_pressure": 0.00028940894906422793, "reference_temperature": 20.0, "koc": 22.940530363367117, "freundlich": 0.8561147382170832, "dt50": {"system": 6.0, "soil": 220.79696404510068, "surfaceWater": 6.0, "sediment": 6.0}, "plant_uptake": 0.5, "name": "Compound 3931963713586716859", "model_specific_data": {}, "metabolites": []}}]}}