{"gap": {"type": "relative", "arguments": {"name": "GAP -296091488377847865", "modelCrop": "WC", "rate": 250.0, "apply_every_n_years": 1, "number_of_applications": 2, "interval": 14, "model_specific_data": {}, "bbch": 31, "season": 0}}, "compound": {"molarMass": 300.0, "water_solubility": 0.04615316964107989, "vapor_pressure": 2.219376967070609e-05, "reference_temperature": 20.0, "koc": 1199.2499491703318, "freundlich": 1.131619788072355, "dt50": {"system": 6.0, "soil": 227.03820655685996, "surfaceWater": 6.0, "sediment": 6.0}, "plant_uptake": 0.0, "name": "Compound 8090002893976233724", "model_specific_data": {}, "metabolites": [{"formation_fraction": 0.2, "metabolite": {"molarMass": 300.0, "water_solubility": 0.004365526302036208, "vapor_pressure": 2.540653139903173e-06, "reference_temperature": 20.0, "koc": 544.5041109953968, "freundlich": 0.935764726984064, "dt50": {"system": 6.0, "soil": 212.39894024677676, "surfaceWater": 6.0, "sediment": 6.0}, "plant_uptake": 0.5, "name": "Compound 544726486191486343", "model_specific_data": {}, "metabolites": []}}]}}