{"gap": {"type": "relative", "arguments": {"name": "GAP -296091488377847865", "modelCrop": "WC", "rate": 250.0, "apply_every_n_years": 1, "number_of_applications": 2, "interval": 14, "model_specific_data": {}, "bbch": 31, "season": 0}}, "compound": {"molarMass": 300.0, "water_solubility": 0.001671200696566969, "vapor_pressure": 0.0003619277005751867, "reference_temperature": 20.0, "koc": 1793.4323171725866, "freundlich": 1.0322438224326513, "dt50": {"system": 6.0, "soil": 59.105282477926714, "surfaceWater": 6.0, "sediment": 6.0}, "plant_uptake": 0.0, "name": "Compound -3532872172312090998", "model_specific_data": {}, "metabolites": [{"formation_fraction": 0.2, "metabolite": {"molarMass": 300.0, "water_solubility": 0.07085583577446407, "vapor_pressure": 1.5995635875207583e-05, "reference_temperature": 20.0, "koc": 177.08665971984723, "freundlich": 1.0799109541157705, "dt50": {"system": 6.0, "soil": 229.79231147147644, "surfaceWater": 6.0, "sediment": 6.0}, "plant_uptake": 0.5, "name": "Compound 886191354007762965", "model_specific_data": {}, "metabolites": []}}]}}