{"gap": {"type": "relative", "arguments": {"name": "GAP -296091488377847865", "modelCrop": "WC", "rate": 250.0, "apply_every_n_years": 1, "number_of_applications": 2, "interval": 14, "model_specific_data": {}, "bbch": 31, "season": 0}}, "compound": {"molarMass": 300.0, "water_solubility": 0.017459997290017685, "vapor_pressure": 1.1208756430245106e-07, "reference_temperature": 20.0, "koc": 12.524423758940982, "freundlich": 0.7529153050714534, "dt50": {"system": 6.0, "soil": 38.61840681054213, "surfaceWater": 6.0, "sediment": 6.0}, "plant_uptake": 0.0, "name": "Compound 1898584418014498160", "model_specific_data": {}, "metabolites": [{"formation_fraction": 0.2, "metabolite": {"molarMass": 300.0, "water_solubility": 0.00033190591090906575, "vapor_pressure": 3.3899991156265026e-07, "reference_temperature": 20.0, "koc": 3796.405685886941, "freundlich": 1.0958278196438913, "dt50": {"system": 6.0, "soil": 12.586503511488921, "surfaceWater": 6.0, "sediment": 6.0}, "plant_uptake": 0.5, "name": "Compound -6272658053033332162", "model_specific_data": {}, "metabolites": []}}]}}