{"gap": {"type": "relative", "arguments": {"name": "GAP -296091488377847865", "modelCrop": "WC", "rate": 250.0, "apply_every_n_years": 1, "number_of_applications": 2, "interval": 14, "model_specific_data": {}, "bbch": 31, "season": 0}}, "compound": {"molarMass": 300.0, "water_solubility": 0.014719893058187942, "vapor_pressure": 0.00015277340538548512, "reference_temperature": 20.0, "koc": 3384.6011220150226, "freundlich": 1.0773252944787601, "dt50": {"system": 6.0, "soil": 288.7799746351855, "surfaceWater": 6.0, "sediment": 6.0}, "plant_uptake": 0.0, "name": "Compound -3472634404769708173", "model_specific_data": {}, "metabolites": [{"formation_fraction": 0.2, "metabolite": {"molarMass": 300.0, "water_solubility": 0.0004737698746343738, "vapor_pressure": 7.80636180568658e-07, "reference_temperature": 20.0, "koc": 3310.473762084769, "freundlich": 0.9755828249874348, "dt50": {"system": 6.0, "soil": 177.05110343621388, "surfaceWater": 6.0, "sediment": 6.0}, "plant_uptake": 0.5, "name": "Compound -1396291735175924380", "model_specific_data": {}, "metabolites": []}}]}}