{"gap": {"type": "relative", "arguments": {"name": "GAP -296091488377847865", "modelCrop": "WC", "rate": 250.0, "apply_every_n_years": 1, "number_of_applications": 2, "interval": 14, "model_specific_data": {}, "bbch": 31, "season": 0}}, "compound": {"molarMass": 300.0, "water_solubility": 0.03483606079415795, "vapor_pressure": 1.0662143249209589e-05, "reference_temperature": 20.0, "koc": 54.854207014190585, "freundlich": 0.7017879820876756, "dt50": {"system": 6.0, "soil": 95.0193921084734, "surfaceWater": 6.0, "sediment": 6.0}, "plant_uptake": 0.0, "name": "Compound -8298646188040415207", "model_specific_data": {}, "metabolites": [{"formation_fraction": 0.2, "metabolite": {"molarMass": 300.0, "water_solubility": 0.002537772592095336, "vapor_pressure": 1.7483601434654304e-06, "reference_temperature": 20.0, "koc": 113.02250478794872, "freundlich": 1.1149351697069467, "dt50": {"system": 6.0, "soil": 262.0926526103425, "surfaceWater": 6.0, "sediment": 6.0}, "plant_uptake": 0.5, "name": "Compound 7223899423701070294", "model_specific_data": {}, "metabolites": []}}]}}