{"gap": {"type": "relative", "arguments": {"name": "GAP -296091488377847865", "modelCrop": "WC", "rate": 250.0, "apply_every_n_years": 1, "number_of_applications": 2, "interval": 14, "model_specific_data": {}, "bbch": 31, "season": 0}}, "compound": {"molarMass": 300.0, "water_solubility": 3.5481890600631933, "vapor_pressure": 2.80141240015542e-05, "reference_temperature": 20.0, "koc": 4190.184214370388, "freundlich": 1.1853127699882493, "dt50": {"system": 6.0, "soil": 72.14294046072136, "surfaceWater": 6.0, "sediment": 6.0}, "plant_uptake": 0.0, "name": "Compound 413386544606171144", "model_specific_data": {}, "metabolites": [{"formation_fraction": 0.2, "metabolite": {"molarMass": 300.0, "water_solubility": 0.0019068486465098824, "vapor_pressure": 0.001166678953454787, "reference_temperature": 20.0, "koc": 968.2191137571272, "freundlich": 0.839586578650779, "dt50": {"system": 6.0, "soil": 31.866752940894415, "surfaceWater": 6.0, "sediment": 6.0}, "plant_uptake": 0.5, "name": "Compound 1026113358265739413", "model_specific_data": {}, "metabolites": []}}]}}