{"gap": {"type": "relative", "arguments": {"name": "GAP -296091488377847865", "modelCrop": "WC", "rate": 250.0, "apply_every_n_years": 1, "number_of_applications": 2, "interval": 14, "model_specific_data": {}, "bbch": 31, "season": 0}}, "compound": {"molarMass": 300.0, "water_solubility": 0.0017877085037687102, "vapor_pressure": 2.1867771123057428e-07, "reference_temperature": 20.0, "koc": 166.76410730312497, "freundlich": 0.749507966226217, "dt50": {"system": 6.0, "soil": 47.98072240933692, "surfaceWater": 6.0, "sediment": 6.0}, "plant_uptake": 0.0, "name": "Compound 4806989512860667503", "model_specific_data": {}, "metabolites": [{"formation_fraction": 0.2, "metabolite": {"molarMass": 300.0, "water_solubility": 0.004688396984409926, "vapor_pressure": 1.4484912121964325e-05, "reference_temperature": 20.0, "koc": 133.23968468804475, "freundlich": 0.9830432277107666, "dt50": {"system": 6.0, "soil": 258.63593449223146, "surfaceWater": 6.0, "sediment": 6.0}, "plant_uptake": 0.5, "name": "Compound -314639924240229608", "model_specific_data": {}, "metabolites": []}}]}}