{"gap": {"type": "relative", "arguments": {"name": "GAP -296091488377847865", "modelCrop": "WC", "rate": 250.0, "apply_every_n_years": 1, "number_of_applications": 2, "interval": 14, "model_specific_data": {}, "bbch": 31, "season": 0}}, "compound": {"molarMass": 300.0, "water_solubility": 0.029624621200446906, "vapor_pressure": 5.372483242641753e-07, "reference_temperature": 20.0, "koc": 1897.2246373935702, "freundlich": 0.872274613415354, "dt50": {"system": 6.0, "soil": 117.3114830489387, "surfaceWater": 6.0, "sediment": 6.0}, "plant_uptake": 0.0, "name": "Compound 7741875292951607547", "model_specific_data": {}, "metabolites": [{"formation_fraction": 0.2, "metabolite": {"molarMass": 300.0, "water_solubility": 0.005240869995905299, "vapor_pressure": 0.02145990880941152, "reference_temperature": 20.0, "koc": 1685.5162127506644, "freundlich": 0.7374300707111503, "dt50": {"system": 6.0, "soil": 153.2993768392228, "surfaceWater": 6.0, "sediment": 6.0}, "plant_uptake": 0.5, "name": "Compound 2108170095099693275", "model_specific_data": {}, "metabolites": []}}]}}