{"gap": {"type": "relative", "arguments": {"name": "GAP -296091488377847865", "modelCrop": "WC", "rate": 250.0, "apply_every_n_years": 1, "number_of_applications": 2, "interval": 14, "model_specific_data": {}, "bbch": 31, "season": 0}}, "compound": {"molarMass": 300.0, "water_solubility": 0.0191539586640188, "vapor_pressure": 0.000929661030107038, "reference_temperature": 20.0, "koc": 2296.599293972293, "freundlich": 0.978105891447242, "dt50": {"system": 6.0, "soil": 102.29595851425987, "surfaceWater": 6.0, "sediment": 6.0}, "plant_uptake": 0.0, "name": "Compound 1210366189403037564", "model_specific_data": {}, "metabolites": [{"formation_fraction": 0.2, "metabolite": {"molarMass": 300.0, "water_solubility": 0.018142369749107084, "vapor_pressure": 0.000186420800017312, "reference_temperature": 20.0, "koc": 3928.6682859996167, "freundlich": 1.140982557534147, "dt50": {"system": 6.0, "soil": 205.49516235510788, "surfaceWater": 6.0, "sediment": 6.0}, "plant_uptake": 0.5, "name": "Compound 5971622702756734673", "model_specific_data": {}, "metabolites": []}}]}}