{"gap": {"type": "relative", "arguments": {"name": "GAP -296091488377847865", "modelCrop": "WC", "rate": 250.0, "apply_every_n_years": 1, "number_of_applications": 2, "interval": 14, "model_specific_data": {}, "bbch": 31, "season": 0}}, "compound": {"molarMass": 300.0, "water_solubility": 0.003885757624496683, "vapor_pressure": 5.527280444722616e-08, "reference_temperature": 20.0, "koc": 17.05166398588972, "freundlich": 0.8161299388755967, "dt50": {"system": 6.0, "soil": 87.08830163784555, "surfaceWater": 6.0, "sediment": 6.0}, "plant_uptake": 0.0, "name": "Compound 8477284485217645595", "model_specific_data": {}, "metabolites": [{"formation_fraction": 0.2, "metabolite": {"molarMass": 300.0, "water_solubility": 0.013606257300707468, "vapor_pressure": 3.363340010285544e-07, "reference_temperature": 20.0, "koc": 144.00120457600264, "freundlich": 1.0461796413586988, "dt50": {"system": 6.0, "soil": 174.62900807362936, "surfaceWater": 6.0, "sediment": 6.0}, "plant_uptake": 0.5, "name": "Compound 5881066144384457680", "model_specific_data": {}, "metabolites": []}}]}}