{"gap": {"type": "relative", "arguments": {"name": "GAP -296091488377847865", "modelCrop": "WC", "rate": 250.0, "apply_every_n_years": 1, "number_of_applications": 2, "interval": 14, "model_specific_data": {}, "bbch": 31, "season": 0}}, "compound": {"molarMass": 300.0, "water_solubility": 0.010760171678910553, "vapor_pressure": 4.218227579868972e-05, "reference_temperature": 20.0, "koc": 2358.7757370355425, "freundlich": 1.1246308438625836, "dt50": {"system": 6.0, "soil": 264.8868066292544, "surfaceWater": 6.0, "sediment": 6.0}, "plant_uptake": 0.0, "name": "Compound 6927108834301873893", "model_specific_data": {}, "metabolites": [{"formation_fraction": 0.2, "metabolite": {"molarMass": 300.0, "water_solubility": 0.02682682178335235, "vapor_pressure": 0.015712401155261062, "reference_temperature": 20.0, "koc": 285.7610430337311, "freundlich": 0.8011754202175186, "dt50": {"system": 6.0, "soil": 42.95601161808831, "surfaceWater": 6.0, "sediment": 6.0}, "plant_uptake": 0.5, "name": "Compound 2425565969200040354", "model_specific_data": {}, "metabolites": []}}]}}