{"gap": {"type": "relative", "arguments": {"name": "GAP -296091488377847865", "modelCrop": "WC", "rate": 250.0, "apply_every_n_years": 1, "number_of_applications": 2, "interval": 14, "model_specific_data": {}, "bbch": 31, "season": 0}}, "compound": {"molarMass": 300.0, "water_solubility": 0.011518136364748424, "vapor_pressure": 1.3457463378450236e-05, "reference_temperature": 20.0, "koc": 1249.341304573936, "freundlich": 0.7404672145763661, "dt50": {"system": 6.0, "soil": 93.42975408678154, "surfaceWater": 6.0, "sediment": 6.0}, "plant_uptake": 0.0, "name": "Compound -5147766949053503843", "model_specific_data": {}, "metabolites": [{"formation_fraction": 0.2, "metabolite": {"molarMass": 300.0, "water_solubility": 0.0024090649520486615, "vapor_pressure": 6.196010451319505e-05, "reference_temperature": 20.0, "koc": 14.21746803917647, "freundlich": 1.1517236156616555, "dt50": {"system": 6.0, "soil": 62.45227080456975, "surfaceWater": 6.0, "sediment": 6.0}, "plant_uptake": 0.5, "name": "Compound -2474964146165446195", "model_specific_data": {}, "metabolites": []}}]}}