{"gap": {"type": "relative", "arguments": {"name": "GAP -296091488377847865", "modelCrop": "WC", "rate": 250.0, "apply_every_n_years": 1, "number_of_applications": 2, "interval": 14, "model_specific_data": {}, "bbch": 31, "season": 0}}, "compound": {"molarMass": 300.0, "water_solubility": 0.0007123034108968723, "vapor_pressure": 0.00034809309664220347, "reference_temperature": 20.0, "koc": 130.57185873478437, "freundlich": 0.982447137507426, "dt50": {"system": 6.0, "soil": 173.63108186994896, "surfaceWater": 6.0, "sediment": 6.0}, "plant_uptake": 0.0, "name": "Compound -6674112324751098950", "model_specific_data": {}, "metabolites": [{"formation_fraction": 0.2, "metabolite": {"molarMass": 300.0, "water_solubility": 0.035307007870130844, "vapor_pressure": 0.0005632295889428332, "reference_temperature": 20.0, "koc": 3525.268259549453, "freundlich": 0.9655573367480483, "dt50": {"system": 6.0, "soil": 40.205206505726494, "surfaceWater": 6.0, "sediment": 6.0}, "plant_uptake": 0.5, "name": "Compound -8623239966721493442", "model_specific_data": {}, "metabolites": []}}]}}