{"gap": {"type": "relative", "arguments": {"name": "GAP -296091488377847865", "modelCrop": "WC", "rate": 250.0, "apply_every_n_years": 1, "number_of_applications": 2, "interval": 14, "model_specific_data": {}, "bbch": 31, "season": 0}}, "compound": {"molarMass": 300.0, "water_solubility": 0.007810314787052301, "vapor_pressure": 0.00010771310955876666, "reference_temperature": 20.0, "koc": 22.567647522222753, "freundlich": 1.1643008299851627, "dt50": {"system": 6.0, "soil": 219.1236309940396, "surfaceWater": 6.0, "sediment": 6.0}, "plant_uptake": 0.0, "name": "Compound 4609630125845429640", "model_specific_data": {}, "metabolites": [{"formation_fraction": 0.2, "metabolite": {"molarMass": 300.0, "water_solubility": 0.002944604863969911, "vapor_pressure": 1.3404398861445961e-06, "reference_temperature": 20.0, "koc": 1517.7850923199203, "freundlich": 1.1556208503351377, "dt50": {"system": 6.0, "soil": 298.84322754001744, "surfaceWater": 6.0, "sediment": 6.0}, "plant_uptake": 0.5, "name": "Compound -6595896234386768780", "model_specific_data": {}, "metabolites": []}}]}}