{"gap": {"type": "relative", "arguments": {"name": "GAP -296091488377847865", "modelCrop": "WC", "rate": 250.0, "apply_every_n_years": 1, "number_of_applications": 2, "interval": 14, "model_specific_data": {}, "bbch": 31, "season": 0}}, "compound": {"molarMass": 300.0, "water_solubility": 0.02657418051356058, "vapor_pressure": 0.00010888837529076281, "reference_temperature": 20.0, "koc": 34.30736046908599, "freundlich": 0.9698132515699438, "dt50": {"system": 6.0, "soil": 195.46489465426868, "surfaceWater": 6.0, "sediment": 6.0}, "plant_uptake": 0.0, "name": "Compound 4034945032494947767", "model_specific_data": {}, "metabolites": [{"formation_fraction": 0.2, "metabolite": {"molarMass": 300.0, "water_solubility": 0.0706439304929337, "vapor_pressure": 6.262750553376394e-06, "reference_temperature": 20.0, "koc": 456.22121032306944, "freundlich": 1.1951203454019816, "dt50": {"system": 6.0, "soil": 8.349547595138054, "surfaceWater": 6.0, "sediment": 6.0}, "plant_uptake": 0.5, "name": "Compound 1086314822770534394", "model_specific_data": {}, "metabolites": []}}]}}