{"gap": {"type": "relative", "arguments": {"name": "GAP -296091488377847865", "modelCrop": "WC", "rate": 250.0, "apply_every_n_years": 1, "number_of_applications": 2, "interval": 14, "model_specific_data": {}, "bbch": 31, "season": 0}}, "compound": {"molarMass": 300.0, "water_solubility": 0.006074902556641687, "vapor_pressure": 0.0006396790641552862, "reference_temperature": 20.0, "koc": 375.0142417615395, "freundlich": 0.9936041312219053, "dt50": {"system": 6.0, "soil": 260.6753774566841, "surfaceWater": 6.0, "sediment": 6.0}, "plant_uptake": 0.0, "name": "Compound -2669020357544045499", "model_specific_data": {}, "metabolites": [{"formation_fraction": 0.2, "metabolite": {"molarMass": 300.0, "water_solubility": 0.008388395404438012, "vapor_pressure": 2.8432630547872297e-08, "reference_temperature": 20.0, "koc": 797.8087011986751, "freundlich": 0.8130899259432555, "dt50": {"system": 6.0, "soil": 172.7828617992703, "surfaceWater": 6.0, "sediment": 6.0}, "plant_uptake": 0.5, "name": "Compound -1073113457346293506", "model_specific_data": {}, "metabolites": []}}]}}