{"gap": {"type": "relative", "arguments": {"name": "GAP -296091488377847865", "modelCrop": "WC", "rate": 250.0, "apply_every_n_years": 1, "number_of_applications": 2, "interval": 14, "model_specific_data": {}, "bbch": 31, "season": 0}}, "compound": {"molarMass": 300.0, "water_solubility": 0.0005452083618374696, "vapor_pressure": 0.028634969518943745, "reference_temperature": 20.0, "koc": 45.145400727559576, "freundlich": 1.033717411240163, "dt50": {"system": 6.0, "soil": 236.73513024758293, "surfaceWater": 6.0, "sediment": 6.0}, "plant_uptake": 0.0, "name": "Compound 3311845577694652450", "model_specific_data": {}, "metabolites": [{"formation_fraction": 0.2, "metabolite": {"molarMass": 300.0, "water_solubility": 0.05267407804846797, "vapor_pressure": 1.58061895962483e-06, "reference_temperature": 20.0, "koc": 39.431526849892734, "freundlich": 1.1079670102923125, "dt50": {"system": 6.0, "soil": 117.58957320578877, "surfaceWater": 6.0, "sediment": 6.0}, "plant_uptake": 0.5, "name": "Compound 2049706537390160157", "model_specific_data": {}, "metabolites": []}}]}}