{"gap": {"type": "relative", "arguments": {"name": "GAP -296091488377847865", "modelCrop": "WC", "rate": 250.0, "apply_every_n_years": 1, "number_of_applications": 2, "interval": 14, "model_specific_data": {}, "bbch": 31, "season": 0}}, "compound": {"molarMass": 300.0, "water_solubility": 0.006753109322526995, "vapor_pressure": 1.7068391040073987e-06, "reference_temperature": 20.0, "koc": 818.1977098319172, "freundlich": 1.0534343884676485, "dt50": {"system": 6.0, "soil": 273.63451049359276, "surfaceWater": 6.0, "sediment": 6.0}, "plant_uptake": 0.0, "name": "Compound 1971092974211941272", "model_specific_data": {}, "metabolites": [{"formation_fraction": 0.2, "metabolite": {"molarMass": 300.0, "water_solubility": 0.00031983265426528283, "vapor_pressure": 5.726436719718011e-05, "reference_temperature": 20.0, "koc": 525.3153869116129, "freundlich": 1.0552681048128671, "dt50": {"system": 6.0, "soil": 284.6791598473806, "surfaceWater": 6.0, "sediment": 6.0}, "plant_uptake": 0.5, "name": "Compound 3933004176687555482", "model_specific_data": {}, "metabolites": []}}]}}