{"gap": {"type": "relative", "arguments": {"name": "GAP -296091488377847865", "modelCrop": "WC", "rate": 250.0, "apply_every_n_years": 1, "number_of_applications": 2, "interval": 14, "model_specific_data": {}, "bbch": 31, "season": 0}}, "compound": {"molarMass": 300.0, "water_solubility": 0.049498143123359005, "vapor_pressure": 0.0004148581355299254, "reference_temperature": 20.0, "koc": 1303.1678883367947, "freundlich": 0.7449130205631558, "dt50": {"system": 6.0, "soil": 147.01700150586387, "surfaceWater": 6.0, "sediment": 6.0}, "plant_uptake": 0.0, "name": "Compound 5000852087645393822", "model_specific_data": {}, "metabolites": [{"formation_fraction": 0.2, "metabolite": {"molarMass": 300.0, "water_solubility": 0.002358609677064783, "vapor_pressure": 8.388499252861681e-07, "reference_temperature": 20.0, "koc": 496.07212874884436, "freundlich": 0.8767277281978874, "dt50": {"system": 6.0, "soil": 152.61285264640256, "surfaceWater": 6.0, "sediment": 6.0}, "plant_uptake": 0.5, "name": "Compound -6406296496479071777", "model_specific_data": {}, "metabolites": []}}]}}