{"gap": {"type": "relative", "arguments": {"name": "GAP -296091488377847865", "modelCrop": "WC", "rate": 250.0, "apply_every_n_years": 1, "number_of_applications": 2, "interval": 14, "model_specific_data": {}, "bbch": 31, "season": 0}}, "compound": {"molarMass": 300.0, "water_solubility": 0.0011360595150647433, "vapor_pressure": 3.3034114193189096e-06, "reference_temperature": 20.0, "koc": 686.524771573643, "freundlich": 1.0818398923603088, "dt50": {"system": 6.0, "soil": 57.46048108134091, "surfaceWater": 6.0, "sediment": 6.0}, "plant_uptake": 0.0, "name": "Compound -6786281140899692112", "model_specific_data": {}, "metabolites": [{"formation_fraction": 0.2, "metabolite": {"molarMass": 300.0, "water_solubility": 0.00035314000656005116, "vapor_pressure": 0.0014620599519854854, "reference_temperature": 20.0, "koc": 89.64439927556255, "freundlich": 1.1611910709260354, "dt50": {"system": 6.0, "soil": 15.236578506885515, "surfaceWater": 6.0, "sediment": 6.0}, "plant_uptake": 0.5, "name": "Compound 2382185351898110120", "model_specific_data": {}, "metabolites": []}}]}}