{"gap": {"type": "relative", "arguments": {"name": "GAP -296091488377847865", "modelCrop": "WC", "rate": 250.0, "apply_every_n_years": 1, "number_of_applications": 2, "interval": 14, "model_specific_data": {}, "bbch": 31, "season": 0}}, "compound": {"molarMass": 300.0, "water_solubility": 0.004275010729288086, "vapor_pressure": 4.9503103098066126e-05, "reference_temperature": 20.0, "koc": 369.893527310546, "freundlich": 1.189800178128414, "dt50": {"system": 6.0, "soil": 204.62545655490356, "surfaceWater": 6.0, "sediment": 6.0}, "plant_uptake": 0.0, "name": "Compound 8106337798582800771", "model_specific_data": {}, "metabolites": [{"formation_fraction": 0.2, "metabolite": {"molarMass": 300.0, "water_solubility": 0.13213879956336338, "vapor_pressure": 0.0002144648566279132, "reference_temperature": 20.0, "koc": 63.961967513439895, "freundlich": 1.0680545462880984, "dt50": {"system": 6.0, "soil": 50.541043288895885, "surfaceWater": 6.0, "sediment": 6.0}, "plant_uptake": 0.5, "name": "Compound -4793853471054619975", "model_specific_data": {}, "metabolites": []}}]}}