{"gap": {"type": "relative", "arguments": {"name": "GAP -296091488377847865", "modelCrop": "WC", "rate": 250.0, "apply_every_n_years": 1, "number_of_applications": 2, "interval": 14, "model_specific_data": {}, "bbch": 31, "season": 0}}, "compound": {"molarMass": 300.0, "water_solubility": 0.00029186413661731666, "vapor_pressure": 1.7002182906760815e-06, "reference_temperature": 20.0, "koc": 1334.8627561607088, "freundlich": 0.9703670894351135, "dt50": {"system": 6.0, "soil": 191.87877406273196, "surfaceWater": 6.0, "sediment": 6.0}, "plant_uptake": 0.0, "name": "Compound 3075686352693231585", "model_specific_data": {}, "metabolites": [{"formation_fraction": 0.2, "metabolite": {"molarMass": 300.0, "water_solubility": 0.03403609488031606, "vapor_pressure": 1.3468082537930476e-08, "reference_temperature": 20.0, "koc": 111.72377884201015, "freundlich": 0.9329954367879161, "dt50": {"system": 6.0, "soil": 297.19782965653786, "surfaceWater": 6.0, "sediment": 6.0}, "plant_uptake": 0.5, "name": "Compound 446139529190379108", "model_specific_data": {}, "metabolites": []}}]}}