{"gap": {"type": "relative", "arguments": {"name": "GAP -296091488377847865", "modelCrop": "WC", "rate": 250.0, "apply_every_n_years": 1, "number_of_applications": 2, "interval": 14, "model_specific_data": {}, "bbch": 31, "season": 0}}, "compound": {"molarMass": 300.0, "water_solubility": 0.004862606245426176, "vapor_pressure": 0.004134602604329051, "reference_temperature": 20.0, "koc": 806.2554653832378, "freundlich": 1.0294074551439898, "dt50": {"system": 6.0, "soil": 158.89326800451326, "surfaceWater": 6.0, "sediment": 6.0}, "plant_uptake": 0.0, "name": "Compound 8042415017465077774", "model_specific_data": {}, "metabolites": [{"formation_fraction": 0.2, "metabolite": {"molarMass": 300.0, "water_solubility": 0.00020343593131584028, "vapor_pressure": 7.922546361178604e-06, "reference_temperature": 20.0, "koc": 15.848456336707336, "freundlich": 1.0452554566463987, "dt50": {"system": 6.0, "soil": 196.59171875475784, "surfaceWater": 6.0, "sediment": 6.0}, "plant_uptake": 0.5, "name": "Compound -6008039053517872781", "model_specific_data": {}, "metabolites": []}}]}}