{"gap": {"type": "relative", "arguments": {"name": "GAP -296091488377847865", "modelCrop": "WC", "rate": 250.0, "apply_every_n_years": 1, "number_of_applications": 2, "interval": 14, "model_specific_data": {}, "bbch": 31, "season": 0}}, "compound": {"molarMass": 300.0, "water_solubility": 0.0001943452295622849, "vapor_pressure": 3.05866230816428e-05, "reference_temperature": 20.0, "koc": 65.91705849283922, "freundlich": 0.8321078034319871, "dt50": {"system": 6.0, "soil": 67.58351740340808, "surfaceWater": 6.0, "sediment": 6.0}, "plant_uptake": 0.0, "name": "Compound -2295285005725529065", "model_specific_data": {}, "metabolites": [{"formation_fraction": 0.2, "metabolite": {"molarMass": 300.0, "water_solubility": 0.1585338884012146, "vapor_pressure": 0.002776623307442721, "reference_temperature": 20.0, "koc": 37.56823730328935, "freundlich": 1.18267802347073, "dt50": {"system": 6.0, "soil": 72.06277080443898, "surfaceWater": 6.0, "sediment": 6.0}, "plant_uptake": 0.5, "name": "Compound -4095218332010808916", "model_specific_data": {}, "metabolites": []}}]}}