{"gap": {"type": "relative", "arguments": {"name": "GAP -296091488377847865", "modelCrop": "WC", "rate": 250.0, "apply_every_n_years": 1, "number_of_applications": 2, "interval": 14, "model_specific_data": {}, "bbch": 31, "season": 0}}, "compound": {"molarMass": 300.0, "water_solubility": 0.0002593088937258228, "vapor_pressure": 3.780289636092037e-06, "reference_temperature": 20.0, "koc": 284.02969178765477, "freundlich": 0.7327670274410922, "dt50": {"system": 6.0, "soil": 126.0227310346404, "surfaceWater": 6.0, "sediment": 6.0}, "plant_uptake": 0.0, "name": "Compound 2574790696179540216", "model_specific_data": {}, "metabolites": [{"formation_fraction": 0.2, "metabolite": {"molarMass": 300.0, "water_solubility": 0.005338051814645097, "vapor_pressure": 0.005755044432647918, "reference_temperature": 20.0, "koc": 12.538583747704939, "freundlich": 0.9073986651304433, "dt50": {"system": 6.0, "soil": 61.595980140328436, "surfaceWater": 6.0, "sediment": 6.0}, "plant_uptake": 0.5, "name": "Compound -5437639853550731646", "model_specific_data": {}, "metabolites": []}}]}}