{"gap": {"type": "relative", "arguments": {"name": "GAP -296091488377847865", "modelCrop": "WC", "rate": 250.0, "apply_every_n_years": 1, "number_of_applications": 2, "interval": 14, "model_specific_data": {}, "bbch": 31, "season": 0}}, "compound": {"molarMass": 300.0, "water_solubility": 0.015806290056170832, "vapor_pressure": 0.00012273673800626875, "reference_temperature": 20.0, "koc": 2316.16829423316, "freundlich": 1.1570516686784051, "dt50": {"system": 6.0, "soil": 84.35409066000545, "surfaceWater": 6.0, "sediment": 6.0}, "plant_uptake": 0.0, "name": "Compound -5441318572134289719", "model_specific_data": {}, "metabolites": [{"formation_fraction": 0.2, "metabolite": {"molarMass": 300.0, "water_solubility": 0.028980366070574807, "vapor_pressure": 5.219526578094458e-08, "reference_temperature": 20.0, "koc": 161.8643398330047, "freundlich": 0.8479363746177431, "dt50": {"system": 6.0, "soil": 74.50031357839411, "surfaceWater": 6.0, "sediment": 6.0}, "plant_uptake": 0.5, "name": "Compound -9119748666405325823", "model_specific_data": {}, "metabolites": []}}]}}