{"gap": {"type": "relative", "arguments": {"name": "GAP -296091488377847865", "modelCrop": "WC", "rate": 250.0, "apply_every_n_years": 1, "number_of_applications": 2, "interval": 14, "model_specific_data": {}, "bbch": 31, "season": 0}}, "compound": {"molarMass": 300.0, "water_solubility": 0.0007059791459333368, "vapor_pressure": 6.5588582626530976e-06, "reference_temperature": 20.0, "koc": 1736.296937320021, "freundlich": 0.7433706132801328, "dt50": {"system": 6.0, "soil": 61.01118288062783, "surfaceWater": 6.0, "sediment": 6.0}, "plant_uptake": 0.0, "name": "Compound 6977248708947158674", "model_specific_data": {}, "metabolites": [{"formation_fraction": 0.2, "metabolite": {"molarMass": 300.0, "water_solubility": 0.0019781242200174413, "vapor_pressure": 0.001931776145906464, "reference_temperature": 20.0, "koc": 18.925087271750343, "freundlich": 0.9857396804190675, "dt50": {"system": 6.0, "soil": 260.1366873411557, "surfaceWater": 6.0, "sediment": 6.0}, "plant_uptake": 0.5, "name": "Compound 1823965155017214530", "model_specific_data": {}, "metabolites": []}}]}}