{"gap": {"type": "relative", "arguments": {"name": "GAP -296091488377847865", "modelCrop": "WC", "rate": 250.0, "apply_every_n_years": 1, "number_of_applications": 2, "interval": 14, "model_specific_data": {}, "bbch": 31, "season": 0}}, "compound": {"molarMass": 300.0, "water_solubility": 0.008987467780202006, "vapor_pressure": 8.708139329412335e-07, "reference_temperature": 20.0, "koc": 183.41247763889768, "freundlich": 0.9775863455545436, "dt50": {"system": 6.0, "soil": 146.6918204840897, "surfaceWater": 6.0, "sediment": 6.0}, "plant_uptake": 0.0, "name": "Compound -4686382787982657503", "model_specific_data": {}, "metabolites": [{"formation_fraction": 0.2, "metabolite": {"molarMass": 300.0, "water_solubility": 3.709384125651377, "vapor_pressure": 6.25710601777892e-05, "reference_temperature": 20.0, "koc": 68.09433353540196, "freundlich": 0.7743825417207463, "dt50": {"system": 6.0, "soil": 108.62359335552479, "surfaceWater": 6.0, "sediment": 6.0}, "plant_uptake": 0.5, "name": "Compound -9164140627859394020", "model_specific_data": {}, "metabolites": []}}]}}