{"gap": {"type": "relative", "arguments": {"name": "GAP -296091488377847865", "modelCrop": "WC", "rate": 250.0, "apply_every_n_years": 1, "number_of_applications": 2, "interval": 14, "model_specific_data": {}, "bbch": 31, "season": 0}}, "compound": {"molarMass": 300.0, "water_solubility": 0.012710983665517789, "vapor_pressure": 7.140950301200727e-07, "reference_temperature": 20.0, "koc": 85.07277414576461, "freundlich": 0.757287315033491, "dt50": {"system": 6.0, "soil": 224.31171346501134, "surfaceWater": 6.0, "sediment": 6.0}, "plant_uptake": 0.0, "name": "Compound 3107271121314818164", "model_specific_data": {}, "metabolites": [{"formation_fraction": 0.2, "metabolite": {"molarMass": 300.0, "water_solubility": 0.014232294390718525, "vapor_pressure": 5.6125604127866496e-05, "reference_temperature": 20.0, "koc": 19.298523539037877, "freundlich": 0.7602637052129457, "dt50": {"system": 6.0, "soil": 207.3839309748975, "surfaceWater": 6.0, "sediment": 6.0}, "plant_uptake": 0.5, "name": "Compound 140296789266557729", "model_specific_data": {}, "metabolites": []}}]}}