{"gap": {"type": "relative", "arguments": {"name": "GAP -296091488377847865", "modelCrop": "WC", "rate": 250.0, "apply_every_n_years": 1, "number_of_applications": 2, "interval": 14, "model_specific_data": {}, "bbch": 31, "season": 0}}, "compound": {"molarMass": 300.0, "water_solubility": 0.27126742797526066, "vapor_pressure": 4.613601903604925e-09, "reference_temperature": 20.0, "koc": 40.98487771427948, "freundlich": 0.7696093881747534, "dt50": {"system": 6.0, "soil": 75.97873455434195, "surfaceWater": 6.0, "sediment": 6.0}, "plant_uptake": 0.0, "name": "Compound -4100275732586786398", "model_specific_data": {}, "metabolites": [{"formation_fraction": 0.2, "metabolite": {"molarMass": 300.0, "water_solubility": 0.016435469519558713, "vapor_pressure": 2.367160013749881e-06, "reference_temperature": 20.0, "koc": 345.3867969410496, "freundlich": 0.7041220834547316, "dt50": {"system": 6.0, "soil": 186.86079825060776, "surfaceWater": 6.0, "sediment": 6.0}, "plant_uptake": 0.5, "name": "Compound -5506163705227450271", "model_specific_data": {}, "metabolites": []}}]}}