{"gap": {"type": "relative", "arguments": {"name": "GAP -296091488377847865", "modelCrop": "WC", "rate": 250.0, "apply_every_n_years": 1, "number_of_applications": 2, "interval": 14, "model_specific_data": {}, "bbch": 31, "season": 0}}, "compound": {"molarMass": 300.0, "water_solubility": 0.0007094143815291711, "vapor_pressure": 9.286304880711565e-07, "reference_temperature": 20.0, "koc": 899.8208998953133, "freundlich": 0.8025111223662358, "dt50": {"system": 6.0, "soil": 270.41468549921854, "surfaceWater": 6.0, "sediment": 6.0}, "plant_uptake": 0.0, "name": "Compound -6569883790495414870", "model_specific_data": {}, "metabolites": [{"formation_fraction": 0.2, "metabolite": {"molarMass": 300.0, "water_solubility": 0.14015571928781942, "vapor_pressure": 3.023146186238369e-07, "reference_temperature": 20.0, "koc": 32.41660144869046, "freundlich": 1.0358357426647749, "dt50": {"system": 6.0, "soil": 213.50810183489926, "surfaceWater": 6.0, "sediment": 6.0}, "plant_uptake": 0.5, "name": "Compound -4272030825228206101", "model_specific_data": {}, "metabolites": []}}]}}