{"gap": {"type": "relative", "arguments": {"name": "GAP -296091488377847865", "modelCrop": "WC", "rate": 250.0, "apply_every_n_years": 1, "number_of_applications": 2, "interval": 14, "model_specific_data": {}, "bbch": 31, "season": 0}}, "compound": {"molarMass": 300.0, "water_solubility": 0.005655928042431903, "vapor_pressure": 1.4297038451986804e-05, "reference_temperature": 20.0, "koc": 49.35170978728176, "freundlich": 1.1596757830697588, "dt50": {"system": 6.0, "soil": 163.41425012943526, "surfaceWater": 6.0, "sediment": 6.0}, "plant_uptake": 0.0, "name": "Compound 3755158198379158893", "model_specific_data": {}, "metabolites": [{"formation_fraction": 0.2, "metabolite": {"molarMass": 300.0, "water_solubility": 0.12084494700871178, "vapor_pressure": 4.932733622263903e-07, "reference_temperature": 20.0, "koc": 69.41737858890383, "freundlich": 1.1179688833725516, "dt50": {"system": 6.0, "soil": 111.10928243369356, "surfaceWater": 6.0, "sediment": 6.0}, "plant_uptake": 0.5, "name": "Compound 3924709983075237673", "model_specific_data": {}, "metabolites": []}}]}}