{"gap": {"type": "relative", "arguments": {"name": "GAP -296091488377847865", "modelCrop": "WC", "rate": 250.0, "apply_every_n_years": 1, "number_of_applications": 2, "interval": 14, "model_specific_data": {}, "bbch": 31, "season": 0}}, "compound": {"molarMass": 300.0, "water_solubility": 0.0445146355875468, "vapor_pressure": 0.005527018461077435, "reference_temperature": 20.0, "koc": 2747.8124027124, "freundlich": 0.8406850952433611, "dt50": {"system": 6.0, "soil": 158.28621071841002, "surfaceWater": 6.0, "sediment": 6.0}, "plant_uptake": 0.0, "name": "Compound 2150213883628181866", "model_specific_data": {}, "metabolites": [{"formation_fraction": 0.2, "metabolite": {"molarMass": 300.0, "water_solubility": 0.006930926180202321, "vapor_pressure": 3.6808572743218774e-08, "reference_temperature": 20.0, "koc": 14.164172159597344, "freundlich": 0.7710992426614798, "dt50": {"system": 6.0, "soil": 209.03603532548112, "surfaceWater": 6.0, "sediment": 6.0}, "plant_uptake": 0.5, "name": "Compound 2415551533981483099", "model_specific_data": {}, "metabolites": []}}]}}