{"gap": {"type": "relative", "arguments": {"name": "GAP -296091488377847865", "modelCrop": "WC", "rate": 250.0, "apply_every_n_years": 1, "number_of_applications": 2, "interval": 14, "model_specific_data": {}, "bbch": 31, "season": 0}}, "compound": {"molarMass": 300.0, "water_solubility": 1.2130989948386435, "vapor_pressure": 1.6758356160175433e-05, "reference_temperature": 20.0, "koc": 316.5537641571056, "freundlich": 1.1122319910356309, "dt50": {"system": 6.0, "soil": 267.47999760535834, "surfaceWater": 6.0, "sediment": 6.0}, "plant_uptake": 0.0, "name": "Compound -2832643798333133304", "model_specific_data": {}, "metabolites": [{"formation_fraction": 0.2, "metabolite": {"molarMass": 300.0, "water_solubility": 0.005306404911042996, "vapor_pressure": 2.051441499732771e-06, "reference_temperature": 20.0, "koc": 21.546118619976234, "freundlich": 0.9961448754127554, "dt50": {"system": 6.0, "soil": 191.60657996983636, "surfaceWater": 6.0, "sediment": 6.0}, "plant_uptake": 0.5, "name": "Compound -974221991779405744", "model_specific_data": {}, "metabolites": []}}]}}