{"gap": {"type": "relative", "arguments": {"name": "GAP -296091488377847865", "modelCrop": "WC", "rate": 250.0, "apply_every_n_years": 1, "number_of_applications": 2, "interval": 14, "model_specific_data": {}, "bbch": 31, "season": 0}}, "compound": {"molarMass": 300.0, "water_solubility": 0.02669620162202617, "vapor_pressure": 9.872991495754855e-05, "reference_temperature": 20.0, "koc": 1969.2345546027616, "freundlich": 0.9181659353198491, "dt50": {"system": 6.0, "soil": 51.157127074001245, "surfaceWater": 6.0, "sediment": 6.0}, "plant_uptake": 0.0, "name": "Compound -8822337175416235438", "model_specific_data": {}, "metabolites": [{"formation_fraction": 0.2, "metabolite": {"molarMass": 300.0, "water_solubility": 3.155634680338215, "vapor_pressure": 4.4539057008575955e-05, "reference_temperature": 20.0, "koc": 48.53743203083911, "freundlich": 1.1673628539469108, "dt50": {"system": 6.0, "soil": 273.0503754616815, "surfaceWater": 6.0, "sediment": 6.0}, "plant_uptake": 0.5, "name": "Compound -2076242237369499495", "model_specific_data": {}, "metabolites": []}}]}}