{"gap": {"type": "relative", "arguments": {"name": "GAP -296091488377847865", "modelCrop": "WC", "rate": 250.0, "apply_every_n_years": 1, "number_of_applications": 2, "interval": 14, "model_specific_data": {}, "bbch": 31, "season": 0}}, "compound": {"molarMass": 300.0, "water_solubility": 0.0035986314565604003, "vapor_pressure": 0.00024260621024551474, "reference_temperature": 20.0, "koc": 32.42115798986643, "freundlich": 0.9240969906698904, "dt50": {"system": 6.0, "soil": 43.96113105029257, "surfaceWater": 6.0, "sediment": 6.0}, "plant_uptake": 0.0, "name": "Compound 8159295131719487191", "model_specific_data": {}, "metabolites": [{"formation_fraction": 0.2, "metabolite": {"molarMass": 300.0, "water_solubility": 0.03729242037764997, "vapor_pressure": 3.152810283285437e-05, "reference_temperature": 20.0, "koc": 227.5347714433067, "freundlich": 1.1446557009775247, "dt50": {"system": 6.0, "soil": 89.50509073886272, "surfaceWater": 6.0, "sediment": 6.0}, "plant_uptake": 0.5, "name": "Compound -977662273496463829", "model_specific_data": {}, "metabolites": []}}]}}