{"gap": {"type": "relative", "arguments": {"name": "GAP -296091488377847865", "modelCrop": "WC", "rate": 250.0, "apply_every_n_years": 1, "number_of_applications": 2, "interval": 14, "model_specific_data": {}, "bbch": 31, "season": 0}}, "compound": {"molarMass": 300.0, "water_solubility": 0.04616610988743662, "vapor_pressure": 0.0004112191166259432, "reference_temperature": 20.0, "koc": 32.37705142576974, "freundlich": 1.1041515182739876, "dt50": {"system": 6.0, "soil": 118.56302692576838, "surfaceWater": 6.0, "sediment": 6.0}, "plant_uptake": 0.0, "name": "Compound -5118742072628635341", "model_specific_data": {}, "metabolites": [{"formation_fraction": 0.2, "metabolite": {"molarMass": 300.0, "water_solubility": 0.010138962151387747, "vapor_pressure": 0.002688461542399528, "reference_temperature": 20.0, "koc": 475.9239908671609, "freundlich": 0.9997576459883619, "dt50": {"system": 6.0, "soil": 276.44679816895786, "surfaceWater": 6.0, "sediment": 6.0}, "plant_uptake": 0.5, "name": "Compound 1350289505553281007", "model_specific_data": {}, "metabolites": []}}]}}