{"gap": {"type": "relative", "arguments": {"name": "GAP -296091488377847865", "modelCrop": "WC", "rate": 250.0, "apply_every_n_years": 1, "number_of_applications": 2, "interval": 14, "model_specific_data": {}, "bbch": 31, "season": 0}}, "compound": {"molarMass": 300.0, "water_solubility": 0.003292241801778435, "vapor_pressure": 5.584027859197682e-05, "reference_temperature": 20.0, "koc": 14.04253524676656, "freundlich": 0.7672725921446888, "dt50": {"system": 6.0, "soil": 266.7561947205354, "surfaceWater": 6.0, "sediment": 6.0}, "plant_uptake": 0.0, "name": "Compound -7357026444954426344", "model_specific_data": {}, "metabolites": [{"formation_fraction": 0.2, "metabolite": {"molarMass": 300.0, "water_solubility": 0.06439143056807117, "vapor_pressure": 2.6253127109207837e-07, "reference_temperature": 20.0, "koc": 29.045305260752926, "freundlich": 0.8173056147333845, "dt50": {"system": 6.0, "soil": 211.85243107901542, "surfaceWater": 6.0, "sediment": 6.0}, "plant_uptake": 0.5, "name": "Compound 3484956429788346288", "model_specific_data": {}, "metabolites": []}}]}}