{"gap": {"type": "relative", "arguments": {"name": "GAP -296091488377847865", "modelCrop": "WC", "rate": 250.0, "apply_every_n_years": 1, "number_of_applications": 2, "interval": 14, "model_specific_data": {}, "bbch": 31, "season": 0}}, "compound": {"molarMass": 300.0, "water_solubility": 0.0004148201345044074, "vapor_pressure": 3.1580134329183803e-06, "reference_temperature": 20.0, "koc": 1304.907936909644, "freundlich": 1.075781338613753, "dt50": {"system": 6.0, "soil": 105.36434470463443, "surfaceWater": 6.0, "sediment": 6.0}, "plant_uptake": 0.0, "name": "Compound 6437176263087548826", "model_specific_data": {}, "metabolites": [{"formation_fraction": 0.2, "metabolite": {"molarMass": 300.0, "water_solubility": 0.0006989966475975561, "vapor_pressure": 2.7523915686150485e-07, "reference_temperature": 20.0, "koc": 1356.5748796400278, "freundlich": 0.8435512649403571, "dt50": {"system": 6.0, "soil": 186.64056645869098, "surfaceWater": 6.0, "sediment": 6.0}, "plant_uptake": 0.5, "name": "Compound -1920867715055862355", "model_specific_data": {}, "metabolites": []}}]}}