{"gap": {"type": "relative", "arguments": {"name": "GAP -296091488377847865", "modelCrop": "WC", "rate": 250.0, "apply_every_n_years": 1, "number_of_applications": 2, "interval": 14, "model_specific_data": {}, "bbch": 31, "season": 0}}, "compound": {"molarMass": 300.0, "water_solubility": 0.01741435176918105, "vapor_pressure": 3.073571050493031e-08, "reference_temperature": 20.0, "koc": 49.39121842869554, "freundlich": 0.8039009022294055, "dt50": {"system": 6.0, "soil": 80.51206981411254, "surfaceWater": 6.0, "sediment": 6.0}, "plant_uptake": 0.0, "name": "Compound -2381328917257569027", "model_specific_data": {}, "metabolites": [{"formation_fraction": 0.2, "metabolite": {"molarMass": 300.0, "water_solubility": 0.0009332951661345141, "vapor_pressure": 1.1955355073360184e-07, "reference_temperature": 20.0, "koc": 1653.546922045123, "freundlich": 1.0567180463591852, "dt50": {"system": 6.0, "soil": 25.749488998169593, "surfaceWater": 6.0, "sediment": 6.0}, "plant_uptake": 0.5, "name": "Compound 8763571924341320957", "model_specific_data": {}, "metabolites": []}}]}}