{"gap": {"type": "relative", "arguments": {"name": "GAP -296091488377847865", "modelCrop": "WC", "rate": 250.0, "apply_every_n_years": 1, "number_of_applications": 2, "interval": 14, "model_specific_data": {}, "bbch": 31, "season": 0}}, "compound": {"molarMass": 300.0, "water_solubility": 0.0011928220330509039, "vapor_pressure": 0.0026910925270611365, "reference_temperature": 20.0, "koc": 748.1269067299596, "freundlich": 0.7455170124867683, "dt50": {"system": 6.0, "soil": 189.97912334904723, "surfaceWater": 6.0, "sediment": 6.0}, "plant_uptake": 0.0, "name": "Compound -3696591401060959496", "model_specific_data": {}, "metabolites": [{"formation_fraction": 0.2, "metabolite": {"molarMass": 300.0, "water_solubility": 0.0009842914109991878, "vapor_pressure": 4.2691520746849953e-05, "reference_temperature": 20.0, "koc": 29.59415382580178, "freundlich": 1.0224472608099004, "dt50": {"system": 6.0, "soil": 38.48541713645184, "surfaceWater": 6.0, "sediment": 6.0}, "plant_uptake": 0.5, "name": "Compound -2334627302556958700", "model_specific_data": {}, "metabolites": []}}]}}