{"gap": {"type": "relative", "arguments": {"name": "GAP -296091488377847865", "modelCrop": "WC", "rate": 250.0, "apply_every_n_years": 1, "number_of_applications": 2, "interval": 14, "model_specific_data": {}, "bbch": 31, "season": 0}}, "compound": {"molarMass": 300.0, "water_solubility": 0.0118925996877216, "vapor_pressure": 0.00010355700144682313, "reference_temperature": 20.0, "koc": 680.9323859938061, "freundlich": 1.0914333353273928, "dt50": {"system": 6.0, "soil": 253.06039459124062, "surfaceWater": 6.0, "sediment": 6.0}, "plant_uptake": 0.0, "name": "Compound -8845128850059761470", "model_specific_data": {}, "metabolites": [{"formation_fraction": 0.2, "metabolite": {"molarMass": 300.0, "water_solubility": 0.0042452631560096245, "vapor_pressure": 9.154158714704332e-07, "reference_temperature": 20.0, "koc": 97.85391594797453, "freundlich": 0.8297655932834247, "dt50": {"system": 6.0, "soil": 228.31774794995047, "surfaceWater": 6.0, "sediment": 6.0}, "plant_uptake": 0.5, "name": "Compound -7304145978830408923", "model_specific_data": {}, "metabolites": []}}]}}