{"gap": {"type": "relative", "arguments": {"name": "GAP -296091488377847865", "modelCrop": "WC", "rate": 250.0, "apply_every_n_years": 1, "number_of_applications": 2, "interval": 14, "model_specific_data": {}, "bbch": 31, "season": 0}}, "compound": {"molarMass": 300.0, "water_solubility": 6.812955221481502, "vapor_pressure": 1.479985324381783e-06, "reference_temperature": 20.0, "koc": 3301.0264423328276, "freundlich": 0.9754550592013935, "dt50": {"system": 6.0, "soil": 2.9260689665078408, "surfaceWater": 6.0, "sediment": 6.0}, "plant_uptake": 0.0, "name": "Compound -7079802767895189959", "model_specific_data": {}, "metabolites": [{"formation_fraction": 0.2, "metabolite": {"molarMass": 300.0, "water_solubility": 0.12641083574269518, "vapor_pressure": 1.23924624627677e-06, "reference_temperature": 20.0, "koc": 493.75474317847596, "freundlich": 1.1995068694414661, "dt50": {"system": 6.0, "soil": 82.46209431025905, "surfaceWater": 6.0, "sediment": 6.0}, "plant_uptake": 0.5, "name": "Compound 7599119610215439202", "model_specific_data": {}, "metabolites": []}}]}}