{"gap": {"type": "relative", "arguments": {"name": "GAP -296091488377847865", "modelCrop": "WC", "rate": 250.0, "apply_every_n_years": 1, "number_of_applications": 2, "interval": 14, "model_specific_data": {}, "bbch": 31, "season": 0}}, "compound": {"molarMass": 300.0, "water_solubility": 0.0026312054117620023, "vapor_pressure": 1.5706819518971963e-05, "reference_temperature": 20.0, "koc": 84.86277417865685, "freundlich": 1.174906979920975, "dt50": {"system": 6.0, "soil": 71.49614922898844, "surfaceWater": 6.0, "sediment": 6.0}, "plant_uptake": 0.0, "name": "Compound -6084619018177826103", "model_specific_data": {}, "metabolites": [{"formation_fraction": 0.2, "metabolite": {"molarMass": 300.0, "water_solubility": 2.028045075542744e-05, "vapor_pressure": 5.385100976845599e-06, "reference_temperature": 20.0, "koc": 88.62666045461246, "freundlich": 0.8440003562790337, "dt50": {"system": 6.0, "soil": 91.02641570313489, "surfaceWater": 6.0, "sediment": 6.0}, "plant_uptake": 0.5, "name": "Compound 3345190299805532615", "model_specific_data": {}, "metabolites": []}}]}}