{"gap": {"type": "relative", "arguments": {"name": "GAP -296091488377847865", "modelCrop": "WC", "rate": 250.0, "apply_every_n_years": 1, "number_of_applications": 2, "interval": 14, "model_specific_data": {}, "bbch": 31, "season": 0}}, "compound": {"molarMass": 300.0, "water_solubility": 0.020620913775030874, "vapor_pressure": 3.227895092850706e-07, "reference_temperature": 20.0, "koc": 15.83450362129515, "freundlich": 0.8440420937810793, "dt50": {"system": 6.0, "soil": 141.47376955158867, "surfaceWater": 6.0, "sediment": 6.0}, "plant_uptake": 0.0, "name": "Compound 5828974049569846219", "model_specific_data": {}, "metabolites": [{"formation_fraction": 0.2, "metabolite": {"molarMass": 300.0, "water_solubility": 0.002058551912642063, "vapor_pressure": 1.4346298319060609e-06, "reference_temperature": 20.0, "koc": 224.968319157235, "freundlich": 1.0793136562353347, "dt50": {"system": 6.0, "soil": 25.11209746180456, "surfaceWater": 6.0, "sediment": 6.0}, "plant_uptake": 0.5, "name": "Compound 305732623692901905", "model_specific_data": {}, "metabolites": []}}]}}