{"gap": {"type": "relative", "arguments": {"name": "GAP -296091488377847865", "modelCrop": "WC", "rate": 250.0, "apply_every_n_years": 1, "number_of_applications": 2, "interval": 14, "model_specific_data": {}, "bbch": 31, "season": 0}}, "compound": {"molarMass": 300.0, "water_solubility": 0.045331773117901195, "vapor_pressure": 1.2338768621614712e-06, "reference_temperature": 20.0, "koc": 453.4929892824864, "freundlich": 0.9121379165034706, "dt50": {"system": 6.0, "soil": 37.19537003849974, "surfaceWater": 6.0, "sediment": 6.0}, "plant_uptake": 0.0, "name": "Compound -5930624284853993915", "model_specific_data": {}, "metabolites": [{"formation_fraction": 0.2, "metabolite": {"molarMass": 300.0, "water_solubility": 0.0026114360956765747, "vapor_pressure": 3.9397066706046816e-07, "reference_temperature": 20.0, "koc": 2790.355236197603, "freundlich": 0.9635749161828513, "dt50": {"system": 6.0, "soil": 46.09370639413189, "surfaceWater": 6.0, "sediment": 6.0}, "plant_uptake": 0.5, "name": "Compound 2130112288271995154", "model_specific_data": {}, "metabolites": []}}]}}