{"gap": {"type": "relative", "arguments": {"name": "GAP -296091488377847865", "modelCrop": "WC", "rate": 250.0, "apply_every_n_years": 1, "number_of_applications": 2, "interval": 14, "model_specific_data": {}, "bbch": 31, "season": 0}}, "compound": {"molarMass": 300.0, "water_solubility": 0.000872478238627739, "vapor_pressure": 1.5993208359862947e-05, "reference_temperature": 20.0, "koc": 188.8717773431882, "freundlich": 1.1444681951343008, "dt50": {"system": 6.0, "soil": 123.66730651802436, "surfaceWater": 6.0, "sediment": 6.0}, "plant_uptake": 0.0, "name": "Compound 821595850024461647", "model_specific_data": {}, "metabolites": [{"formation_fraction": 0.2, "metabolite": {"molarMass": 300.0, "water_solubility": 0.009442410561717941, "vapor_pressure": 5.405511408255042e-06, "reference_temperature": 20.0, "koc": 197.70506121615563, "freundlich": 1.0819513427001266, "dt50": {"system": 6.0, "soil": 193.91821572281364, "surfaceWater": 6.0, "sediment": 6.0}, "plant_uptake": 0.5, "name": "Compound 2779057333457746803", "model_specific_data": {}, "metabolites": []}}]}}