{"gap": {"type": "relative", "arguments": {"name": "GAP -296091488377847865", "modelCrop": "WC", "rate": 250.0, "apply_every_n_years": 1, "number_of_applications": 2, "interval": 14, "model_specific_data": {}, "bbch": 31, "season": 0}}, "compound": {"molarMass": 300.0, "water_solubility": 0.0002493468053025858, "vapor_pressure": 5.4130007975923245e-05, "reference_temperature": 20.0, "koc": 50.29723411329756, "freundlich": 0.8349082043758825, "dt50": {"system": 6.0, "soil": 219.80576305305541, "surfaceWater": 6.0, "sediment": 6.0}, "plant_uptake": 0.0, "name": "Compound -6954724246523202291", "model_specific_data": {}, "metabolites": [{"formation_fraction": 0.2, "metabolite": {"molarMass": 300.0, "water_solubility": 0.03397029738876345, "vapor_pressure": 0.00031158890223804877, "reference_temperature": 20.0, "koc": 33.43044979983522, "freundlich": 1.1801699478359386, "dt50": {"system": 6.0, "soil": 223.8307921551334, "surfaceWater": 6.0, "sediment": 6.0}, "plant_uptake": 0.5, "name": "Compound -8001927954018874967", "model_specific_data": {}, "metabolites": []}}]}}