{"gap": {"type": "relative", "arguments": {"name": "GAP -296091488377847865", "modelCrop": "WC", "rate": 250.0, "apply_every_n_years": 1, "number_of_applications": 2, "interval": 14, "model_specific_data": {}, "bbch": 31, "season": 0}}, "compound": {"molarMass": 300.0, "water_solubility": 0.07143591598086259, "vapor_pressure": 6.382250796271816e-07, "reference_temperature": 20.0, "koc": 1145.6649865124543, "freundlich": 0.9925411305727098, "dt50": {"system": 6.0, "soil": 155.43629247078908, "surfaceWater": 6.0, "sediment": 6.0}, "plant_uptake": 0.0, "name": "Compound -6776535059066772702", "model_specific_data": {}, "metabolites": [{"formation_fraction": 0.2, "metabolite": {"molarMass": 300.0, "water_solubility": 0.0008284921333299201, "vapor_pressure": 0.023202958672998777, "reference_temperature": 20.0, "koc": 88.453053742386, "freundlich": 0.9037959568166827, "dt50": {"system": 6.0, "soil": 26.844224996152377, "surfaceWater": 6.0, "sediment": 6.0}, "plant_uptake": 0.5, "name": "Compound -6032435385002165105", "model_specific_data": {}, "metabolites": []}}]}}