{"gap": {"type": "relative", "arguments": {"name": "GAP -296091488377847865", "modelCrop": "WC", "rate": 250.0, "apply_every_n_years": 1, "number_of_applications": 2, "interval": 14, "model_specific_data": {}, "bbch": 31, "season": 0}}, "compound": {"molarMass": 300.0, "water_solubility": 0.08110662303254787, "vapor_pressure": 0.009785049048131838, "reference_temperature": 20.0, "koc": 1007.6025337254465, "freundlich": 0.8883514404022097, "dt50": {"system": 6.0, "soil": 126.403345995603, "surfaceWater": 6.0, "sediment": 6.0}, "plant_uptake": 0.0, "name": "Compound -6315490372671773167", "model_specific_data": {}, "metabolites": [{"formation_fraction": 0.2, "metabolite": {"molarMass": 300.0, "water_solubility": 0.00981884224140575, "vapor_pressure": 0.0011099446069282159, "reference_temperature": 20.0, "koc": 2018.321232372478, "freundlich": 0.8017926455248412, "dt50": {"system": 6.0, "soil": 257.90123594341793, "surfaceWater": 6.0, "sediment": 6.0}, "plant_uptake": 0.5, "name": "Compound 6035066001160774646", "model_specific_data": {}, "metabolites": []}}]}}