{"gap": {"type": "relative", "arguments": {"name": "GAP -296091488377847865", "modelCrop": "WC", "rate": 250.0, "apply_every_n_years": 1, "number_of_applications": 2, "interval": 14, "model_specific_data": {}, "bbch": 31, "season": 0}}, "compound": {"molarMass": 300.0, "water_solubility": 0.00011810219857941584, "vapor_pressure": 8.418840411759906e-07, "reference_temperature": 20.0, "koc": 3144.763976731026, "freundlich": 1.0734791788231417, "dt50": {"system": 6.0, "soil": 147.65842584535824, "surfaceWater": 6.0, "sediment": 6.0}, "plant_uptake": 0.0, "name": "Compound 5161336186053506308", "model_specific_data": {}, "metabolites": [{"formation_fraction": 0.2, "metabolite": {"molarMass": 300.0, "water_solubility": 0.2128723405844148, "vapor_pressure": 0.00010372003319226544, "reference_temperature": 20.0, "koc": 1287.6189552578376, "freundlich": 0.7452911193942832, "dt50": {"system": 6.0, "soil": 58.69396603311105, "surfaceWater": 6.0, "sediment": 6.0}, "plant_uptake": 0.5, "name": "Compound 8075213462095295761", "model_specific_data": {}, "metabolites": []}}]}}