{"gap": {"type": "relative", "arguments": {"name": "GAP -296091488377847865", "modelCrop": "WC", "rate": 250.0, "apply_every_n_years": 1, "number_of_applications": 2, "interval": 14, "model_specific_data": {}, "bbch": 31, "season": 0}}, "compound": {"molarMass": 300.0, "water_solubility": 0.00562448507865361, "vapor_pressure": 8.97085138074399e-06, "reference_temperature": 20.0, "koc": 219.40270256994626, "freundlich": 0.7160747294017745, "dt50": {"system": 6.0, "soil": 188.657138544464, "surfaceWater": 6.0, "sediment": 6.0}, "plant_uptake": 0.0, "name": "Compound -258076930085613145", "model_specific_data": {}, "metabolites": [{"formation_fraction": 0.2, "metabolite": {"molarMass": 300.0, "water_solubility": 0.01724450241589786, "vapor_pressure": 0.0009051091435118811, "reference_temperature": 20.0, "koc": 14.592466636751233, "freundlich": 0.8724449139676834, "dt50": {"system": 6.0, "soil": 69.59729768935753, "surfaceWater": 6.0, "sediment": 6.0}, "plant_uptake": 0.5, "name": "Compound -8808235768695675025", "model_specific_data": {}, "metabolites": []}}]}}