{"gap": {"type": "relative", "arguments": {"name": "GAP -296091488377847865", "modelCrop": "WC", "rate": 250.0, "apply_every_n_years": 1, "number_of_applications": 2, "interval": 14, "model_specific_data": {}, "bbch": 31, "season": 0}}, "compound": {"molarMass": 300.0, "water_solubility": 0.0029454290986217074, "vapor_pressure": 5.445542340212694e-06, "reference_temperature": 20.0, "koc": 146.6103586878289, "freundlich": 0.7225014953985305, "dt50": {"system": 6.0, "soil": 16.59176806040366, "surfaceWater": 6.0, "sediment": 6.0}, "plant_uptake": 0.0, "name": "Compound 4716870146140420982", "model_specific_data": {}, "metabolites": [{"formation_fraction": 0.2, "metabolite": {"molarMass": 300.0, "water_solubility": 0.1254084282470479, "vapor_pressure": 0.0004465998710795605, "reference_temperature": 20.0, "koc": 17.798208885160477, "freundlich": 1.0157185123189074, "dt50": {"system": 6.0, "soil": 152.22277802422866, "surfaceWater": 6.0, "sediment": 6.0}, "plant_uptake": 0.5, "name": "Compound -4729921312067839902", "model_specific_data": {}, "metabolites": []}}]}}