{"gap": {"type": "relative", "arguments": {"name": "GAP -296091488377847865", "modelCrop": "WC", "rate": 250.0, "apply_every_n_years": 1, "number_of_applications": 2, "interval": 14, "model_specific_data": {}, "bbch": 31, "season": 0}}, "compound": {"molarMass": 300.0, "water_solubility": 0.05278876740745722, "vapor_pressure": 1.5123264841064045e-06, "reference_temperature": 20.0, "koc": 900.7835727287846, "freundlich": 1.150446721486179, "dt50": {"system": 6.0, "soil": 256.01837250956055, "surfaceWater": 6.0, "sediment": 6.0}, "plant_uptake": 0.0, "name": "Compound 7734870545051568319", "model_specific_data": {}, "metabolites": [{"formation_fraction": 0.2, "metabolite": {"molarMass": 300.0, "water_solubility": 0.0005426472754279312, "vapor_pressure": 8.658807914214694e-07, "reference_temperature": 20.0, "koc": 153.30002878909127, "freundlich": 0.8886701374124455, "dt50": {"system": 6.0, "soil": 253.27668413727702, "surfaceWater": 6.0, "sediment": 6.0}, "plant_uptake": 0.5, "name": "Compound -948049906219036087", "model_specific_data": {}, "metabolites": []}}]}}