{"gap": {"type": "relative", "arguments": {"name": "GAP -296091488377847865", "modelCrop": "WC", "rate": 250.0, "apply_every_n_years": 1, "number_of_applications": 2, "interval": 14, "model_specific_data": {}, "bbch": 31, "season": 0}}, "compound": {"molarMass": 300.0, "water_solubility": 0.0010905731214725734, "vapor_pressure": 9.920028004279978e-09, "reference_temperature": 20.0, "koc": 368.60164174535055, "freundlich": 1.0015225585335092, "dt50": {"system": 6.0, "soil": 99.73726837385867, "surfaceWater": 6.0, "sediment": 6.0}, "plant_uptake": 0.0, "name": "Compound -9134818643276446614", "model_specific_data": {}, "metabolites": [{"formation_fraction": 0.2, "metabolite": {"molarMass": 300.0, "water_solubility": 0.03255729002331691, "vapor_pressure": 2.456299340289018e-08, "reference_temperature": 20.0, "koc": 121.39008037715638, "freundlich": 0.9626601097114353, "dt50": {"system": 6.0, "soil": 57.20041847993958, "surfaceWater": 6.0, "sediment": 6.0}, "plant_uptake": 0.5, "name": "Compound 30129503503372610", "model_specific_data": {}, "metabolites": []}}]}}