{"gap": {"type": "relative", "arguments": {"name": "GAP -296091488377847865", "modelCrop": "WC", "rate": 250.0, "apply_every_n_years": 1, "number_of_applications": 2, "interval": 14, "model_specific_data": {}, "bbch": 31, "season": 0}}, "compound": {"molarMass": 300.0, "water_solubility": 0.048287561252002655, "vapor_pressure": 1.2676664364488262e-07, "reference_temperature": 20.0, "koc": 54.14364594919077, "freundlich": 1.1208147557823922, "dt50": {"system": 6.0, "soil": 200.89558049782528, "surfaceWater": 6.0, "sediment": 6.0}, "plant_uptake": 0.0, "name": "Compound -4826735809013444411", "model_specific_data": {}, "metabolites": [{"formation_fraction": 0.2, "metabolite": {"molarMass": 300.0, "water_solubility": 0.002983566139633504, "vapor_pressure": 1.6254542970757366e-05, "reference_temperature": 20.0, "koc": 1887.6544683683715, "freundlich": 1.003397698976877, "dt50": {"system": 6.0, "soil": 200.31764987267226, "surfaceWater": 6.0, "sediment": 6.0}, "plant_uptake": 0.5, "name": "Compound -6044238114859875176", "model_specific_data": {}, "metabolites": []}}]}}