{"gap": {"type": "relative", "arguments": {"name": "GAP -296091488377847865", "modelCrop": "WC", "rate": 250.0, "apply_every_n_years": 1, "number_of_applications": 2, "interval": 14, "model_specific_data": {}, "bbch": 31, "season": 0}}, "compound": {"molarMass": 300.0, "water_solubility": 0.0004561464062503846, "vapor_pressure": 7.410853200270823e-05, "reference_temperature": 20.0, "koc": 269.6475396680201, "freundlich": 1.021856508860027, "dt50": {"system": 6.0, "soil": 11.034633303895596, "surfaceWater": 6.0, "sediment": 6.0}, "plant_uptake": 0.0, "name": "Compound 8084421368830194138", "model_specific_data": {}, "metabolites": [{"formation_fraction": 0.2, "metabolite": {"molarMass": 300.0, "water_solubility": 0.0058685258190351456, "vapor_pressure": 3.5640202695546116e-05, "reference_temperature": 20.0, "koc": 797.5778485968007, "freundlich": 0.9396140195920375, "dt50": {"system": 6.0, "soil": 52.72159561240288, "surfaceWater": 6.0, "sediment": 6.0}, "plant_uptake": 0.5, "name": "Compound -7087868688095141058", "model_specific_data": {}, "metabolites": []}}]}}