{"gap": {"type": "relative", "arguments": {"name": "GAP -296091488377847865", "modelCrop": "WC", "rate": 250.0, "apply_every_n_years": 1, "number_of_applications": 2, "interval": 14, "model_specific_data": {}, "bbch": 31, "season": 0}}, "compound": {"molarMass": 300.0, "water_solubility": 0.0026613703964178683, "vapor_pressure": 3.4087543283413727e-06, "reference_temperature": 20.0, "koc": 51.331269238229964, "freundlich": 1.1298271844395185, "dt50": {"system": 6.0, "soil": 43.57820877006983, "surfaceWater": 6.0, "sediment": 6.0}, "plant_uptake": 0.0, "name": "Compound 7565928501676962021", "model_specific_data": {}, "metabolites": [{"formation_fraction": 0.2, "metabolite": {"molarMass": 300.0, "water_solubility": 0.06580538819467027, "vapor_pressure": 3.1243718059740823e-05, "reference_temperature": 20.0, "koc": 677.9952882372467, "freundlich": 0.8305692142122156, "dt50": {"system": 6.0, "soil": 42.44179682972769, "surfaceWater": 6.0, "sediment": 6.0}, "plant_uptake": 0.5, "name": "Compound -6042764822132433209", "model_specific_data": {}, "metabolites": []}}]}}