{"gap": {"type": "relative", "arguments": {"name": "GAP -296091488377847865", "modelCrop": "WC", "rate": 250.0, "apply_every_n_years": 1, "number_of_applications": 2, "interval": 14, "model_specific_data": {}, "bbch": 31, "season": 0}}, "compound": {"molarMass": 300.0, "water_solubility": 0.0515237905336377, "vapor_pressure": 4.4527943901649815e-08, "reference_temperature": 20.0, "koc": 98.29139342173816, "freundlich": 0.8583031052322063, "dt50": {"system": 6.0, "soil": 266.83607225794873, "surfaceWater": 6.0, "sediment": 6.0}, "plant_uptake": 0.0, "name": "Compound -2547461681220881128", "model_specific_data": {}, "metabolites": [{"formation_fraction": 0.2, "metabolite": {"molarMass": 300.0, "water_solubility": 4.470887928750795e-05, "vapor_pressure": 0.00012655681908239238, "reference_temperature": 20.0, "koc": 70.10901828098076, "freundlich": 0.726709558357682, "dt50": {"system": 6.0, "soil": 280.8069865252434, "surfaceWater": 6.0, "sediment": 6.0}, "plant_uptake": 0.5, "name": "Compound -8783608091590810310", "model_specific_data": {}, "metabolites": []}}]}}