{"gap": {"type": "relative", "arguments": {"name": "GAP -296091488377847865", "modelCrop": "WC", "rate": 250.0, "apply_every_n_years": 1, "number_of_applications": 2, "interval": 14, "model_specific_data": {}, "bbch": 31, "season": 0}}, "compound": {"molarMass": 300.0, "water_solubility": 0.0024380448406953383, "vapor_pressure": 6.776668439942764e-06, "reference_temperature": 20.0, "koc": 4660.281050609009, "freundlich": 0.8270782927525149, "dt50": {"system": 6.0, "soil": 299.7195481601129, "surfaceWater": 6.0, "sediment": 6.0}, "plant_uptake": 0.0, "name": "Compound 7257394394359854442", "model_specific_data": {}, "metabolites": [{"formation_fraction": 0.2, "metabolite": {"molarMass": 300.0, "water_solubility": 0.25489520208655075, "vapor_pressure": 4.274951489261504e-06, "reference_temperature": 20.0, "koc": 1255.4812134635024, "freundlich": 0.8100448240966112, "dt50": {"system": 6.0, "soil": 105.58458050839616, "surfaceWater": 6.0, "sediment": 6.0}, "plant_uptake": 0.5, "name": "Compound 8839300044844046194", "model_specific_data": {}, "metabolites": []}}]}}