{"gap": {"type": "relative", "arguments": {"name": "GAP -296091488377847865", "modelCrop": "WC", "rate": 250.0, "apply_every_n_years": 1, "number_of_applications": 2, "interval": 14, "model_specific_data": {}, "bbch": 31, "season": 0}}, "compound": {"molarMass": 300.0, "water_solubility": 0.4073014689829402, "vapor_pressure": 5.17018225467716e-06, "reference_temperature": 20.0, "koc": 1927.1750483649319, "freundlich": 1.1447189104739752, "dt50": {"system": 6.0, "soil": 128.03032114734688, "surfaceWater": 6.0, "sediment": 6.0}, "plant_uptake": 0.0, "name": "Compound 805482482348587741", "model_specific_data": {}, "metabolites": [{"formation_fraction": 0.2, "metabolite": {"molarMass": 300.0, "water_solubility": 0.00015528499931648224, "vapor_pressure": 8.293035466364612e-06, "reference_temperature": 20.0, "koc": 85.7267715470361, "freundlich": 0.7458841544290782, "dt50": {"system": 6.0, "soil": 154.4671829665068, "surfaceWater": 6.0, "sediment": 6.0}, "plant_uptake": 0.5, "name": "Compound 8115364145657577325", "model_specific_data": {}, "metabolites": []}}]}}