{"gap": {"type": "relative", "arguments": {"name": "GAP -296091488377847865", "modelCrop": "WC", "rate": 250.0, "apply_every_n_years": 1, "number_of_applications": 2, "interval": 14, "model_specific_data": {}, "bbch": 31, "season": 0}}, "compound": {"molarMass": 300.0, "water_solubility": 0.005184222258045855, "vapor_pressure": 0.0005821775633242488, "reference_temperature": 20.0, "koc": 85.92542961369507, "freundlich": 1.1450285031258305, "dt50": {"system": 6.0, "soil": 166.6468814368798, "surfaceWater": 6.0, "sediment": 6.0}, "plant_uptake": 0.0, "name": "Compound -7526161134497359604", "model_specific_data": {}, "metabolites": [{"formation_fraction": 0.2, "metabolite": {"molarMass": 300.0, "water_solubility": 0.006220367582756941, "vapor_pressure": 1.0081780800901123e-06, "reference_temperature": 20.0, "koc": 2843.392041654609, "freundlich": 0.8868552876113003, "dt50": {"system": 6.0, "soil": 227.08893283221042, "surfaceWater": 6.0, "sediment": 6.0}, "plant_uptake": 0.5, "name": "Compound -8697102667216975509", "model_specific_data": {}, "metabolites": []}}]}}