{"gap": {"type": "relative", "arguments": {"name": "GAP -296091488377847865", "modelCrop": "WC", "rate": 250.0, "apply_every_n_years": 1, "number_of_applications": 2, "interval": 14, "model_specific_data": {}, "bbch": 31, "season": 0}}, "compound": {"molarMass": 300.0, "water_solubility": 0.0569541178830315, "vapor_pressure": 7.737103687775487e-06, "reference_temperature": 20.0, "koc": 77.11492663997122, "freundlich": 0.876106396165921, "dt50": {"system": 6.0, "soil": 128.591897816899, "surfaceWater": 6.0, "sediment": 6.0}, "plant_uptake": 0.0, "name": "Compound -6883114749887610829", "model_specific_data": {}, "metabolites": [{"formation_fraction": 0.2, "metabolite": {"molarMass": 300.0, "water_solubility": 0.005006439473819496, "vapor_pressure": 1.2566579557582944e-07, "reference_temperature": 20.0, "koc": 3365.9525020088286, "freundlich": 0.7246714421271374, "dt50": {"system": 6.0, "soil": 233.559686740349, "surfaceWater": 6.0, "sediment": 6.0}, "plant_uptake": 0.5, "name": "Compound -2730196739926038074", "model_specific_data": {}, "metabolites": []}}]}}