{"gap": {"type": "relative", "arguments": {"name": "GAP -296091488377847865", "modelCrop": "WC", "rate": 250.0, "apply_every_n_years": 1, "number_of_applications": 2, "interval": 14, "model_specific_data": {}, "bbch": 31, "season": 0}}, "compound": {"molarMass": 300.0, "water_solubility": 0.17837843719165364, "vapor_pressure": 2.5133706825011286e-08, "reference_temperature": 20.0, "koc": 3237.1991544983853, "freundlich": 1.0985273434163558, "dt50": {"system": 6.0, "soil": 225.61367180760328, "surfaceWater": 6.0, "sediment": 6.0}, "plant_uptake": 0.0, "name": "Compound 7446029365468307097", "model_specific_data": {}, "metabolites": [{"formation_fraction": 0.2, "metabolite": {"molarMass": 300.0, "water_solubility": 0.4577986739723048, "vapor_pressure": 2.5635035823520444e-06, "reference_temperature": 20.0, "koc": 145.46657843280198, "freundlich": 0.9668944909235739, "dt50": {"system": 6.0, "soil": 70.80725167691398, "surfaceWater": 6.0, "sediment": 6.0}, "plant_uptake": 0.5, "name": "Compound 8133410169483260390", "model_specific_data": {}, "metabolites": []}}]}}