{"gap": {"type": "relative", "arguments": {"name": "GAP -296091488377847865", "modelCrop": "WC", "rate": 250.0, "apply_every_n_years": 1, "number_of_applications": 2, "interval": 14, "model_specific_data": {}, "bbch": 31, "season": 0}}, "compound": {"molarMass": 300.0, "water_solubility": 0.01836963803701338, "vapor_pressure": 5.3821468283317817e-08, "reference_temperature": 20.0, "koc": 496.8861205755643, "freundlich": 0.8245746565235721, "dt50": {"system": 6.0, "soil": 21.382897104109638, "surfaceWater": 6.0, "sediment": 6.0}, "plant_uptake": 0.0, "name": "Compound 2831544086258928287", "model_specific_data": {}, "metabolites": [{"formation_fraction": 0.2, "metabolite": {"molarMass": 300.0, "water_solubility": 0.003099299344828638, "vapor_pressure": 8.450391853872535e-06, "reference_temperature": 20.0, "koc": 2774.626461234007, "freundlich": 1.0268408058673364, "dt50": {"system": 6.0, "soil": 229.6569184030348, "surfaceWater": 6.0, "sediment": 6.0}, "plant_uptake": 0.5, "name": "Compound -4445687500391330882", "model_specific_data": {}, "metabolites": []}}]}}