{"gap": {"type": "relative", "arguments": {"name": "GAP -296091488377847865", "modelCrop": "WC", "rate": 250.0, "apply_every_n_years": 1, "number_of_applications": 2, "interval": 14, "model_specific_data": {}, "bbch": 31, "season": 0}}, "compound": {"molarMass": 300.0, "water_solubility": 0.009808796282735142, "vapor_pressure": 4.85801302724089e-06, "reference_temperature": 20.0, "koc": 366.1168191223064, "freundlich": 0.993010248671913, "dt50": {"system": 6.0, "soil": 258.32892856328886, "surfaceWater": 6.0, "sediment": 6.0}, "plant_uptake": 0.0, "name": "Compound -1526161274442124818", "model_specific_data": {}, "metabolites": [{"formation_fraction": 0.2, "metabolite": {"molarMass": 300.0, "water_solubility": 0.009956392256149112, "vapor_pressure": 0.00017164375447567098, "reference_temperature": 20.0, "koc": 4709.0548598255655, "freundlich": 0.9840278459742342, "dt50": {"system": 6.0, "soil": 265.73340960667565, "surfaceWater": 6.0, "sediment": 6.0}, "plant_uptake": 0.5, "name": "Compound 5948056751476671576", "model_specific_data": {}, "metabolites": []}}]}}