{"gap": {"type": "relative", "arguments": {"name": "GAP -296091488377847865", "modelCrop": "WC", "rate": 250.0, "apply_every_n_years": 1, "number_of_applications": 2, "interval": 14, "model_specific_data": {}, "bbch": 31, "season": 0}}, "compound": {"molarMass": 300.0, "water_solubility": 0.04510975524507321, "vapor_pressure": 5.897272394390304e-05, "reference_temperature": 20.0, "koc": 1148.7515817473175, "freundlich": 0.9980295935149268, "dt50": {"system": 6.0, "soil": 82.27030425333267, "surfaceWater": 6.0, "sediment": 6.0}, "plant_uptake": 0.0, "name": "Compound -1310217211834606639", "model_specific_data": {}, "metabolites": [{"formation_fraction": 0.2, "metabolite": {"molarMass": 300.0, "water_solubility": 0.003742142106551725, "vapor_pressure": 0.0002473097944449591, "reference_temperature": 20.0, "koc": 532.2028858242122, "freundlich": 0.9913596695652679, "dt50": {"system": 6.0, "soil": 294.5103487684428, "surfaceWater": 6.0, "sediment": 6.0}, "plant_uptake": 0.5, "name": "Compound 2794081176140324116", "model_specific_data": {}, "metabolites": []}}]}}