{"gap": {"type": "relative", "arguments": {"name": "GAP -296091488377847865", "modelCrop": "WC", "rate": 250.0, "apply_every_n_years": 1, "number_of_applications": 2, "interval": 14, "model_specific_data": {}, "bbch": 31, "season": 0}}, "compound": {"molarMass": 300.0, "water_solubility": 0.005432808820987986, "vapor_pressure": 7.24951030903106e-07, "reference_temperature": 20.0, "koc": 20.56637958272208, "freundlich": 0.7783737183245785, "dt50": {"system": 6.0, "soil": 138.4906742424548, "surfaceWater": 6.0, "sediment": 6.0}, "plant_uptake": 0.0, "name": "Compound -5611356655144206774", "model_specific_data": {}, "metabolites": [{"formation_fraction": 0.2, "metabolite": {"molarMass": 300.0, "water_solubility": 0.032380300650366914, "vapor_pressure": 3.96845683850524e-05, "reference_temperature": 20.0, "koc": 1320.5178551315944, "freundlich": 0.8350769795366414, "dt50": {"system": 6.0, "soil": 132.84526367484366, "surfaceWater": 6.0, "sediment": 6.0}, "plant_uptake": 0.5, "name": "Compound 4776993163042892306", "model_specific_data": {}, "metabolites": []}}]}}