{"gap": {"type": "relative", "arguments": {"name": "GAP -296091488377847865", "modelCrop": "WC", "rate": 250.0, "apply_every_n_years": 1, "number_of_applications": 2, "interval": 14, "model_specific_data": {}, "bbch": 31, "season": 0}}, "compound": {"molarMass": 300.0, "water_solubility": 0.013751811225941947, "vapor_pressure": 0.00033025407768348826, "reference_temperature": 20.0, "koc": 49.81086545888352, "freundlich": 0.952220982386544, "dt50": {"system": 6.0, "soil": 34.8234349076858, "surfaceWater": 6.0, "sediment": 6.0}, "plant_uptake": 0.0, "name": "Compound -588448510038381765", "model_specific_data": {}, "metabolites": [{"formation_fraction": 0.2, "metabolite": {"molarMass": 300.0, "water_solubility": 0.002065959954246177, "vapor_pressure": 0.00012685587699885412, "reference_temperature": 20.0, "koc": 2819.9850634607565, "freundlich": 0.9533909176213147, "dt50": {"system": 6.0, "soil": 127.01374223251385, "surfaceWater": 6.0, "sediment": 6.0}, "plant_uptake": 0.5, "name": "Compound 7261822056296529639", "model_specific_data": {}, "metabolites": []}}]}}