{"gap": {"type": "relative", "arguments": {"name": "GAP -296091488377847865", "modelCrop": "WC", "rate": 250.0, "apply_every_n_years": 1, "number_of_applications": 2, "interval": 14, "model_specific_data": {}, "bbch": 31, "season": 0}}, "compound": {"molarMass": 300.0, "water_solubility": 0.009686403136611762, "vapor_pressure": 1.5245107283034606e-05, "reference_temperature": 20.0, "koc": 13.851528033021879, "freundlich": 0.8319054895445679, "dt50": {"system": 6.0, "soil": 131.26000021056956, "surfaceWater": 6.0, "sediment": 6.0}, "plant_uptake": 0.0, "name": "Compound 3069624482378859897", "model_specific_data": {}, "metabolites": [{"formation_fraction": 0.2, "metabolite": {"molarMass": 300.0, "water_solubility": 0.37434079569861123, "vapor_pressure": 1.6132950731201661e-06, "reference_temperature": 20.0, "koc": 16.333650059551196, "freundlich": 0.9841114899629806, "dt50": {"system": 6.0, "soil": 229.7644745291163, "surfaceWater": 6.0, "sediment": 6.0}, "plant_uptake": 0.5, "name": "Compound -5726892174205383407", "model_specific_data": {}, "metabolites": []}}]}}