{"gap": {"type": "relative", "arguments": {"name": "GAP -296091488377847865", "modelCrop": "WC", "rate": 250.0, "apply_every_n_years": 1, "number_of_applications": 2, "interval": 14, "model_specific_data": {}, "bbch": 31, "season": 0}}, "compound": {"molarMass": 300.0, "water_solubility": 1.2108857870251877, "vapor_pressure": 1.1941635316818097e-06, "reference_temperature": 20.0, "koc": 2559.4292508435724, "freundlich": 1.0771108208248807, "dt50": {"system": 6.0, "soil": 31.024925128462947, "surfaceWater": 6.0, "sediment": 6.0}, "plant_uptake": 0.0, "name": "Compound -6056116664508003374", "model_specific_data": {}, "metabolites": [{"formation_fraction": 0.2, "metabolite": {"molarMass": 300.0, "water_solubility": 0.006048883431254634, "vapor_pressure": 2.300628681587861e-06, "reference_temperature": 20.0, "koc": 1105.3017787817078, "freundlich": 0.9105246373210207, "dt50": {"system": 6.0, "soil": 237.24816353353017, "surfaceWater": 6.0, "sediment": 6.0}, "plant_uptake": 0.5, "name": "Compound -5642509842696992574", "model_specific_data": {}, "metabolites": []}}]}}