{"gap": {"type": "relative", "arguments": {"name": "GAP -296091488377847865", "modelCrop": "WC", "rate": 250.0, "apply_every_n_years": 1, "number_of_applications": 2, "interval": 14, "model_specific_data": {}, "bbch": 31, "season": 0}}, "compound": {"molarMass": 300.0, "water_solubility": 0.011243916443752272, "vapor_pressure": 0.0009296881973877325, "reference_temperature": 20.0, "koc": 672.2846894548588, "freundlich": 0.8146641574092112, "dt50": {"system": 6.0, "soil": 267.7315114299769, "surfaceWater": 6.0, "sediment": 6.0}, "plant_uptake": 0.0, "name": "Compound 8481342783851836015", "model_specific_data": {}, "metabolites": [{"formation_fraction": 0.2, "metabolite": {"molarMass": 300.0, "water_solubility": 0.0022540138905204027, "vapor_pressure": 1.5379285878121438e-06, "reference_temperature": 20.0, "koc": 3586.230349681228, "freundlich": 1.0401543084366416, "dt50": {"system": 6.0, "soil": 198.7721089743863, "surfaceWater": 6.0, "sediment": 6.0}, "plant_uptake": 0.5, "name": "Compound -1135044136016741797", "model_specific_data": {}, "metabolites": []}}]}}