{"gap": {"type": "relative", "arguments": {"name": "GAP -296091488377847865", "modelCrop": "WC", "rate": 250.0, "apply_every_n_years": 1, "number_of_applications": 2, "interval": 14, "model_specific_data": {}, "bbch": 31, "season": 0}}, "compound": {"molarMass": 300.0, "water_solubility": 0.0326981969781101, "vapor_pressure": 1.0204524409160394e-05, "reference_temperature": 20.0, "koc": 407.1203271620045, "freundlich": 1.107009062153952, "dt50": {"system": 6.0, "soil": 207.9112306565293, "surfaceWater": 6.0, "sediment": 6.0}, "plant_uptake": 0.0, "name": "Compound 5044636637638690435", "model_specific_data": {}, "metabolites": [{"formation_fraction": 0.2, "metabolite": {"molarMass": 300.0, "water_solubility": 0.01360818576154605, "vapor_pressure": 2.629912411841234e-06, "reference_temperature": 20.0, "koc": 219.2178647608258, "freundlich": 1.1099085806446132, "dt50": {"system": 6.0, "soil": 11.315971770796207, "surfaceWater": 6.0, "sediment": 6.0}, "plant_uptake": 0.5, "name": "Compound 8610833044545403638", "model_specific_data": {}, "metabolites": []}}]}}