{"gap": {"type": "relative", "arguments": {"name": "GAP -296091488377847865", "modelCrop": "WC", "rate": 250.0, "apply_every_n_years": 1, "number_of_applications": 2, "interval": 14, "model_specific_data": {}, "bbch": 31, "season": 0}}, "compound": {"molarMass": 300.0, "water_solubility": 0.01933404434405178, "vapor_pressure": 1.1667919712289582e-07, "reference_temperature": 20.0, "koc": 472.8113333223755, "freundlich": 1.1371110289090798, "dt50": {"system": 6.0, "soil": 173.5558072779215, "surfaceWater": 6.0, "sediment": 6.0}, "plant_uptake": 0.0, "name": "Compound -3719888637954919039", "model_specific_data": {}, "metabolites": [{"formation_fraction": 0.2, "metabolite": {"molarMass": 300.0, "water_solubility": 0.00016188996999795733, "vapor_pressure": 1.3121186795382162e-06, "reference_temperature": 20.0, "koc": 617.9493435964758, "freundlich": 0.980953647619945, "dt50": {"system": 6.0, "soil": 274.1619945665951, "surfaceWater": 6.0, "sediment": 6.0}, "plant_uptake": 0.5, "name": "Compound 3306549468650260153", "model_specific_data": {}, "metabolites": []}}]}}