{"gap": {"type": "relative", "arguments": {"name": "GAP -296091488377847865", "modelCrop": "WC", "rate": 250.0, "apply_every_n_years": 1, "number_of_applications": 2, "interval": 14, "model_specific_data": {}, "bbch": 31, "season": 0}}, "compound": {"molarMass": 300.0, "water_solubility": 0.011187950366590593, "vapor_pressure": 2.5820885920590203e-07, "reference_temperature": 20.0, "koc": 50.8910767643244, "freundlich": 1.0186544081954283, "dt50": {"system": 6.0, "soil": 253.69299327386724, "surfaceWater": 6.0, "sediment": 6.0}, "plant_uptake": 0.0, "name": "Compound -5084099117787906182", "model_specific_data": {}, "metabolites": [{"formation_fraction": 0.2, "metabolite": {"molarMass": 300.0, "water_solubility": 0.0006092051991935775, "vapor_pressure": 6.4896051874311406e-06, "reference_temperature": 20.0, "koc": 786.4851178233505, "freundlich": 0.9965188169036274, "dt50": {"system": 6.0, "soil": 22.09956066098124, "surfaceWater": 6.0, "sediment": 6.0}, "plant_uptake": 0.5, "name": "Compound -6142418634038021496", "model_specific_data": {}, "metabolites": []}}]}}