{"gap": {"type": "relative", "arguments": {"name": "GAP -296091488377847865", "modelCrop": "WC", "rate": 250.0, "apply_every_n_years": 1, "number_of_applications": 2, "interval": 14, "model_specific_data": {}, "bbch": 31, "season": 0}}, "compound": {"molarMass": 300.0, "water_solubility": 0.022045262721324173, "vapor_pressure": 4.843815273796919e-07, "reference_temperature": 20.0, "koc": 153.66670594408944, "freundlich": 0.9214273520783497, "dt50": {"system": 6.0, "soil": 171.78159979455157, "surfaceWater": 6.0, "sediment": 6.0}, "plant_uptake": 0.0, "name": "Compound 5365833519912635860", "model_specific_data": {}, "metabolites": [{"formation_fraction": 0.2, "metabolite": {"molarMass": 300.0, "water_solubility": 1.597823159746059, "vapor_pressure": 4.59061627117577e-06, "reference_temperature": 20.0, "koc": 2380.9487931280364, "freundlich": 0.8147386200792144, "dt50": {"system": 6.0, "soil": 231.33957357144627, "surfaceWater": 6.0, "sediment": 6.0}, "plant_uptake": 0.5, "name": "Compound 4790750286746546400", "model_specific_data": {}, "metabolites": []}}]}}