{"gap": {"type": "relative", "arguments": {"name": "GAP -296091488377847865", "modelCrop": "WC", "rate": 250.0, "apply_every_n_years": 1, "number_of_applications": 2, "interval": 14, "model_specific_data": {}, "bbch": 31, "season": 0}}, "compound": {"molarMass": 300.0, "water_solubility": 0.0009726832094888182, "vapor_pressure": 7.20944341013771e-07, "reference_temperature": 20.0, "koc": 435.2398079894314, "freundlich": 0.9341699516520354, "dt50": {"system": 6.0, "soil": 232.30583374421178, "surfaceWater": 6.0, "sediment": 6.0}, "plant_uptake": 0.0, "name": "Compound -6022853397509897167", "model_specific_data": {}, "metabolites": [{"formation_fraction": 0.2, "metabolite": {"molarMass": 300.0, "water_solubility": 0.016094451675924687, "vapor_pressure": 0.0008248878590556539, "reference_temperature": 20.0, "koc": 1476.526491375874, "freundlich": 0.9653535038099397, "dt50": {"system": 6.0, "soil": 67.19989205316236, "surfaceWater": 6.0, "sediment": 6.0}, "plant_uptake": 0.5, "name": "Compound 4086618264078250212", "model_specific_data": {}, "metabolites": []}}]}}