{"gap": {"type": "relative", "arguments": {"name": "GAP -296091488377847865", "modelCrop": "WC", "rate": 250.0, "apply_every_n_years": 1, "number_of_applications": 2, "interval": 14, "model_specific_data": {}, "bbch": 31, "season": 0}}, "compound": {"molarMass": 300.0, "water_solubility": 0.0351354014614606, "vapor_pressure": 0.0006718778568074426, "reference_temperature": 20.0, "koc": 421.7980580971083, "freundlich": 1.1739705434158907, "dt50": {"system": 6.0, "soil": 181.78501219549153, "surfaceWater": 6.0, "sediment": 6.0}, "plant_uptake": 0.0, "name": "Compound -820959346132538019", "model_specific_data": {}, "metabolites": [{"formation_fraction": 0.2, "metabolite": {"molarMass": 300.0, "water_solubility": 0.018006559431402006, "vapor_pressure": 3.276352836477262e-05, "reference_temperature": 20.0, "koc": 3950.7169156068862, "freundlich": 1.1016517504922758, "dt50": {"system": 6.0, "soil": 29.237907018296898, "surfaceWater": 6.0, "sediment": 6.0}, "plant_uptake": 0.5, "name": "Compound -4898447382719995964", "model_specific_data": {}, "metabolites": []}}]}}