{"gap": {"type": "relative", "arguments": {"name": "GAP -296091488377847865", "modelCrop": "WC", "rate": 250.0, "apply_every_n_years": 1, "number_of_applications": 2, "interval": 14, "model_specific_data": {}, "bbch": 31, "season": 0}}, "compound": {"molarMass": 300.0, "water_solubility": 0.0023008707265691508, "vapor_pressure": 2.9995317711023216e-08, "reference_temperature": 20.0, "koc": 1096.2922540437087, "freundlich": 0.9074722284540684, "dt50": {"system": 6.0, "soil": 75.53577048484651, "surfaceWater": 6.0, "sediment": 6.0}, "plant_uptake": 0.0, "name": "Compound 1330206860453332003", "model_specific_data": {}, "metabolites": [{"formation_fraction": 0.2, "metabolite": {"molarMass": 300.0, "water_solubility": 0.00657327224368747, "vapor_pressure": 9.591345314539509e-07, "reference_temperature": 20.0, "koc": 709.2001650050211, "freundlich": 1.1238275085135472, "dt50": {"system": 6.0, "soil": 281.5789697677488, "surfaceWater": 6.0, "sediment": 6.0}, "plant_uptake": 0.5, "name": "Compound 6171900961846334784", "model_specific_data": {}, "metabolites": []}}]}}