{"gap": {"type": "relative", "arguments": {"name": "GAP -296091488377847865", "modelCrop": "WC", "rate": 250.0, "apply_every_n_years": 1, "number_of_applications": 2, "interval": 14, "model_specific_data": {}, "bbch": 31, "season": 0}}, "compound": {"molarMass": 300.0, "water_solubility": 0.010513570483418628, "vapor_pressure": 1.224420682659624e-05, "reference_temperature": 20.0, "koc": 122.66360643694756, "freundlich": 0.7040238624303049, "dt50": {"system": 6.0, "soil": 97.70489619142622, "surfaceWater": 6.0, "sediment": 6.0}, "plant_uptake": 0.0, "name": "Compound -1627803809072786654", "model_specific_data": {}, "metabolites": [{"formation_fraction": 0.2, "metabolite": {"molarMass": 300.0, "water_solubility": 0.15197698819957606, "vapor_pressure": 7.819124099810192e-06, "reference_temperature": 20.0, "koc": 343.01558563587525, "freundlich": 0.9822254987253778, "dt50": {"system": 6.0, "soil": 121.82745066686019, "surfaceWater": 6.0, "sediment": 6.0}, "plant_uptake": 0.5, "name": "Compound -7170937261070023526", "model_specific_data": {}, "metabolites": []}}]}}