{"gap": {"type": "relative", "arguments": {"name": "GAP -296091488377847865", "modelCrop": "WC", "rate": 250.0, "apply_every_n_years": 1, "number_of_applications": 2, "interval": 14, "model_specific_data": {}, "bbch": 31, "season": 0}}, "compound": {"molarMass": 300.0, "water_solubility": 0.08956624021471675, "vapor_pressure": 8.689966522469653e-06, "reference_temperature": 20.0, "koc": 65.70601231573518, "freundlich": 1.0120433665429136, "dt50": {"system": 6.0, "soil": 215.3500416108145, "surfaceWater": 6.0, "sediment": 6.0}, "plant_uptake": 0.0, "name": "Compound -5602873141674439259", "model_specific_data": {}, "metabolites": [{"formation_fraction": 0.2, "metabolite": {"molarMass": 300.0, "water_solubility": 0.4535548364714135, "vapor_pressure": 2.253473778418209e-07, "reference_temperature": 20.0, "koc": 10.275949634784213, "freundlich": 1.0145319754880733, "dt50": {"system": 6.0, "soil": 124.96027919220953, "surfaceWater": 6.0, "sediment": 6.0}, "plant_uptake": 0.5, "name": "Compound -5253060372581608991", "model_specific_data": {}, "metabolites": []}}]}}