{"gap": {"type": "relative", "arguments": {"name": "GAP -296091488377847865", "modelCrop": "WC", "rate": 250.0, "apply_every_n_years": 1, "number_of_applications": 2, "interval": 14, "model_specific_data": {}, "bbch": 31, "season": 0}}, "compound": {"molarMass": 300.0, "water_solubility": 5.811736496174104e-05, "vapor_pressure": 4.437225039626705e-06, "reference_temperature": 20.0, "koc": 748.6385882591713, "freundlich": 1.0154800146496172, "dt50": {"system": 6.0, "soil": 48.059575966451725, "surfaceWater": 6.0, "sediment": 6.0}, "plant_uptake": 0.0, "name": "Compound -3207441488907902291", "model_specific_data": {}, "metabolites": [{"formation_fraction": 0.2, "metabolite": {"molarMass": 300.0, "water_solubility": 0.07224156923957537, "vapor_pressure": 0.00029841329659648606, "reference_temperature": 20.0, "koc": 180.09587340039548, "freundlich": 0.8841045637079421, "dt50": {"system": 6.0, "soil": 87.01645017361622, "surfaceWater": 6.0, "sediment": 6.0}, "plant_uptake": 0.5, "name": "Compound -7260961076883989250", "model_specific_data": {}, "metabolites": []}}]}}