{"gap": {"type": "relative", "arguments": {"name": "GAP -296091488377847865", "modelCrop": "WC", "rate": 250.0, "apply_every_n_years": 1, "number_of_applications": 2, "interval": 14, "model_specific_data": {}, "bbch": 31, "season": 0}}, "compound": {"molarMass": 300.0, "water_solubility": 0.019975472642691696, "vapor_pressure": 6.792462068393763e-05, "reference_temperature": 20.0, "koc": 44.30270278022603, "freundlich": 0.8208975272951979, "dt50": {"system": 6.0, "soil": 167.5829224678095, "surfaceWater": 6.0, "sediment": 6.0}, "plant_uptake": 0.0, "name": "Compound 8887936491496416121", "model_specific_data": {}, "metabolites": [{"formation_fraction": 0.2, "metabolite": {"molarMass": 300.0, "water_solubility": 0.015294389651567986, "vapor_pressure": 4.0990359351413615e-05, "reference_temperature": 20.0, "koc": 78.40695343406762, "freundlich": 0.8685311030028496, "dt50": {"system": 6.0, "soil": 182.95563586829994, "surfaceWater": 6.0, "sediment": 6.0}, "plant_uptake": 0.5, "name": "Compound 6409193170625285763", "model_specific_data": {}, "metabolites": []}}]}}