{"gap": {"type": "relative", "arguments": {"name": "GAP -296091488377847865", "modelCrop": "WC", "rate": 250.0, "apply_every_n_years": 1, "number_of_applications": 2, "interval": 14, "model_specific_data": {}, "bbch": 31, "season": 0}}, "compound": {"molarMass": 300.0, "water_solubility": 0.0038242434612097164, "vapor_pressure": 2.431202901794627e-06, "reference_temperature": 20.0, "koc": 981.2651576992824, "freundlich": 0.9182906709333338, "dt50": {"system": 6.0, "soil": 163.24249957454546, "surfaceWater": 6.0, "sediment": 6.0}, "plant_uptake": 0.0, "name": "Compound -300625756755183430", "model_specific_data": {}, "metabolites": [{"formation_fraction": 0.2, "metabolite": {"molarMass": 300.0, "water_solubility": 0.0008369872904673769, "vapor_pressure": 6.28308564485394e-05, "reference_temperature": 20.0, "koc": 1633.1592376214967, "freundlich": 0.9394707866088026, "dt50": {"system": 6.0, "soil": 71.99530861193558, "surfaceWater": 6.0, "sediment": 6.0}, "plant_uptake": 0.5, "name": "Compound 117397157238741614", "model_specific_data": {}, "metabolites": []}}]}}