{"gap": {"type": "relative", "arguments": {"name": "GAP -296091488377847865", "modelCrop": "WC", "rate": 250.0, "apply_every_n_years": 1, "number_of_applications": 2, "interval": 14, "model_specific_data": {}, "bbch": 31, "season": 0}}, "compound": {"molarMass": 300.0, "water_solubility": 0.010989343398513084, "vapor_pressure": 0.0004261437691982913, "reference_temperature": 20.0, "koc": 31.31779616870073, "freundlich": 0.8756285270114699, "dt50": {"system": 6.0, "soil": 80.4571117534306, "surfaceWater": 6.0, "sediment": 6.0}, "plant_uptake": 0.0, "name": "Compound -5767205524460374775", "model_specific_data": {}, "metabolites": [{"formation_fraction": 0.2, "metabolite": {"molarMass": 300.0, "water_solubility": 0.00902702687082674, "vapor_pressure": 5.9956443330676e-08, "reference_temperature": 20.0, "koc": 66.18335965906162, "freundlich": 0.8234064026790544, "dt50": {"system": 6.0, "soil": 251.56537817520405, "surfaceWater": 6.0, "sediment": 6.0}, "plant_uptake": 0.5, "name": "Compound 1098147644797194151", "model_specific_data": {}, "metabolites": []}}]}}