{"gap": {"type": "relative", "arguments": {"name": "GAP -296091488377847865", "modelCrop": "WC", "rate": 250.0, "apply_every_n_years": 1, "number_of_applications": 2, "interval": 14, "model_specific_data": {}, "bbch": 31, "season": 0}}, "compound": {"molarMass": 300.0, "water_solubility": 0.004716157200984488, "vapor_pressure": 0.007261583166272749, "reference_temperature": 20.0, "koc": 20.6289500205165, "freundlich": 0.9046565223245883, "dt50": {"system": 6.0, "soil": 233.69106911557296, "surfaceWater": 6.0, "sediment": 6.0}, "plant_uptake": 0.0, "name": "Compound -4586672508582246630", "model_specific_data": {}, "metabolites": [{"formation_fraction": 0.2, "metabolite": {"molarMass": 300.0, "water_solubility": 0.022314045191169373, "vapor_pressure": 5.416828910146839e-07, "reference_temperature": 20.0, "koc": 81.20145598918695, "freundlich": 0.9870534012958396, "dt50": {"system": 6.0, "soil": 35.54473324028971, "surfaceWater": 6.0, "sediment": 6.0}, "plant_uptake": 0.5, "name": "Compound 1609426771780756443", "model_specific_data": {}, "metabolites": []}}]}}