{"gap": {"type": "relative", "arguments": {"name": "GAP -296091488377847865", "modelCrop": "WC", "rate": 250.0, "apply_every_n_years": 1, "number_of_applications": 2, "interval": 14, "model_specific_data": {}, "bbch": 31, "season": 0}}, "compound": {"molarMass": 300.0, "water_solubility": 5.7568861935922825e-05, "vapor_pressure": 5.5335342389133675e-08, "reference_temperature": 20.0, "koc": 251.55323384605958, "freundlich": 0.8683637051254367, "dt50": {"system": 6.0, "soil": 153.99175333293763, "surfaceWater": 6.0, "sediment": 6.0}, "plant_uptake": 0.0, "name": "Compound -4282546300429874266", "model_specific_data": {}, "metabolites": [{"formation_fraction": 0.2, "metabolite": {"molarMass": 300.0, "water_solubility": 0.12022996859110378, "vapor_pressure": 0.005393119270254353, "reference_temperature": 20.0, "koc": 40.83222562853578, "freundlich": 1.0581892186217323, "dt50": {"system": 6.0, "soil": 31.04591737641143, "surfaceWater": 6.0, "sediment": 6.0}, "plant_uptake": 0.5, "name": "Compound -9193037549058243841", "model_specific_data": {}, "metabolites": []}}]}}