{"gap": {"type": "relative", "arguments": {"name": "GAP -296091488377847865", "modelCrop": "WC", "rate": 250.0, "apply_every_n_years": 1, "number_of_applications": 2, "interval": 14, "model_specific_data": {}, "bbch": 31, "season": 0}}, "compound": {"molarMass": 300.0, "water_solubility": 3.4802669255918475, "vapor_pressure": 0.004481303194514102, "reference_temperature": 20.0, "koc": 11.12337067391647, "freundlich": 0.8466314154964198, "dt50": {"system": 6.0, "soil": 53.21711948932862, "surfaceWater": 6.0, "sediment": 6.0}, "plant_uptake": 0.0, "name": "Compound 4438655041161476215", "model_specific_data": {}, "metabolites": [{"formation_fraction": 0.2, "metabolite": {"molarMass": 300.0, "water_solubility": 1.2109242297946357e-05, "vapor_pressure": 5.169111304920748e-06, "reference_temperature": 20.0, "koc": 16.412963379908373, "freundlich": 1.1188333293172459, "dt50": {"system": 6.0, "soil": 132.20053080375828, "surfaceWater": 6.0, "sediment": 6.0}, "plant_uptake": 0.5, "name": "Compound -7984952009837211854", "model_specific_data": {}, "metabolites": []}}]}}