{"gap": {"type": "relative", "arguments": {"name": "GAP -296091488377847865", "modelCrop": "WC", "rate": 250.0, "apply_every_n_years": 1, "number_of_applications": 2, "interval": 14, "model_specific_data": {}, "bbch": 31, "season": 0}}, "compound": {"molarMass": 300.0, "water_solubility": 0.012128339017084941, "vapor_pressure": 1.683917562229712e-05, "reference_temperature": 20.0, "koc": 4758.923885411942, "freundlich": 0.921575847888467, "dt50": {"system": 6.0, "soil": 126.24896989106888, "surfaceWater": 6.0, "sediment": 6.0}, "plant_uptake": 0.0, "name": "Compound -5050503345568183279", "model_specific_data": {}, "metabolites": [{"formation_fraction": 0.2, "metabolite": {"molarMass": 300.0, "water_solubility": 0.004697232980314776, "vapor_pressure": 6.377358862046788e-05, "reference_temperature": 20.0, "koc": 212.01111030830086, "freundlich": 1.0885056897676897, "dt50": {"system": 6.0, "soil": 141.1579690842243, "surfaceWater": 6.0, "sediment": 6.0}, "plant_uptake": 0.5, "name": "Compound 2393946850280809564", "model_specific_data": {}, "metabolites": []}}]}}