{"gap": {"type": "relative", "arguments": {"name": "GAP -296091488377847865", "modelCrop": "WC", "rate": 250.0, "apply_every_n_years": 1, "number_of_applications": 2, "interval": 14, "model_specific_data": {}, "bbch": 31, "season": 0}}, "compound": {"molarMass": 300.0, "water_solubility": 0.00079768111997893, "vapor_pressure": 9.175085189765914e-06, "reference_temperature": 20.0, "koc": 2335.7868361213586, "freundlich": 1.1344815013005711, "dt50": {"system": 6.0, "soil": 198.55611592157214, "surfaceWater": 6.0, "sediment": 6.0}, "plant_uptake": 0.0, "name": "Compound 6037028377177779431", "model_specific_data": {}, "metabolites": [{"formation_fraction": 0.2, "metabolite": {"molarMass": 300.0, "water_solubility": 0.012676818007989912, "vapor_pressure": 1.1181816482304688e-05, "reference_temperature": 20.0, "koc": 157.29313055965812, "freundlich": 0.8256892548569564, "dt50": {"system": 6.0, "soil": 191.40694481452377, "surfaceWater": 6.0, "sediment": 6.0}, "plant_uptake": 0.5, "name": "Compound -8244618581794923737", "model_specific_data": {}, "metabolites": []}}]}}