{"gap": {"type": "relative", "arguments": {"name": "GAP -296091488377847865", "modelCrop": "WC", "rate": 250.0, "apply_every_n_years": 1, "number_of_applications": 2, "interval": 14, "model_specific_data": {}, "bbch": 31, "season": 0}}, "compound": {"molarMass": 300.0, "water_solubility": 0.009197803532927668, "vapor_pressure": 1.9019984946251768e-05, "reference_temperature": 20.0, "koc": 795.627336638837, "freundlich": 0.7030891856096472, "dt50": {"system": 6.0, "soil": 84.47714106932214, "surfaceWater": 6.0, "sediment": 6.0}, "plant_uptake": 0.0, "name": "Compound -7552131174702252653", "model_specific_data": {}, "metabolites": [{"formation_fraction": 0.2, "metabolite": {"molarMass": 300.0, "water_solubility": 0.03678120214032895, "vapor_pressure": 1.2015954249680564e-06, "reference_temperature": 20.0, "koc": 529.4355342868879, "freundlich": 0.9632978936274861, "dt50": {"system": 6.0, "soil": 279.7433738960543, "surfaceWater": 6.0, "sediment": 6.0}, "plant_uptake": 0.5, "name": "Compound 683843677460604878", "model_specific_data": {}, "metabolites": []}}]}}