{"gap": {"type": "relative", "arguments": {"name": "GAP -296091488377847865", "modelCrop": "WC", "rate": 250.0, "apply_every_n_years": 1, "number_of_applications": 2, "interval": 14, "model_specific_data": {}, "bbch": 31, "season": 0}}, "compound": {"molarMass": 300.0, "water_solubility": 0.0006796804844171934, "vapor_pressure": 0.0002308541500328506, "reference_temperature": 20.0, "koc": 1445.5825079349463, "freundlich": 0.7492761256760164, "dt50": {"system": 6.0, "soil": 109.39925066488533, "surfaceWater": 6.0, "sediment": 6.0}, "plant_uptake": 0.0, "name": "Compound -7047173196578279189", "model_specific_data": {}, "metabolites": [{"formation_fraction": 0.2, "metabolite": {"molarMass": 300.0, "water_solubility": 0.008715243751728163, "vapor_pressure": 9.976053441658575e-06, "reference_temperature": 20.0, "koc": 20.080700519581182, "freundlich": 1.152131932912803, "dt50": {"system": 6.0, "soil": 274.4839347983914, "surfaceWater": 6.0, "sediment": 6.0}, "plant_uptake": 0.5, "name": "Compound -289697984130909514", "model_specific_data": {}, "metabolites": []}}]}}