{"gap": {"type": "relative", "arguments": {"name": "GAP -296091488377847865", "modelCrop": "WC", "rate": 250.0, "apply_every_n_years": 1, "number_of_applications": 2, "interval": 14, "model_specific_data": {}, "bbch": 31, "season": 0}}, "compound": {"molarMass": 300.0, "water_solubility": 0.0062846093694536925, "vapor_pressure": 3.874060912263336e-08, "reference_temperature": 20.0, "koc": 12.159321525816832, "freundlich": 1.1007720168769601, "dt50": {"system": 6.0, "soil": 176.5700121616602, "surfaceWater": 6.0, "sediment": 6.0}, "plant_uptake": 0.0, "name": "Compound 1684352121004596225", "model_specific_data": {}, "metabolites": [{"formation_fraction": 0.2, "metabolite": {"molarMass": 300.0, "water_solubility": 0.0539274217552182, "vapor_pressure": 1.7906732588519735e-06, "reference_temperature": 20.0, "koc": 793.8304404896768, "freundlich": 0.7186517850643686, "dt50": {"system": 6.0, "soil": 289.01169230643353, "surfaceWater": 6.0, "sediment": 6.0}, "plant_uptake": 0.5, "name": "Compound -968878412408988400", "model_specific_data": {}, "metabolites": []}}]}}