{"gap": {"type": "relative", "arguments": {"name": "GAP -296091488377847865", "modelCrop": "WC", "rate": 250.0, "apply_every_n_years": 1, "number_of_applications": 2, "interval": 14, "model_specific_data": {}, "bbch": 31, "season": 0}}, "compound": {"molarMass": 300.0, "water_solubility": 0.024610079597639112, "vapor_pressure": 5.213232075638052e-07, "reference_temperature": 20.0, "koc": 52.17276776686949, "freundlich": 0.9930903614740003, "dt50": {"system": 6.0, "soil": 249.3614243122614, "surfaceWater": 6.0, "sediment": 6.0}, "plant_uptake": 0.0, "name": "Compound -3244079399729042931", "model_specific_data": {}, "metabolites": [{"formation_fraction": 0.2, "metabolite": {"molarMass": 300.0, "water_solubility": 2.931947402554766, "vapor_pressure": 1.6804647525074795e-08, "reference_temperature": 20.0, "koc": 1201.6528273640745, "freundlich": 1.169201823543264, "dt50": {"system": 6.0, "soil": 193.35159333793013, "surfaceWater": 6.0, "sediment": 6.0}, "plant_uptake": 0.5, "name": "Compound 7768625122242120033", "model_specific_data": {}, "metabolites": []}}]}}