{"gap": {"type": "relative", "arguments": {"name": "GAP -296091488377847865", "modelCrop": "WC", "rate": 250.0, "apply_every_n_years": 1, "number_of_applications": 2, "interval": 14, "model_specific_data": {}, "bbch": 31, "season": 0}}, "compound": {"molarMass": 300.0, "water_solubility": 0.0028479393589569387, "vapor_pressure": 1.0270045959151123e-06, "reference_temperature": 20.0, "koc": 19.70906185898591, "freundlich": 0.9682756709622103, "dt50": {"system": 6.0, "soil": 59.12992932488278, "surfaceWater": 6.0, "sediment": 6.0}, "plant_uptake": 0.0, "name": "Compound 112552570040612759", "model_specific_data": {}, "metabolites": [{"formation_fraction": 0.2, "metabolite": {"molarMass": 300.0, "water_solubility": 0.6330880794591298, "vapor_pressure": 2.3691217772560145e-06, "reference_temperature": 20.0, "koc": 116.12338617399021, "freundlich": 0.8457060828550896, "dt50": {"system": 6.0, "soil": 50.73543804857154, "surfaceWater": 6.0, "sediment": 6.0}, "plant_uptake": 0.5, "name": "Compound 8851181411987107634", "model_specific_data": {}, "metabolites": []}}]}}