{"gap": {"type": "relative", "arguments": {"name": "GAP -296091488377847865", "modelCrop": "WC", "rate": 250.0, "apply_every_n_years": 1, "number_of_applications": 2, "interval": 14, "model_specific_data": {}, "bbch": 31, "season": 0}}, "compound": {"molarMass": 300.0, "water_solubility": 0.05571999538700084, "vapor_pressure": 1.11110692892012e-07, "reference_temperature": 20.0, "koc": 50.40046945041036, "freundlich": 0.7154171492368073, "dt50": {"system": 6.0, "soil": 162.72367502515434, "surfaceWater": 6.0, "sediment": 6.0}, "plant_uptake": 0.0, "name": "Compound 4778553071854344226", "model_specific_data": {}, "metabolites": [{"formation_fraction": 0.2, "metabolite": {"molarMass": 300.0, "water_solubility": 0.000513298129134134, "vapor_pressure": 5.653471819561073e-07, "reference_temperature": 20.0, "koc": 12.799153600213932, "freundlich": 0.7263623675879856, "dt50": {"system": 6.0, "soil": 84.30778170373294, "surfaceWater": 6.0, "sediment": 6.0}, "plant_uptake": 0.5, "name": "Compound -2925810032870380449", "model_specific_data": {}, "metabolites": []}}]}}