{"gap": {"type": "relative", "arguments": {"name": "GAP -296091488377847865", "modelCrop": "WC", "rate": 250.0, "apply_every_n_years": 1, "number_of_applications": 2, "interval": 14, "model_specific_data": {}, "bbch": 31, "season": 0}}, "compound": {"molarMass": 300.0, "water_solubility": 0.002341849396009176, "vapor_pressure": 6.204339339367501e-07, "reference_temperature": 20.0, "koc": 1288.6698644802707, "freundlich": 0.8093548416667138, "dt50": {"system": 6.0, "soil": 53.09330095438377, "surfaceWater": 6.0, "sediment": 6.0}, "plant_uptake": 0.0, "name": "Compound -6183332185826218300", "model_specific_data": {}, "metabolites": [{"formation_fraction": 0.2, "metabolite": {"molarMass": 300.0, "water_solubility": 0.0012204557047450454, "vapor_pressure": 3.373848453382601e-06, "reference_temperature": 20.0, "koc": 3363.4405676763918, "freundlich": 0.7408672636237508, "dt50": {"system": 6.0, "soil": 263.1850750912473, "surfaceWater": 6.0, "sediment": 6.0}, "plant_uptake": 0.5, "name": "Compound -6093348955039269850", "model_specific_data": {}, "metabolites": []}}]}}