{"gap": {"type": "relative", "arguments": {"name": "GAP -296091488377847865", "modelCrop": "WC", "rate": 250.0, "apply_every_n_years": 1, "number_of_applications": 2, "interval": 14, "model_specific_data": {}, "bbch": 31, "season": 0}}, "compound": {"molarMass": 300.0, "water_solubility": 0.010866114719420146, "vapor_pressure": 1.7074161039173293e-06, "reference_temperature": 20.0, "koc": 281.6480448333049, "freundlich": 0.7363702633861973, "dt50": {"system": 6.0, "soil": 115.14382602791709, "surfaceWater": 6.0, "sediment": 6.0}, "plant_uptake": 0.0, "name": "Compound -5877753013650327064", "model_specific_data": {}, "metabolites": [{"formation_fraction": 0.2, "metabolite": {"molarMass": 300.0, "water_solubility": 2.2243081295454745, "vapor_pressure": 7.82707589974907e-07, "reference_temperature": 20.0, "koc": 189.71136596547393, "freundlich": 0.7116638855416433, "dt50": {"system": 6.0, "soil": 292.12610944583076, "surfaceWater": 6.0, "sediment": 6.0}, "plant_uptake": 0.5, "name": "Compound 857372253515189400", "model_specific_data": {}, "metabolites": []}}]}}