{"gap": {"type": "relative", "arguments": {"name": "GAP -296091488377847865", "modelCrop": "WC", "rate": 250.0, "apply_every_n_years": 1, "number_of_applications": 2, "interval": 14, "model_specific_data": {}, "bbch": 31, "season": 0}}, "compound": {"molarMass": 300.0, "water_solubility": 0.009978001839909325, "vapor_pressure": 0.00011811358159889049, "reference_temperature": 20.0, "koc": 4070.100675073404, "freundlich": 1.0492998493772006, "dt50": {"system": 6.0, "soil": 296.1393931480478, "surfaceWater": 6.0, "sediment": 6.0}, "plant_uptake": 0.0, "name": "Compound -8778497565533064174", "model_specific_data": {}, "metabolites": [{"formation_fraction": 0.2, "metabolite": {"molarMass": 300.0, "water_solubility": 2.4287447443272578e-05, "vapor_pressure": 3.683758459160507e-05, "reference_temperature": 20.0, "koc": 1458.9106874486758, "freundlich": 0.7231944085550186, "dt50": {"system": 6.0, "soil": 223.6119741295002, "surfaceWater": 6.0, "sediment": 6.0}, "plant_uptake": 0.5, "name": "Compound 5071484776032741095", "model_specific_data": {}, "metabolites": []}}]}}