{"gap": {"type": "relative", "arguments": {"name": "GAP -296091488377847865", "modelCrop": "WC", "rate": 250.0, "apply_every_n_years": 1, "number_of_applications": 2, "interval": 14, "model_specific_data": {}, "bbch": 31, "season": 0}}, "compound": {"molarMass": 300.0, "water_solubility": 0.0014524301163336716, "vapor_pressure": 1.5962077800838032e-07, "reference_temperature": 20.0, "koc": 31.185109291993435, "freundlich": 1.01347104385519, "dt50": {"system": 6.0, "soil": 117.00586233980358, "surfaceWater": 6.0, "sediment": 6.0}, "plant_uptake": 0.0, "name": "Compound 428682801613891606", "model_specific_data": {}, "metabolites": [{"formation_fraction": 0.2, "metabolite": {"molarMass": 300.0, "water_solubility": 0.2580669512054688, "vapor_pressure": 2.482999582182109e-06, "reference_temperature": 20.0, "koc": 65.8820029922131, "freundlich": 1.1756979204637268, "dt50": {"system": 6.0, "soil": 19.96956104370937, "surfaceWater": 6.0, "sediment": 6.0}, "plant_uptake": 0.5, "name": "Compound 8311421284485544523", "model_specific_data": {}, "metabolites": []}}]}}