{"gap": {"type": "relative", "arguments": {"name": "GAP -296091488377847865", "modelCrop": "WC", "rate": 250.0, "apply_every_n_years": 1, "number_of_applications": 2, "interval": 14, "model_specific_data": {}, "bbch": 31, "season": 0}}, "compound": {"molarMass": 300.0, "water_solubility": 0.0004702075065380227, "vapor_pressure": 4.370324194847726e-07, "reference_temperature": 20.0, "koc": 1752.6864496617507, "freundlich": 0.9093849829343778, "dt50": {"system": 6.0, "soil": 179.18775129114968, "surfaceWater": 6.0, "sediment": 6.0}, "plant_uptake": 0.0, "name": "Compound 4798355687636899422", "model_specific_data": {}, "metabolites": [{"formation_fraction": 0.2, "metabolite": {"molarMass": 300.0, "water_solubility": 0.001033102543436207, "vapor_pressure": 0.0014113070591860312, "reference_temperature": 20.0, "koc": 524.0028269701555, "freundlich": 1.0486185819084224, "dt50": {"system": 6.0, "soil": 129.3450606700833, "surfaceWater": 6.0, "sediment": 6.0}, "plant_uptake": 0.5, "name": "Compound 3180602579143233512", "model_specific_data": {}, "metabolites": []}}]}}