{"gap": {"type": "relative", "arguments": {"name": "GAP -296091488377847865", "modelCrop": "WC", "rate": 250.0, "apply_every_n_years": 1, "number_of_applications": 2, "interval": 14, "model_specific_data": {}, "bbch": 31, "season": 0}}, "compound": {"molarMass": 300.0, "water_solubility": 0.06766101247131721, "vapor_pressure": 6.342822390353824e-08, "reference_temperature": 20.0, "koc": 38.93782868521394, "freundlich": 0.8787500547646934, "dt50": {"system": 6.0, "soil": 168.74578461543803, "surfaceWater": 6.0, "sediment": 6.0}, "plant_uptake": 0.0, "name": "Compound -4945693396448573840", "model_specific_data": {}, "metabolites": [{"formation_fraction": 0.2, "metabolite": {"molarMass": 300.0, "water_solubility": 0.010860652137567555, "vapor_pressure": 2.1010087122452855e-05, "reference_temperature": 20.0, "koc": 1121.0956257297091, "freundlich": 1.1380249163334275, "dt50": {"system": 6.0, "soil": 139.8060328393498, "surfaceWater": 6.0, "sediment": 6.0}, "plant_uptake": 0.5, "name": "Compound -4493647751112517146", "model_specific_data": {}, "metabolites": []}}]}}