{"gap": {"type": "relative", "arguments": {"name": "GAP -296091488377847865", "modelCrop": "WC", "rate": 250.0, "apply_every_n_years": 1, "number_of_applications": 2, "interval": 14, "model_specific_data": {}, "bbch": 31, "season": 0}}, "compound": {"molarMass": 300.0, "water_solubility": 0.0009678590426395535, "vapor_pressure": 5.059827673903509e-07, "reference_temperature": 20.0, "koc": 18.81721170133935, "freundlich": 0.801519355576212, "dt50": {"system": 6.0, "soil": 4.7308888573240635, "surfaceWater": 6.0, "sediment": 6.0}, "plant_uptake": 0.0, "name": "Compound -7154043887665652613", "model_specific_data": {}, "metabolites": [{"formation_fraction": 0.2, "metabolite": {"molarMass": 300.0, "water_solubility": 0.017939020946593918, "vapor_pressure": 0.0003437761623069078, "reference_temperature": 20.0, "koc": 675.8622067204743, "freundlich": 1.0112555845818347, "dt50": {"system": 6.0, "soil": 37.362836784451396, "surfaceWater": 6.0, "sediment": 6.0}, "plant_uptake": 0.5, "name": "Compound 8673394226972269051", "model_specific_data": {}, "metabolites": []}}]}}