{"gap": {"type": "relative", "arguments": {"name": "GAP -296091488377847865", "modelCrop": "WC", "rate": 250.0, "apply_every_n_years": 1, "number_of_applications": 2, "interval": 14, "model_specific_data": {}, "bbch": 31, "season": 0}}, "compound": {"molarMass": 300.0, "water_solubility": 0.04589086067327589, "vapor_pressure": 0.00010175749042875569, "reference_temperature": 20.0, "koc": 56.00018099858637, "freundlich": 0.8922067630978243, "dt50": {"system": 6.0, "soil": 43.779075901507206, "surfaceWater": 6.0, "sediment": 6.0}, "plant_uptake": 0.0, "name": "Compound -1748524074223917229", "model_specific_data": {}, "metabolites": [{"formation_fraction": 0.2, "metabolite": {"molarMass": 300.0, "water_solubility": 0.0003840635817645179, "vapor_pressure": 0.0016127492273786505, "reference_temperature": 20.0, "koc": 224.66148664198187, "freundlich": 0.8885739931070078, "dt50": {"system": 6.0, "soil": 258.75964579463647, "surfaceWater": 6.0, "sediment": 6.0}, "plant_uptake": 0.5, "name": "Compound -2862913433006191385", "model_specific_data": {}, "metabolites": []}}]}}