{"gap": {"type": "relative", "arguments": {"name": "GAP -296091488377847865", "modelCrop": "WC", "rate": 250.0, "apply_every_n_years": 1, "number_of_applications": 2, "interval": 14, "model_specific_data": {}, "bbch": 31, "season": 0}}, "compound": {"molarMass": 300.0, "water_solubility": 0.046286373080261456, "vapor_pressure": 0.013556191817060942, "reference_temperature": 20.0, "koc": 170.65543032142043, "freundlich": 1.10273736330109, "dt50": {"system": 6.0, "soil": 137.20165851653312, "surfaceWater": 6.0, "sediment": 6.0}, "plant_uptake": 0.0, "name": "Compound 6818385352607938640", "model_specific_data": {}, "metabolites": [{"formation_fraction": 0.2, "metabolite": {"molarMass": 300.0, "water_solubility": 0.0707649190163012, "vapor_pressure": 1.4539975236689038e-06, "reference_temperature": 20.0, "koc": 11.427237599009686, "freundlich": 1.1760904065322673, "dt50": {"system": 6.0, "soil": 162.1768134683194, "surfaceWater": 6.0, "sediment": 6.0}, "plant_uptake": 0.5, "name": "Compound 4784051808230886990", "model_specific_data": {}, "metabolites": []}}]}}