{"gap": {"type": "relative", "arguments": {"name": "GAP -296091488377847865", "modelCrop": "WC", "rate": 250.0, "apply_every_n_years": 1, "number_of_applications": 2, "interval": 14, "model_specific_data": {}, "bbch": 31, "season": 0}}, "compound": {"molarMass": 300.0, "water_solubility": 7.709065402685556e-05, "vapor_pressure": 2.4340771454334326e-07, "reference_temperature": 20.0, "koc": 30.20160887965094, "freundlich": 0.9051549263041805, "dt50": {"system": 6.0, "soil": 269.6597188146806, "surfaceWater": 6.0, "sediment": 6.0}, "plant_uptake": 0.0, "name": "Compound 553099499449097204", "model_specific_data": {}, "metabolites": [{"formation_fraction": 0.2, "metabolite": {"molarMass": 300.0, "water_solubility": 0.00044672885624695146, "vapor_pressure": 5.613822738776691e-06, "reference_temperature": 20.0, "koc": 1145.1197608904258, "freundlich": 0.9997080175226956, "dt50": {"system": 6.0, "soil": 88.08215929757719, "surfaceWater": 6.0, "sediment": 6.0}, "plant_uptake": 0.5, "name": "Compound -5397730710875778585", "model_specific_data": {}, "metabolites": []}}]}}