{"gap": {"type": "relative", "arguments": {"name": "GAP -296091488377847865", "modelCrop": "WC", "rate": 250.0, "apply_every_n_years": 1, "number_of_applications": 2, "interval": 14, "model_specific_data": {}, "bbch": 31, "season": 0}}, "compound": {"molarMass": 300.0, "water_solubility": 0.00973821353319104, "vapor_pressure": 5.399721028427699e-05, "reference_temperature": 20.0, "koc": 120.76343462699855, "freundlich": 1.148064221277909, "dt50": {"system": 6.0, "soil": 269.7401887744469, "surfaceWater": 6.0, "sediment": 6.0}, "plant_uptake": 0.0, "name": "Compound -4240708406006196217", "model_specific_data": {}, "metabolites": [{"formation_fraction": 0.2, "metabolite": {"molarMass": 300.0, "water_solubility": 0.02099540351110383, "vapor_pressure": 1.2726952208947476e-05, "reference_temperature": 20.0, "koc": 57.22464521716051, "freundlich": 1.0142241282702797, "dt50": {"system": 6.0, "soil": 183.8729271002087, "surfaceWater": 6.0, "sediment": 6.0}, "plant_uptake": 0.5, "name": "Compound 3587745929621642462", "model_specific_data": {}, "metabolites": []}}]}}