{"gap": {"type": "relative", "arguments": {"name": "GAP -296091488377847865", "modelCrop": "WC", "rate": 250.0, "apply_every_n_years": 1, "number_of_applications": 2, "interval": 14, "model_specific_data": {}, "bbch": 31, "season": 0}}, "compound": {"molarMass": 300.0, "water_solubility": 0.04177998394191693, "vapor_pressure": 2.5874522070085408e-05, "reference_temperature": 20.0, "koc": 12.46001676560376, "freundlich": 0.8557120723364868, "dt50": {"system": 6.0, "soil": 213.39107942588913, "surfaceWater": 6.0, "sediment": 6.0}, "plant_uptake": 0.0, "name": "Compound -8936356843165149164", "model_specific_data": {}, "metabolites": [{"formation_fraction": 0.2, "metabolite": {"molarMass": 300.0, "water_solubility": 0.47442926048706696, "vapor_pressure": 3.2537461574242495e-05, "reference_temperature": 20.0, "koc": 4083.59287166452, "freundlich": 0.8655880968311419, "dt50": {"system": 6.0, "soil": 144.99020735519022, "surfaceWater": 6.0, "sediment": 6.0}, "plant_uptake": 0.5, "name": "Compound -4420291192030415848", "model_specific_data": {}, "metabolites": []}}]}}