{"gap": {"type": "relative", "arguments": {"name": "GAP -296091488377847865", "modelCrop": "WC", "rate": 250.0, "apply_every_n_years": 1, "number_of_applications": 2, "interval": 14, "model_specific_data": {}, "bbch": 31, "season": 0}}, "compound": {"molarMass": 300.0, "water_solubility": 3.610337130109833e-05, "vapor_pressure": 3.414298773244824e-05, "reference_temperature": 20.0, "koc": 74.23175582954966, "freundlich": 1.1655024826019744, "dt50": {"system": 6.0, "soil": 298.2890901156804, "surfaceWater": 6.0, "sediment": 6.0}, "plant_uptake": 0.0, "name": "Compound -2418166845609795715", "model_specific_data": {}, "metabolites": [{"formation_fraction": 0.2, "metabolite": {"molarMass": 300.0, "water_solubility": 3.8026128809653487e-05, "vapor_pressure": 3.111398791633298e-06, "reference_temperature": 20.0, "koc": 344.26684505890836, "freundlich": 0.9119562158239853, "dt50": {"system": 6.0, "soil": 213.15235152211918, "surfaceWater": 6.0, "sediment": 6.0}, "plant_uptake": 0.5, "name": "Compound -8605340524503923471", "model_specific_data": {}, "metabolites": []}}]}}