{"gap": {"type": "relative", "arguments": {"name": "GAP -296091488377847865", "modelCrop": "WC", "rate": 250.0, "apply_every_n_years": 1, "number_of_applications": 2, "interval": 14, "model_specific_data": {}, "bbch": 31, "season": 0}}, "compound": {"molarMass": 300.0, "water_solubility": 0.017455919188690005, "vapor_pressure": 0.0002704099350910124, "reference_temperature": 20.0, "koc": 806.372323335614, "freundlich": 1.0276373290041168, "dt50": {"system": 6.0, "soil": 164.0776746553235, "surfaceWater": 6.0, "sediment": 6.0}, "plant_uptake": 0.0, "name": "Compound -5162284830385548779", "model_specific_data": {}, "metabolites": [{"formation_fraction": 0.2, "metabolite": {"molarMass": 300.0, "water_solubility": 0.0009409779432405692, "vapor_pressure": 2.578801368896047e-05, "reference_temperature": 20.0, "koc": 923.6267790808303, "freundlich": 1.1403001033604632, "dt50": {"system": 6.0, "soil": 192.38294525015917, "surfaceWater": 6.0, "sediment": 6.0}, "plant_uptake": 0.5, "name": "Compound -6169004662445405129", "model_specific_data": {}, "metabolites": []}}]}}