{"gap": {"type": "relative", "arguments": {"name": "GAP -296091488377847865", "modelCrop": "WC", "rate": 250.0, "apply_every_n_years": 1, "number_of_applications": 2, "interval": 14, "model_specific_data": {}, "bbch": 31, "season": 0}}, "compound": {"molarMass": 300.0, "water_solubility": 0.0062186304892016386, "vapor_pressure": 0.0032630006451863213, "reference_temperature": 20.0, "koc": 2092.403126744689, "freundlich": 1.1753532915436733, "dt50": {"system": 6.0, "soil": 190.52963223395327, "surfaceWater": 6.0, "sediment": 6.0}, "plant_uptake": 0.0, "name": "Compound -1243005476911944925", "model_specific_data": {}, "metabolites": [{"formation_fraction": 0.2, "metabolite": {"molarMass": 300.0, "water_solubility": 0.013461879237629436, "vapor_pressure": 1.6563412978410775e-09, "reference_temperature": 20.0, "koc": 155.32409740105697, "freundlich": 1.1623757386755182, "dt50": {"system": 6.0, "soil": 59.00069304671547, "surfaceWater": 6.0, "sediment": 6.0}, "plant_uptake": 0.5, "name": "Compound 1734847375589380160", "model_specific_data": {}, "metabolites": []}}]}}