{"gap": {"type": "relative", "arguments": {"name": "GAP -296091488377847865", "modelCrop": "WC", "rate": 250.0, "apply_every_n_years": 1, "number_of_applications": 2, "interval": 14, "model_specific_data": {}, "bbch": 31, "season": 0}}, "compound": {"molarMass": 300.0, "water_solubility": 0.018646600036873375, "vapor_pressure": 2.3054507502109344e-05, "reference_temperature": 20.0, "koc": 768.4717185553076, "freundlich": 0.9820868452864964, "dt50": {"system": 6.0, "soil": 239.0282856791371, "surfaceWater": 6.0, "sediment": 6.0}, "plant_uptake": 0.0, "name": "Compound 8718066423765985000", "model_specific_data": {}, "metabolites": [{"formation_fraction": 0.2, "metabolite": {"molarMass": 300.0, "water_solubility": 5.450749165387308e-05, "vapor_pressure": 4.844326869490011e-05, "reference_temperature": 20.0, "koc": 2352.4074275089406, "freundlich": 0.9216417733796589, "dt50": {"system": 6.0, "soil": 280.9977695046084, "surfaceWater": 6.0, "sediment": 6.0}, "plant_uptake": 0.5, "name": "Compound 1215450610413665990", "model_specific_data": {}, "metabolites": []}}]}}