{"gap": {"type": "relative", "arguments": {"name": "GAP -296091488377847865", "modelCrop": "WC", "rate": 250.0, "apply_every_n_years": 1, "number_of_applications": 2, "interval": 14, "model_specific_data": {}, "bbch": 31, "season": 0}}, "compound": {"molarMass": 300.0, "water_solubility": 0.050014667241982086, "vapor_pressure": 2.4858679791143075e-07, "reference_temperature": 20.0, "koc": 1534.250237444744, "freundlich": 1.0890415197192886, "dt50": {"system": 6.0, "soil": 288.05523480116716, "surfaceWater": 6.0, "sediment": 6.0}, "plant_uptake": 0.0, "name": "Compound 7934464547967661275", "model_specific_data": {}, "metabolites": [{"formation_fraction": 0.2, "metabolite": {"molarMass": 300.0, "water_solubility": 0.0038014967390461807, "vapor_pressure": 4.3905268531325026e-07, "reference_temperature": 20.0, "koc": 683.4713175951144, "freundlich": 0.8606151460269287, "dt50": {"system": 6.0, "soil": 224.99210186719299, "surfaceWater": 6.0, "sediment": 6.0}, "plant_uptake": 0.5, "name": "Compound 2197370499095574682", "model_specific_data": {}, "metabolites": []}}]}}