{"gap": {"type": "relative", "arguments": {"name": "GAP -296091488377847865", "modelCrop": "WC", "rate": 250.0, "apply_every_n_years": 1, "number_of_applications": 2, "interval": 14, "model_specific_data": {}, "bbch": 31, "season": 0}}, "compound": {"molarMass": 300.0, "water_solubility": 1.7556114652426824e-05, "vapor_pressure": 1.8017897661594205e-06, "reference_temperature": 20.0, "koc": 23.55799718606104, "freundlich": 1.0634757119733103, "dt50": {"system": 6.0, "soil": 223.81680876363683, "surfaceWater": 6.0, "sediment": 6.0}, "plant_uptake": 0.0, "name": "Compound -7483051499678530543", "model_specific_data": {}, "metabolites": [{"formation_fraction": 0.2, "metabolite": {"molarMass": 300.0, "water_solubility": 0.020705508393501743, "vapor_pressure": 0.0004034050458881278, "reference_temperature": 20.0, "koc": 48.19100463446831, "freundlich": 1.0512854261873394, "dt50": {"system": 6.0, "soil": 87.40196912857347, "surfaceWater": 6.0, "sediment": 6.0}, "plant_uptake": 0.5, "name": "Compound -4218646478106894283", "model_specific_data": {}, "metabolites": []}}]}}