{"gap": {"type": "relative", "arguments": {"name": "GAP -296091488377847865", "modelCrop": "WC", "rate": 250.0, "apply_every_n_years": 1, "number_of_applications": 2, "interval": 14, "model_specific_data": {}, "bbch": 31, "season": 0}}, "compound": {"molarMass": 300.0, "water_solubility": 0.00015600572663793528, "vapor_pressure": 3.498355245903e-05, "reference_temperature": 20.0, "koc": 32.04193850102734, "freundlich": 1.1068791369923807, "dt50": {"system": 6.0, "soil": 9.103632111003186, "surfaceWater": 6.0, "sediment": 6.0}, "plant_uptake": 0.0, "name": "Compound -4586463909437240667", "model_specific_data": {}, "metabolites": [{"formation_fraction": 0.2, "metabolite": {"molarMass": 300.0, "water_solubility": 0.004841604192396261, "vapor_pressure": 0.00023676298608259877, "reference_temperature": 20.0, "koc": 19.151214417099926, "freundlich": 1.0644930670599444, "dt50": {"system": 6.0, "soil": 244.98656964566572, "surfaceWater": 6.0, "sediment": 6.0}, "plant_uptake": 0.5, "name": "Compound -9016150814525208896", "model_specific_data": {}, "metabolites": []}}]}}