{"gap": {"type": "relative", "arguments": {"name": "GAP -296091488377847865", "modelCrop": "WC", "rate": 250.0, "apply_every_n_years": 1, "number_of_applications": 2, "interval": 14, "model_specific_data": {}, "bbch": 31, "season": 0}}, "compound": {"molarMass": 300.0, "water_solubility": 0.005476536510574648, "vapor_pressure": 4.05629165215298e-08, "reference_temperature": 20.0, "koc": 205.87725162223893, "freundlich": 0.7279841838635341, "dt50": {"system": 6.0, "soil": 119.9231811040571, "surfaceWater": 6.0, "sediment": 6.0}, "plant_uptake": 0.0, "name": "Compound 5273608867742531466", "model_specific_data": {}, "metabolites": [{"formation_fraction": 0.2, "metabolite": {"molarMass": 300.0, "water_solubility": 0.009217199336872223, "vapor_pressure": 8.173628664063315e-06, "reference_temperature": 20.0, "koc": 1350.3072075774378, "freundlich": 0.8515880377824758, "dt50": {"system": 6.0, "soil": 30.51267003441708, "surfaceWater": 6.0, "sediment": 6.0}, "plant_uptake": 0.5, "name": "Compound 6142008359946112922", "model_specific_data": {}, "metabolites": []}}]}}