{"gap": {"type": "relative", "arguments": {"name": "GAP -296091488377847865", "modelCrop": "WC", "rate": 250.0, "apply_every_n_years": 1, "number_of_applications": 2, "interval": 14, "model_specific_data": {}, "bbch": 31, "season": 0}}, "compound": {"molarMass": 300.0, "water_solubility": 0.001325477239143535, "vapor_pressure": 1.3166944126877726e-06, "reference_temperature": 20.0, "koc": 4352.41858849823, "freundlich": 0.7335679064481477, "dt50": {"system": 6.0, "soil": 253.27735530338032, "surfaceWater": 6.0, "sediment": 6.0}, "plant_uptake": 0.0, "name": "Compound -2143451830932106787", "model_specific_data": {}, "metabolites": [{"formation_fraction": 0.2, "metabolite": {"molarMass": 300.0, "water_solubility": 0.01296863007026742, "vapor_pressure": 2.1995944476483567e-06, "reference_temperature": 20.0, "koc": 1585.7284372030438, "freundlich": 0.7423908514531914, "dt50": {"system": 6.0, "soil": 111.76124617994765, "surfaceWater": 6.0, "sediment": 6.0}, "plant_uptake": 0.5, "name": "Compound 746791400547737544", "model_specific_data": {}, "metabolites": []}}]}}