{"gap": {"type": "relative", "arguments": {"name": "GAP -296091488377847865", "modelCrop": "WC", "rate": 250.0, "apply_every_n_years": 1, "number_of_applications": 2, "interval": 14, "model_specific_data": {}, "bbch": 31, "season": 0}}, "compound": {"molarMass": 300.0, "water_solubility": 0.018678716785192926, "vapor_pressure": 0.0016323992603431748, "reference_temperature": 20.0, "koc": 52.18049602381669, "freundlich": 1.0491271491830463, "dt50": {"system": 6.0, "soil": 218.6570235030686, "surfaceWater": 6.0, "sediment": 6.0}, "plant_uptake": 0.0, "name": "Compound -7725171972157328181", "model_specific_data": {}, "metabolites": [{"formation_fraction": 0.2, "metabolite": {"molarMass": 300.0, "water_solubility": 0.00023639142662901753, "vapor_pressure": 3.791653817915131e-06, "reference_temperature": 20.0, "koc": 62.449885518292916, "freundlich": 0.9611705552640482, "dt50": {"system": 6.0, "soil": 182.6456422924862, "surfaceWater": 6.0, "sediment": 6.0}, "plant_uptake": 0.5, "name": "Compound 9137089553379706094", "model_specific_data": {}, "metabolites": []}}]}}