{"gap": {"type": "relative", "arguments": {"name": "GAP -296091488377847865", "modelCrop": "WC", "rate": 250.0, "apply_every_n_years": 1, "number_of_applications": 2, "interval": 14, "model_specific_data": {}, "bbch": 31, "season": 0}}, "compound": {"molarMass": 300.0, "water_solubility": 0.00763149944125102, "vapor_pressure": 0.001220982957805353, "reference_temperature": 20.0, "koc": 556.4748776212266, "freundlich": 0.7877197520936632, "dt50": {"system": 6.0, "soil": 145.87682700450355, "surfaceWater": 6.0, "sediment": 6.0}, "plant_uptake": 0.0, "name": "Compound -3519392004416499156", "model_specific_data": {}, "metabolites": [{"formation_fraction": 0.2, "metabolite": {"molarMass": 300.0, "water_solubility": 0.011944552777274773, "vapor_pressure": 0.014129069512364091, "reference_temperature": 20.0, "koc": 57.59456319782423, "freundlich": 1.0620454161248671, "dt50": {"system": 6.0, "soil": 162.34095775183297, "surfaceWater": 6.0, "sediment": 6.0}, "plant_uptake": 0.5, "name": "Compound 383907874894094729", "model_specific_data": {}, "metabolites": []}}]}}