{"gap": {"type": "relative", "arguments": {"name": "GAP -296091488377847865", "modelCrop": "WC", "rate": 250.0, "apply_every_n_years": 1, "number_of_applications": 2, "interval": 14, "model_specific_data": {}, "bbch": 31, "season": 0}}, "compound": {"molarMass": 300.0, "water_solubility": 0.12411941468499017, "vapor_pressure": 0.0016593931533612593, "reference_temperature": 20.0, "koc": 16.868114617484277, "freundlich": 0.8482825959349032, "dt50": {"system": 6.0, "soil": 133.13858073910777, "surfaceWater": 6.0, "sediment": 6.0}, "plant_uptake": 0.0, "name": "Compound -721214396308499457", "model_specific_data": {}, "metabolites": [{"formation_fraction": 0.2, "metabolite": {"molarMass": 300.0, "water_solubility": 0.03046491831797707, "vapor_pressure": 0.00012219679265537743, "reference_temperature": 20.0, "koc": 3414.9172445572526, "freundlich": 1.0111749987939473, "dt50": {"system": 6.0, "soil": 160.27912010210505, "surfaceWater": 6.0, "sediment": 6.0}, "plant_uptake": 0.5, "name": "Compound 4108194207146448289", "model_specific_data": {}, "metabolites": []}}]}}