{"gap": {"type": "relative", "arguments": {"name": "GAP -296091488377847865", "modelCrop": "WC", "rate": 250.0, "apply_every_n_years": 1, "number_of_applications": 2, "interval": 14, "model_specific_data": {}, "bbch": 31, "season": 0}}, "compound": {"molarMass": 300.0, "water_solubility": 0.005868306403465251, "vapor_pressure": 0.0014703737980549618, "reference_temperature": 20.0, "koc": 17.648429177519546, "freundlich": 0.9870396849714946, "dt50": {"system": 6.0, "soil": 105.40345287089134, "surfaceWater": 6.0, "sediment": 6.0}, "plant_uptake": 0.0, "name": "Compound -1111703805774225466", "model_specific_data": {}, "metabolites": [{"formation_fraction": 0.2, "metabolite": {"molarMass": 300.0, "water_solubility": 0.039295534150548726, "vapor_pressure": 1.4964859831482355e-05, "reference_temperature": 20.0, "koc": 11.830813589752971, "freundlich": 1.0850114126657375, "dt50": {"system": 6.0, "soil": 12.682783356170669, "surfaceWater": 6.0, "sediment": 6.0}, "plant_uptake": 0.5, "name": "Compound -5985778433699317841", "model_specific_data": {}, "metabolites": []}}]}}