{"gap": {"type": "relative", "arguments": {"name": "GAP -296091488377847865", "modelCrop": "WC", "rate": 250.0, "apply_every_n_years": 1, "number_of_applications": 2, "interval": 14, "model_specific_data": {}, "bbch": 31, "season": 0}}, "compound": {"molarMass": 300.0, "water_solubility": 0.0019466973326442592, "vapor_pressure": 0.00023910360336266122, "reference_temperature": 20.0, "koc": 4855.550439382691, "freundlich": 0.7338386832890416, "dt50": {"system": 6.0, "soil": 296.8088582299261, "surfaceWater": 6.0, "sediment": 6.0}, "plant_uptake": 0.0, "name": "Compound 902807283695213684", "model_specific_data": {}, "metabolites": [{"formation_fraction": 0.2, "metabolite": {"molarMass": 300.0, "water_solubility": 0.017318374072529345, "vapor_pressure": 1.2211683739664435e-05, "reference_temperature": 20.0, "koc": 81.28309407821554, "freundlich": 0.8444047388407617, "dt50": {"system": 6.0, "soil": 176.90440972728658, "surfaceWater": 6.0, "sediment": 6.0}, "plant_uptake": 0.5, "name": "Compound 1260417012834119881", "model_specific_data": {}, "metabolites": []}}]}}