{"gap": {"type": "relative", "arguments": {"name": "GAP -296091488377847865", "modelCrop": "WC", "rate": 250.0, "apply_every_n_years": 1, "number_of_applications": 2, "interval": 14, "model_specific_data": {}, "bbch": 31, "season": 0}}, "compound": {"molarMass": 300.0, "water_solubility": 0.1938499452290952, "vapor_pressure": 1.8545892674006202e-07, "reference_temperature": 20.0, "koc": 2974.8041098775197, "freundlich": 1.0868296025634425, "dt50": {"system": 6.0, "soil": 61.12376810830804, "surfaceWater": 6.0, "sediment": 6.0}, "plant_uptake": 0.0, "name": "Compound 7700823530380282032", "model_specific_data": {}, "metabolites": [{"formation_fraction": 0.2, "metabolite": {"molarMass": 300.0, "water_solubility": 0.042035453662297134, "vapor_pressure": 0.00016367788954532825, "reference_temperature": 20.0, "koc": 130.87714323995056, "freundlich": 0.8025881008556122, "dt50": {"system": 6.0, "soil": 110.11809344844566, "surfaceWater": 6.0, "sediment": 6.0}, "plant_uptake": 0.5, "name": "Compound 1396360910285709035", "model_specific_data": {}, "metabolites": []}}]}}