{"gap": {"type": "relative", "arguments": {"name": "GAP -296091488377847865", "modelCrop": "WC", "rate": 250.0, "apply_every_n_years": 1, "number_of_applications": 2, "interval": 14, "model_specific_data": {}, "bbch": 31, "season": 0}}, "compound": {"molarMass": 300.0, "water_solubility": 0.007972442168821273, "vapor_pressure": 1.1014369672403963e-06, "reference_temperature": 20.0, "koc": 248.44379127163882, "freundlich": 0.9477062708737041, "dt50": {"system": 6.0, "soil": 94.06867795800035, "surfaceWater": 6.0, "sediment": 6.0}, "plant_uptake": 0.0, "name": "Compound 5879704880117257069", "model_specific_data": {}, "metabolites": [{"formation_fraction": 0.2, "metabolite": {"molarMass": 300.0, "water_solubility": 0.007357475411237872, "vapor_pressure": 8.914164355210947e-06, "reference_temperature": 20.0, "koc": 14.514983445496046, "freundlich": 0.8125883857004932, "dt50": {"system": 6.0, "soil": 249.8162249960226, "surfaceWater": 6.0, "sediment": 6.0}, "plant_uptake": 0.5, "name": "Compound 5565708859341598103", "model_specific_data": {}, "metabolites": []}}]}}