{"gap": {"type": "relative", "arguments": {"name": "GAP -296091488377847865", "modelCrop": "WC", "rate": 250.0, "apply_every_n_years": 1, "number_of_applications": 2, "interval": 14, "model_specific_data": {}, "bbch": 31, "season": 0}}, "compound": {"molarMass": 300.0, "water_solubility": 0.21975900785561653, "vapor_pressure": 3.965499416665356e-09, "reference_temperature": 20.0, "koc": 650.7875072072277, "freundlich": 1.1494494854849544, "dt50": {"system": 6.0, "soil": 25.929389340981885, "surfaceWater": 6.0, "sediment": 6.0}, "plant_uptake": 0.0, "name": "Compound 1101639075889256707", "model_specific_data": {}, "metabolites": [{"formation_fraction": 0.2, "metabolite": {"molarMass": 300.0, "water_solubility": 0.11262876271766624, "vapor_pressure": 1.1674066979578773e-05, "reference_temperature": 20.0, "koc": 1199.3534746685323, "freundlich": 1.0498509573940122, "dt50": {"system": 6.0, "soil": 109.8753519625441, "surfaceWater": 6.0, "sediment": 6.0}, "plant_uptake": 0.5, "name": "Compound -4437608114092013430", "model_specific_data": {}, "metabolites": []}}]}}