{"gap": {"type": "relative", "arguments": {"name": "GAP -296091488377847865", "modelCrop": "WC", "rate": 250.0, "apply_every_n_years": 1, "number_of_applications": 2, "interval": 14, "model_specific_data": {}, "bbch": 31, "season": 0}}, "compound": {"molarMass": 300.0, "water_solubility": 0.020169204293209057, "vapor_pressure": 0.001115782505110658, "reference_temperature": 20.0, "koc": 116.33360753433425, "freundlich": 0.7285455857058004, "dt50": {"system": 6.0, "soil": 185.00552595891503, "surfaceWater": 6.0, "sediment": 6.0}, "plant_uptake": 0.0, "name": "Compound -3890850774042483448", "model_specific_data": {}, "metabolites": [{"formation_fraction": 0.2, "metabolite": {"molarMass": 300.0, "water_solubility": 0.009904182329036487, "vapor_pressure": 1.443848834621268e-06, "reference_temperature": 20.0, "koc": 169.20266134197968, "freundlich": 0.7708298868035763, "dt50": {"system": 6.0, "soil": 202.30735110237933, "surfaceWater": 6.0, "sediment": 6.0}, "plant_uptake": 0.5, "name": "Compound 2171766072691831974", "model_specific_data": {}, "metabolites": []}}]}}