{"gap": {"type": "relative", "arguments": {"name": "GAP -296091488377847865", "modelCrop": "WC", "rate": 250.0, "apply_every_n_years": 1, "number_of_applications": 2, "interval": 14, "model_specific_data": {}, "bbch": 31, "season": 0}}, "compound": {"molarMass": 300.0, "water_solubility": 0.00022323730897488717, "vapor_pressure": 1.774733569004958e-05, "reference_temperature": 20.0, "koc": 39.44224815739444, "freundlich": 1.0789460577544734, "dt50": {"system": 6.0, "soil": 236.7327810028054, "surfaceWater": 6.0, "sediment": 6.0}, "plant_uptake": 0.0, "name": "Compound 3931990642890497446", "model_specific_data": {}, "metabolites": [{"formation_fraction": 0.2, "metabolite": {"molarMass": 300.0, "water_solubility": 0.12232355074139768, "vapor_pressure": 1.3519376905677444e-06, "reference_temperature": 20.0, "koc": 72.06688846817775, "freundlich": 1.1252684590305262, "dt50": {"system": 6.0, "soil": 4.572632802890038, "surfaceWater": 6.0, "sediment": 6.0}, "plant_uptake": 0.5, "name": "Compound -1566633406220451890", "model_specific_data": {}, "metabolites": []}}]}}