{"gap": {"type": "relative", "arguments": {"name": "GAP -296091488377847865", "modelCrop": "WC", "rate": 250.0, "apply_every_n_years": 1, "number_of_applications": 2, "interval": 14, "model_specific_data": {}, "bbch": 31, "season": 0}}, "compound": {"molarMass": 300.0, "water_solubility": 0.013130468641377069, "vapor_pressure": 3.5014831872339873e-06, "reference_temperature": 20.0, "koc": 20.56413058191699, "freundlich": 0.8866063689988679, "dt50": {"system": 6.0, "soil": 243.1849937681777, "surfaceWater": 6.0, "sediment": 6.0}, "plant_uptake": 0.0, "name": "Compound 3317905415766850070", "model_specific_data": {}, "metabolites": [{"formation_fraction": 0.2, "metabolite": {"molarMass": 300.0, "water_solubility": 0.008030487127906162, "vapor_pressure": 0.00011156082842942691, "reference_temperature": 20.0, "koc": 294.8952566483715, "freundlich": 0.9685101590957024, "dt50": {"system": 6.0, "soil": 246.1414377788825, "surfaceWater": 6.0, "sediment": 6.0}, "plant_uptake": 0.5, "name": "Compound -1516419803341655333", "model_specific_data": {}, "metabolites": []}}]}}