{"gap": {"type": "relative", "arguments": {"name": "GAP -296091488377847865", "modelCrop": "WC", "rate": 250.0, "apply_every_n_years": 1, "number_of_applications": 2, "interval": 14, "model_specific_data": {}, "bbch": 31, "season": 0}}, "compound": {"molarMass": 300.0, "water_solubility": 0.2093503537576315, "vapor_pressure": 3.481127205186739e-06, "reference_temperature": 20.0, "koc": 171.39524225019193, "freundlich": 1.104266741514389, "dt50": {"system": 6.0, "soil": 114.06987265504792, "surfaceWater": 6.0, "sediment": 6.0}, "plant_uptake": 0.0, "name": "Compound -8930040379629212706", "model_specific_data": {}, "metabolites": [{"formation_fraction": 0.2, "metabolite": {"molarMass": 300.0, "water_solubility": 0.00019320189827764147, "vapor_pressure": 4.778044225057795e-06, "reference_temperature": 20.0, "koc": 88.11592343597106, "freundlich": 1.1200850721933273, "dt50": {"system": 6.0, "soil": 284.5148141331888, "surfaceWater": 6.0, "sediment": 6.0}, "plant_uptake": 0.5, "name": "Compound 8318003323002742055", "model_specific_data": {}, "metabolites": []}}]}}