{"gap": {"type": "relative", "arguments": {"name": "GAP -296091488377847865", "modelCrop": "WC", "rate": 250.0, "apply_every_n_years": 1, "number_of_applications": 2, "interval": 14, "model_specific_data": {}, "bbch": 31, "season": 0}}, "compound": {"molarMass": 300.0, "water_solubility": 0.011417731146220526, "vapor_pressure": 1.047401942186587e-05, "reference_temperature": 20.0, "koc": 342.15154592007707, "freundlich": 0.8020932853810443, "dt50": {"system": 6.0, "soil": 206.84281313028382, "surfaceWater": 6.0, "sediment": 6.0}, "plant_uptake": 0.0, "name": "Compound -3392523568417139753", "model_specific_data": {}, "metabolites": [{"formation_fraction": 0.2, "metabolite": {"molarMass": 300.0, "water_solubility": 0.0014816741204874589, "vapor_pressure": 1.4681098630341495e-06, "reference_temperature": 20.0, "koc": 20.021031527122503, "freundlich": 0.8753631518952905, "dt50": {"system": 6.0, "soil": 58.8497724735859, "surfaceWater": 6.0, "sediment": 6.0}, "plant_uptake": 0.5, "name": "Compound 5117730876488912080", "model_specific_data": {}, "metabolites": []}}]}}