{"gap": {"type": "relative", "arguments": {"name": "GAP -296091488377847865", "modelCrop": "WC", "rate": 250.0, "apply_every_n_years": 1, "number_of_applications": 2, "interval": 14, "model_specific_data": {}, "bbch": 31, "season": 0}}, "compound": {"molarMass": 300.0, "water_solubility": 0.029064604411210122, "vapor_pressure": 9.287513110388031e-05, "reference_temperature": 20.0, "koc": 60.39086793361673, "freundlich": 0.9213269626592688, "dt50": {"system": 6.0, "soil": 38.335311551169, "surfaceWater": 6.0, "sediment": 6.0}, "plant_uptake": 0.0, "name": "Compound 7356402217619705273", "model_specific_data": {}, "metabolites": [{"formation_fraction": 0.2, "metabolite": {"molarMass": 300.0, "water_solubility": 0.15547874323765962, "vapor_pressure": 0.000982984659383078, "reference_temperature": 20.0, "koc": 739.1427491771218, "freundlich": 1.1527355061433922, "dt50": {"system": 6.0, "soil": 229.90389481970382, "surfaceWater": 6.0, "sediment": 6.0}, "plant_uptake": 0.5, "name": "Compound -5675783343511663782", "model_specific_data": {}, "metabolites": []}}]}}