{"gap": {"type": "relative", "arguments": {"name": "GAP -296091488377847865", "modelCrop": "WC", "rate": 250.0, "apply_every_n_years": 1, "number_of_applications": 2, "interval": 14, "model_specific_data": {}, "bbch": 31, "season": 0}}, "compound": {"molarMass": 300.0, "water_solubility": 0.0005981723265945703, "vapor_pressure": 1.0741733803311253e-08, "reference_temperature": 20.0, "koc": 2014.869681978218, "freundlich": 1.1894195971022112, "dt50": {"system": 6.0, "soil": 167.92480308320478, "surfaceWater": 6.0, "sediment": 6.0}, "plant_uptake": 0.0, "name": "Compound -4000771383445785238", "model_specific_data": {}, "metabolites": [{"formation_fraction": 0.2, "metabolite": {"molarMass": 300.0, "water_solubility": 0.1617797485960194, "vapor_pressure": 0.0001056127770928938, "reference_temperature": 20.0, "koc": 88.23250032644864, "freundlich": 1.0388141080024567, "dt50": {"system": 6.0, "soil": 150.8838218098394, "surfaceWater": 6.0, "sediment": 6.0}, "plant_uptake": 0.5, "name": "Compound 8247051189437600601", "model_specific_data": {}, "metabolites": []}}]}}