{"gap": {"type": "relative", "arguments": {"name": "GAP -296091488377847865", "modelCrop": "WC", "rate": 250.0, "apply_every_n_years": 1, "number_of_applications": 2, "interval": 14, "model_specific_data": {}, "bbch": 31, "season": 0}}, "compound": {"molarMass": 300.0, "water_solubility": 0.011233363318450507, "vapor_pressure": 1.7264755196007303e-06, "reference_temperature": 20.0, "koc": 47.81472938148417, "freundlich": 0.8729937777352768, "dt50": {"system": 6.0, "soil": 163.47657284977922, "surfaceWater": 6.0, "sediment": 6.0}, "plant_uptake": 0.0, "name": "Compound 2578037684109605767", "model_specific_data": {}, "metabolites": [{"formation_fraction": 0.2, "metabolite": {"molarMass": 300.0, "water_solubility": 2.192177807686893, "vapor_pressure": 4.411890993084845e-07, "reference_temperature": 20.0, "koc": 20.166704331638723, "freundlich": 1.0689254595231323, "dt50": {"system": 6.0, "soil": 109.3399856711901, "surfaceWater": 6.0, "sediment": 6.0}, "plant_uptake": 0.5, "name": "Compound 4263251636993075552", "model_specific_data": {}, "metabolites": []}}]}}