{"gap": {"type": "relative", "arguments": {"name": "GAP -296091488377847865", "modelCrop": "WC", "rate": 250.0, "apply_every_n_years": 1, "number_of_applications": 2, "interval": 14, "model_specific_data": {}, "bbch": 31, "season": 0}}, "compound": {"molarMass": 300.0, "water_solubility": 0.12550144077919817, "vapor_pressure": 0.0009836304356961433, "reference_temperature": 20.0, "koc": 36.80851122324956, "freundlich": 0.8907781145118676, "dt50": {"system": 6.0, "soil": 275.3717489885521, "surfaceWater": 6.0, "sediment": 6.0}, "plant_uptake": 0.0, "name": "Compound -1233411289485578247", "model_specific_data": {}, "metabolites": [{"formation_fraction": 0.2, "metabolite": {"molarMass": 300.0, "water_solubility": 0.0951172375638116, "vapor_pressure": 1.4784813993628047e-05, "reference_temperature": 20.0, "koc": 120.87401001534066, "freundlich": 1.1373685731822754, "dt50": {"system": 6.0, "soil": 182.3770409455429, "surfaceWater": 6.0, "sediment": 6.0}, "plant_uptake": 0.5, "name": "Compound -8419280061289253864", "model_specific_data": {}, "metabolites": []}}]}}