{"gap": {"type": "relative", "arguments": {"name": "GAP -296091488377847865", "modelCrop": "WC", "rate": 250.0, "apply_every_n_years": 1, "number_of_applications": 2, "interval": 14, "model_specific_data": {}, "bbch": 31, "season": 0}}, "compound": {"molarMass": 300.0, "water_solubility": 0.020592310587685347, "vapor_pressure": 0.001636343925357382, "reference_temperature": 20.0, "koc": 291.52949613348386, "freundlich": 0.9724252923561867, "dt50": {"system": 6.0, "soil": 249.84923310273024, "surfaceWater": 6.0, "sediment": 6.0}, "plant_uptake": 0.0, "name": "Compound 1291100569544106604", "model_specific_data": {}, "metabolites": [{"formation_fraction": 0.2, "metabolite": {"molarMass": 300.0, "water_solubility": 0.009491962762360832, "vapor_pressure": 4.642253838803375e-07, "reference_temperature": 20.0, "koc": 20.817527485428645, "freundlich": 1.1167364950280116, "dt50": {"system": 6.0, "soil": 156.2855547676757, "surfaceWater": 6.0, "sediment": 6.0}, "plant_uptake": 0.5, "name": "Compound 2698065568241945878", "model_specific_data": {}, "metabolites": []}}]}}