{"gap": {"type": "relative", "arguments": {"name": "GAP -296091488377847865", "modelCrop": "WC", "rate": 250.0, "apply_every_n_years": 1, "number_of_applications": 2, "interval": 14, "model_specific_data": {}, "bbch": 31, "season": 0}}, "compound": {"molarMass": 300.0, "water_solubility": 0.04840635486767267, "vapor_pressure": 1.7009246211618095e-08, "reference_temperature": 20.0, "koc": 34.347945167916535, "freundlich": 1.1203759149310515, "dt50": {"system": 6.0, "soil": 258.56267569047617, "surfaceWater": 6.0, "sediment": 6.0}, "plant_uptake": 0.0, "name": "Compound -928662145314010276", "model_specific_data": {}, "metabolites": [{"formation_fraction": 0.2, "metabolite": {"molarMass": 300.0, "water_solubility": 0.16983265711045398, "vapor_pressure": 6.187023100260732e-05, "reference_temperature": 20.0, "koc": 2396.8584074774035, "freundlich": 1.010909618374343, "dt50": {"system": 6.0, "soil": 264.36682726705783, "surfaceWater": 6.0, "sediment": 6.0}, "plant_uptake": 0.5, "name": "Compound 14769161144629484", "model_specific_data": {}, "metabolites": []}}]}}