{"gap": {"type": "relative", "arguments": {"name": "GAP -296091488377847865", "modelCrop": "WC", "rate": 250.0, "apply_every_n_years": 1, "number_of_applications": 2, "interval": 14, "model_specific_data": {}, "bbch": 31, "season": 0}}, "compound": {"molarMass": 300.0, "water_solubility": 0.0009055545055604723, "vapor_pressure": 6.471840511829209e-06, "reference_temperature": 20.0, "koc": 2788.7952265697827, "freundlich": 0.8690510843348124, "dt50": {"system": 6.0, "soil": 222.55477316003345, "surfaceWater": 6.0, "sediment": 6.0}, "plant_uptake": 0.0, "name": "Compound -2740707018382672006", "model_specific_data": {}, "metabolites": [{"formation_fraction": 0.2, "metabolite": {"molarMass": 300.0, "water_solubility": 0.036154545256577277, "vapor_pressure": 1.7525027606590685e-05, "reference_temperature": 20.0, "koc": 21.56749455859183, "freundlich": 0.7848443048124869, "dt50": {"system": 6.0, "soil": 207.45665228563155, "surfaceWater": 6.0, "sediment": 6.0}, "plant_uptake": 0.5, "name": "Compound 714099100291438421", "model_specific_data": {}, "metabolites": []}}]}}