{"gap": {"type": "relative", "arguments": {"name": "GAP -296091488377847865", "modelCrop": "WC", "rate": 250.0, "apply_every_n_years": 1, "number_of_applications": 2, "interval": 14, "model_specific_data": {}, "bbch": 31, "season": 0}}, "compound": {"molarMass": 300.0, "water_solubility": 0.6267928585920676, "vapor_pressure": 2.2993418652268773e-08, "reference_temperature": 20.0, "koc": 555.0979893701146, "freundlich": 0.9576070383921315, "dt50": {"system": 6.0, "soil": 239.92478984505797, "surfaceWater": 6.0, "sediment": 6.0}, "plant_uptake": 0.0, "name": "Compound -6299298913820122083", "model_specific_data": {}, "metabolites": [{"formation_fraction": 0.2, "metabolite": {"molarMass": 300.0, "water_solubility": 0.013071284392437684, "vapor_pressure": 2.220606657106799e-06, "reference_temperature": 20.0, "koc": 25.592056493833027, "freundlich": 1.0622025347486708, "dt50": {"system": 6.0, "soil": 122.44922562925072, "surfaceWater": 6.0, "sediment": 6.0}, "plant_uptake": 0.5, "name": "Compound -7860884197305505190", "model_specific_data": {}, "metabolites": []}}]}}