{"gap": {"type": "relative", "arguments": {"name": "GAP -296091488377847865", "modelCrop": "WC", "rate": 250.0, "apply_every_n_years": 1, "number_of_applications": 2, "interval": 14, "model_specific_data": {}, "bbch": 31, "season": 0}}, "compound": {"molarMass": 300.0, "water_solubility": 0.0025079241959620477, "vapor_pressure": 0.00024835921331368835, "reference_temperature": 20.0, "koc": 261.31626709180773, "freundlich": 0.8047350953924413, "dt50": {"system": 6.0, "soil": 144.693222290157, "surfaceWater": 6.0, "sediment": 6.0}, "plant_uptake": 0.0, "name": "Compound 8807966205008030349", "model_specific_data": {}, "metabolites": [{"formation_fraction": 0.2, "metabolite": {"molarMass": 300.0, "water_solubility": 0.057775566348359904, "vapor_pressure": 0.0013546420985173148, "reference_temperature": 20.0, "koc": 1253.1434431819066, "freundlich": 0.8353850125432254, "dt50": {"system": 6.0, "soil": 218.6259077806038, "surfaceWater": 6.0, "sediment": 6.0}, "plant_uptake": 0.5, "name": "Compound -7708401679365228580", "model_specific_data": {}, "metabolites": []}}]}}