{"gap": {"type": "relative", "arguments": {"name": "GAP -296091488377847865", "modelCrop": "WC", "rate": 250.0, "apply_every_n_years": 1, "number_of_applications": 2, "interval": 14, "model_specific_data": {}, "bbch": 31, "season": 0}}, "compound": {"molarMass": 300.0, "water_solubility": 0.0996249370803993, "vapor_pressure": 1.5981912974513862e-05, "reference_temperature": 20.0, "koc": 153.2639724528294, "freundlich": 0.8965999047403246, "dt50": {"system": 6.0, "soil": 67.8953991396493, "surfaceWater": 6.0, "sediment": 6.0}, "plant_uptake": 0.0, "name": "Compound -1309403128956423204", "model_specific_data": {}, "metabolites": [{"formation_fraction": 0.2, "metabolite": {"molarMass": 300.0, "water_solubility": 0.4730246632757766, "vapor_pressure": 1.8579792907061628e-09, "reference_temperature": 20.0, "koc": 105.38521153687584, "freundlich": 1.1002993610572025, "dt50": {"system": 6.0, "soil": 125.1210411190062, "surfaceWater": 6.0, "sediment": 6.0}, "plant_uptake": 0.5, "name": "Compound 4896397598905978348", "model_specific_data": {}, "metabolites": []}}]}}