{"gap": {"type": "relative", "arguments": {"name": "GAP -296091488377847865", "modelCrop": "WC", "rate": 250.0, "apply_every_n_years": 1, "number_of_applications": 2, "interval": 14, "model_specific_data": {}, "bbch": 31, "season": 0}}, "compound": {"molarMass": 300.0, "water_solubility": 0.0006341706298415805, "vapor_pressure": 8.149367371491092e-08, "reference_temperature": 20.0, "koc": 1933.98004538584, "freundlich": 1.193027707911138, "dt50": {"system": 6.0, "soil": 289.5876584579381, "surfaceWater": 6.0, "sediment": 6.0}, "plant_uptake": 0.0, "name": "Compound -1404777715708061087", "model_specific_data": {}, "metabolites": [{"formation_fraction": 0.2, "metabolite": {"molarMass": 300.0, "water_solubility": 0.004255372581632678, "vapor_pressure": 4.715491716327688e-07, "reference_temperature": 20.0, "koc": 13.756389148268186, "freundlich": 0.7259859723312716, "dt50": {"system": 6.0, "soil": 250.27418857255535, "surfaceWater": 6.0, "sediment": 6.0}, "plant_uptake": 0.5, "name": "Compound -8742821165509024785", "model_specific_data": {}, "metabolites": []}}]}}