{"gap": {"type": "relative", "arguments": {"name": "GAP -296091488377847865", "modelCrop": "WC", "rate": 250.0, "apply_every_n_years": 1, "number_of_applications": 2, "interval": 14, "model_specific_data": {}, "bbch": 31, "season": 0}}, "compound": {"molarMass": 300.0, "water_solubility": 0.006685317715263729, "vapor_pressure": 1.6038441182919934e-06, "reference_temperature": 20.0, "koc": 2951.636621849477, "freundlich": 1.1597357355395217, "dt50": {"system": 6.0, "soil": 119.0559393126462, "surfaceWater": 6.0, "sediment": 6.0}, "plant_uptake": 0.0, "name": "Compound -6242753273072310455", "model_specific_data": {}, "metabolites": [{"formation_fraction": 0.2, "metabolite": {"molarMass": 300.0, "water_solubility": 0.1143608052724733, "vapor_pressure": 4.55388061837607e-05, "reference_temperature": 20.0, "koc": 1259.4509327981807, "freundlich": 0.7243107764026504, "dt50": {"system": 6.0, "soil": 193.32996195861148, "surfaceWater": 6.0, "sediment": 6.0}, "plant_uptake": 0.5, "name": "Compound 214509761769111998", "model_specific_data": {}, "metabolites": []}}]}}