{"gap": {"type": "relative", "arguments": {"name": "GAP -296091488377847865", "modelCrop": "WC", "rate": 250.0, "apply_every_n_years": 1, "number_of_applications": 2, "interval": 14, "model_specific_data": {}, "bbch": 31, "season": 0}}, "compound": {"molarMass": 300.0, "water_solubility": 0.13718147782368814, "vapor_pressure": 3.169571536404188e-06, "reference_temperature": 20.0, "koc": 3805.845909419737, "freundlich": 1.0793145086269007, "dt50": {"system": 6.0, "soil": 135.33503401799874, "surfaceWater": 6.0, "sediment": 6.0}, "plant_uptake": 0.0, "name": "Compound 2394356448523473907", "model_specific_data": {}, "metabolites": [{"formation_fraction": 0.2, "metabolite": {"molarMass": 300.0, "water_solubility": 0.007676194849148506, "vapor_pressure": 7.881500539154527e-07, "reference_temperature": 20.0, "koc": 17.720680742935652, "freundlich": 0.9692232298638284, "dt50": {"system": 6.0, "soil": 136.6736200050285, "surfaceWater": 6.0, "sediment": 6.0}, "plant_uptake": 0.5, "name": "Compound -6191790124184606220", "model_specific_data": {}, "metabolites": []}}]}}