{"gap": {"type": "relative", "arguments": {"name": "GAP -296091488377847865", "modelCrop": "WC", "rate": 250.0, "apply_every_n_years": 1, "number_of_applications": 2, "interval": 14, "model_specific_data": {}, "bbch": 31, "season": 0}}, "compound": {"molarMass": 300.0, "water_solubility": 0.00813618928383638, "vapor_pressure": 5.520491674600609e-06, "reference_temperature": 20.0, "koc": 11.12685361295491, "freundlich": 1.010598390892428, "dt50": {"system": 6.0, "soil": 135.47875477493534, "surfaceWater": 6.0, "sediment": 6.0}, "plant_uptake": 0.0, "name": "Compound 3577970649159341505", "model_specific_data": {}, "metabolites": [{"formation_fraction": 0.2, "metabolite": {"molarMass": 300.0, "water_solubility": 0.07723320814011878, "vapor_pressure": 1.82367735602081e-07, "reference_temperature": 20.0, "koc": 92.46389061078844, "freundlich": 1.0563668126489942, "dt50": {"system": 6.0, "soil": 54.36926474887387, "surfaceWater": 6.0, "sediment": 6.0}, "plant_uptake": 0.5, "name": "Compound 2273827263340130964", "model_specific_data": {}, "metabolites": []}}]}}