{"gap": {"type": "relative", "arguments": {"name": "GAP -296091488377847865", "modelCrop": "WC", "rate": 250.0, "apply_every_n_years": 1, "number_of_applications": 2, "interval": 14, "model_specific_data": {}, "bbch": 31, "season": 0}}, "compound": {"molarMass": 300.0, "water_solubility": 0.0004015771543381261, "vapor_pressure": 6.223222482473929e-07, "reference_temperature": 20.0, "koc": 293.6960372283175, "freundlich": 1.0268807485356874, "dt50": {"system": 6.0, "soil": 213.95621945038098, "surfaceWater": 6.0, "sediment": 6.0}, "plant_uptake": 0.0, "name": "Compound 2733444290526197034", "model_specific_data": {}, "metabolites": [{"formation_fraction": 0.2, "metabolite": {"molarMass": 300.0, "water_solubility": 4.3516842777453855, "vapor_pressure": 2.5137429444952025e-05, "reference_temperature": 20.0, "koc": 3268.0197747526777, "freundlich": 1.0780304141606503, "dt50": {"system": 6.0, "soil": 195.7108803917081, "surfaceWater": 6.0, "sediment": 6.0}, "plant_uptake": 0.5, "name": "Compound 2951680734281747272", "model_specific_data": {}, "metabolites": []}}]}}