{"gap": {"type": "relative", "arguments": {"name": "GAP -296091488377847865", "modelCrop": "WC", "rate": 250.0, "apply_every_n_years": 1, "number_of_applications": 2, "interval": 14, "model_specific_data": {}, "bbch": 31, "season": 0}}, "compound": {"molarMass": 300.0, "water_solubility": 8.402833472629844e-05, "vapor_pressure": 9.607103467892963e-08, "reference_temperature": 20.0, "koc": 42.580743696972384, "freundlich": 1.0765531719292305, "dt50": {"system": 6.0, "soil": 105.12809323866016, "surfaceWater": 6.0, "sediment": 6.0}, "plant_uptake": 0.0, "name": "Compound -10943839492489790", "model_specific_data": {}, "metabolites": [{"formation_fraction": 0.2, "metabolite": {"molarMass": 300.0, "water_solubility": 0.0004197079087363093, "vapor_pressure": 0.0171640626521468, "reference_temperature": 20.0, "koc": 11.811419069236942, "freundlich": 0.741590447935182, "dt50": {"system": 6.0, "soil": 128.85451686684627, "surfaceWater": 6.0, "sediment": 6.0}, "plant_uptake": 0.5, "name": "Compound -7942214286401920723", "model_specific_data": {}, "metabolites": []}}]}}