{"gap": {"type": "relative", "arguments": {"name": "GAP -296091488377847865", "modelCrop": "WC", "rate": 250.0, "apply_every_n_years": 1, "number_of_applications": 2, "interval": 14, "model_specific_data": {}, "bbch": 31, "season": 0}}, "compound": {"molarMass": 300.0, "water_solubility": 0.039951304076054364, "vapor_pressure": 8.536443455564773e-08, "reference_temperature": 20.0, "koc": 151.81483174833386, "freundlich": 0.8949405312538989, "dt50": {"system": 6.0, "soil": 251.0420154242827, "surfaceWater": 6.0, "sediment": 6.0}, "plant_uptake": 0.0, "name": "Compound -8319610046106968446", "model_specific_data": {}, "metabolites": [{"formation_fraction": 0.2, "metabolite": {"molarMass": 300.0, "water_solubility": 0.0013874517982069247, "vapor_pressure": 0.0003083503478905702, "reference_temperature": 20.0, "koc": 322.13528584249417, "freundlich": 0.9458072938128743, "dt50": {"system": 6.0, "soil": 81.95607459367642, "surfaceWater": 6.0, "sediment": 6.0}, "plant_uptake": 0.5, "name": "Compound -5286820278498260563", "model_specific_data": {}, "metabolites": []}}]}}