{"gap": {"type": "relative", "arguments": {"name": "GAP -296091488377847865", "modelCrop": "WC", "rate": 250.0, "apply_every_n_years": 1, "number_of_applications": 2, "interval": 14, "model_specific_data": {}, "bbch": 31, "season": 0}}, "compound": {"molarMass": 300.0, "water_solubility": 0.00020498781961494968, "vapor_pressure": 4.037305572164274e-06, "reference_temperature": 20.0, "koc": 105.62422460043572, "freundlich": 0.7465123423218623, "dt50": {"system": 6.0, "soil": 120.98810773972876, "surfaceWater": 6.0, "sediment": 6.0}, "plant_uptake": 0.0, "name": "Compound -1568135075434977290", "model_specific_data": {}, "metabolites": [{"formation_fraction": 0.2, "metabolite": {"molarMass": 300.0, "water_solubility": 0.004210200639741294, "vapor_pressure": 0.00018758717106636072, "reference_temperature": 20.0, "koc": 2958.841735912636, "freundlich": 0.7454023444666128, "dt50": {"system": 6.0, "soil": 218.77488971774994, "surfaceWater": 6.0, "sediment": 6.0}, "plant_uptake": 0.5, "name": "Compound -4034789797474313012", "model_specific_data": {}, "metabolites": []}}]}}