{"gap": {"type": "relative", "arguments": {"name": "GAP -296091488377847865", "modelCrop": "WC", "rate": 250.0, "apply_every_n_years": 1, "number_of_applications": 2, "interval": 14, "model_specific_data": {}, "bbch": 31, "season": 0}}, "compound": {"molarMass": 300.0, "water_solubility": 1.1479985418723493, "vapor_pressure": 0.0003566140747801764, "reference_temperature": 20.0, "koc": 148.23273597818863, "freundlich": 0.7260967775946774, "dt50": {"system": 6.0, "soil": 176.53268691555542, "surfaceWater": 6.0, "sediment": 6.0}, "plant_uptake": 0.0, "name": "Compound -3504675685621581483", "model_specific_data": {}, "metabolites": [{"formation_fraction": 0.2, "metabolite": {"molarMass": 300.0, "water_solubility": 0.006687003877415164, "vapor_pressure": 8.233817104930916e-06, "reference_temperature": 20.0, "koc": 40.148700885801674, "freundlich": 1.1180797392700923, "dt50": {"system": 6.0, "soil": 200.79072173475313, "surfaceWater": 6.0, "sediment": 6.0}, "plant_uptake": 0.5, "name": "Compound 4163401206155108561", "model_specific_data": {}, "metabolites": []}}]}}