{"gap": {"type": "relative", "arguments": {"name": "GAP -296091488377847865", "modelCrop": "WC", "rate": 250.0, "apply_every_n_years": 1, "number_of_applications": 2, "interval": 14, "model_specific_data": {}, "bbch": 31, "season": 0}}, "compound": {"molarMass": 300.0, "water_solubility": 0.010960949005315685, "vapor_pressure": 4.5672014996268725e-05, "reference_temperature": 20.0, "koc": 2613.4537215292553, "freundlich": 0.748614687923411, "dt50": {"system": 6.0, "soil": 73.35374382110714, "surfaceWater": 6.0, "sediment": 6.0}, "plant_uptake": 0.0, "name": "Compound -2944291412610647193", "model_specific_data": {}, "metabolites": [{"formation_fraction": 0.2, "metabolite": {"molarMass": 300.0, "water_solubility": 0.00880450091541158, "vapor_pressure": 2.0594044198621053e-08, "reference_temperature": 20.0, "koc": 166.12946721360646, "freundlich": 0.9408887736156104, "dt50": {"system": 6.0, "soil": 49.32729748102259, "surfaceWater": 6.0, "sediment": 6.0}, "plant_uptake": 0.5, "name": "Compound -1665689313125878120", "model_specific_data": {}, "metabolites": []}}]}}