{"gap": {"type": "relative", "arguments": {"name": "GAP -296091488377847865", "modelCrop": "WC", "rate": 250.0, "apply_every_n_years": 1, "number_of_applications": 2, "interval": 14, "model_specific_data": {}, "bbch": 31, "season": 0}}, "compound": {"molarMass": 300.0, "water_solubility": 0.008643306767689842, "vapor_pressure": 1.774537054377944e-05, "reference_temperature": 20.0, "koc": 109.08970175463118, "freundlich": 1.1882660810420789, "dt50": {"system": 6.0, "soil": 67.31421504722523, "surfaceWater": 6.0, "sediment": 6.0}, "plant_uptake": 0.0, "name": "Compound -2997781329072256563", "model_specific_data": {}, "metabolites": [{"formation_fraction": 0.2, "metabolite": {"molarMass": 300.0, "water_solubility": 0.27799013140260165, "vapor_pressure": 4.744477635157558e-07, "reference_temperature": 20.0, "koc": 4283.671526792104, "freundlich": 0.843467098554004, "dt50": {"system": 6.0, "soil": 91.185802480022, "surfaceWater": 6.0, "sediment": 6.0}, "plant_uptake": 0.5, "name": "Compound 3446802426690366414", "model_specific_data": {}, "metabolites": []}}]}}