{"gap": {"type": "relative", "arguments": {"name": "GAP -296091488377847865", "modelCrop": "WC", "rate": 250.0, "apply_every_n_years": 1, "number_of_applications": 2, "interval": 14, "model_specific_data": {}, "bbch": 31, "season": 0}}, "compound": {"molarMass": 300.0, "water_solubility": 0.035667203632553476, "vapor_pressure": 4.5309649056465356e-06, "reference_temperature": 20.0, "koc": 1681.419532121505, "freundlich": 0.8126741907183475, "dt50": {"system": 6.0, "soil": 192.6424322751092, "surfaceWater": 6.0, "sediment": 6.0}, "plant_uptake": 0.0, "name": "Compound 1003555966270847841", "model_specific_data": {}, "metabolites": [{"formation_fraction": 0.2, "metabolite": {"molarMass": 300.0, "water_solubility": 0.08211247128964126, "vapor_pressure": 6.69709285345781e-07, "reference_temperature": 20.0, "koc": 233.80146961791394, "freundlich": 0.8691889295321584, "dt50": {"system": 6.0, "soil": 73.35459332149989, "surfaceWater": 6.0, "sediment": 6.0}, "plant_uptake": 0.5, "name": "Compound -7677567806946307739", "model_specific_data": {}, "metabolites": []}}]}}