{"gap": {"type": "relative", "arguments": {"name": "GAP -296091488377847865", "modelCrop": "WC", "rate": 250.0, "apply_every_n_years": 1, "number_of_applications": 2, "interval": 14, "model_specific_data": {}, "bbch": 31, "season": 0}}, "compound": {"molarMass": 300.0, "water_solubility": 0.023788321109071222, "vapor_pressure": 4.863881716995138e-07, "reference_temperature": 20.0, "koc": 2900.032569341127, "freundlich": 0.7738989361543823, "dt50": {"system": 6.0, "soil": 168.251840732335, "surfaceWater": 6.0, "sediment": 6.0}, "plant_uptake": 0.0, "name": "Compound -8479170233702452946", "model_specific_data": {}, "metabolites": [{"formation_fraction": 0.2, "metabolite": {"molarMass": 300.0, "water_solubility": 0.056126533527923426, "vapor_pressure": 0.0012482778046543797, "reference_temperature": 20.0, "koc": 130.88346595394998, "freundlich": 0.9013753313907734, "dt50": {"system": 6.0, "soil": 110.25380146841754, "surfaceWater": 6.0, "sediment": 6.0}, "plant_uptake": 0.5, "name": "Compound 4509023611006318991", "model_specific_data": {}, "metabolites": []}}]}}