{"gap": {"type": "relative", "arguments": {"name": "GAP -296091488377847865", "modelCrop": "WC", "rate": 250.0, "apply_every_n_years": 1, "number_of_applications": 2, "interval": 14, "model_specific_data": {}, "bbch": 31, "season": 0}}, "compound": {"molarMass": 300.0, "water_solubility": 0.016819064758521518, "vapor_pressure": 5.673521603896653e-07, "reference_temperature": 20.0, "koc": 247.65236710173687, "freundlich": 1.017141617994546, "dt50": {"system": 6.0, "soil": 13.893529501984519, "surfaceWater": 6.0, "sediment": 6.0}, "plant_uptake": 0.0, "name": "Compound 4978792083726871868", "model_specific_data": {}, "metabolites": [{"formation_fraction": 0.2, "metabolite": {"molarMass": 300.0, "water_solubility": 0.2595820694774103, "vapor_pressure": 1.4686835096638852e-06, "reference_temperature": 20.0, "koc": 3358.3823785871136, "freundlich": 1.0544271898905977, "dt50": {"system": 6.0, "soil": 100.08786961663269, "surfaceWater": 6.0, "sediment": 6.0}, "plant_uptake": 0.5, "name": "Compound -2034753653448079387", "model_specific_data": {}, "metabolites": []}}]}}