{"gap": {"type": "relative", "arguments": {"name": "GAP -296091488377847865", "modelCrop": "WC", "rate": 250.0, "apply_every_n_years": 1, "number_of_applications": 2, "interval": 14, "model_specific_data": {}, "bbch": 31, "season": 0}}, "compound": {"molarMass": 300.0, "water_solubility": 0.0003001242485117572, "vapor_pressure": 0.32745025253372506, "reference_temperature": 20.0, "koc": 248.60885444338382, "freundlich": 1.177626134978365, "dt50": {"system": 6.0, "soil": 64.83174296194977, "surfaceWater": 6.0, "sediment": 6.0}, "plant_uptake": 0.0, "name": "Compound -9048040298059588695", "model_specific_data": {}, "metabolites": [{"formation_fraction": 0.2, "metabolite": {"molarMass": 300.0, "water_solubility": 0.0006762306460611582, "vapor_pressure": 2.520748594580369e-05, "reference_temperature": 20.0, "koc": 11.772550589860625, "freundlich": 0.8423851586834032, "dt50": {"system": 6.0, "soil": 42.28924027720646, "surfaceWater": 6.0, "sediment": 6.0}, "plant_uptake": 0.5, "name": "Compound -212540539364851988", "model_specific_data": {}, "metabolites": []}}]}}