{"gap": {"type": "relative", "arguments": {"name": "GAP -296091488377847865", "modelCrop": "WC", "rate": 250.0, "apply_every_n_years": 1, "number_of_applications": 2, "interval": 14, "model_specific_data": {}, "bbch": 31, "season": 0}}, "compound": {"molarMass": 300.0, "water_solubility": 0.00022530572116414874, "vapor_pressure": 0.00024679629051904505, "reference_temperature": 20.0, "koc": 2060.587538218958, "freundlich": 0.7741319561577018, "dt50": {"system": 6.0, "soil": 232.22246967589055, "surfaceWater": 6.0, "sediment": 6.0}, "plant_uptake": 0.0, "name": "Compound -4697157055165184408", "model_specific_data": {}, "metabolites": [{"formation_fraction": 0.2, "metabolite": {"molarMass": 300.0, "water_solubility": 0.005822915657860241, "vapor_pressure": 6.226316534830458e-07, "reference_temperature": 20.0, "koc": 44.947008952784394, "freundlich": 0.9276877759248237, "dt50": {"system": 6.0, "soil": 181.185184684234, "surfaceWater": 6.0, "sediment": 6.0}, "plant_uptake": 0.5, "name": "Compound 4405415399208851873", "model_specific_data": {}, "metabolites": []}}]}}