{"gap": {"type": "relative", "arguments": {"name": "GAP -296091488377847865", "modelCrop": "WC", "rate": 250.0, "apply_every_n_years": 1, "number_of_applications": 2, "interval": 14, "model_specific_data": {}, "bbch": 31, "season": 0}}, "compound": {"molarMass": 300.0, "water_solubility": 0.005164970574098514, "vapor_pressure": 5.7068250935965986e-08, "reference_temperature": 20.0, "koc": 3597.027967907721, "freundlich": 1.1227909339331912, "dt50": {"system": 6.0, "soil": 292.7638708741894, "surfaceWater": 6.0, "sediment": 6.0}, "plant_uptake": 0.0, "name": "Compound -2678238420550278712", "model_specific_data": {}, "metabolites": [{"formation_fraction": 0.2, "metabolite": {"molarMass": 300.0, "water_solubility": 0.016508161152749546, "vapor_pressure": 2.9190908361205275e-05, "reference_temperature": 20.0, "koc": 4085.382827080089, "freundlich": 0.7681273734233881, "dt50": {"system": 6.0, "soil": 204.31881671002205, "surfaceWater": 6.0, "sediment": 6.0}, "plant_uptake": 0.5, "name": "Compound -1012837722462270482", "model_specific_data": {}, "metabolites": []}}]}}