{"gap": {"type": "relative", "arguments": {"name": "GAP -296091488377847865", "modelCrop": "WC", "rate": 250.0, "apply_every_n_years": 1, "number_of_applications": 2, "interval": 14, "model_specific_data": {}, "bbch": 31, "season": 0}}, "compound": {"molarMass": 300.0, "water_solubility": 0.41054731793867233, "vapor_pressure": 1.0693568791526229e-05, "reference_temperature": 20.0, "koc": 315.66198335998934, "freundlich": 0.7313587086135624, "dt50": {"system": 6.0, "soil": 87.62660173317926, "surfaceWater": 6.0, "sediment": 6.0}, "plant_uptake": 0.0, "name": "Compound 2692405210184886982", "model_specific_data": {}, "metabolites": [{"formation_fraction": 0.2, "metabolite": {"molarMass": 300.0, "water_solubility": 0.003974298609843864, "vapor_pressure": 6.565322399995627e-05, "reference_temperature": 20.0, "koc": 439.15649385745775, "freundlich": 1.1308646936220992, "dt50": {"system": 6.0, "soil": 188.38896659874484, "surfaceWater": 6.0, "sediment": 6.0}, "plant_uptake": 0.5, "name": "Compound -4426840516538957958", "model_specific_data": {}, "metabolites": []}}]}}