{"gap": {"type": "relative", "arguments": {"name": "GAP -296091488377847865", "modelCrop": "WC", "rate": 250.0, "apply_every_n_years": 1, "number_of_applications": 2, "interval": 14, "model_specific_data": {}, "bbch": 31, "season": 0}}, "compound": {"molarMass": 300.0, "water_solubility": 0.011523229760800033, "vapor_pressure": 4.774458662787525e-05, "reference_temperature": 20.0, "koc": 1849.4596378989663, "freundlich": 1.0668294684977577, "dt50": {"system": 6.0, "soil": 255.86960862010545, "surfaceWater": 6.0, "sediment": 6.0}, "plant_uptake": 0.0, "name": "Compound -7644999744141935541", "model_specific_data": {}, "metabolites": [{"formation_fraction": 0.2, "metabolite": {"molarMass": 300.0, "water_solubility": 0.0002625533298051714, "vapor_pressure": 0.00023411094808578134, "reference_temperature": 20.0, "koc": 10.35890533695541, "freundlich": 0.8036954033827594, "dt50": {"system": 6.0, "soil": 71.0167757258865, "surfaceWater": 6.0, "sediment": 6.0}, "plant_uptake": 0.5, "name": "Compound -1864360217279092175", "model_specific_data": {}, "metabolites": []}}]}}