{"gap": {"type": "relative", "arguments": {"name": "GAP -296091488377847865", "modelCrop": "WC", "rate": 250.0, "apply_every_n_years": 1, "number_of_applications": 2, "interval": 14, "model_specific_data": {}, "bbch": 31, "season": 0}}, "compound": {"molarMass": 300.0, "water_solubility": 0.026042704499145853, "vapor_pressure": 3.187490411030269e-05, "reference_temperature": 20.0, "koc": 1551.6975360811225, "freundlich": 0.8730068711687782, "dt50": {"system": 6.0, "soil": 92.50644638830177, "surfaceWater": 6.0, "sediment": 6.0}, "plant_uptake": 0.0, "name": "Compound -3468811459430757147", "model_specific_data": {}, "metabolites": [{"formation_fraction": 0.2, "metabolite": {"molarMass": 300.0, "water_solubility": 0.1590979662753583, "vapor_pressure": 7.534649769806367e-06, "reference_temperature": 20.0, "koc": 56.99921988466988, "freundlich": 0.7903455216684192, "dt50": {"system": 6.0, "soil": 114.31695943408276, "surfaceWater": 6.0, "sediment": 6.0}, "plant_uptake": 0.5, "name": "Compound -3674856372946940858", "model_specific_data": {}, "metabolites": []}}]}}