{"gap": {"type": "relative", "arguments": {"name": "GAP -296091488377847865", "modelCrop": "WC", "rate": 250.0, "apply_every_n_years": 1, "number_of_applications": 2, "interval": 14, "model_specific_data": {}, "bbch": 31, "season": 0}}, "compound": {"molarMass": 300.0, "water_solubility": 0.005535222266431821, "vapor_pressure": 1.601192854493609e-07, "reference_temperature": 20.0, "koc": 109.31578543780101, "freundlich": 0.7559652670967338, "dt50": {"system": 6.0, "soil": 178.66130920262805, "surfaceWater": 6.0, "sediment": 6.0}, "plant_uptake": 0.0, "name": "Compound -6734611508667712924", "model_specific_data": {}, "metabolites": [{"formation_fraction": 0.2, "metabolite": {"molarMass": 300.0, "water_solubility": 0.00041049220809384005, "vapor_pressure": 9.898931028922023e-07, "reference_temperature": 20.0, "koc": 13.87706395731475, "freundlich": 0.774551645320417, "dt50": {"system": 6.0, "soil": 32.97884456498363, "surfaceWater": 6.0, "sediment": 6.0}, "plant_uptake": 0.5, "name": "Compound 6524407804776662786", "model_specific_data": {}, "metabolites": []}}]}}