{"gap": {"type": "relative", "arguments": {"name": "GAP -296091488377847865", "modelCrop": "WC", "rate": 250.0, "apply_every_n_years": 1, "number_of_applications": 2, "interval": 14, "model_specific_data": {}, "bbch": 31, "season": 0}}, "compound": {"molarMass": 300.0, "water_solubility": 0.00994418226338766, "vapor_pressure": 5.205341802788979e-07, "reference_temperature": 20.0, "koc": 15.61686691655918, "freundlich": 0.9251720001001019, "dt50": {"system": 6.0, "soil": 43.39420317626241, "surfaceWater": 6.0, "sediment": 6.0}, "plant_uptake": 0.0, "name": "Compound -2077288359159718614", "model_specific_data": {}, "metabolites": [{"formation_fraction": 0.2, "metabolite": {"molarMass": 300.0, "water_solubility": 0.0027113662676602397, "vapor_pressure": 1.0133555525482866e-06, "reference_temperature": 20.0, "koc": 2244.3447994714884, "freundlich": 0.9517599374647963, "dt50": {"system": 6.0, "soil": 213.49531652047796, "surfaceWater": 6.0, "sediment": 6.0}, "plant_uptake": 0.5, "name": "Compound -5608960225112931420", "model_specific_data": {}, "metabolites": []}}]}}