{"gap": {"type": "relative", "arguments": {"name": "GAP -296091488377847865", "modelCrop": "WC", "rate": 250.0, "apply_every_n_years": 1, "number_of_applications": 2, "interval": 14, "model_specific_data": {}, "bbch": 31, "season": 0}}, "compound": {"molarMass": 300.0, "water_solubility": 1.1890749809548444, "vapor_pressure": 3.366654266827366e-05, "reference_temperature": 20.0, "koc": 266.0625148011915, "freundlich": 0.8045782215208075, "dt50": {"system": 6.0, "soil": 51.645063424563205, "surfaceWater": 6.0, "sediment": 6.0}, "plant_uptake": 0.0, "name": "Compound -678255247892232488", "model_specific_data": {}, "metabolites": [{"formation_fraction": 0.2, "metabolite": {"molarMass": 300.0, "water_solubility": 0.3341142011985694, "vapor_pressure": 0.0010454213523523712, "reference_temperature": 20.0, "koc": 582.4868554876856, "freundlich": 0.905259903726775, "dt50": {"system": 6.0, "soil": 73.16667730191334, "surfaceWater": 6.0, "sediment": 6.0}, "plant_uptake": 0.5, "name": "Compound 8493246567235315099", "model_specific_data": {}, "metabolites": []}}]}}