{"gap": {"type": "relative", "arguments": {"name": "GAP -296091488377847865", "modelCrop": "WC", "rate": 250.0, "apply_every_n_years": 1, "number_of_applications": 2, "interval": 14, "model_specific_data": {}, "bbch": 31, "season": 0}}, "compound": {"molarMass": 300.0, "water_solubility": 0.008160993554879356, "vapor_pressure": 8.300220645724806e-08, "reference_temperature": 20.0, "koc": 19.16089444020211, "freundlich": 1.0991296756554192, "dt50": {"system": 6.0, "soil": 262.3026357665026, "surfaceWater": 6.0, "sediment": 6.0}, "plant_uptake": 0.0, "name": "Compound -4299630557692797399", "model_specific_data": {}, "metabolites": [{"formation_fraction": 0.2, "metabolite": {"molarMass": 300.0, "water_solubility": 0.009705247062842823, "vapor_pressure": 0.00019575532527846252, "reference_temperature": 20.0, "koc": 161.31871002774525, "freundlich": 0.857164733525637, "dt50": {"system": 6.0, "soil": 296.09997665079123, "surfaceWater": 6.0, "sediment": 6.0}, "plant_uptake": 0.5, "name": "Compound -2761634452323929285", "model_specific_data": {}, "metabolites": []}}]}}