{"gap": {"type": "relative", "arguments": {"name": "GAP -296091488377847865", "modelCrop": "WC", "rate": 250.0, "apply_every_n_years": 1, "number_of_applications": 2, "interval": 14, "model_specific_data": {}, "bbch": 31, "season": 0}}, "compound": {"molarMass": 300.0, "water_solubility": 0.011295063443661336, "vapor_pressure": 7.961902370119852e-06, "reference_temperature": 20.0, "koc": 40.35731172915605, "freundlich": 1.1244417209130575, "dt50": {"system": 6.0, "soil": 265.5304470401528, "surfaceWater": 6.0, "sediment": 6.0}, "plant_uptake": 0.0, "name": "Compound 4672896602695736107", "model_specific_data": {}, "metabolites": [{"formation_fraction": 0.2, "metabolite": {"molarMass": 300.0, "water_solubility": 0.002760620928593675, "vapor_pressure": 3.8438729571153335e-06, "reference_temperature": 20.0, "koc": 47.6796610530298, "freundlich": 0.7718625756846438, "dt50": {"system": 6.0, "soil": 298.4313959304291, "surfaceWater": 6.0, "sediment": 6.0}, "plant_uptake": 0.5, "name": "Compound 3600269334069188955", "model_specific_data": {}, "metabolites": []}}]}}