{"gap": {"type": "relative", "arguments": {"name": "GAP -296091488377847865", "modelCrop": "WC", "rate": 250.0, "apply_every_n_years": 1, "number_of_applications": 2, "interval": 14, "model_specific_data": {}, "bbch": 31, "season": 0}}, "compound": {"molarMass": 300.0, "water_solubility": 0.014302169105724167, "vapor_pressure": 1.5430544933420635e-06, "reference_temperature": 20.0, "koc": 65.55618467402269, "freundlich": 1.157798109413399, "dt50": {"system": 6.0, "soil": 268.81735548137357, "surfaceWater": 6.0, "sediment": 6.0}, "plant_uptake": 0.0, "name": "Compound -8852576922960246403", "model_specific_data": {}, "metabolites": [{"formation_fraction": 0.2, "metabolite": {"molarMass": 300.0, "water_solubility": 0.001112707635303982, "vapor_pressure": 2.62702515958425e-07, "reference_temperature": 20.0, "koc": 442.68102599845156, "freundlich": 1.1236782374310208, "dt50": {"system": 6.0, "soil": 195.61466602526423, "surfaceWater": 6.0, "sediment": 6.0}, "plant_uptake": 0.5, "name": "Compound -1455257482134829609", "model_specific_data": {}, "metabolites": []}}]}}