{"gap": {"type": "relative", "arguments": {"name": "GAP -296091488377847865", "modelCrop": "WC", "rate": 250.0, "apply_every_n_years": 1, "number_of_applications": 2, "interval": 14, "model_specific_data": {}, "bbch": 31, "season": 0}}, "compound": {"molarMass": 300.0, "water_solubility": 0.008744090377722486, "vapor_pressure": 1.3919915883481044e-06, "reference_temperature": 20.0, "koc": 2611.8857017778573, "freundlich": 0.9227610305837071, "dt50": {"system": 6.0, "soil": 72.3700203679524, "surfaceWater": 6.0, "sediment": 6.0}, "plant_uptake": 0.0, "name": "Compound 4782773209716636345", "model_specific_data": {}, "metabolites": [{"formation_fraction": 0.2, "metabolite": {"molarMass": 300.0, "water_solubility": 0.0025521378948649195, "vapor_pressure": 2.973021382255839e-07, "reference_temperature": 20.0, "koc": 137.1852399550525, "freundlich": 1.013556891179528, "dt50": {"system": 6.0, "soil": 40.25066046343624, "surfaceWater": 6.0, "sediment": 6.0}, "plant_uptake": 0.5, "name": "Compound -4599500318166710644", "model_specific_data": {}, "metabolites": []}}]}}