{"gap": {"type": "relative", "arguments": {"name": "GAP -296091488377847865", "modelCrop": "WC", "rate": 250.0, "apply_every_n_years": 1, "number_of_applications": 2, "interval": 14, "model_specific_data": {}, "bbch": 31, "season": 0}}, "compound": {"molarMass": 300.0, "water_solubility": 0.013376057890468602, "vapor_pressure": 1.2749782762927957e-07, "reference_temperature": 20.0, "koc": 100.13590537761519, "freundlich": 1.0360725384276415, "dt50": {"system": 6.0, "soil": 247.21822411992142, "surfaceWater": 6.0, "sediment": 6.0}, "plant_uptake": 0.0, "name": "Compound 8257534490880491517", "model_specific_data": {}, "metabolites": [{"formation_fraction": 0.2, "metabolite": {"molarMass": 300.0, "water_solubility": 0.009198172345520703, "vapor_pressure": 0.2874314238404524, "reference_temperature": 20.0, "koc": 4194.284281850429, "freundlich": 1.1116073686520844, "dt50": {"system": 6.0, "soil": 81.60116308749951, "surfaceWater": 6.0, "sediment": 6.0}, "plant_uptake": 0.5, "name": "Compound 8880544642703511305", "model_specific_data": {}, "metabolites": []}}]}}