{"gap": {"type": "relative", "arguments": {"name": "GAP -296091488377847865", "modelCrop": "WC", "rate": 250.0, "apply_every_n_years": 1, "number_of_applications": 2, "interval": 14, "model_specific_data": {}, "bbch": 31, "season": 0}}, "compound": {"molarMass": 300.0, "water_solubility": 0.06294787728376637, "vapor_pressure": 0.0001250102703013885, "reference_temperature": 20.0, "koc": 87.26895999641877, "freundlich": 1.0987609516820154, "dt50": {"system": 6.0, "soil": 28.564740126349637, "surfaceWater": 6.0, "sediment": 6.0}, "plant_uptake": 0.0, "name": "Compound -54831466404620779", "model_specific_data": {}, "metabolites": [{"formation_fraction": 0.2, "metabolite": {"molarMass": 300.0, "water_solubility": 0.03233385430218021, "vapor_pressure": 1.631391913248156e-06, "reference_temperature": 20.0, "koc": 25.81811338478106, "freundlich": 0.7541098171456803, "dt50": {"system": 6.0, "soil": 184.27709235447347, "surfaceWater": 6.0, "sediment": 6.0}, "plant_uptake": 0.5, "name": "Compound 4068488851439460243", "model_specific_data": {}, "metabolites": []}}]}}