{"gap": {"type": "relative", "arguments": {"name": "GAP -296091488377847865", "modelCrop": "WC", "rate": 250.0, "apply_every_n_years": 1, "number_of_applications": 2, "interval": 14, "model_specific_data": {}, "bbch": 31, "season": 0}}, "compound": {"molarMass": 300.0, "water_solubility": 0.00025821585517594786, "vapor_pressure": 0.002035121114652506, "reference_temperature": 20.0, "koc": 36.20717387976546, "freundlich": 1.1871179354250359, "dt50": {"system": 6.0, "soil": 230.98975899172953, "surfaceWater": 6.0, "sediment": 6.0}, "plant_uptake": 0.0, "name": "Compound 8037893585250622535", "model_specific_data": {}, "metabolites": [{"formation_fraction": 0.2, "metabolite": {"molarMass": 300.0, "water_solubility": 0.009452998093721807, "vapor_pressure": 2.975630977029056e-05, "reference_temperature": 20.0, "koc": 33.373490485141794, "freundlich": 0.9008927027240039, "dt50": {"system": 6.0, "soil": 61.89688522723386, "surfaceWater": 6.0, "sediment": 6.0}, "plant_uptake": 0.5, "name": "Compound 3035377249531903136", "model_specific_data": {}, "metabolites": []}}]}}