{"gap": {"type": "relative", "arguments": {"name": "GAP -296091488377847865", "modelCrop": "WC", "rate": 250.0, "apply_every_n_years": 1, "number_of_applications": 2, "interval": 14, "model_specific_data": {}, "bbch": 31, "season": 0}}, "compound": {"molarMass": 300.0, "water_solubility": 0.0008534806958463942, "vapor_pressure": 2.0189590455933727e-07, "reference_temperature": 20.0, "koc": 451.1016479425893, "freundlich": 0.8068176662944988, "dt50": {"system": 6.0, "soil": 172.57574186233867, "surfaceWater": 6.0, "sediment": 6.0}, "plant_uptake": 0.0, "name": "Compound 7376117233042117625", "model_specific_data": {}, "metabolites": [{"formation_fraction": 0.2, "metabolite": {"molarMass": 300.0, "water_solubility": 0.036199545972753266, "vapor_pressure": 0.000135604886654922, "reference_temperature": 20.0, "koc": 80.81454100848389, "freundlich": 0.9442538604912358, "dt50": {"system": 6.0, "soil": 122.27652847471096, "surfaceWater": 6.0, "sediment": 6.0}, "plant_uptake": 0.5, "name": "Compound 8763609390419611552", "model_specific_data": {}, "metabolites": []}}]}}