{"gap": {"type": "relative", "arguments": {"name": "GAP -296091488377847865", "modelCrop": "WC", "rate": 250.0, "apply_every_n_years": 1, "number_of_applications": 2, "interval": 14, "model_specific_data": {}, "bbch": 31, "season": 0}}, "compound": {"molarMass": 300.0, "water_solubility": 0.002079666827413923, "vapor_pressure": 1.0161336722932581e-07, "reference_temperature": 20.0, "koc": 12.934777104288345, "freundlich": 0.8306085529204119, "dt50": {"system": 6.0, "soil": 229.0295364041304, "surfaceWater": 6.0, "sediment": 6.0}, "plant_uptake": 0.0, "name": "Compound -1054870530229136634", "model_specific_data": {}, "metabolites": [{"formation_fraction": 0.2, "metabolite": {"molarMass": 300.0, "water_solubility": 0.0027958851021281147, "vapor_pressure": 0.003981248497300312, "reference_temperature": 20.0, "koc": 482.91479697648674, "freundlich": 1.1119461007861846, "dt50": {"system": 6.0, "soil": 55.67867319525143, "surfaceWater": 6.0, "sediment": 6.0}, "plant_uptake": 0.5, "name": "Compound 460957326598476395", "model_specific_data": {}, "metabolites": []}}]}}