{"gap": {"type": "relative", "arguments": {"name": "GAP -296091488377847865", "modelCrop": "WC", "rate": 250.0, "apply_every_n_years": 1, "number_of_applications": 2, "interval": 14, "model_specific_data": {}, "bbch": 31, "season": 0}}, "compound": {"molarMass": 300.0, "water_solubility": 0.1506897054918922, "vapor_pressure": 0.001001396043674053, "reference_temperature": 20.0, "koc": 89.09855750615645, "freundlich": 0.8553486146836322, "dt50": {"system": 6.0, "soil": 219.51569182247405, "surfaceWater": 6.0, "sediment": 6.0}, "plant_uptake": 0.0, "name": "Compound 1180497667238324634", "model_specific_data": {}, "metabolites": [{"formation_fraction": 0.2, "metabolite": {"molarMass": 300.0, "water_solubility": 0.0036928215386357807, "vapor_pressure": 1.3410910565414107e-06, "reference_temperature": 20.0, "koc": 731.4049978707684, "freundlich": 1.1344457829405277, "dt50": {"system": 6.0, "soil": 260.45103227618466, "surfaceWater": 6.0, "sediment": 6.0}, "plant_uptake": 0.5, "name": "Compound -1275757726792598232", "model_specific_data": {}, "metabolites": []}}]}}