{"gap": {"type": "relative", "arguments": {"name": "GAP -296091488377847865", "modelCrop": "WC", "rate": 250.0, "apply_every_n_years": 1, "number_of_applications": 2, "interval": 14, "model_specific_data": {}, "bbch": 31, "season": 0}}, "compound": {"molarMass": 300.0, "water_solubility": 0.012851722716599403, "vapor_pressure": 1.5562916870412262e-06, "reference_temperature": 20.0, "koc": 373.71312208858535, "freundlich": 0.8292299647323098, "dt50": {"system": 6.0, "soil": 241.4625936472528, "surfaceWater": 6.0, "sediment": 6.0}, "plant_uptake": 0.0, "name": "Compound 3172808444737503224", "model_specific_data": {}, "metabolites": [{"formation_fraction": 0.2, "metabolite": {"molarMass": 300.0, "water_solubility": 0.0001978310183633512, "vapor_pressure": 0.00021332268006977415, "reference_temperature": 20.0, "koc": 1549.594362748405, "freundlich": 0.7863882028720016, "dt50": {"system": 6.0, "soil": 50.540522316671534, "surfaceWater": 6.0, "sediment": 6.0}, "plant_uptake": 0.5, "name": "Compound -3595819270099631135", "model_specific_data": {}, "metabolites": []}}]}}