{"gap": {"type": "relative", "arguments": {"name": "GAP -296091488377847865", "modelCrop": "WC", "rate": 250.0, "apply_every_n_years": 1, "number_of_applications": 2, "interval": 14, "model_specific_data": {}, "bbch": 31, "season": 0}}, "compound": {"molarMass": 300.0, "water_solubility": 0.0012109733412874052, "vapor_pressure": 6.940560990578463e-05, "reference_temperature": 20.0, "koc": 1462.7647326745014, "freundlich": 0.8636958628087401, "dt50": {"system": 6.0, "soil": 18.389714283807066, "surfaceWater": 6.0, "sediment": 6.0}, "plant_uptake": 0.0, "name": "Compound 4525336864157501409", "model_specific_data": {}, "metabolites": [{"formation_fraction": 0.2, "metabolite": {"molarMass": 300.0, "water_solubility": 0.000620448598008017, "vapor_pressure": 0.0001827227728695586, "reference_temperature": 20.0, "koc": 12.935104396857115, "freundlich": 0.7515967661851327, "dt50": {"system": 6.0, "soil": 234.50443777139267, "surfaceWater": 6.0, "sediment": 6.0}, "plant_uptake": 0.5, "name": "Compound 6009260431451423227", "model_specific_data": {}, "metabolites": []}}]}}