{"gap": {"type": "relative", "arguments": {"name": "GAP -296091488377847865", "modelCrop": "WC", "rate": 250.0, "apply_every_n_years": 1, "number_of_applications": 2, "interval": 14, "model_specific_data": {}, "bbch": 31, "season": 0}}, "compound": {"molarMass": 300.0, "water_solubility": 0.002558687521814857, "vapor_pressure": 1.2435174586890927e-06, "reference_temperature": 20.0, "koc": 568.134689615268, "freundlich": 1.0186405184058729, "dt50": {"system": 6.0, "soil": 154.63168349840572, "surfaceWater": 6.0, "sediment": 6.0}, "plant_uptake": 0.0, "name": "Compound 3236071493318295569", "model_specific_data": {}, "metabolites": [{"formation_fraction": 0.2, "metabolite": {"molarMass": 300.0, "water_solubility": 0.0032224778313265103, "vapor_pressure": 7.506828931369669e-09, "reference_temperature": 20.0, "koc": 1038.9761283922567, "freundlich": 0.7148091355800219, "dt50": {"system": 6.0, "soil": 284.57248181651954, "surfaceWater": 6.0, "sediment": 6.0}, "plant_uptake": 0.5, "name": "Compound -6091151390003158978", "model_specific_data": {}, "metabolites": []}}]}}