{"gap": {"type": "relative", "arguments": {"name": "GAP -296091488377847865", "modelCrop": "WC", "rate": 250.0, "apply_every_n_years": 1, "number_of_applications": 2, "interval": 14, "model_specific_data": {}, "bbch": 31, "season": 0}}, "compound": {"molarMass": 300.0, "water_solubility": 0.009440186695519302, "vapor_pressure": 0.014782281868181125, "reference_temperature": 20.0, "koc": 206.57089408000132, "freundlich": 1.1714655209151663, "dt50": {"system": 6.0, "soil": 272.821420564863, "surfaceWater": 6.0, "sediment": 6.0}, "plant_uptake": 0.0, "name": "Compound -1391488748630938063", "model_specific_data": {}, "metabolites": [{"formation_fraction": 0.2, "metabolite": {"molarMass": 300.0, "water_solubility": 0.02302140918961538, "vapor_pressure": 1.9087962032724996e-05, "reference_temperature": 20.0, "koc": 91.53722854068148, "freundlich": 0.8779292910658104, "dt50": {"system": 6.0, "soil": 223.16723113563975, "surfaceWater": 6.0, "sediment": 6.0}, "plant_uptake": 0.5, "name": "Compound -410861760092292114", "model_specific_data": {}, "metabolites": []}}]}}