{"gap": {"type": "relative", "arguments": {"name": "GAP -296091488377847865", "modelCrop": "WC", "rate": 250.0, "apply_every_n_years": 1, "number_of_applications": 2, "interval": 14, "model_specific_data": {}, "bbch": 31, "season": 0}}, "compound": {"molarMass": 300.0, "water_solubility": 0.0017257926409197126, "vapor_pressure": 1.0754526036845232e-08, "reference_temperature": 20.0, "koc": 1727.7237312518844, "freundlich": 0.9483386388944949, "dt50": {"system": 6.0, "soil": 46.4802990198995, "surfaceWater": 6.0, "sediment": 6.0}, "plant_uptake": 0.0, "name": "Compound 7024156886735098035", "model_specific_data": {}, "metabolites": [{"formation_fraction": 0.2, "metabolite": {"molarMass": 300.0, "water_solubility": 0.001555859267020935, "vapor_pressure": 2.032391513157134e-06, "reference_temperature": 20.0, "koc": 139.22128950736078, "freundlich": 0.8135245283952448, "dt50": {"system": 6.0, "soil": 108.5110107695987, "surfaceWater": 6.0, "sediment": 6.0}, "plant_uptake": 0.5, "name": "Compound -2984491709492160377", "model_specific_data": {}, "metabolites": []}}]}}