{"gap": {"type": "relative", "arguments": {"name": "GAP -296091488377847865", "modelCrop": "WC", "rate": 250.0, "apply_every_n_years": 1, "number_of_applications": 2, "interval": 14, "model_specific_data": {}, "bbch": 31, "season": 0}}, "compound": {"molarMass": 300.0, "water_solubility": 0.0328685357122898, "vapor_pressure": 7.265489787994409e-05, "reference_temperature": 20.0, "koc": 37.609906846907435, "freundlich": 0.8411442058551009, "dt50": {"system": 6.0, "soil": 249.83888615246127, "surfaceWater": 6.0, "sediment": 6.0}, "plant_uptake": 0.0, "name": "Compound 7035306107491978033", "model_specific_data": {}, "metabolites": [{"formation_fraction": 0.2, "metabolite": {"molarMass": 300.0, "water_solubility": 0.00450666095545092, "vapor_pressure": 2.7744779876170505e-06, "reference_temperature": 20.0, "koc": 859.2464509486929, "freundlich": 0.7677217421349447, "dt50": {"system": 6.0, "soil": 124.02806139854101, "surfaceWater": 6.0, "sediment": 6.0}, "plant_uptake": 0.5, "name": "Compound -5100075896766232752", "model_specific_data": {}, "metabolites": []}}]}}