{"gap": {"type": "relative", "arguments": {"name": "GAP -296091488377847865", "modelCrop": "WC", "rate": 250.0, "apply_every_n_years": 1, "number_of_applications": 2, "interval": 14, "model_specific_data": {}, "bbch": 31, "season": 0}}, "compound": {"molarMass": 300.0, "water_solubility": 0.0060692924142898555, "vapor_pressure": 9.525769295969206e-05, "reference_temperature": 20.0, "koc": 11.158630888253235, "freundlich": 0.8313937276783767, "dt50": {"system": 6.0, "soil": 256.74796544190536, "surfaceWater": 6.0, "sediment": 6.0}, "plant_uptake": 0.0, "name": "Compound -1042230401482225188", "model_specific_data": {}, "metabolites": [{"formation_fraction": 0.2, "metabolite": {"molarMass": 300.0, "water_solubility": 0.029417802227839268, "vapor_pressure": 2.8961718026488636e-06, "reference_temperature": 20.0, "koc": 42.28420448522562, "freundlich": 0.915671334397482, "dt50": {"system": 6.0, "soil": 63.14667590913209, "surfaceWater": 6.0, "sediment": 6.0}, "plant_uptake": 0.5, "name": "Compound -8509023604633648605", "model_specific_data": {}, "metabolites": []}}]}}