{"gap": {"type": "relative", "arguments": {"name": "GAP -296091488377847865", "modelCrop": "WC", "rate": 250.0, "apply_every_n_years": 1, "number_of_applications": 2, "interval": 14, "model_specific_data": {}, "bbch": 31, "season": 0}}, "compound": {"molarMass": 300.0, "water_solubility": 0.03818938709359171, "vapor_pressure": 2.1721988140419523e-05, "reference_temperature": 20.0, "koc": 33.1743505223812, "freundlich": 0.9403267238222413, "dt50": {"system": 6.0, "soil": 206.0853877787343, "surfaceWater": 6.0, "sediment": 6.0}, "plant_uptake": 0.0, "name": "Compound -238973329044715777", "model_specific_data": {}, "metabolites": [{"formation_fraction": 0.2, "metabolite": {"molarMass": 300.0, "water_solubility": 0.1613164936094484, "vapor_pressure": 0.0011409709432667636, "reference_temperature": 20.0, "koc": 14.096662618728915, "freundlich": 1.0851688305902254, "dt50": {"system": 6.0, "soil": 140.51488273046775, "surfaceWater": 6.0, "sediment": 6.0}, "plant_uptake": 0.5, "name": "Compound -3994230542528646135", "model_specific_data": {}, "metabolites": []}}]}}