{"gap": {"type": "relative", "arguments": {"name": "GAP -296091488377847865", "modelCrop": "WC", "rate": 250.0, "apply_every_n_years": 1, "number_of_applications": 2, "interval": 14, "model_specific_data": {}, "bbch": 31, "season": 0}}, "compound": {"molarMass": 300.0, "water_solubility": 0.011021105925879984, "vapor_pressure": 7.080510768231819e-08, "reference_temperature": 20.0, "koc": 1376.3800901452448, "freundlich": 0.859290201621318, "dt50": {"system": 6.0, "soil": 242.64584290758418, "surfaceWater": 6.0, "sediment": 6.0}, "plant_uptake": 0.0, "name": "Compound -3670347637133134356", "model_specific_data": {}, "metabolites": [{"formation_fraction": 0.2, "metabolite": {"molarMass": 300.0, "water_solubility": 0.0006935415588537008, "vapor_pressure": 0.0002468853547251039, "reference_temperature": 20.0, "koc": 61.840664638588265, "freundlich": 0.9458947667752996, "dt50": {"system": 6.0, "soil": 227.8215859794821, "surfaceWater": 6.0, "sediment": 6.0}, "plant_uptake": 0.5, "name": "Compound 3800132884773081027", "model_specific_data": {}, "metabolites": []}}]}}