{"gap": {"type": "relative", "arguments": {"name": "GAP -296091488377847865", "modelCrop": "WC", "rate": 250.0, "apply_every_n_years": 1, "number_of_applications": 2, "interval": 14, "model_specific_data": {}, "bbch": 31, "season": 0}}, "compound": {"molarMass": 300.0, "water_solubility": 0.041572781631866694, "vapor_pressure": 5.703977224838107e-07, "reference_temperature": 20.0, "koc": 12.838864495539056, "freundlich": 1.035373207776285, "dt50": {"system": 6.0, "soil": 15.063573854793983, "surfaceWater": 6.0, "sediment": 6.0}, "plant_uptake": 0.0, "name": "Compound 7596994171804467246", "model_specific_data": {}, "metabolites": [{"formation_fraction": 0.2, "metabolite": {"molarMass": 300.0, "water_solubility": 0.001604118857582102, "vapor_pressure": 9.245242753395026e-05, "reference_temperature": 20.0, "koc": 3890.1916134279527, "freundlich": 1.1757189775986154, "dt50": {"system": 6.0, "soil": 235.07855694623368, "surfaceWater": 6.0, "sediment": 6.0}, "plant_uptake": 0.5, "name": "Compound -528452557007940836", "model_specific_data": {}, "metabolites": []}}]}}