{"gap": {"type": "relative", "arguments": {"name": "GAP -296091488377847865", "modelCrop": "WC", "rate": 250.0, "apply_every_n_years": 1, "number_of_applications": 2, "interval": 14, "model_specific_data": {}, "bbch": 31, "season": 0}}, "compound": {"molarMass": 300.0, "water_solubility": 0.0014591473387934484, "vapor_pressure": 1.5574095980280896e-08, "reference_temperature": 20.0, "koc": 30.372489576484067, "freundlich": 1.1589119334789024, "dt50": {"system": 6.0, "soil": 287.77724982906165, "surfaceWater": 6.0, "sediment": 6.0}, "plant_uptake": 0.0, "name": "Compound 652866267951631947", "model_specific_data": {}, "metabolites": [{"formation_fraction": 0.2, "metabolite": {"molarMass": 300.0, "water_solubility": 0.03333366564547859, "vapor_pressure": 5.273193300547139e-06, "reference_temperature": 20.0, "koc": 157.8819799843091, "freundlich": 0.8739275841806551, "dt50": {"system": 6.0, "soil": 140.4729352605323, "surfaceWater": 6.0, "sediment": 6.0}, "plant_uptake": 0.5, "name": "Compound 8391007900427106147", "model_specific_data": {}, "metabolites": []}}]}}