{"gap": {"type": "relative", "arguments": {"name": "GAP -296091488377847865", "modelCrop": "WC", "rate": 250.0, "apply_every_n_years": 1, "number_of_applications": 2, "interval": 14, "model_specific_data": {}, "bbch": 31, "season": 0}}, "compound": {"molarMass": 300.0, "water_solubility": 0.006312655121075923, "vapor_pressure": 4.5016513087364257e-07, "reference_temperature": 20.0, "koc": 45.693002497608624, "freundlich": 0.8351756198720545, "dt50": {"system": 6.0, "soil": 35.98866562531084, "surfaceWater": 6.0, "sediment": 6.0}, "plant_uptake": 0.0, "name": "Compound -3553274016207590956", "model_specific_data": {}, "metabolites": [{"formation_fraction": 0.2, "metabolite": {"molarMass": 300.0, "water_solubility": 0.05898243331482596, "vapor_pressure": 4.802475777776735e-07, "reference_temperature": 20.0, "koc": 209.0407867735643, "freundlich": 0.8372451536390055, "dt50": {"system": 6.0, "soil": 212.90396375242602, "surfaceWater": 6.0, "sediment": 6.0}, "plant_uptake": 0.5, "name": "Compound 8578375291271730382", "model_specific_data": {}, "metabolites": []}}]}}