{"gap": {"type": "relative", "arguments": {"name": "GAP -296091488377847865", "modelCrop": "WC", "rate": 250.0, "apply_every_n_years": 1, "number_of_applications": 2, "interval": 14, "model_specific_data": {}, "bbch": 31, "season": 0}}, "compound": {"molarMass": 300.0, "water_solubility": 0.019421448302863766, "vapor_pressure": 0.003968637663430541, "reference_temperature": 20.0, "koc": 43.05811925866975, "freundlich": 0.770543172638881, "dt50": {"system": 6.0, "soil": 270.4349259025239, "surfaceWater": 6.0, "sediment": 6.0}, "plant_uptake": 0.0, "name": "Compound -4128913383601914753", "model_specific_data": {}, "metabolites": [{"formation_fraction": 0.2, "metabolite": {"molarMass": 300.0, "water_solubility": 0.00039271073879073437, "vapor_pressure": 0.000801751459112452, "reference_temperature": 20.0, "koc": 299.7952453523666, "freundlich": 0.7190561863053273, "dt50": {"system": 6.0, "soil": 159.47106077569134, "surfaceWater": 6.0, "sediment": 6.0}, "plant_uptake": 0.5, "name": "Compound 7421037972493341970", "model_specific_data": {}, "metabolites": []}}]}}