{"gap": {"type": "relative", "arguments": {"name": "GAP -296091488377847865", "modelCrop": "WC", "rate": 250.0, "apply_every_n_years": 1, "number_of_applications": 2, "interval": 14, "model_specific_data": {}, "bbch": 31, "season": 0}}, "compound": {"molarMass": 300.0, "water_solubility": 0.009336340651956305, "vapor_pressure": 1.4340420409860651e-05, "reference_temperature": 20.0, "koc": 18.5945775395154, "freundlich": 1.0401103471744806, "dt50": {"system": 6.0, "soil": 146.18506902122814, "surfaceWater": 6.0, "sediment": 6.0}, "plant_uptake": 0.0, "name": "Compound -1273373673756879260", "model_specific_data": {}, "metabolites": [{"formation_fraction": 0.2, "metabolite": {"molarMass": 300.0, "water_solubility": 0.0458261114275835, "vapor_pressure": 2.6651389782161423e-06, "reference_temperature": 20.0, "koc": 626.7139219478222, "freundlich": 0.9630884919950657, "dt50": {"system": 6.0, "soil": 220.04400726923038, "surfaceWater": 6.0, "sediment": 6.0}, "plant_uptake": 0.5, "name": "Compound 8982933751461572685", "model_specific_data": {}, "metabolites": []}}]}}