{"gap": {"type": "relative", "arguments": {"name": "GAP -296091488377847865", "modelCrop": "WC", "rate": 250.0, "apply_every_n_years": 1, "number_of_applications": 2, "interval": 14, "model_specific_data": {}, "bbch": 31, "season": 0}}, "compound": {"molarMass": 300.0, "water_solubility": 6.4525821092323, "vapor_pressure": 0.026659698229024698, "reference_temperature": 20.0, "koc": 29.866327139995857, "freundlich": 1.105040385605638, "dt50": {"system": 6.0, "soil": 84.22781224853914, "surfaceWater": 6.0, "sediment": 6.0}, "plant_uptake": 0.0, "name": "Compound 199162076010833592", "model_specific_data": {}, "metabolites": [{"formation_fraction": 0.2, "metabolite": {"molarMass": 300.0, "water_solubility": 0.0009733302958058744, "vapor_pressure": 6.938479622264079e-06, "reference_temperature": 20.0, "koc": 855.0716325835228, "freundlich": 0.8525481476393559, "dt50": {"system": 6.0, "soil": 37.04490088538816, "surfaceWater": 6.0, "sediment": 6.0}, "plant_uptake": 0.5, "name": "Compound -6598652627063487362", "model_specific_data": {}, "metabolites": []}}]}}