{"gap": {"type": "relative", "arguments": {"name": "GAP -296091488377847865", "modelCrop": "WC", "rate": 250.0, "apply_every_n_years": 1, "number_of_applications": 2, "interval": 14, "model_specific_data": {}, "bbch": 31, "season": 0}}, "compound": {"molarMass": 300.0, "water_solubility": 0.0003253147484079313, "vapor_pressure": 4.688071472215775e-06, "reference_temperature": 20.0, "koc": 4527.121144922428, "freundlich": 0.8321384577437709, "dt50": {"system": 6.0, "soil": 46.379166690502565, "surfaceWater": 6.0, "sediment": 6.0}, "plant_uptake": 0.0, "name": "Compound 7558552593568539503", "model_specific_data": {}, "metabolites": [{"formation_fraction": 0.2, "metabolite": {"molarMass": 300.0, "water_solubility": 0.01346871645288998, "vapor_pressure": 0.00024231528487344954, "reference_temperature": 20.0, "koc": 2016.0612653323597, "freundlich": 1.128237385998214, "dt50": {"system": 6.0, "soil": 52.55830323488046, "surfaceWater": 6.0, "sediment": 6.0}, "plant_uptake": 0.5, "name": "Compound 3483710698329595086", "model_specific_data": {}, "metabolites": []}}]}}