{"gap": {"type": "relative", "arguments": {"name": "GAP -296091488377847865", "modelCrop": "WC", "rate": 250.0, "apply_every_n_years": 1, "number_of_applications": 2, "interval": 14, "model_specific_data": {}, "bbch": 31, "season": 0}}, "compound": {"molarMass": 300.0, "water_solubility": 3.186116457946936e-05, "vapor_pressure": 2.1251710653592004e-06, "reference_temperature": 20.0, "koc": 58.573322553529856, "freundlich": 0.7309076525657167, "dt50": {"system": 6.0, "soil": 262.07467997092664, "surfaceWater": 6.0, "sediment": 6.0}, "plant_uptake": 0.0, "name": "Compound -1592328361652097942", "model_specific_data": {}, "metabolites": [{"formation_fraction": 0.2, "metabolite": {"molarMass": 300.0, "water_solubility": 0.001913858741476849, "vapor_pressure": 3.4587045149336875e-07, "reference_temperature": 20.0, "koc": 160.72928743290964, "freundlich": 1.0520128731427616, "dt50": {"system": 6.0, "soil": 222.22891172058206, "surfaceWater": 6.0, "sediment": 6.0}, "plant_uptake": 0.5, "name": "Compound -1915415503467278489", "model_specific_data": {}, "metabolites": []}}]}}