{"gap": {"type": "relative", "arguments": {"name": "GAP -296091488377847865", "modelCrop": "WC", "rate": 250.0, "apply_every_n_years": 1, "number_of_applications": 2, "interval": 14, "model_specific_data": {}, "bbch": 31, "season": 0}}, "compound": {"molarMass": 300.0, "water_solubility": 0.537226235714106, "vapor_pressure": 7.747278624382567e-06, "reference_temperature": 20.0, "koc": 19.660937630480685, "freundlich": 0.821195219651882, "dt50": {"system": 6.0, "soil": 189.89089243684458, "surfaceWater": 6.0, "sediment": 6.0}, "plant_uptake": 0.0, "name": "Compound -7835341385647515485", "model_specific_data": {}, "metabolites": [{"formation_fraction": 0.2, "metabolite": {"molarMass": 300.0, "water_solubility": 0.08892784971214775, "vapor_pressure": 4.800027570445262e-06, "reference_temperature": 20.0, "koc": 30.36058884770071, "freundlich": 0.9302927332253828, "dt50": {"system": 6.0, "soil": 267.3738426724683, "surfaceWater": 6.0, "sediment": 6.0}, "plant_uptake": 0.5, "name": "Compound -691697757340572092", "model_specific_data": {}, "metabolites": []}}]}}