{"gap": {"type": "relative", "arguments": {"name": "GAP -296091488377847865", "modelCrop": "WC", "rate": 250.0, "apply_every_n_years": 1, "number_of_applications": 2, "interval": 14, "model_specific_data": {}, "bbch": 31, "season": 0}}, "compound": {"molarMass": 300.0, "water_solubility": 0.10418733023183137, "vapor_pressure": 2.206427292023794e-07, "reference_temperature": 20.0, "koc": 179.32994973127072, "freundlich": 0.7687249470260478, "dt50": {"system": 6.0, "soil": 83.31021920730805, "surfaceWater": 6.0, "sediment": 6.0}, "plant_uptake": 0.0, "name": "Compound -6274945892911234362", "model_specific_data": {}, "metabolites": [{"formation_fraction": 0.2, "metabolite": {"molarMass": 300.0, "water_solubility": 0.0037509224709371867, "vapor_pressure": 9.815566148641497e-05, "reference_temperature": 20.0, "koc": 22.761775931303585, "freundlich": 0.9278381725473024, "dt50": {"system": 6.0, "soil": 282.9940867759452, "surfaceWater": 6.0, "sediment": 6.0}, "plant_uptake": 0.5, "name": "Compound -4611769731303316861", "model_specific_data": {}, "metabolites": []}}]}}