{"gap": {"type": "relative", "arguments": {"name": "GAP -296091488377847865", "modelCrop": "WC", "rate": 250.0, "apply_every_n_years": 1, "number_of_applications": 2, "interval": 14, "model_specific_data": {}, "bbch": 31, "season": 0}}, "compound": {"molarMass": 300.0, "water_solubility": 0.06340937165523523, "vapor_pressure": 0.0001347990521943556, "reference_temperature": 20.0, "koc": 1237.0754320825613, "freundlich": 1.0585109232643837, "dt50": {"system": 6.0, "soil": 52.18228406459733, "surfaceWater": 6.0, "sediment": 6.0}, "plant_uptake": 0.0, "name": "Compound 1233508913888683968", "model_specific_data": {}, "metabolites": [{"formation_fraction": 0.2, "metabolite": {"molarMass": 300.0, "water_solubility": 0.07674365450975253, "vapor_pressure": 3.497149634468515e-06, "reference_temperature": 20.0, "koc": 3174.8583843073507, "freundlich": 0.9902349386860522, "dt50": {"system": 6.0, "soil": 60.24029527479546, "surfaceWater": 6.0, "sediment": 6.0}, "plant_uptake": 0.5, "name": "Compound 3198430957417120798", "model_specific_data": {}, "metabolites": []}}]}}