{"gap": {"type": "relative", "arguments": {"name": "GAP -296091488377847865", "modelCrop": "WC", "rate": 250.0, "apply_every_n_years": 1, "number_of_applications": 2, "interval": 14, "model_specific_data": {}, "bbch": 31, "season": 0}}, "compound": {"molarMass": 300.0, "water_solubility": 1.0322048857627502, "vapor_pressure": 0.00473033006330375, "reference_temperature": 20.0, "koc": 37.91868813559448, "freundlich": 0.7053477126007643, "dt50": {"system": 6.0, "soil": 64.23765773706066, "surfaceWater": 6.0, "sediment": 6.0}, "plant_uptake": 0.0, "name": "Compound 8418838888668260729", "model_specific_data": {}, "metabolites": [{"formation_fraction": 0.2, "metabolite": {"molarMass": 300.0, "water_solubility": 0.10905920205795258, "vapor_pressure": 1.207224661968814e-06, "reference_temperature": 20.0, "koc": 82.56370089965537, "freundlich": 1.1306893471983797, "dt50": {"system": 6.0, "soil": 50.145528045232254, "surfaceWater": 6.0, "sediment": 6.0}, "plant_uptake": 0.5, "name": "Compound 1585424203589630045", "model_specific_data": {}, "metabolites": []}}]}}