{"gap": {"type": "relative", "arguments": {"name": "GAP -296091488377847865", "modelCrop": "WC", "rate": 250.0, "apply_every_n_years": 1, "number_of_applications": 2, "interval": 14, "model_specific_data": {}, "bbch": 31, "season": 0}}, "compound": {"molarMass": 300.0, "water_solubility": 0.7145359021608337, "vapor_pressure": 0.0006014040494079955, "reference_temperature": 20.0, "koc": 677.5434406696027, "freundlich": 0.779741039108427, "dt50": {"system": 6.0, "soil": 207.54444980166016, "surfaceWater": 6.0, "sediment": 6.0}, "plant_uptake": 0.0, "name": "Compound 8142394586198630893", "model_specific_data": {}, "metabolites": [{"formation_fraction": 0.2, "metabolite": {"molarMass": 300.0, "water_solubility": 0.004236294238722654, "vapor_pressure": 0.004003309384621387, "reference_temperature": 20.0, "koc": 650.9261433094061, "freundlich": 0.8796314914745518, "dt50": {"system": 6.0, "soil": 83.42426697177612, "surfaceWater": 6.0, "sediment": 6.0}, "plant_uptake": 0.5, "name": "Compound -5027526436538525768", "model_specific_data": {}, "metabolites": []}}]}}