{"gap": {"type": "relative", "arguments": {"name": "GAP -296091488377847865", "modelCrop": "WC", "rate": 250.0, "apply_every_n_years": 1, "number_of_applications": 2, "interval": 14, "model_specific_data": {}, "bbch": 31, "season": 0}}, "compound": {"molarMass": 300.0, "water_solubility": 0.0013626125499202244, "vapor_pressure": 0.0004396454702593769, "reference_temperature": 20.0, "koc": 39.724137015125095, "freundlich": 1.1440520418486997, "dt50": {"system": 6.0, "soil": 132.963764814461, "surfaceWater": 6.0, "sediment": 6.0}, "plant_uptake": 0.0, "name": "Compound 25269513491516416", "model_specific_data": {}, "metabolites": [{"formation_fraction": 0.2, "metabolite": {"molarMass": 300.0, "water_solubility": 1.1060803383511308, "vapor_pressure": 1.6321334665414447e-07, "reference_temperature": 20.0, "koc": 4464.000366132663, "freundlich": 1.058079829328536, "dt50": {"system": 6.0, "soil": 221.1315641241012, "surfaceWater": 6.0, "sediment": 6.0}, "plant_uptake": 0.5, "name": "Compound 2013044998029279916", "model_specific_data": {}, "metabolites": []}}]}}