{"gap": {"type": "relative", "arguments": {"name": "GAP -296091488377847865", "modelCrop": "WC", "rate": 250.0, "apply_every_n_years": 1, "number_of_applications": 2, "interval": 14, "model_specific_data": {}, "bbch": 31, "season": 0}}, "compound": {"molarMass": 300.0, "water_solubility": 0.00011254223362958225, "vapor_pressure": 1.3057469490967924e-06, "reference_temperature": 20.0, "koc": 2251.9278037314093, "freundlich": 1.1246378825740642, "dt50": {"system": 6.0, "soil": 274.5177200118824, "surfaceWater": 6.0, "sediment": 6.0}, "plant_uptake": 0.0, "name": "Compound -322007188600390819", "model_specific_data": {}, "metabolites": [{"formation_fraction": 0.2, "metabolite": {"molarMass": 300.0, "water_solubility": 0.03830098872487137, "vapor_pressure": 5.54665113574122e-05, "reference_temperature": 20.0, "koc": 922.961142064478, "freundlich": 1.0030948036029668, "dt50": {"system": 6.0, "soil": 253.78171753904113, "surfaceWater": 6.0, "sediment": 6.0}, "plant_uptake": 0.5, "name": "Compound -87922542500994123", "model_specific_data": {}, "metabolites": []}}]}}