{"gap": {"type": "relative", "arguments": {"name": "GAP -296091488377847865", "modelCrop": "WC", "rate": 250.0, "apply_every_n_years": 1, "number_of_applications": 2, "interval": 14, "model_specific_data": {}, "bbch": 31, "season": 0}}, "compound": {"molarMass": 300.0, "water_solubility": 0.002819176084068534, "vapor_pressure": 3.236440938230068e-06, "reference_temperature": 20.0, "koc": 3172.8810704245366, "freundlich": 0.8159940750267092, "dt50": {"system": 6.0, "soil": 25.084861704603867, "surfaceWater": 6.0, "sediment": 6.0}, "plant_uptake": 0.0, "name": "Compound 2054240323469424054", "model_specific_data": {}, "metabolites": [{"formation_fraction": 0.2, "metabolite": {"molarMass": 300.0, "water_solubility": 0.03126571052784576, "vapor_pressure": 9.097306404335789e-07, "reference_temperature": 20.0, "koc": 4759.007297964897, "freundlich": 0.7904667607743439, "dt50": {"system": 6.0, "soil": 106.62018410030377, "surfaceWater": 6.0, "sediment": 6.0}, "plant_uptake": 0.5, "name": "Compound -4395390147229829973", "model_specific_data": {}, "metabolites": []}}]}}