{"gap": {"type": "relative", "arguments": {"name": "GAP -296091488377847865", "modelCrop": "WC", "rate": 250.0, "apply_every_n_years": 1, "number_of_applications": 2, "interval": 14, "model_specific_data": {}, "bbch": 31, "season": 0}}, "compound": {"molarMass": 300.0, "water_solubility": 1.866718565153267e-05, "vapor_pressure": 8.667821509902248e-08, "reference_temperature": 20.0, "koc": 2045.9955927617787, "freundlich": 0.8858677669203161, "dt50": {"system": 6.0, "soil": 16.985800024044064, "surfaceWater": 6.0, "sediment": 6.0}, "plant_uptake": 0.0, "name": "Compound -2002028987763964492", "model_specific_data": {}, "metabolites": [{"formation_fraction": 0.2, "metabolite": {"molarMass": 300.0, "water_solubility": 0.03219146196506345, "vapor_pressure": 4.919026599552044e-07, "reference_temperature": 20.0, "koc": 2865.1049655002157, "freundlich": 1.1612596271310374, "dt50": {"system": 6.0, "soil": 242.01204852076518, "surfaceWater": 6.0, "sediment": 6.0}, "plant_uptake": 0.5, "name": "Compound 7087536599531511278", "model_specific_data": {}, "metabolites": []}}]}}