{"gap": {"type": "relative", "arguments": {"name": "GAP -296091488377847865", "modelCrop": "WC", "rate": 250.0, "apply_every_n_years": 1, "number_of_applications": 2, "interval": 14, "model_specific_data": {}, "bbch": 31, "season": 0}}, "compound": {"molarMass": 300.0, "water_solubility": 0.005415193274094898, "vapor_pressure": 1.346090917977925e-07, "reference_temperature": 20.0, "koc": 23.689696692150466, "freundlich": 0.9705267190590109, "dt50": {"system": 6.0, "soil": 271.4929032406716, "surfaceWater": 6.0, "sediment": 6.0}, "plant_uptake": 0.0, "name": "Compound 285272549079599153", "model_specific_data": {}, "metabolites": [{"formation_fraction": 0.2, "metabolite": {"molarMass": 300.0, "water_solubility": 0.0007451994822700463, "vapor_pressure": 0.0007683831834536251, "reference_temperature": 20.0, "koc": 27.3069871063235, "freundlich": 1.1208891070427918, "dt50": {"system": 6.0, "soil": 176.70614477024705, "surfaceWater": 6.0, "sediment": 6.0}, "plant_uptake": 0.5, "name": "Compound -6003554231099395717", "model_specific_data": {}, "metabolites": []}}]}}