{"gap": {"type": "relative", "arguments": {"name": "GAP -296091488377847865", "modelCrop": "WC", "rate": 250.0, "apply_every_n_years": 1, "number_of_applications": 2, "interval": 14, "model_specific_data": {}, "bbch": 31, "season": 0}}, "compound": {"molarMass": 300.0, "water_solubility": 0.0016326772903753508, "vapor_pressure": 2.4765712637383384e-05, "reference_temperature": 20.0, "koc": 14.960363183961272, "freundlich": 1.184931578504967, "dt50": {"system": 6.0, "soil": 217.8755461541084, "surfaceWater": 6.0, "sediment": 6.0}, "plant_uptake": 0.0, "name": "Compound -4046201860750614719", "model_specific_data": {}, "metabolites": [{"formation_fraction": 0.2, "metabolite": {"molarMass": 300.0, "water_solubility": 0.009970115783315168, "vapor_pressure": 9.536095236810207e-08, "reference_temperature": 20.0, "koc": 22.080564648769872, "freundlich": 0.8117422923641995, "dt50": {"system": 6.0, "soil": 251.378718942909, "surfaceWater": 6.0, "sediment": 6.0}, "plant_uptake": 0.5, "name": "Compound 9134451172430733305", "model_specific_data": {}, "metabolites": []}}]}}