{"gap": {"type": "relative", "arguments": {"name": "GAP -296091488377847865", "modelCrop": "WC", "rate": 250.0, "apply_every_n_years": 1, "number_of_applications": 2, "interval": 14, "model_specific_data": {}, "bbch": 31, "season": 0}}, "compound": {"molarMass": 300.0, "water_solubility": 0.0008010827840737112, "vapor_pressure": 1.4020141451042665e-05, "reference_temperature": 20.0, "koc": 77.24911361610168, "freundlich": 1.0555398771548123, "dt50": {"system": 6.0, "soil": 19.264117703592085, "surfaceWater": 6.0, "sediment": 6.0}, "plant_uptake": 0.0, "name": "Compound 654130152959461815", "model_specific_data": {}, "metabolites": [{"formation_fraction": 0.2, "metabolite": {"molarMass": 300.0, "water_solubility": 1.210733273215209, "vapor_pressure": 3.38649259473045e-06, "reference_temperature": 20.0, "koc": 19.705358708580395, "freundlich": 0.9849999988063008, "dt50": {"system": 6.0, "soil": 257.4708648015789, "surfaceWater": 6.0, "sediment": 6.0}, "plant_uptake": 0.5, "name": "Compound -5389296439488254855", "model_specific_data": {}, "metabolites": []}}]}}