{"gap": {"type": "relative", "arguments": {"name": "GAP -296091488377847865", "modelCrop": "WC", "rate": 250.0, "apply_every_n_years": 1, "number_of_applications": 2, "interval": 14, "model_specific_data": {}, "bbch": 31, "season": 0}}, "compound": {"molarMass": 300.0, "water_solubility": 0.01156366298896322, "vapor_pressure": 2.2762429714283776e-06, "reference_temperature": 20.0, "koc": 2232.863853117299, "freundlich": 0.9643049784042683, "dt50": {"system": 6.0, "soil": 213.74884049709408, "surfaceWater": 6.0, "sediment": 6.0}, "plant_uptake": 0.0, "name": "Compound 1177125588245787745", "model_specific_data": {}, "metabolites": [{"formation_fraction": 0.2, "metabolite": {"molarMass": 300.0, "water_solubility": 0.0002529799778417664, "vapor_pressure": 4.708990413449563e-06, "reference_temperature": 20.0, "koc": 974.9457294520429, "freundlich": 1.1822501603765667, "dt50": {"system": 6.0, "soil": 81.67579888609606, "surfaceWater": 6.0, "sediment": 6.0}, "plant_uptake": 0.5, "name": "Compound 3681425180078968043", "model_specific_data": {}, "metabolites": []}}]}}