{"gap": {"type": "relative", "arguments": {"name": "GAP -296091488377847865", "modelCrop": "WC", "rate": 250.0, "apply_every_n_years": 1, "number_of_applications": 2, "interval": 14, "model_specific_data": {}, "bbch": 31, "season": 0}}, "compound": {"molarMass": 300.0, "water_solubility": 0.14741736090822974, "vapor_pressure": 1.2438391107163733e-06, "reference_temperature": 20.0, "koc": 356.54037295864146, "freundlich": 1.1766860871613969, "dt50": {"system": 6.0, "soil": 94.44657128105725, "surfaceWater": 6.0, "sediment": 6.0}, "plant_uptake": 0.0, "name": "Compound -2772194666738459094", "model_specific_data": {}, "metabolites": [{"formation_fraction": 0.2, "metabolite": {"molarMass": 300.0, "water_solubility": 0.022359569617876184, "vapor_pressure": 0.03390765755133934, "reference_temperature": 20.0, "koc": 61.72076837694447, "freundlich": 1.0007971542531982, "dt50": {"system": 6.0, "soil": 161.76870816893975, "surfaceWater": 6.0, "sediment": 6.0}, "plant_uptake": 0.5, "name": "Compound -2650700980122175394", "model_specific_data": {}, "metabolites": []}}]}}