{"gap": {"type": "relative", "arguments": {"name": "GAP -296091488377847865", "modelCrop": "WC", "rate": 250.0, "apply_every_n_years": 1, "number_of_applications": 2, "interval": 14, "model_specific_data": {}, "bbch": 31, "season": 0}}, "compound": {"molarMass": 300.0, "water_solubility": 0.20735767328839738, "vapor_pressure": 1.5264922280238017e-06, "reference_temperature": 20.0, "koc": 388.8074844371205, "freundlich": 0.8303309057049844, "dt50": {"system": 6.0, "soil": 280.958793854531, "surfaceWater": 6.0, "sediment": 6.0}, "plant_uptake": 0.0, "name": "Compound 1959291602795675139", "model_specific_data": {}, "metabolites": [{"formation_fraction": 0.2, "metabolite": {"molarMass": 300.0, "water_solubility": 0.00856579383011149, "vapor_pressure": 0.0006891722364168902, "reference_temperature": 20.0, "koc": 203.6946798797736, "freundlich": 0.7282938588409387, "dt50": {"system": 6.0, "soil": 217.2104818215467, "surfaceWater": 6.0, "sediment": 6.0}, "plant_uptake": 0.5, "name": "Compound -4558503138531740058", "model_specific_data": {}, "metabolites": []}}]}}