{"gap": {"type": "relative", "arguments": {"name": "GAP -296091488377847865", "modelCrop": "WC", "rate": 250.0, "apply_every_n_years": 1, "number_of_applications": 2, "interval": 14, "model_specific_data": {}, "bbch": 31, "season": 0}}, "compound": {"molarMass": 300.0, "water_solubility": 0.05445261106101573, "vapor_pressure": 4.933246697599121e-08, "reference_temperature": 20.0, "koc": 72.93349427537677, "freundlich": 0.9728691038267604, "dt50": {"system": 6.0, "soil": 62.28127499723534, "surfaceWater": 6.0, "sediment": 6.0}, "plant_uptake": 0.0, "name": "Compound -4459987753493658277", "model_specific_data": {}, "metabolites": [{"formation_fraction": 0.2, "metabolite": {"molarMass": 300.0, "water_solubility": 0.38267645330645567, "vapor_pressure": 0.013132837915184964, "reference_temperature": 20.0, "koc": 1052.8526141461743, "freundlich": 1.1958310059172903, "dt50": {"system": 6.0, "soil": 38.46273733381155, "surfaceWater": 6.0, "sediment": 6.0}, "plant_uptake": 0.5, "name": "Compound -1134342312488512168", "model_specific_data": {}, "metabolites": []}}]}}