{"gap": {"type": "relative", "arguments": {"name": "GAP -296091488377847865", "modelCrop": "WC", "rate": 250.0, "apply_every_n_years": 1, "number_of_applications": 2, "interval": 14, "model_specific_data": {}, "bbch": 31, "season": 0}}, "compound": {"molarMass": 300.0, "water_solubility": 0.0008247196851814876, "vapor_pressure": 6.334510932297475e-08, "reference_temperature": 20.0, "koc": 568.2752492257524, "freundlich": 0.9225265621049679, "dt50": {"system": 6.0, "soil": 296.8989207377349, "surfaceWater": 6.0, "sediment": 6.0}, "plant_uptake": 0.0, "name": "Compound 5519768690565300939", "model_specific_data": {}, "metabolites": [{"formation_fraction": 0.2, "metabolite": {"molarMass": 300.0, "water_solubility": 0.029200577023395433, "vapor_pressure": 1.9285956199217276e-06, "reference_temperature": 20.0, "koc": 290.7877808934908, "freundlich": 0.9335184069514679, "dt50": {"system": 6.0, "soil": 75.08282112731467, "surfaceWater": 6.0, "sediment": 6.0}, "plant_uptake": 0.5, "name": "Compound -6947141755444346924", "model_specific_data": {}, "metabolites": []}}]}}