{"gap": {"type": "relative", "arguments": {"name": "GAP -296091488377847865", "modelCrop": "WC", "rate": 250.0, "apply_every_n_years": 1, "number_of_applications": 2, "interval": 14, "model_specific_data": {}, "bbch": 31, "season": 0}}, "compound": {"molarMass": 300.0, "water_solubility": 0.0008094252842105401, "vapor_pressure": 0.0007094401186590836, "reference_temperature": 20.0, "koc": 1331.2896396661154, "freundlich": 0.9601570122334178, "dt50": {"system": 6.0, "soil": 156.77916366948693, "surfaceWater": 6.0, "sediment": 6.0}, "plant_uptake": 0.0, "name": "Compound 7351556830375110599", "model_specific_data": {}, "metabolites": [{"formation_fraction": 0.2, "metabolite": {"molarMass": 300.0, "water_solubility": 0.00013610101713031926, "vapor_pressure": 2.0406721186331016e-07, "reference_temperature": 20.0, "koc": 2591.7611454988814, "freundlich": 1.0315293087421225, "dt50": {"system": 6.0, "soil": 272.1547095276564, "surfaceWater": 6.0, "sediment": 6.0}, "plant_uptake": 0.5, "name": "Compound -4436343139896272376", "model_specific_data": {}, "metabolites": []}}]}}