{"gap": {"type": "relative", "arguments": {"name": "GAP -296091488377847865", "modelCrop": "WC", "rate": 250.0, "apply_every_n_years": 1, "number_of_applications": 2, "interval": 14, "model_specific_data": {}, "bbch": 31, "season": 0}}, "compound": {"molarMass": 300.0, "water_solubility": 0.0007122998692039159, "vapor_pressure": 4.303878824836283e-06, "reference_temperature": 20.0, "koc": 15.423199314526649, "freundlich": 1.1233951170509804, "dt50": {"system": 6.0, "soil": 218.32360013282994, "surfaceWater": 6.0, "sediment": 6.0}, "plant_uptake": 0.0, "name": "Compound -5010246803184419061", "model_specific_data": {}, "metabolites": [{"formation_fraction": 0.2, "metabolite": {"molarMass": 300.0, "water_solubility": 0.02568133660746337, "vapor_pressure": 0.0007137813031252158, "reference_temperature": 20.0, "koc": 2199.5413683033435, "freundlich": 0.8535216253777533, "dt50": {"system": 6.0, "soil": 19.033042053027597, "surfaceWater": 6.0, "sediment": 6.0}, "plant_uptake": 0.5, "name": "Compound -7462005795653183010", "model_specific_data": {}, "metabolites": []}}]}}