{"gap": {"type": "relative", "arguments": {"name": "GAP -296091488377847865", "modelCrop": "WC", "rate": 250.0, "apply_every_n_years": 1, "number_of_applications": 2, "interval": 14, "model_specific_data": {}, "bbch": 31, "season": 0}}, "compound": {"molarMass": 300.0, "water_solubility": 0.043924072137946524, "vapor_pressure": 5.639583507758232e-09, "reference_temperature": 20.0, "koc": 1451.4622926304312, "freundlich": 0.715849450386078, "dt50": {"system": 6.0, "soil": 144.17490245955847, "surfaceWater": 6.0, "sediment": 6.0}, "plant_uptake": 0.0, "name": "Compound -1128852703657086651", "model_specific_data": {}, "metabolites": [{"formation_fraction": 0.2, "metabolite": {"molarMass": 300.0, "water_solubility": 0.001556484706740019, "vapor_pressure": 0.001224329998938079, "reference_temperature": 20.0, "koc": 133.12694288413007, "freundlich": 0.8217377306950866, "dt50": {"system": 6.0, "soil": 272.53573871373027, "surfaceWater": 6.0, "sediment": 6.0}, "plant_uptake": 0.5, "name": "Compound 7238410806956046106", "model_specific_data": {}, "metabolites": []}}]}}