{"gap": {"type": "relative", "arguments": {"name": "GAP -296091488377847865", "modelCrop": "WC", "rate": 250.0, "apply_every_n_years": 1, "number_of_applications": 2, "interval": 14, "model_specific_data": {}, "bbch": 31, "season": 0}}, "compound": {"molarMass": 300.0, "water_solubility": 0.001172263875448196, "vapor_pressure": 3.109698489808242e-05, "reference_temperature": 20.0, "koc": 873.5537352697313, "freundlich": 0.7708088729588549, "dt50": {"system": 6.0, "soil": 230.68115500052272, "surfaceWater": 6.0, "sediment": 6.0}, "plant_uptake": 0.0, "name": "Compound 3183764099272334127", "model_specific_data": {}, "metabolites": [{"formation_fraction": 0.2, "metabolite": {"molarMass": 300.0, "water_solubility": 0.0012283579776840717, "vapor_pressure": 3.709953710896681e-06, "reference_temperature": 20.0, "koc": 161.65484178100002, "freundlich": 0.8785526834409767, "dt50": {"system": 6.0, "soil": 248.99796671340545, "surfaceWater": 6.0, "sediment": 6.0}, "plant_uptake": 0.5, "name": "Compound -7733673427295447672", "model_specific_data": {}, "metabolites": []}}]}}