{"gap": {"type": "relative", "arguments": {"name": "GAP -296091488377847865", "modelCrop": "WC", "rate": 250.0, "apply_every_n_years": 1, "number_of_applications": 2, "interval": 14, "model_specific_data": {}, "bbch": 31, "season": 0}}, "compound": {"molarMass": 300.0, "water_solubility": 15.31270693345331, "vapor_pressure": 8.50187517780571e-06, "reference_temperature": 20.0, "koc": 55.48779949210009, "freundlich": 1.023869199178268, "dt50": {"system": 6.0, "soil": 294.7419457163392, "surfaceWater": 6.0, "sediment": 6.0}, "plant_uptake": 0.0, "name": "Compound -5010743582288355918", "model_specific_data": {}, "metabolites": [{"formation_fraction": 0.2, "metabolite": {"molarMass": 300.0, "water_solubility": 0.00873975791181805, "vapor_pressure": 6.725634311643096e-05, "reference_temperature": 20.0, "koc": 166.468655640036, "freundlich": 1.1728644514978757, "dt50": {"system": 6.0, "soil": 108.20698032808468, "surfaceWater": 6.0, "sediment": 6.0}, "plant_uptake": 0.5, "name": "Compound 4842045478569996943", "model_specific_data": {}, "metabolites": []}}]}}