{"gap": {"type": "relative", "arguments": {"name": "GAP -296091488377847865", "modelCrop": "WC", "rate": 250.0, "apply_every_n_years": 1, "number_of_applications": 2, "interval": 14, "model_specific_data": {}, "bbch": 31, "season": 0}}, "compound": {"molarMass": 300.0, "water_solubility": 0.013414049553632882, "vapor_pressure": 0.001510635771925105, "reference_temperature": 20.0, "koc": 59.202396821469016, "freundlich": 0.7674140936373376, "dt50": {"system": 6.0, "soil": 66.9192376418342, "surfaceWater": 6.0, "sediment": 6.0}, "plant_uptake": 0.0, "name": "Compound -7003061439098128851", "model_specific_data": {}, "metabolites": [{"formation_fraction": 0.2, "metabolite": {"molarMass": 300.0, "water_solubility": 0.14234800984644821, "vapor_pressure": 3.846194038912023e-07, "reference_temperature": 20.0, "koc": 158.90887700966977, "freundlich": 0.9433994663081349, "dt50": {"system": 6.0, "soil": 94.87561370851185, "surfaceWater": 6.0, "sediment": 6.0}, "plant_uptake": 0.5, "name": "Compound -579600700359745053", "model_specific_data": {}, "metabolites": []}}]}}