{"gap": {"type": "relative", "arguments": {"name": "GAP -296091488377847865", "modelCrop": "WC", "rate": 250.0, "apply_every_n_years": 1, "number_of_applications": 2, "interval": 14, "model_specific_data": {}, "bbch": 31, "season": 0}}, "compound": {"molarMass": 300.0, "water_solubility": 0.03233469918503806, "vapor_pressure": 0.00022968146948343352, "reference_temperature": 20.0, "koc": 1960.5584280650596, "freundlich": 1.0428214816373576, "dt50": {"system": 6.0, "soil": 37.902783996698, "surfaceWater": 6.0, "sediment": 6.0}, "plant_uptake": 0.0, "name": "Compound 5141532404318528163", "model_specific_data": {}, "metabolites": [{"formation_fraction": 0.2, "metabolite": {"molarMass": 300.0, "water_solubility": 0.0012818846440497626, "vapor_pressure": 0.00010146623498529222, "reference_temperature": 20.0, "koc": 48.82363494026004, "freundlich": 0.7562093153578207, "dt50": {"system": 6.0, "soil": 28.1331954796271, "surfaceWater": 6.0, "sediment": 6.0}, "plant_uptake": 0.5, "name": "Compound 4159309186201698040", "model_specific_data": {}, "metabolites": []}}]}}