{"gap": {"type": "relative", "arguments": {"name": "GAP -296091488377847865", "modelCrop": "WC", "rate": 250.0, "apply_every_n_years": 1, "number_of_applications": 2, "interval": 14, "model_specific_data": {}, "bbch": 31, "season": 0}}, "compound": {"molarMass": 300.0, "water_solubility": 0.04885109978442408, "vapor_pressure": 9.483697444281242e-08, "reference_temperature": 20.0, "koc": 173.5310978880558, "freundlich": 0.783874462756781, "dt50": {"system": 6.0, "soil": 248.94875082485498, "surfaceWater": 6.0, "sediment": 6.0}, "plant_uptake": 0.0, "name": "Compound 3115192051865421092", "model_specific_data": {}, "metabolites": [{"formation_fraction": 0.2, "metabolite": {"molarMass": 300.0, "water_solubility": 0.013239028267836406, "vapor_pressure": 9.233999529896987e-06, "reference_temperature": 20.0, "koc": 203.18871835184396, "freundlich": 0.7565123325641843, "dt50": {"system": 6.0, "soil": 139.94615220861752, "surfaceWater": 6.0, "sediment": 6.0}, "plant_uptake": 0.5, "name": "Compound -391408318692042366", "model_specific_data": {}, "metabolites": []}}]}}