{"gap": {"type": "relative", "arguments": {"name": "GAP -296091488377847865", "modelCrop": "WC", "rate": 250.0, "apply_every_n_years": 1, "number_of_applications": 2, "interval": 14, "model_specific_data": {}, "bbch": 31, "season": 0}}, "compound": {"molarMass": 300.0, "water_solubility": 0.026426250501227516, "vapor_pressure": 4.333836541866402e-06, "reference_temperature": 20.0, "koc": 284.1307066923983, "freundlich": 0.8064982408419608, "dt50": {"system": 6.0, "soil": 123.97621874969867, "surfaceWater": 6.0, "sediment": 6.0}, "plant_uptake": 0.0, "name": "Compound 5837893391078875044", "model_specific_data": {}, "metabolites": [{"formation_fraction": 0.2, "metabolite": {"molarMass": 300.0, "water_solubility": 0.0025133711300511052, "vapor_pressure": 0.003363668350192126, "reference_temperature": 20.0, "koc": 29.339407094713746, "freundlich": 0.872049525182872, "dt50": {"system": 6.0, "soil": 272.7161266977959, "surfaceWater": 6.0, "sediment": 6.0}, "plant_uptake": 0.5, "name": "Compound 7667458012307342924", "model_specific_data": {}, "metabolites": []}}]}}