{"gap": {"type": "relative", "arguments": {"name": "GAP -296091488377847865", "modelCrop": "WC", "rate": 250.0, "apply_every_n_years": 1, "number_of_applications": 2, "interval": 14, "model_specific_data": {}, "bbch": 31, "season": 0}}, "compound": {"molarMass": 300.0, "water_solubility": 0.001307277127922198, "vapor_pressure": 3.275440949094163e-07, "reference_temperature": 20.0, "koc": 15.790196303824752, "freundlich": 1.10389025687632, "dt50": {"system": 6.0, "soil": 93.88728871688895, "surfaceWater": 6.0, "sediment": 6.0}, "plant_uptake": 0.0, "name": "Compound -3102125555016037879", "model_specific_data": {}, "metabolites": [{"formation_fraction": 0.2, "metabolite": {"molarMass": 300.0, "water_solubility": 0.04590972818647735, "vapor_pressure": 5.200806076032901e-07, "reference_temperature": 20.0, "koc": 60.66586121081477, "freundlich": 0.8229911843562037, "dt50": {"system": 6.0, "soil": 198.18110487669554, "surfaceWater": 6.0, "sediment": 6.0}, "plant_uptake": 0.5, "name": "Compound 1153978414577479198", "model_specific_data": {}, "metabolites": []}}]}}