{"gap": {"type": "relative", "arguments": {"name": "GAP -296091488377847865", "modelCrop": "WC", "rate": 250.0, "apply_every_n_years": 1, "number_of_applications": 2, "interval": 14, "model_specific_data": {}, "bbch": 31, "season": 0}}, "compound": {"molarMass": 300.0, "water_solubility": 0.012522280790794425, "vapor_pressure": 0.0014459423286839101, "reference_temperature": 20.0, "koc": 4057.43794189966, "freundlich": 1.193560512645155, "dt50": {"system": 6.0, "soil": 89.12480445995587, "surfaceWater": 6.0, "sediment": 6.0}, "plant_uptake": 0.0, "name": "Compound 4462586342785646287", "model_specific_data": {}, "metabolites": [{"formation_fraction": 0.2, "metabolite": {"molarMass": 300.0, "water_solubility": 0.0005436884124456208, "vapor_pressure": 0.0001682156603459502, "reference_temperature": 20.0, "koc": 145.9631897590408, "freundlich": 1.020933331313673, "dt50": {"system": 6.0, "soil": 184.79443511795256, "surfaceWater": 6.0, "sediment": 6.0}, "plant_uptake": 0.5, "name": "Compound -8994525797566046481", "model_specific_data": {}, "metabolites": []}}]}}