{"gap": {"type": "relative", "arguments": {"name": "GAP -296091488377847865", "modelCrop": "WC", "rate": 250.0, "apply_every_n_years": 1, "number_of_applications": 2, "interval": 14, "model_specific_data": {}, "bbch": 31, "season": 0}}, "compound": {"molarMass": 300.0, "water_solubility": 1.1306778208738058e-05, "vapor_pressure": 9.149969757650727e-05, "reference_temperature": 20.0, "koc": 23.08278569757941, "freundlich": 0.9459190406951568, "dt50": {"system": 6.0, "soil": 122.88649674716306, "surfaceWater": 6.0, "sediment": 6.0}, "plant_uptake": 0.0, "name": "Compound 4766759181669572755", "model_specific_data": {}, "metabolites": [{"formation_fraction": 0.2, "metabolite": {"molarMass": 300.0, "water_solubility": 0.004411096428265799, "vapor_pressure": 3.19289694208274e-09, "reference_temperature": 20.0, "koc": 44.296117043459, "freundlich": 1.046110281238631, "dt50": {"system": 6.0, "soil": 299.67024161854835, "surfaceWater": 6.0, "sediment": 6.0}, "plant_uptake": 0.5, "name": "Compound -7581036821537510664", "model_specific_data": {}, "metabolites": []}}]}}