{"gap": {"type": "relative", "arguments": {"name": "GAP -296091488377847865", "modelCrop": "WC", "rate": 250.0, "apply_every_n_years": 1, "number_of_applications": 2, "interval": 14, "model_specific_data": {}, "bbch": 31, "season": 0}}, "compound": {"molarMass": 300.0, "water_solubility": 0.141059831206299, "vapor_pressure": 1.639995190907635e-08, "reference_temperature": 20.0, "koc": 80.54608406119155, "freundlich": 1.1652684202024792, "dt50": {"system": 6.0, "soil": 110.44454006554356, "surfaceWater": 6.0, "sediment": 6.0}, "plant_uptake": 0.0, "name": "Compound -8079708418903154913", "model_specific_data": {}, "metabolites": [{"formation_fraction": 0.2, "metabolite": {"molarMass": 300.0, "water_solubility": 0.007592367521449428, "vapor_pressure": 3.5687418246974414e-08, "reference_temperature": 20.0, "koc": 2492.788038282689, "freundlich": 1.1146504689983279, "dt50": {"system": 6.0, "soil": 103.81918924850146, "surfaceWater": 6.0, "sediment": 6.0}, "plant_uptake": 0.5, "name": "Compound 4492553292398692236", "model_specific_data": {}, "metabolites": []}}]}}