{"gap": {"type": "relative", "arguments": {"name": "GAP -296091488377847865", "modelCrop": "WC", "rate": 250.0, "apply_every_n_years": 1, "number_of_applications": 2, "interval": 14, "model_specific_data": {}, "bbch": 31, "season": 0}}, "compound": {"molarMass": 300.0, "water_solubility": 0.009972741114339887, "vapor_pressure": 7.70910543301889e-08, "reference_temperature": 20.0, "koc": 281.4394740361358, "freundlich": 0.9714185512816123, "dt50": {"system": 6.0, "soil": 218.69723567167995, "surfaceWater": 6.0, "sediment": 6.0}, "plant_uptake": 0.0, "name": "Compound -2375670243442121130", "model_specific_data": {}, "metabolites": [{"formation_fraction": 0.2, "metabolite": {"molarMass": 300.0, "water_solubility": 0.02426898610857816, "vapor_pressure": 4.140757867439152e-05, "reference_temperature": 20.0, "koc": 92.86224857530588, "freundlich": 0.9027080418918076, "dt50": {"system": 6.0, "soil": 171.53330147727604, "surfaceWater": 6.0, "sediment": 6.0}, "plant_uptake": 0.5, "name": "Compound -8654886620976176415", "model_specific_data": {}, "metabolites": []}}]}}