{"gap": {"type": "relative", "arguments": {"name": "GAP -296091488377847865", "modelCrop": "WC", "rate": 250.0, "apply_every_n_years": 1, "number_of_applications": 2, "interval": 14, "model_specific_data": {}, "bbch": 31, "season": 0}}, "compound": {"molarMass": 300.0, "water_solubility": 6.293275001453323e-05, "vapor_pressure": 2.5352214113676042e-05, "reference_temperature": 20.0, "koc": 195.78697324322195, "freundlich": 0.7822066683225893, "dt50": {"system": 6.0, "soil": 29.801421982874118, "surfaceWater": 6.0, "sediment": 6.0}, "plant_uptake": 0.0, "name": "Compound -7146044299072223920", "model_specific_data": {}, "metabolites": [{"formation_fraction": 0.2, "metabolite": {"molarMass": 300.0, "water_solubility": 0.0017829193448300185, "vapor_pressure": 1.701988352183228e-05, "reference_temperature": 20.0, "koc": 12.021439761538339, "freundlich": 1.029952516589901, "dt50": {"system": 6.0, "soil": 141.63229582800562, "surfaceWater": 6.0, "sediment": 6.0}, "plant_uptake": 0.5, "name": "Compound -3683004758523766012", "model_specific_data": {}, "metabolites": []}}]}}