{"gap": {"type": "relative", "arguments": {"name": "GAP -296091488377847865", "modelCrop": "WC", "rate": 250.0, "apply_every_n_years": 1, "number_of_applications": 2, "interval": 14, "model_specific_data": {}, "bbch": 31, "season": 0}}, "compound": {"molarMass": 300.0, "water_solubility": 0.02329577099692289, "vapor_pressure": 9.577181595682085e-06, "reference_temperature": 20.0, "koc": 36.7176963857994, "freundlich": 0.7199371670323123, "dt50": {"system": 6.0, "soil": 203.2688149791806, "surfaceWater": 6.0, "sediment": 6.0}, "plant_uptake": 0.0, "name": "Compound -9116518227626551166", "model_specific_data": {}, "metabolites": [{"formation_fraction": 0.2, "metabolite": {"molarMass": 300.0, "water_solubility": 0.2835341357348319, "vapor_pressure": 1.9299194950222384e-05, "reference_temperature": 20.0, "koc": 14.138084688587458, "freundlich": 1.0510788022874342, "dt50": {"system": 6.0, "soil": 208.1558830726129, "surfaceWater": 6.0, "sediment": 6.0}, "plant_uptake": 0.5, "name": "Compound -5386404331467893166", "model_specific_data": {}, "metabolites": []}}]}}