{"gap": {"type": "relative", "arguments": {"name": "GAP -296091488377847865", "modelCrop": "WC", "rate": 250.0, "apply_every_n_years": 1, "number_of_applications": 2, "interval": 14, "model_specific_data": {}, "bbch": 31, "season": 0}}, "compound": {"molarMass": 300.0, "water_solubility": 0.009667976941938586, "vapor_pressure": 1.1411912468105444e-06, "reference_temperature": 20.0, "koc": 1297.298483411281, "freundlich": 0.9525851681263368, "dt50": {"system": 6.0, "soil": 162.40461631073606, "surfaceWater": 6.0, "sediment": 6.0}, "plant_uptake": 0.0, "name": "Compound -7517312451180676669", "model_specific_data": {}, "metabolites": [{"formation_fraction": 0.2, "metabolite": {"molarMass": 300.0, "water_solubility": 0.01154900306335517, "vapor_pressure": 1.0898211029651935e-07, "reference_temperature": 20.0, "koc": 3493.260784730695, "freundlich": 1.1416264523418678, "dt50": {"system": 6.0, "soil": 2.7876678293898145, "surfaceWater": 6.0, "sediment": 6.0}, "plant_uptake": 0.5, "name": "Compound -8654951516558489955", "model_specific_data": {}, "metabolites": []}}]}}