{"gap": {"type": "relative", "arguments": {"name": "GAP -296091488377847865", "modelCrop": "WC", "rate": 250.0, "apply_every_n_years": 1, "number_of_applications": 2, "interval": 14, "model_specific_data": {}, "bbch": 31, "season": 0}}, "compound": {"molarMass": 300.0, "water_solubility": 0.0005928360131828409, "vapor_pressure": 4.175009966091189e-06, "reference_temperature": 20.0, "koc": 605.4005282952418, "freundlich": 0.8903920781128547, "dt50": {"system": 6.0, "soil": 196.4808285675856, "surfaceWater": 6.0, "sediment": 6.0}, "plant_uptake": 0.0, "name": "Compound -5433675776370091951", "model_specific_data": {}, "metabolites": [{"formation_fraction": 0.2, "metabolite": {"molarMass": 300.0, "water_solubility": 0.0008413633600098283, "vapor_pressure": 7.662170631584922e-05, "reference_temperature": 20.0, "koc": 40.742984307262276, "freundlich": 0.9431816506312545, "dt50": {"system": 6.0, "soil": 252.14458808440918, "surfaceWater": 6.0, "sediment": 6.0}, "plant_uptake": 0.5, "name": "Compound -2657712618374476107", "model_specific_data": {}, "metabolites": []}}]}}