{"gap": {"type": "relative", "arguments": {"name": "GAP -296091488377847865", "modelCrop": "WC", "rate": 250.0, "apply_every_n_years": 1, "number_of_applications": 2, "interval": 14, "model_specific_data": {}, "bbch": 31, "season": 0}}, "compound": {"molarMass": 300.0, "water_solubility": 0.13952571717447787, "vapor_pressure": 7.070515894752079e-07, "reference_temperature": 20.0, "koc": 51.80596417041247, "freundlich": 0.8186867575195418, "dt50": {"system": 6.0, "soil": 107.72419043284053, "surfaceWater": 6.0, "sediment": 6.0}, "plant_uptake": 0.0, "name": "Compound -2923429176853143324", "model_specific_data": {}, "metabolites": [{"formation_fraction": 0.2, "metabolite": {"molarMass": 300.0, "water_solubility": 0.017847957795042578, "vapor_pressure": 0.00014189387564530491, "reference_temperature": 20.0, "koc": 2722.1001417984985, "freundlich": 0.7921001364710107, "dt50": {"system": 6.0, "soil": 90.94816640116784, "surfaceWater": 6.0, "sediment": 6.0}, "plant_uptake": 0.5, "name": "Compound -6123329771382181086", "model_specific_data": {}, "metabolites": []}}]}}