{"gap": {"type": "relative", "arguments": {"name": "GAP -296091488377847865", "modelCrop": "WC", "rate": 250.0, "apply_every_n_years": 1, "number_of_applications": 2, "interval": 14, "model_specific_data": {}, "bbch": 31, "season": 0}}, "compound": {"molarMass": 300.0, "water_solubility": 0.4347944792893734, "vapor_pressure": 1.0632529970917744e-05, "reference_temperature": 20.0, "koc": 89.23090209746805, "freundlich": 0.7649803835684319, "dt50": {"system": 6.0, "soil": 40.04693758766721, "surfaceWater": 6.0, "sediment": 6.0}, "plant_uptake": 0.0, "name": "Compound 3416058477311924921", "model_specific_data": {}, "metabolites": [{"formation_fraction": 0.2, "metabolite": {"molarMass": 300.0, "water_solubility": 0.06608890863841896, "vapor_pressure": 5.314529649445514e-06, "reference_temperature": 20.0, "koc": 2607.734319132272, "freundlich": 0.7662118804430189, "dt50": {"system": 6.0, "soil": 41.607340292393836, "surfaceWater": 6.0, "sediment": 6.0}, "plant_uptake": 0.5, "name": "Compound -7224168221389740857", "model_specific_data": {}, "metabolites": []}}]}}