{"gap": {"type": "relative", "arguments": {"name": "GAP -296091488377847865", "modelCrop": "WC", "rate": 250.0, "apply_every_n_years": 1, "number_of_applications": 2, "interval": 14, "model_specific_data": {}, "bbch": 31, "season": 0}}, "compound": {"molarMass": 300.0, "water_solubility": 0.00033924685424357336, "vapor_pressure": 0.0003451484330621753, "reference_temperature": 20.0, "koc": 137.00846191410506, "freundlich": 0.9238106968405477, "dt50": {"system": 6.0, "soil": 297.87124936189446, "surfaceWater": 6.0, "sediment": 6.0}, "plant_uptake": 0.0, "name": "Compound 9175935627101614835", "model_specific_data": {}, "metabolites": [{"formation_fraction": 0.2, "metabolite": {"molarMass": 300.0, "water_solubility": 0.05100861114201028, "vapor_pressure": 1.0465463673528982e-07, "reference_temperature": 20.0, "koc": 825.5227194647032, "freundlich": 0.9717241581864977, "dt50": {"system": 6.0, "soil": 29.864297571075515, "surfaceWater": 6.0, "sediment": 6.0}, "plant_uptake": 0.5, "name": "Compound -5242687121871825848", "model_specific_data": {}, "metabolites": []}}]}}