{"gap": {"type": "relative", "arguments": {"name": "GAP -296091488377847865", "modelCrop": "WC", "rate": 250.0, "apply_every_n_years": 1, "number_of_applications": 2, "interval": 14, "model_specific_data": {}, "bbch": 31, "season": 0}}, "compound": {"molarMass": 300.0, "water_solubility": 0.0007731373490844835, "vapor_pressure": 0.00012161193441757852, "reference_temperature": 20.0, "koc": 11.382479890436786, "freundlich": 1.0013312652943156, "dt50": {"system": 6.0, "soil": 95.71793947418061, "surfaceWater": 6.0, "sediment": 6.0}, "plant_uptake": 0.0, "name": "Compound -4225723492421597113", "model_specific_data": {}, "metabolites": [{"formation_fraction": 0.2, "metabolite": {"molarMass": 300.0, "water_solubility": 0.2341888946170102, "vapor_pressure": 9.899307957790255e-06, "reference_temperature": 20.0, "koc": 2541.267831057169, "freundlich": 0.8546193120491169, "dt50": {"system": 6.0, "soil": 108.77792130908806, "surfaceWater": 6.0, "sediment": 6.0}, "plant_uptake": 0.5, "name": "Compound -287373178822154936", "model_specific_data": {}, "metabolites": []}}]}}