{"gap": {"type": "relative", "arguments": {"name": "GAP -296091488377847865", "modelCrop": "WC", "rate": 250.0, "apply_every_n_years": 1, "number_of_applications": 2, "interval": 14, "model_specific_data": {}, "bbch": 31, "season": 0}}, "compound": {"molarMass": 300.0, "water_solubility": 0.0043872467827149805, "vapor_pressure": 1.5195984225031148e-05, "reference_temperature": 20.0, "koc": 126.95296973095296, "freundlich": 0.8077734933477407, "dt50": {"system": 6.0, "soil": 184.67067025213132, "surfaceWater": 6.0, "sediment": 6.0}, "plant_uptake": 0.0, "name": "Compound 7815192989197334985", "model_specific_data": {}, "metabolites": [{"formation_fraction": 0.2, "metabolite": {"molarMass": 300.0, "water_solubility": 0.033043198499279024, "vapor_pressure": 0.0012122700781362196, "reference_temperature": 20.0, "koc": 3920.8125033702054, "freundlich": 0.8364562179423991, "dt50": {"system": 6.0, "soil": 89.9428514532873, "surfaceWater": 6.0, "sediment": 6.0}, "plant_uptake": 0.5, "name": "Compound -4435582353340648276", "model_specific_data": {}, "metabolites": []}}]}}