{"gap": {"type": "relative", "arguments": {"name": "GAP -296091488377847865", "modelCrop": "WC", "rate": 250.0, "apply_every_n_years": 1, "number_of_applications": 2, "interval": 14, "model_specific_data": {}, "bbch": 31, "season": 0}}, "compound": {"molarMass": 300.0, "water_solubility": 0.03303603722775793, "vapor_pressure": 0.0001972860686971128, "reference_temperature": 20.0, "koc": 4748.751000752713, "freundlich": 0.7415883298428034, "dt50": {"system": 6.0, "soil": 127.78466908891859, "surfaceWater": 6.0, "sediment": 6.0}, "plant_uptake": 0.0, "name": "Compound -5959510006149711856", "model_specific_data": {}, "metabolites": [{"formation_fraction": 0.2, "metabolite": {"molarMass": 300.0, "water_solubility": 0.034395364914550926, "vapor_pressure": 5.411491649860019e-05, "reference_temperature": 20.0, "koc": 211.36781514395636, "freundlich": 1.0909129827577693, "dt50": {"system": 6.0, "soil": 272.05282790795394, "surfaceWater": 6.0, "sediment": 6.0}, "plant_uptake": 0.5, "name": "Compound -4372890328246448175", "model_specific_data": {}, "metabolites": []}}]}}