{"gap": {"type": "relative", "arguments": {"name": "GAP -296091488377847865", "modelCrop": "WC", "rate": 250.0, "apply_every_n_years": 1, "number_of_applications": 2, "interval": 14, "model_specific_data": {}, "bbch": 31, "season": 0}}, "compound": {"molarMass": 300.0, "water_solubility": 0.25411958003858126, "vapor_pressure": 8.214423183340132e-05, "reference_temperature": 20.0, "koc": 22.804494584071506, "freundlich": 1.1006741523793808, "dt50": {"system": 6.0, "soil": 8.225792394275341, "surfaceWater": 6.0, "sediment": 6.0}, "plant_uptake": 0.0, "name": "Compound -355310570486078006", "model_specific_data": {}, "metabolites": [{"formation_fraction": 0.2, "metabolite": {"molarMass": 300.0, "water_solubility": 0.0027897315519515584, "vapor_pressure": 2.4054596038430847e-06, "reference_temperature": 20.0, "koc": 295.94607821075476, "freundlich": 0.8561716081831631, "dt50": {"system": 6.0, "soil": 299.5707685635362, "surfaceWater": 6.0, "sediment": 6.0}, "plant_uptake": 0.5, "name": "Compound 9064361237533858900", "model_specific_data": {}, "metabolites": []}}]}}