{"gap": {"type": "relative", "arguments": {"name": "GAP -296091488377847865", "modelCrop": "WC", "rate": 250.0, "apply_every_n_years": 1, "number_of_applications": 2, "interval": 14, "model_specific_data": {}, "bbch": 31, "season": 0}}, "compound": {"molarMass": 300.0, "water_solubility": 0.0010216203824398632, "vapor_pressure": 1.3996346038892049e-05, "reference_temperature": 20.0, "koc": 22.66034478964607, "freundlich": 0.7691232952155833, "dt50": {"system": 6.0, "soil": 112.17852525689031, "surfaceWater": 6.0, "sediment": 6.0}, "plant_uptake": 0.0, "name": "Compound -1827779879031981038", "model_specific_data": {}, "metabolites": [{"formation_fraction": 0.2, "metabolite": {"molarMass": 300.0, "water_solubility": 0.2602735972910731, "vapor_pressure": 2.0668853152996644e-06, "reference_temperature": 20.0, "koc": 88.69272416136626, "freundlich": 0.9952330769607556, "dt50": {"system": 6.0, "soil": 227.49797627071567, "surfaceWater": 6.0, "sediment": 6.0}, "plant_uptake": 0.5, "name": "Compound -2859058308464355848", "model_specific_data": {}, "metabolites": []}}]}}