{"gap": {"type": "relative", "arguments": {"name": "GAP -296091488377847865", "modelCrop": "WC", "rate": 250.0, "apply_every_n_years": 1, "number_of_applications": 2, "interval": 14, "model_specific_data": {}, "bbch": 31, "season": 0}}, "compound": {"molarMass": 300.0, "water_solubility": 0.0070576288908942054, "vapor_pressure": 0.001934475667570454, "reference_temperature": 20.0, "koc": 798.2410406972828, "freundlich": 1.041996867955405, "dt50": {"system": 6.0, "soil": 25.44025261114879, "surfaceWater": 6.0, "sediment": 6.0}, "plant_uptake": 0.0, "name": "Compound 4785291361915319242", "model_specific_data": {}, "metabolites": [{"formation_fraction": 0.2, "metabolite": {"molarMass": 300.0, "water_solubility": 0.0002443199328398425, "vapor_pressure": 1.451305814118671e-07, "reference_temperature": 20.0, "koc": 1343.3138352356746, "freundlich": 0.9208011480833346, "dt50": {"system": 6.0, "soil": 268.0234979652828, "surfaceWater": 6.0, "sediment": 6.0}, "plant_uptake": 0.5, "name": "Compound -3736468220113728077", "model_specific_data": {}, "metabolites": []}}]}}