{"gap": {"type": "relative", "arguments": {"name": "GAP -296091488377847865", "modelCrop": "WC", "rate": 250.0, "apply_every_n_years": 1, "number_of_applications": 2, "interval": 14, "model_specific_data": {}, "bbch": 31, "season": 0}}, "compound": {"molarMass": 300.0, "water_solubility": 0.019371675939381532, "vapor_pressure": 2.46574169486377e-05, "reference_temperature": 20.0, "koc": 227.84980323680486, "freundlich": 0.9220585531535563, "dt50": {"system": 6.0, "soil": 2.993865451121213, "surfaceWater": 6.0, "sediment": 6.0}, "plant_uptake": 0.0, "name": "Compound -5225091359672335043", "model_specific_data": {}, "metabolites": [{"formation_fraction": 0.2, "metabolite": {"molarMass": 300.0, "water_solubility": 0.16439513903922673, "vapor_pressure": 0.0001171280862486056, "reference_temperature": 20.0, "koc": 38.91416587207831, "freundlich": 0.9854902247439153, "dt50": {"system": 6.0, "soil": 65.202554191379, "surfaceWater": 6.0, "sediment": 6.0}, "plant_uptake": 0.5, "name": "Compound -6327620097052894193", "model_specific_data": {}, "metabolites": []}}]}}