{"gap": {"type": "relative", "arguments": {"name": "GAP -296091488377847865", "modelCrop": "WC", "rate": 250.0, "apply_every_n_years": 1, "number_of_applications": 2, "interval": 14, "model_specific_data": {}, "bbch": 31, "season": 0}}, "compound": {"molarMass": 300.0, "water_solubility": 0.004604123463827446, "vapor_pressure": 2.8792741741849173e-06, "reference_temperature": 20.0, "koc": 10.201576363324708, "freundlich": 0.7378732505975711, "dt50": {"system": 6.0, "soil": 70.01509989866688, "surfaceWater": 6.0, "sediment": 6.0}, "plant_uptake": 0.0, "name": "Compound 825351040152964371", "model_specific_data": {}, "metabolites": [{"formation_fraction": 0.2, "metabolite": {"molarMass": 300.0, "water_solubility": 0.016625588162572015, "vapor_pressure": 5.2003231391398364e-08, "reference_temperature": 20.0, "koc": 164.47159730990757, "freundlich": 1.0092825944518329, "dt50": {"system": 6.0, "soil": 12.371820884487676, "surfaceWater": 6.0, "sediment": 6.0}, "plant_uptake": 0.5, "name": "Compound -9040479660808242422", "model_specific_data": {}, "metabolites": []}}]}}