{"gap": {"type": "relative", "arguments": {"name": "GAP -296091488377847865", "modelCrop": "WC", "rate": 250.0, "apply_every_n_years": 1, "number_of_applications": 2, "interval": 14, "model_specific_data": {}, "bbch": 31, "season": 0}}, "compound": {"molarMass": 300.0, "water_solubility": 0.0015524902762171532, "vapor_pressure": 0.00027057726825123414, "reference_temperature": 20.0, "koc": 924.4431123311439, "freundlich": 1.1108912577108878, "dt50": {"system": 6.0, "soil": 199.06704553586522, "surfaceWater": 6.0, "sediment": 6.0}, "plant_uptake": 0.0, "name": "Compound -7605316929764532468", "model_specific_data": {}, "metabolites": [{"formation_fraction": 0.2, "metabolite": {"molarMass": 300.0, "water_solubility": 0.1576594798740577, "vapor_pressure": 1.4694478931507822e-05, "reference_temperature": 20.0, "koc": 70.87807291402126, "freundlich": 1.1940284693374048, "dt50": {"system": 6.0, "soil": 244.7915151816964, "surfaceWater": 6.0, "sediment": 6.0}, "plant_uptake": 0.5, "name": "Compound -7259282748898884233", "model_specific_data": {}, "metabolites": []}}]}}