{"gap": {"type": "relative", "arguments": {"name": "GAP -296091488377847865", "modelCrop": "WC", "rate": 250.0, "apply_every_n_years": 1, "number_of_applications": 2, "interval": 14, "model_specific_data": {}, "bbch": 31, "season": 0}}, "compound": {"molarMass": 300.0, "water_solubility": 0.002744110520279232, "vapor_pressure": 5.160812412243928e-07, "reference_temperature": 20.0, "koc": 784.4210015464733, "freundlich": 1.1712446799547658, "dt50": {"system": 6.0, "soil": 211.07867776270857, "surfaceWater": 6.0, "sediment": 6.0}, "plant_uptake": 0.0, "name": "Compound -3449730409709997123", "model_specific_data": {}, "metabolites": [{"formation_fraction": 0.2, "metabolite": {"molarMass": 300.0, "water_solubility": 0.0052938461663865856, "vapor_pressure": 1.9587180690288092e-09, "reference_temperature": 20.0, "koc": 25.20489643861912, "freundlich": 1.1531415381939105, "dt50": {"system": 6.0, "soil": 123.39514794558274, "surfaceWater": 6.0, "sediment": 6.0}, "plant_uptake": 0.5, "name": "Compound -7487246270033558468", "model_specific_data": {}, "metabolites": []}}]}}