{"gap": {"type": "relative", "arguments": {"name": "GAP -296091488377847865", "modelCrop": "WC", "rate": 250.0, "apply_every_n_years": 1, "number_of_applications": 2, "interval": 14, "model_specific_data": {}, "bbch": 31, "season": 0}}, "compound": {"molarMass": 300.0, "water_solubility": 0.01232105994435398, "vapor_pressure": 4.660042461960047e-08, "reference_temperature": 20.0, "koc": 1596.832534371046, "freundlich": 0.7771985781473341, "dt50": {"system": 6.0, "soil": 15.099144351138682, "surfaceWater": 6.0, "sediment": 6.0}, "plant_uptake": 0.0, "name": "Compound 5802763977668602178", "model_specific_data": {}, "metabolites": [{"formation_fraction": 0.2, "metabolite": {"molarMass": 300.0, "water_solubility": 0.0036785152973745168, "vapor_pressure": 7.815392913597582e-06, "reference_temperature": 20.0, "koc": 79.52684313796365, "freundlich": 0.782199865059731, "dt50": {"system": 6.0, "soil": 157.12949112005006, "surfaceWater": 6.0, "sediment": 6.0}, "plant_uptake": 0.5, "name": "Compound 4328707554423962856", "model_specific_data": {}, "metabolites": []}}]}}