{"gap": {"type": "relative", "arguments": {"name": "GAP -296091488377847865", "modelCrop": "WC", "rate": 250.0, "apply_every_n_years": 1, "number_of_applications": 2, "interval": 14, "model_specific_data": {}, "bbch": 31, "season": 0}}, "compound": {"molarMass": 300.0, "water_solubility": 0.07677750513643027, "vapor_pressure": 9.89575307584612e-06, "reference_temperature": 20.0, "koc": 208.6043316530961, "freundlich": 0.7411829688108705, "dt50": {"system": 6.0, "soil": 92.59621519513259, "surfaceWater": 6.0, "sediment": 6.0}, "plant_uptake": 0.0, "name": "Compound 762074201115139753", "model_specific_data": {}, "metabolites": [{"formation_fraction": 0.2, "metabolite": {"molarMass": 300.0, "water_solubility": 0.016969085553719312, "vapor_pressure": 1.2380383485931182e-05, "reference_temperature": 20.0, "koc": 102.05689921621722, "freundlich": 1.1216678762982724, "dt50": {"system": 6.0, "soil": 130.86700282540005, "surfaceWater": 6.0, "sediment": 6.0}, "plant_uptake": 0.5, "name": "Compound 708005771094788813", "model_specific_data": {}, "metabolites": []}}]}}