{"gap": {"type": "relative", "arguments": {"name": "GAP -296091488377847865", "modelCrop": "WC", "rate": 250.0, "apply_every_n_years": 1, "number_of_applications": 2, "interval": 14, "model_specific_data": {}, "bbch": 31, "season": 0}}, "compound": {"molarMass": 300.0, "water_solubility": 0.0046363093490409835, "vapor_pressure": 1.7475265058126226e-05, "reference_temperature": 20.0, "koc": 13.394867738143367, "freundlich": 1.0314877013663146, "dt50": {"system": 6.0, "soil": 249.18639310615364, "surfaceWater": 6.0, "sediment": 6.0}, "plant_uptake": 0.0, "name": "Compound -7326209773694285116", "model_specific_data": {}, "metabolites": [{"formation_fraction": 0.2, "metabolite": {"molarMass": 300.0, "water_solubility": 0.0010042320172240602, "vapor_pressure": 0.00039217522414283106, "reference_temperature": 20.0, "koc": 3483.873281956727, "freundlich": 1.1737017445619082, "dt50": {"system": 6.0, "soil": 225.9659082453208, "surfaceWater": 6.0, "sediment": 6.0}, "plant_uptake": 0.5, "name": "Compound 1905029220001318627", "model_specific_data": {}, "metabolites": []}}]}}