{"gap": {"type": "relative", "arguments": {"name": "GAP -296091488377847865", "modelCrop": "WC", "rate": 250.0, "apply_every_n_years": 1, "number_of_applications": 2, "interval": 14, "model_specific_data": {}, "bbch": 31, "season": 0}}, "compound": {"molarMass": 300.0, "water_solubility": 0.004377033496545828, "vapor_pressure": 2.0001794798522e-08, "reference_temperature": 20.0, "koc": 2350.372855264706, "freundlich": 0.8157096819033205, "dt50": {"system": 6.0, "soil": 12.012270407068222, "surfaceWater": 6.0, "sediment": 6.0}, "plant_uptake": 0.0, "name": "Compound -5712898754312280126", "model_specific_data": {}, "metabolites": [{"formation_fraction": 0.2, "metabolite": {"molarMass": 300.0, "water_solubility": 0.00022072150154942965, "vapor_pressure": 4.50827720329534e-06, "reference_temperature": 20.0, "koc": 2840.152619353593, "freundlich": 1.0920016707791764, "dt50": {"system": 6.0, "soil": 98.2113328072579, "surfaceWater": 6.0, "sediment": 6.0}, "plant_uptake": 0.5, "name": "Compound -5360796057919005885", "model_specific_data": {}, "metabolites": []}}]}}