{"gap": {"type": "relative", "arguments": {"name": "GAP -296091488377847865", "modelCrop": "WC", "rate": 250.0, "apply_every_n_years": 1, "number_of_applications": 2, "interval": 14, "model_specific_data": {}, "bbch": 31, "season": 0}}, "compound": {"molarMass": 300.0, "water_solubility": 0.004989450186618334, "vapor_pressure": 5.471062625804897e-07, "reference_temperature": 20.0, "koc": 1074.9868623396494, "freundlich": 1.0669233249882282, "dt50": {"system": 6.0, "soil": 190.53562093496421, "surfaceWater": 6.0, "sediment": 6.0}, "plant_uptake": 0.0, "name": "Compound 2099868812351008071", "model_specific_data": {}, "metabolites": [{"formation_fraction": 0.2, "metabolite": {"molarMass": 300.0, "water_solubility": 0.007241834685253729, "vapor_pressure": 4.2040294431066607e-08, "reference_temperature": 20.0, "koc": 322.7034915084194, "freundlich": 1.1081247644289385, "dt50": {"system": 6.0, "soil": 57.260010851945914, "surfaceWater": 6.0, "sediment": 6.0}, "plant_uptake": 0.5, "name": "Compound -7600256403384554836", "model_specific_data": {}, "metabolites": []}}]}}