{"gap": {"type": "relative", "arguments": {"name": "GAP -296091488377847865", "modelCrop": "WC", "rate": 250.0, "apply_every_n_years": 1, "number_of_applications": 2, "interval": 14, "model_specific_data": {}, "bbch": 31, "season": 0}}, "compound": {"molarMass": 300.0, "water_solubility": 0.004168114509927407, "vapor_pressure": 4.086204440831327e-09, "reference_temperature": 20.0, "koc": 4284.842062849533, "freundlich": 0.8476931328540269, "dt50": {"system": 6.0, "soil": 253.89382051027619, "surfaceWater": 6.0, "sediment": 6.0}, "plant_uptake": 0.0, "name": "Compound -1648901006134293543", "model_specific_data": {}, "metabolites": [{"formation_fraction": 0.2, "metabolite": {"molarMass": 300.0, "water_solubility": 0.0029336116239633446, "vapor_pressure": 2.519686153386534e-06, "reference_temperature": 20.0, "koc": 80.63461126455638, "freundlich": 1.0455815546797362, "dt50": {"system": 6.0, "soil": 226.27065180582514, "surfaceWater": 6.0, "sediment": 6.0}, "plant_uptake": 0.5, "name": "Compound 877276259230199620", "model_specific_data": {}, "metabolites": []}}]}}