{"gap": {"type": "relative", "arguments": {"name": "GAP -296091488377847865", "modelCrop": "WC", "rate": 250.0, "apply_every_n_years": 1, "number_of_applications": 2, "interval": 14, "model_specific_data": {}, "bbch": 31, "season": 0}}, "compound": {"molarMass": 300.0, "water_solubility": 0.0010929672132885418, "vapor_pressure": 2.8185006790135164e-05, "reference_temperature": 20.0, "koc": 4428.234903272649, "freundlich": 0.9648376550924989, "dt50": {"system": 6.0, "soil": 24.496880244076994, "surfaceWater": 6.0, "sediment": 6.0}, "plant_uptake": 0.0, "name": "Compound -2366372460886776108", "model_specific_data": {}, "metabolites": [{"formation_fraction": 0.2, "metabolite": {"molarMass": 300.0, "water_solubility": 0.0036930568410362286, "vapor_pressure": 0.00045821270132146054, "reference_temperature": 20.0, "koc": 40.1689445702214, "freundlich": 1.1000165968678108, "dt50": {"system": 6.0, "soil": 203.766927275194, "surfaceWater": 6.0, "sediment": 6.0}, "plant_uptake": 0.5, "name": "Compound -5633888650662806339", "model_specific_data": {}, "metabolites": []}}]}}