{"gap": {"type": "relative", "arguments": {"name": "GAP -296091488377847865", "modelCrop": "WC", "rate": 250.0, "apply_every_n_years": 1, "number_of_applications": 2, "interval": 14, "model_specific_data": {}, "bbch": 31, "season": 0}}, "compound": {"molarMass": 300.0, "water_solubility": 0.004435268316851282, "vapor_pressure": 0.027849394674433328, "reference_temperature": 20.0, "koc": 226.9711424254208, "freundlich": 0.701117754060292, "dt50": {"system": 6.0, "soil": 92.73357509251298, "surfaceWater": 6.0, "sediment": 6.0}, "plant_uptake": 0.0, "name": "Compound -4952828277382752631", "model_specific_data": {}, "metabolites": [{"formation_fraction": 0.2, "metabolite": {"molarMass": 300.0, "water_solubility": 0.016480198925969407, "vapor_pressure": 0.0010826099203763723, "reference_temperature": 20.0, "koc": 910.8395245603059, "freundlich": 1.053860172829792, "dt50": {"system": 6.0, "soil": 183.36006620305088, "surfaceWater": 6.0, "sediment": 6.0}, "plant_uptake": 0.5, "name": "Compound 5911447706519571191", "model_specific_data": {}, "metabolites": []}}]}}