{"gap": {"type": "relative", "arguments": {"name": "GAP -296091488377847865", "modelCrop": "WC", "rate": 250.0, "apply_every_n_years": 1, "number_of_applications": 2, "interval": 14, "model_specific_data": {}, "bbch": 31, "season": 0}}, "compound": {"molarMass": 300.0, "water_solubility": 0.12923365074180718, "vapor_pressure": 0.00027800381109454296, "reference_temperature": 20.0, "koc": 614.910453117716, "freundlich": 0.7538004754055027, "dt50": {"system": 6.0, "soil": 14.994062102422186, "surfaceWater": 6.0, "sediment": 6.0}, "plant_uptake": 0.0, "name": "Compound 6530285751047794570", "model_specific_data": {}, "metabolites": [{"formation_fraction": 0.2, "metabolite": {"molarMass": 300.0, "water_solubility": 0.11368622354651027, "vapor_pressure": 5.715681480520339e-06, "reference_temperature": 20.0, "koc": 15.953706467577112, "freundlich": 0.9589337796632015, "dt50": {"system": 6.0, "soil": 276.67912943638123, "surfaceWater": 6.0, "sediment": 6.0}, "plant_uptake": 0.5, "name": "Compound 832609304877473256", "model_specific_data": {}, "metabolites": []}}]}}