{"gap": {"type": "relative", "arguments": {"name": "GAP -296091488377847865", "modelCrop": "WC", "rate": 250.0, "apply_every_n_years": 1, "number_of_applications": 2, "interval": 14, "model_specific_data": {}, "bbch": 31, "season": 0}}, "compound": {"molarMass": 300.0, "water_solubility": 0.032217415204449, "vapor_pressure": 1.060757799984087e-05, "reference_temperature": 20.0, "koc": 4265.877858899266, "freundlich": 1.1533552328015149, "dt50": {"system": 6.0, "soil": 164.02120028826394, "surfaceWater": 6.0, "sediment": 6.0}, "plant_uptake": 0.0, "name": "Compound -8995471042163608425", "model_specific_data": {}, "metabolites": [{"formation_fraction": 0.2, "metabolite": {"molarMass": 300.0, "water_solubility": 0.028969625622330908, "vapor_pressure": 9.232033412946749e-05, "reference_temperature": 20.0, "koc": 404.6954987513044, "freundlich": 1.13135200608831, "dt50": {"system": 6.0, "soil": 24.081246924854305, "surfaceWater": 6.0, "sediment": 6.0}, "plant_uptake": 0.5, "name": "Compound -948363528242735265", "model_specific_data": {}, "metabolites": []}}]}}