{"gap": {"type": "relative", "arguments": {"name": "GAP -296091488377847865", "modelCrop": "WC", "rate": 250.0, "apply_every_n_years": 1, "number_of_applications": 2, "interval": 14, "model_specific_data": {}, "bbch": 31, "season": 0}}, "compound": {"molarMass": 300.0, "water_solubility": 0.009030380878276432, "vapor_pressure": 1.230438161220468e-07, "reference_temperature": 20.0, "koc": 419.3992842529839, "freundlich": 1.1980035032828762, "dt50": {"system": 6.0, "soil": 30.81683873036747, "surfaceWater": 6.0, "sediment": 6.0}, "plant_uptake": 0.0, "name": "Compound 8672985421129528902", "model_specific_data": {}, "metabolites": [{"formation_fraction": 0.2, "metabolite": {"molarMass": 300.0, "water_solubility": 0.03144274438073471, "vapor_pressure": 3.2944289589439785e-07, "reference_temperature": 20.0, "koc": 19.549871742048325, "freundlich": 1.1828201316910545, "dt50": {"system": 6.0, "soil": 87.03067376001837, "surfaceWater": 6.0, "sediment": 6.0}, "plant_uptake": 0.5, "name": "Compound -9129418091109624437", "model_specific_data": {}, "metabolites": []}}]}}