{"gap": {"type": "relative", "arguments": {"name": "GAP -296091488377847865", "modelCrop": "WC", "rate": 250.0, "apply_every_n_years": 1, "number_of_applications": 2, "interval": 14, "model_specific_data": {}, "bbch": 31, "season": 0}}, "compound": {"molarMass": 300.0, "water_solubility": 0.015785293452821446, "vapor_pressure": 1.681841516711703e-06, "reference_temperature": 20.0, "koc": 2666.0905012411085, "freundlich": 1.0114836437539882, "dt50": {"system": 6.0, "soil": 224.01003878183735, "surfaceWater": 6.0, "sediment": 6.0}, "plant_uptake": 0.0, "name": "Compound -3712461331014191283", "model_specific_data": {}, "metabolites": [{"formation_fraction": 0.2, "metabolite": {"molarMass": 300.0, "water_solubility": 0.001471781392905053, "vapor_pressure": 3.049633386898489e-05, "reference_temperature": 20.0, "koc": 13.981992666758916, "freundlich": 1.0985934798819281, "dt50": {"system": 6.0, "soil": 10.86842028276888, "surfaceWater": 6.0, "sediment": 6.0}, "plant_uptake": 0.5, "name": "Compound -1179641337392047761", "model_specific_data": {}, "metabolites": []}}]}}