{"gap": {"type": "relative", "arguments": {"name": "GAP -296091488377847865", "modelCrop": "WC", "rate": 250.0, "apply_every_n_years": 1, "number_of_applications": 2, "interval": 14, "model_specific_data": {}, "bbch": 31, "season": 0}}, "compound": {"molarMass": 300.0, "water_solubility": 0.008061960360811962, "vapor_pressure": 6.160755222413208e-07, "reference_temperature": 20.0, "koc": 138.21662120325507, "freundlich": 0.8979817243071455, "dt50": {"system": 6.0, "soil": 224.15295365616566, "surfaceWater": 6.0, "sediment": 6.0}, "plant_uptake": 0.0, "name": "Compound -3001285349716857338", "model_specific_data": {}, "metabolites": [{"formation_fraction": 0.2, "metabolite": {"molarMass": 300.0, "water_solubility": 0.11390451527701195, "vapor_pressure": 2.2595201200193616e-08, "reference_temperature": 20.0, "koc": 2437.23806845336, "freundlich": 0.8487710444186785, "dt50": {"system": 6.0, "soil": 86.55907848975778, "surfaceWater": 6.0, "sediment": 6.0}, "plant_uptake": 0.5, "name": "Compound -4996238345292085677", "model_specific_data": {}, "metabolites": []}}]}}