{"gap": {"type": "relative", "arguments": {"name": "GAP -296091488377847865", "modelCrop": "WC", "rate": 250.0, "apply_every_n_years": 1, "number_of_applications": 2, "interval": 14, "model_specific_data": {}, "bbch": 31, "season": 0}}, "compound": {"molarMass": 300.0, "water_solubility": 0.01117490143713795, "vapor_pressure": 1.5756562996807284e-06, "reference_temperature": 20.0, "koc": 13.08776210983054, "freundlich": 1.0931965668767603, "dt50": {"system": 6.0, "soil": 153.73386492660367, "surfaceWater": 6.0, "sediment": 6.0}, "plant_uptake": 0.0, "name": "Compound -6090325185138528421", "model_specific_data": {}, "metabolites": [{"formation_fraction": 0.2, "metabolite": {"molarMass": 300.0, "water_solubility": 0.00037173207759273036, "vapor_pressure": 0.00017814151340581346, "reference_temperature": 20.0, "koc": 2054.686217828797, "freundlich": 1.0855701435478602, "dt50": {"system": 6.0, "soil": 147.55787587347945, "surfaceWater": 6.0, "sediment": 6.0}, "plant_uptake": 0.5, "name": "Compound -4554269574764011248", "model_specific_data": {}, "metabolites": []}}]}}