{"gap": {"type": "relative", "arguments": {"name": "GAP -296091488377847865", "modelCrop": "WC", "rate": 250.0, "apply_every_n_years": 1, "number_of_applications": 2, "interval": 14, "model_specific_data": {}, "bbch": 31, "season": 0}}, "compound": {"molarMass": 300.0, "water_solubility": 0.02005175774539088, "vapor_pressure": 1.823801145551754e-05, "reference_temperature": 20.0, "koc": 33.78016143862254, "freundlich": 1.0630887194479741, "dt50": {"system": 6.0, "soil": 204.46884450137202, "surfaceWater": 6.0, "sediment": 6.0}, "plant_uptake": 0.0, "name": "Compound -1982797264574075473", "model_specific_data": {}, "metabolites": [{"formation_fraction": 0.2, "metabolite": {"molarMass": 300.0, "water_solubility": 0.0021479324075143248, "vapor_pressure": 1.378802377843046e-05, "reference_temperature": 20.0, "koc": 14.643394634299332, "freundlich": 0.8238921467475488, "dt50": {"system": 6.0, "soil": 103.75012291676262, "surfaceWater": 6.0, "sediment": 6.0}, "plant_uptake": 0.5, "name": "Compound -352825427943185987", "model_specific_data": {}, "metabolites": []}}]}}