{"gap": {"type": "relative", "arguments": {"name": "GAP -296091488377847865", "modelCrop": "WC", "rate": 250.0, "apply_every_n_years": 1, "number_of_applications": 2, "interval": 14, "model_specific_data": {}, "bbch": 31, "season": 0}}, "compound": {"molarMass": 300.0, "water_solubility": 0.0016027748901673025, "vapor_pressure": 6.689468444723091e-05, "reference_temperature": 20.0, "koc": 25.18538884467324, "freundlich": 0.9488421964703283, "dt50": {"system": 6.0, "soil": 173.56219402359952, "surfaceWater": 6.0, "sediment": 6.0}, "plant_uptake": 0.0, "name": "Compound 5085638080263566302", "model_specific_data": {}, "metabolites": [{"formation_fraction": 0.2, "metabolite": {"molarMass": 300.0, "water_solubility": 0.008877862138080509, "vapor_pressure": 7.5801047739190976e-06, "reference_temperature": 20.0, "koc": 35.69604330466502, "freundlich": 1.0814856801701564, "dt50": {"system": 6.0, "soil": 252.48197356192927, "surfaceWater": 6.0, "sediment": 6.0}, "plant_uptake": 0.5, "name": "Compound 3378118170194844365", "model_specific_data": {}, "metabolites": []}}]}}