{"gap": {"type": "relative", "arguments": {"name": "GAP -296091488377847865", "modelCrop": "WC", "rate": 250.0, "apply_every_n_years": 1, "number_of_applications": 2, "interval": 14, "model_specific_data": {}, "bbch": 31, "season": 0}}, "compound": {"molarMass": 300.0, "water_solubility": 0.002380447322836388, "vapor_pressure": 2.8535670210159736e-05, "reference_temperature": 20.0, "koc": 2800.8853523697226, "freundlich": 0.9911799727561962, "dt50": {"system": 6.0, "soil": 63.089458283229675, "surfaceWater": 6.0, "sediment": 6.0}, "plant_uptake": 0.0, "name": "Compound -5403161134114586037", "model_specific_data": {}, "metabolites": [{"formation_fraction": 0.2, "metabolite": {"molarMass": 300.0, "water_solubility": 0.0048386742389082615, "vapor_pressure": 1.0834357475590912e-05, "reference_temperature": 20.0, "koc": 590.449699085613, "freundlich": 1.1292108887792038, "dt50": {"system": 6.0, "soil": 94.78175361785384, "surfaceWater": 6.0, "sediment": 6.0}, "plant_uptake": 0.5, "name": "Compound -3822132127018612019", "model_specific_data": {}, "metabolites": []}}]}}