{"gap": {"type": "relative", "arguments": {"name": "GAP -296091488377847865", "modelCrop": "WC", "rate": 250.0, "apply_every_n_years": 1, "number_of_applications": 2, "interval": 14, "model_specific_data": {}, "bbch": 31, "season": 0}}, "compound": {"molarMass": 300.0, "water_solubility": 0.005870976002988318, "vapor_pressure": 2.4803639446956454e-06, "reference_temperature": 20.0, "koc": 296.512019913811, "freundlich": 0.9377276005005067, "dt50": {"system": 6.0, "soil": 295.3785143139048, "surfaceWater": 6.0, "sediment": 6.0}, "plant_uptake": 0.0, "name": "Compound -4168328963651604142", "model_specific_data": {}, "metabolites": [{"formation_fraction": 0.2, "metabolite": {"molarMass": 300.0, "water_solubility": 0.05437110971683353, "vapor_pressure": 0.0006434012132527042, "reference_temperature": 20.0, "koc": 66.90312298699062, "freundlich": 1.1331998578356557, "dt50": {"system": 6.0, "soil": 298.8501914044479, "surfaceWater": 6.0, "sediment": 6.0}, "plant_uptake": 0.5, "name": "Compound -3210090172511947237", "model_specific_data": {}, "metabolites": []}}]}}