{"gap": {"type": "relative", "arguments": {"name": "GAP -296091488377847865", "modelCrop": "WC", "rate": 250.0, "apply_every_n_years": 1, "number_of_applications": 2, "interval": 14, "model_specific_data": {}, "bbch": 31, "season": 0}}, "compound": {"molarMass": 300.0, "water_solubility": 0.002637153456349711, "vapor_pressure": 0.0006846460885806635, "reference_temperature": 20.0, "koc": 1902.2953708458863, "freundlich": 0.9873716609642934, "dt50": {"system": 6.0, "soil": 221.25493799087684, "surfaceWater": 6.0, "sediment": 6.0}, "plant_uptake": 0.0, "name": "Compound -5534681825779190815", "model_specific_data": {}, "metabolites": [{"formation_fraction": 0.2, "metabolite": {"molarMass": 300.0, "water_solubility": 0.015086079747189052, "vapor_pressure": 4.758309403717169e-06, "reference_temperature": 20.0, "koc": 55.05184942692269, "freundlich": 1.0655270182992471, "dt50": {"system": 6.0, "soil": 114.70131286154465, "surfaceWater": 6.0, "sediment": 6.0}, "plant_uptake": 0.5, "name": "Compound 3837507814522311954", "model_specific_data": {}, "metabolites": []}}]}}