{"gap": {"type": "relative", "arguments": {"name": "GAP -296091488377847865", "modelCrop": "WC", "rate": 250.0, "apply_every_n_years": 1, "number_of_applications": 2, "interval": 14, "model_specific_data": {}, "bbch": 31, "season": 0}}, "compound": {"molarMass": 300.0, "water_solubility": 0.3517964047234349, "vapor_pressure": 3.420256156218959e-05, "reference_temperature": 20.0, "koc": 152.09870105732824, "freundlich": 0.7600062671045633, "dt50": {"system": 6.0, "soil": 67.49522719895509, "surfaceWater": 6.0, "sediment": 6.0}, "plant_uptake": 0.0, "name": "Compound -1538610847647086284", "model_specific_data": {}, "metabolites": [{"formation_fraction": 0.2, "metabolite": {"molarMass": 300.0, "water_solubility": 0.2329943758064797, "vapor_pressure": 0.00016178945746407654, "reference_temperature": 20.0, "koc": 805.4994821199467, "freundlich": 0.8784574103717473, "dt50": {"system": 6.0, "soil": 67.47688868785005, "surfaceWater": 6.0, "sediment": 6.0}, "plant_uptake": 0.5, "name": "Compound -3831180755729916894", "model_specific_data": {}, "metabolites": []}}]}}