{"gap": {"type": "relative", "arguments": {"name": "GAP -296091488377847865", "modelCrop": "WC", "rate": 250.0, "apply_every_n_years": 1, "number_of_applications": 2, "interval": 14, "model_specific_data": {}, "bbch": 31, "season": 0}}, "compound": {"molarMass": 300.0, "water_solubility": 0.0008083427896511547, "vapor_pressure": 4.023802570281033e-06, "reference_temperature": 20.0, "koc": 243.3599375338256, "freundlich": 0.8426801323490485, "dt50": {"system": 6.0, "soil": 58.23695267195083, "surfaceWater": 6.0, "sediment": 6.0}, "plant_uptake": 0.0, "name": "Compound -5252284210049407691", "model_specific_data": {}, "metabolites": [{"formation_fraction": 0.2, "metabolite": {"molarMass": 300.0, "water_solubility": 0.0021122189328166975, "vapor_pressure": 1.1873314086237517e-05, "reference_temperature": 20.0, "koc": 218.57989523280062, "freundlich": 0.7215321739541604, "dt50": {"system": 6.0, "soil": 193.7606003889274, "surfaceWater": 6.0, "sediment": 6.0}, "plant_uptake": 0.5, "name": "Compound -4739558083046669398", "model_specific_data": {}, "metabolites": []}}]}}