{"gap": {"type": "relative", "arguments": {"name": "GAP -296091488377847865", "modelCrop": "WC", "rate": 250.0, "apply_every_n_years": 1, "number_of_applications": 2, "interval": 14, "model_specific_data": {}, "bbch": 31, "season": 0}}, "compound": {"molarMass": 300.0, "water_solubility": 0.00431600642810564, "vapor_pressure": 1.5255741597988646e-05, "reference_temperature": 20.0, "koc": 1396.4323962902113, "freundlich": 1.0319407780253311, "dt50": {"system": 6.0, "soil": 185.61122003541135, "surfaceWater": 6.0, "sediment": 6.0}, "plant_uptake": 0.0, "name": "Compound -8540058768190356835", "model_specific_data": {}, "metabolites": [{"formation_fraction": 0.2, "metabolite": {"molarMass": 300.0, "water_solubility": 0.13608100675190946, "vapor_pressure": 9.406569236488942e-06, "reference_temperature": 20.0, "koc": 1670.189013486723, "freundlich": 1.1609467437575094, "dt50": {"system": 6.0, "soil": 213.67376683929194, "surfaceWater": 6.0, "sediment": 6.0}, "plant_uptake": 0.5, "name": "Compound -1693201958463437121", "model_specific_data": {}, "metabolites": []}}]}}