{"gap": {"type": "relative", "arguments": {"name": "GAP -296091488377847865", "modelCrop": "WC", "rate": 250.0, "apply_every_n_years": 1, "number_of_applications": 2, "interval": 14, "model_specific_data": {}, "bbch": 31, "season": 0}}, "compound": {"molarMass": 300.0, "water_solubility": 0.03437013398909742, "vapor_pressure": 5.598616225570675e-07, "reference_temperature": 20.0, "koc": 27.882884461498787, "freundlich": 0.7396124361901717, "dt50": {"system": 6.0, "soil": 116.56483356280836, "surfaceWater": 6.0, "sediment": 6.0}, "plant_uptake": 0.0, "name": "Compound 2907531933774111528", "model_specific_data": {}, "metabolites": [{"formation_fraction": 0.2, "metabolite": {"molarMass": 300.0, "water_solubility": 0.0009135473900290159, "vapor_pressure": 3.350766512217629e-06, "reference_temperature": 20.0, "koc": 391.93690256143907, "freundlich": 1.0709358756194702, "dt50": {"system": 6.0, "soil": 28.88077000414993, "surfaceWater": 6.0, "sediment": 6.0}, "plant_uptake": 0.5, "name": "Compound 5797691820566541975", "model_specific_data": {}, "metabolites": []}}]}}