{"gap": {"type": "relative", "arguments": {"name": "GAP -296091488377847865", "modelCrop": "WC", "rate": 250.0, "apply_every_n_years": 1, "number_of_applications": 2, "interval": 14, "model_specific_data": {}, "bbch": 31, "season": 0}}, "compound": {"molarMass": 300.0, "water_solubility": 0.7888614779167277, "vapor_pressure": 0.0005594352133406936, "reference_temperature": 20.0, "koc": 60.874664472654764, "freundlich": 1.0086816783244443, "dt50": {"system": 6.0, "soil": 241.7007302594003, "surfaceWater": 6.0, "sediment": 6.0}, "plant_uptake": 0.0, "name": "Compound 733010356723342097", "model_specific_data": {}, "metabolites": [{"formation_fraction": 0.2, "metabolite": {"molarMass": 300.0, "water_solubility": 0.008879200388328247, "vapor_pressure": 9.866887968107054e-07, "reference_temperature": 20.0, "koc": 2544.72658713528, "freundlich": 1.0528533676856855, "dt50": {"system": 6.0, "soil": 277.6531353703606, "surfaceWater": 6.0, "sediment": 6.0}, "plant_uptake": 0.5, "name": "Compound -7357793019256336248", "model_specific_data": {}, "metabolites": []}}]}}