{"gap": {"type": "relative", "arguments": {"name": "GAP -296091488377847865", "modelCrop": "WC", "rate": 250.0, "apply_every_n_years": 1, "number_of_applications": 2, "interval": 14, "model_specific_data": {}, "bbch": 31, "season": 0}}, "compound": {"molarMass": 300.0, "water_solubility": 0.1260628685607826, "vapor_pressure": 1.5998896385355874e-06, "reference_temperature": 20.0, "koc": 1470.9045441104859, "freundlich": 0.9720262204670076, "dt50": {"system": 6.0, "soil": 283.0155152754437, "surfaceWater": 6.0, "sediment": 6.0}, "plant_uptake": 0.0, "name": "Compound 6647427427682653590", "model_specific_data": {}, "metabolites": [{"formation_fraction": 0.2, "metabolite": {"molarMass": 300.0, "water_solubility": 0.00013111867036108956, "vapor_pressure": 2.0140111559709434e-07, "reference_temperature": 20.0, "koc": 83.98668558532567, "freundlich": 0.9410586464050164, "dt50": {"system": 6.0, "soil": 279.89558902044956, "surfaceWater": 6.0, "sediment": 6.0}, "plant_uptake": 0.5, "name": "Compound 5806959071302974777", "model_specific_data": {}, "metabolites": []}}]}}