{"gap": {"type": "relative", "arguments": {"name": "GAP -296091488377847865", "modelCrop": "WC", "rate": 250.0, "apply_every_n_years": 1, "number_of_applications": 2, "interval": 14, "model_specific_data": {}, "bbch": 31, "season": 0}}, "compound": {"molarMass": 300.0, "water_solubility": 0.008790435970779003, "vapor_pressure": 1.8995009546657095e-07, "reference_temperature": 20.0, "koc": 64.41076629017434, "freundlich": 0.7050656501826353, "dt50": {"system": 6.0, "soil": 265.37234757129386, "surfaceWater": 6.0, "sediment": 6.0}, "plant_uptake": 0.0, "name": "Compound -332651019866722776", "model_specific_data": {}, "metabolites": [{"formation_fraction": 0.2, "metabolite": {"molarMass": 300.0, "water_solubility": 0.3348404152561795, "vapor_pressure": 0.0005688823742298092, "reference_temperature": 20.0, "koc": 118.40716485530317, "freundlich": 0.8527274965379776, "dt50": {"system": 6.0, "soil": 193.13306405746218, "surfaceWater": 6.0, "sediment": 6.0}, "plant_uptake": 0.5, "name": "Compound -5428010860171707088", "model_specific_data": {}, "metabolites": []}}]}}