{"gap": {"type": "relative", "arguments": {"name": "GAP -296091488377847865", "modelCrop": "WC", "rate": 250.0, "apply_every_n_years": 1, "number_of_applications": 2, "interval": 14, "model_specific_data": {}, "bbch": 31, "season": 0}}, "compound": {"molarMass": 300.0, "water_solubility": 0.07936408140718341, "vapor_pressure": 8.539809731004955e-07, "reference_temperature": 20.0, "koc": 193.78860108447665, "freundlich": 0.7188920189337943, "dt50": {"system": 6.0, "soil": 262.7221644365245, "surfaceWater": 6.0, "sediment": 6.0}, "plant_uptake": 0.0, "name": "Compound 7360072527536099568", "model_specific_data": {}, "metabolites": [{"formation_fraction": 0.2, "metabolite": {"molarMass": 300.0, "water_solubility": 0.003000770169418169, "vapor_pressure": 0.00022202046276560716, "reference_temperature": 20.0, "koc": 367.66869545191065, "freundlich": 1.1218572479188973, "dt50": {"system": 6.0, "soil": 210.27384999621972, "surfaceWater": 6.0, "sediment": 6.0}, "plant_uptake": 0.5, "name": "Compound -3135203417170476524", "model_specific_data": {}, "metabolites": []}}]}}