{"gap": {"type": "relative", "arguments": {"name": "GAP -296091488377847865", "modelCrop": "WC", "rate": 250.0, "apply_every_n_years": 1, "number_of_applications": 2, "interval": 14, "model_specific_data": {}, "bbch": 31, "season": 0}}, "compound": {"molarMass": 300.0, "water_solubility": 0.00245468721435452, "vapor_pressure": 4.480244658612363e-06, "reference_temperature": 20.0, "koc": 12.276768112328872, "freundlich": 0.7502552219841232, "dt50": {"system": 6.0, "soil": 64.739548523128, "surfaceWater": 6.0, "sediment": 6.0}, "plant_uptake": 0.0, "name": "Compound 8572212697419333431", "model_specific_data": {}, "metabolites": [{"formation_fraction": 0.2, "metabolite": {"molarMass": 300.0, "water_solubility": 0.0010451908740753701, "vapor_pressure": 1.1916941593061278e-08, "reference_temperature": 20.0, "koc": 43.83615157415738, "freundlich": 1.064668301960668, "dt50": {"system": 6.0, "soil": 229.903930459643, "surfaceWater": 6.0, "sediment": 6.0}, "plant_uptake": 0.5, "name": "Compound -7439087049433295927", "model_specific_data": {}, "metabolites": []}}]}}