{"gap": {"type": "relative", "arguments": {"name": "GAP -296091488377847865", "modelCrop": "WC", "rate": 250.0, "apply_every_n_years": 1, "number_of_applications": 2, "interval": 14, "model_specific_data": {}, "bbch": 31, "season": 0}}, "compound": {"molarMass": 300.0, "water_solubility": 0.006016277685124594, "vapor_pressure": 0.0002985271257823494, "reference_temperature": 20.0, "koc": 2486.456241853449, "freundlich": 0.9200545363000165, "dt50": {"system": 6.0, "soil": 188.12060117207923, "surfaceWater": 6.0, "sediment": 6.0}, "plant_uptake": 0.0, "name": "Compound 4677215436147397142", "model_specific_data": {}, "metabolites": [{"formation_fraction": 0.2, "metabolite": {"molarMass": 300.0, "water_solubility": 0.03645631779124562, "vapor_pressure": 3.575785299226899e-05, "reference_temperature": 20.0, "koc": 30.57970530923386, "freundlich": 1.056221214195642, "dt50": {"system": 6.0, "soil": 63.99174916135175, "surfaceWater": 6.0, "sediment": 6.0}, "plant_uptake": 0.5, "name": "Compound 5519972073611703309", "model_specific_data": {}, "metabolites": []}}]}}