{"gap": {"type": "relative", "arguments": {"name": "GAP -296091488377847865", "modelCrop": "WC", "rate": 250.0, "apply_every_n_years": 1, "number_of_applications": 2, "interval": 14, "model_specific_data": {}, "bbch": 31, "season": 0}}, "compound": {"molarMass": 300.0, "water_solubility": 0.29951948619655616, "vapor_pressure": 2.6517399776379094e-06, "reference_temperature": 20.0, "koc": 325.522247808614, "freundlich": 0.9310213010614476, "dt50": {"system": 6.0, "soil": 246.70536000180238, "surfaceWater": 6.0, "sediment": 6.0}, "plant_uptake": 0.0, "name": "Compound 1318589606211794288", "model_specific_data": {}, "metabolites": [{"formation_fraction": 0.2, "metabolite": {"molarMass": 300.0, "water_solubility": 0.030943242790070265, "vapor_pressure": 1.1370154572835332e-07, "reference_temperature": 20.0, "koc": 1003.4897319547207, "freundlich": 0.9107518439497568, "dt50": {"system": 6.0, "soil": 63.649838904851705, "surfaceWater": 6.0, "sediment": 6.0}, "plant_uptake": 0.5, "name": "Compound 5823375163160448807", "model_specific_data": {}, "metabolites": []}}]}}