{"gap": {"type": "relative", "arguments": {"name": "GAP -296091488377847865", "modelCrop": "WC", "rate": 250.0, "apply_every_n_years": 1, "number_of_applications": 2, "interval": 14, "model_specific_data": {}, "bbch": 31, "season": 0}}, "compound": {"molarMass": 300.0, "water_solubility": 0.001195751614014822, "vapor_pressure": 2.6175229232584174e-07, "reference_temperature": 20.0, "koc": 337.84581021087376, "freundlich": 0.8416668025862067, "dt50": {"system": 6.0, "soil": 177.07540801038633, "surfaceWater": 6.0, "sediment": 6.0}, "plant_uptake": 0.0, "name": "Compound -2263005717558080332", "model_specific_data": {}, "metabolites": [{"formation_fraction": 0.2, "metabolite": {"molarMass": 300.0, "water_solubility": 0.0013460977887273995, "vapor_pressure": 6.663038330461911e-06, "reference_temperature": 20.0, "koc": 34.409958620469304, "freundlich": 0.7896864231658047, "dt50": {"system": 6.0, "soil": 198.79934696797568, "surfaceWater": 6.0, "sediment": 6.0}, "plant_uptake": 0.5, "name": "Compound 6487694823280936617", "model_specific_data": {}, "metabolites": []}}]}}