{"gap": {"type": "relative", "arguments": {"name": "GAP -296091488377847865", "modelCrop": "WC", "rate": 250.0, "apply_every_n_years": 1, "number_of_applications": 2, "interval": 14, "model_specific_data": {}, "bbch": 31, "season": 0}}, "compound": {"molarMass": 300.0, "water_solubility": 0.011348211981580762, "vapor_pressure": 6.087513623505831e-06, "reference_temperature": 20.0, "koc": 2147.1041781095905, "freundlich": 1.1363260476994959, "dt50": {"system": 6.0, "soil": 29.175730352781688, "surfaceWater": 6.0, "sediment": 6.0}, "plant_uptake": 0.0, "name": "Compound 4282995857261504946", "model_specific_data": {}, "metabolites": [{"formation_fraction": 0.2, "metabolite": {"molarMass": 300.0, "water_solubility": 0.0011721164070280761, "vapor_pressure": 1.3331036478067435e-05, "reference_temperature": 20.0, "koc": 75.97599835991956, "freundlich": 0.925298302930562, "dt50": {"system": 6.0, "soil": 161.65709419725317, "surfaceWater": 6.0, "sediment": 6.0}, "plant_uptake": 0.5, "name": "Compound -362628390654631327", "model_specific_data": {}, "metabolites": []}}]}}