{"gap": {"type": "relative", "arguments": {"name": "GAP -296091488377847865", "modelCrop": "WC", "rate": 250.0, "apply_every_n_years": 1, "number_of_applications": 2, "interval": 14, "model_specific_data": {}, "bbch": 31, "season": 0}}, "compound": {"molarMass": 300.0, "water_solubility": 1.1377197579271416, "vapor_pressure": 2.0238212423357785e-06, "reference_temperature": 20.0, "koc": 414.68756690395423, "freundlich": 0.9431495598018733, "dt50": {"system": 6.0, "soil": 64.61865410261919, "surfaceWater": 6.0, "sediment": 6.0}, "plant_uptake": 0.0, "name": "Compound 9103262268131250360", "model_specific_data": {}, "metabolites": [{"formation_fraction": 0.2, "metabolite": {"molarMass": 300.0, "water_solubility": 0.002719056953391872, "vapor_pressure": 3.5198032905902715e-06, "reference_temperature": 20.0, "koc": 695.1349191741805, "freundlich": 0.9859859983084119, "dt50": {"system": 6.0, "soil": 104.30507634869446, "surfaceWater": 6.0, "sediment": 6.0}, "plant_uptake": 0.5, "name": "Compound 3962446957610460503", "model_specific_data": {}, "metabolites": []}}]}}