{"gap": {"type": "relative", "arguments": {"name": "GAP -296091488377847865", "modelCrop": "WC", "rate": 250.0, "apply_every_n_years": 1, "number_of_applications": 2, "interval": 14, "model_specific_data": {}, "bbch": 31, "season": 0}}, "compound": {"molarMass": 300.0, "water_solubility": 0.0074332192601807715, "vapor_pressure": 3.569723921043933e-06, "reference_temperature": 20.0, "koc": 270.64717280385196, "freundlich": 0.8728498493387813, "dt50": {"system": 6.0, "soil": 107.30084591160262, "surfaceWater": 6.0, "sediment": 6.0}, "plant_uptake": 0.0, "name": "Compound 5648782906147581409", "model_specific_data": {}, "metabolites": [{"formation_fraction": 0.2, "metabolite": {"molarMass": 300.0, "water_solubility": 0.002459889446474264, "vapor_pressure": 8.61697786508866e-08, "reference_temperature": 20.0, "koc": 40.82952841503717, "freundlich": 1.1574431785431565, "dt50": {"system": 6.0, "soil": 244.4279980500457, "surfaceWater": 6.0, "sediment": 6.0}, "plant_uptake": 0.5, "name": "Compound -1071266526914127258", "model_specific_data": {}, "metabolites": []}}]}}