{"gap": {"type": "relative", "arguments": {"name": "GAP -296091488377847865", "modelCrop": "WC", "rate": 250.0, "apply_every_n_years": 1, "number_of_applications": 2, "interval": 14, "model_specific_data": {}, "bbch": 31, "season": 0}}, "compound": {"molarMass": 300.0, "water_solubility": 0.03114949772587517, "vapor_pressure": 1.5301377649565538e-06, "reference_temperature": 20.0, "koc": 2154.4759627072435, "freundlich": 1.0971597758015281, "dt50": {"system": 6.0, "soil": 185.30283457745614, "surfaceWater": 6.0, "sediment": 6.0}, "plant_uptake": 0.0, "name": "Compound 5935014430866917249", "model_specific_data": {}, "metabolites": [{"formation_fraction": 0.2, "metabolite": {"molarMass": 300.0, "water_solubility": 0.16767557416499532, "vapor_pressure": 8.573995861506759e-08, "reference_temperature": 20.0, "koc": 1808.9347187071933, "freundlich": 0.9992281620426975, "dt50": {"system": 6.0, "soil": 60.73268572237978, "surfaceWater": 6.0, "sediment": 6.0}, "plant_uptake": 0.5, "name": "Compound -4921423097865565129", "model_specific_data": {}, "metabolites": []}}]}}