{"gap": {"type": "relative", "arguments": {"name": "GAP -296091488377847865", "modelCrop": "WC", "rate": 250.0, "apply_every_n_years": 1, "number_of_applications": 2, "interval": 14, "model_specific_data": {}, "bbch": 31, "season": 0}}, "compound": {"molarMass": 300.0, "water_solubility": 0.08296615611440877, "vapor_pressure": 1.0401801274277078e-05, "reference_temperature": 20.0, "koc": 264.4950716708397, "freundlich": 0.8391356941711821, "dt50": {"system": 6.0, "soil": 121.88117095919993, "surfaceWater": 6.0, "sediment": 6.0}, "plant_uptake": 0.0, "name": "Compound 1942856221352732934", "model_specific_data": {}, "metabolites": [{"formation_fraction": 0.2, "metabolite": {"molarMass": 300.0, "water_solubility": 0.002384701442638976, "vapor_pressure": 0.00038189291255863976, "reference_temperature": 20.0, "koc": 3771.9948759932176, "freundlich": 1.0962198264179426, "dt50": {"system": 6.0, "soil": 111.93848844128985, "surfaceWater": 6.0, "sediment": 6.0}, "plant_uptake": 0.5, "name": "Compound -2327988247678537192", "model_specific_data": {}, "metabolites": []}}]}}