{"gap": {"type": "relative", "arguments": {"name": "GAP -296091488377847865", "modelCrop": "WC", "rate": 250.0, "apply_every_n_years": 1, "number_of_applications": 2, "interval": 14, "model_specific_data": {}, "bbch": 31, "season": 0}}, "compound": {"molarMass": 300.0, "water_solubility": 0.19896554082401802, "vapor_pressure": 1.8953861739937257e-07, "reference_temperature": 20.0, "koc": 431.73835908355323, "freundlich": 0.8623926843539516, "dt50": {"system": 6.0, "soil": 2.576419603965549, "surfaceWater": 6.0, "sediment": 6.0}, "plant_uptake": 0.0, "name": "Compound 6211052986246045593", "model_specific_data": {}, "metabolites": [{"formation_fraction": 0.2, "metabolite": {"molarMass": 300.0, "water_solubility": 0.006569310691351579, "vapor_pressure": 1.252082303954531e-06, "reference_temperature": 20.0, "koc": 209.33301788798593, "freundlich": 0.7391307185478015, "dt50": {"system": 6.0, "soil": 295.1683547949839, "surfaceWater": 6.0, "sediment": 6.0}, "plant_uptake": 0.5, "name": "Compound 1154820491395189616", "model_specific_data": {}, "metabolites": []}}]}}