{"gap": {"type": "relative", "arguments": {"name": "GAP -296091488377847865", "modelCrop": "WC", "rate": 250.0, "apply_every_n_years": 1, "number_of_applications": 2, "interval": 14, "model_specific_data": {}, "bbch": 31, "season": 0}}, "compound": {"molarMass": 300.0, "water_solubility": 0.002643353547294527, "vapor_pressure": 0.0021968920268092638, "reference_temperature": 20.0, "koc": 275.3395773963771, "freundlich": 1.1863543624777901, "dt50": {"system": 6.0, "soil": 292.55426873288496, "surfaceWater": 6.0, "sediment": 6.0}, "plant_uptake": 0.0, "name": "Compound -7800358731270365543", "model_specific_data": {}, "metabolites": [{"formation_fraction": 0.2, "metabolite": {"molarMass": 300.0, "water_solubility": 0.6872809230460927, "vapor_pressure": 5.032376424130701e-06, "reference_temperature": 20.0, "koc": 22.8523606720445, "freundlich": 0.9462735665684718, "dt50": {"system": 6.0, "soil": 130.7862469866573, "surfaceWater": 6.0, "sediment": 6.0}, "plant_uptake": 0.5, "name": "Compound 4997762731423722516", "model_specific_data": {}, "metabolites": []}}]}}