{"gap": {"type": "relative", "arguments": {"name": "GAP -296091488377847865", "modelCrop": "WC", "rate": 250.0, "apply_every_n_years": 1, "number_of_applications": 2, "interval": 14, "model_specific_data": {}, "bbch": 31, "season": 0}}, "compound": {"molarMass": 300.0, "water_solubility": 0.02537037426666438, "vapor_pressure": 2.951417247385708e-07, "reference_temperature": 20.0, "koc": 454.98190831806534, "freundlich": 1.1072392868301137, "dt50": {"system": 6.0, "soil": 237.4157638588417, "surfaceWater": 6.0, "sediment": 6.0}, "plant_uptake": 0.0, "name": "Compound -794071968090013812", "model_specific_data": {}, "metabolites": [{"formation_fraction": 0.2, "metabolite": {"molarMass": 300.0, "water_solubility": 2.2002466833044316, "vapor_pressure": 4.0709822367137735e-06, "reference_temperature": 20.0, "koc": 12.177256401679143, "freundlich": 0.7238107427291758, "dt50": {"system": 6.0, "soil": 27.636696614054404, "surfaceWater": 6.0, "sediment": 6.0}, "plant_uptake": 0.5, "name": "Compound 2802999029609267259", "model_specific_data": {}, "metabolites": []}}]}}