{"gap": {"type": "relative", "arguments": {"name": "GAP -296091488377847865", "modelCrop": "WC", "rate": 250.0, "apply_every_n_years": 1, "number_of_applications": 2, "interval": 14, "model_specific_data": {}, "bbch": 31, "season": 0}}, "compound": {"molarMass": 300.0, "water_solubility": 0.02521251769112199, "vapor_pressure": 2.679400854872866e-05, "reference_temperature": 20.0, "koc": 501.39471979821553, "freundlich": 0.8976976013976161, "dt50": {"system": 6.0, "soil": 194.08628914097181, "surfaceWater": 6.0, "sediment": 6.0}, "plant_uptake": 0.0, "name": "Compound 2227523548188606319", "model_specific_data": {}, "metabolites": [{"formation_fraction": 0.2, "metabolite": {"molarMass": 300.0, "water_solubility": 0.08739016397810127, "vapor_pressure": 1.193598326080653e-05, "reference_temperature": 20.0, "koc": 1038.8369833874679, "freundlich": 1.0770921456645386, "dt50": {"system": 6.0, "soil": 239.4016756639517, "surfaceWater": 6.0, "sediment": 6.0}, "plant_uptake": 0.5, "name": "Compound -386441606853138167", "model_specific_data": {}, "metabolites": []}}]}}