{"gap": {"type": "relative", "arguments": {"name": "GAP -296091488377847865", "modelCrop": "WC", "rate": 250.0, "apply_every_n_years": 1, "number_of_applications": 2, "interval": 14, "model_specific_data": {}, "bbch": 31, "season": 0}}, "compound": {"molarMass": 300.0, "water_solubility": 0.0005898751415640468, "vapor_pressure": 1.4121065802539197e-06, "reference_temperature": 20.0, "koc": 3588.0042298999665, "freundlich": 0.7716525350850816, "dt50": {"system": 6.0, "soil": 177.79215371664424, "surfaceWater": 6.0, "sediment": 6.0}, "plant_uptake": 0.0, "name": "Compound -3625861552632889741", "model_specific_data": {}, "metabolites": [{"formation_fraction": 0.2, "metabolite": {"molarMass": 300.0, "water_solubility": 0.07414723262675246, "vapor_pressure": 0.00014999867403858947, "reference_temperature": 20.0, "koc": 20.102988115662242, "freundlich": 1.0690113573369708, "dt50": {"system": 6.0, "soil": 57.53641407157128, "surfaceWater": 6.0, "sediment": 6.0}, "plant_uptake": 0.5, "name": "Compound -6513105009313776986", "model_specific_data": {}, "metabolites": []}}]}}