{"gap": {"type": "relative", "arguments": {"name": "GAP -296091488377847865", "modelCrop": "WC", "rate": 250.0, "apply_every_n_years": 1, "number_of_applications": 2, "interval": 14, "model_specific_data": {}, "bbch": 31, "season": 0}}, "compound": {"molarMass": 300.0, "water_solubility": 0.06102506555988558, "vapor_pressure": 1.783861752597098e-06, "reference_temperature": 20.0, "koc": 609.6468683212303, "freundlich": 0.9638747337528603, "dt50": {"system": 6.0, "soil": 16.49135261712892, "surfaceWater": 6.0, "sediment": 6.0}, "plant_uptake": 0.0, "name": "Compound 1826441092988384027", "model_specific_data": {}, "metabolites": [{"formation_fraction": 0.2, "metabolite": {"molarMass": 300.0, "water_solubility": 0.008313243206140965, "vapor_pressure": 2.8777532291621058e-05, "reference_temperature": 20.0, "koc": 1586.9507048029714, "freundlich": 0.801017572215008, "dt50": {"system": 6.0, "soil": 243.58238215329322, "surfaceWater": 6.0, "sediment": 6.0}, "plant_uptake": 0.5, "name": "Compound 5026548424696884767", "model_specific_data": {}, "metabolites": []}}]}}