{"gap": {"type": "relative", "arguments": {"name": "GAP -296091488377847865", "modelCrop": "WC", "rate": 250.0, "apply_every_n_years": 1, "number_of_applications": 2, "interval": 14, "model_specific_data": {}, "bbch": 31, "season": 0}}, "compound": {"molarMass": 300.0, "water_solubility": 4.6956325330699265e-05, "vapor_pressure": 2.1902363132216994e-07, "reference_temperature": 20.0, "koc": 2256.518956912867, "freundlich": 1.135776937433231, "dt50": {"system": 6.0, "soil": 229.20963908926663, "surfaceWater": 6.0, "sediment": 6.0}, "plant_uptake": 0.0, "name": "Compound 2331791757603365525", "model_specific_data": {}, "metabolites": [{"formation_fraction": 0.2, "metabolite": {"molarMass": 300.0, "water_solubility": 0.006496635657952767, "vapor_pressure": 3.6999057630164686e-06, "reference_temperature": 20.0, "koc": 179.78738187751708, "freundlich": 0.7757876613055039, "dt50": {"system": 6.0, "soil": 7.610077209295474, "surfaceWater": 6.0, "sediment": 6.0}, "plant_uptake": 0.5, "name": "Compound 7028467769405608379", "model_specific_data": {}, "metabolites": []}}]}}