{"gap": {"type": "relative", "arguments": {"name": "GAP -296091488377847865", "modelCrop": "WC", "rate": 250.0, "apply_every_n_years": 1, "number_of_applications": 2, "interval": 14, "model_specific_data": {}, "bbch": 31, "season": 0}}, "compound": {"molarMass": 300.0, "water_solubility": 0.052049080609178004, "vapor_pressure": 6.043303859453821e-10, "reference_temperature": 20.0, "koc": 51.588962067204776, "freundlich": 1.1307832121659545, "dt50": {"system": 6.0, "soil": 190.21258823441676, "surfaceWater": 6.0, "sediment": 6.0}, "plant_uptake": 0.0, "name": "Compound -2682401500021272230", "model_specific_data": {}, "metabolites": [{"formation_fraction": 0.2, "metabolite": {"molarMass": 300.0, "water_solubility": 0.002057771882877564, "vapor_pressure": 1.2559092041047923e-05, "reference_temperature": 20.0, "koc": 2283.3791484053895, "freundlich": 1.0019470741402363, "dt50": {"system": 6.0, "soil": 42.33650151982135, "surfaceWater": 6.0, "sediment": 6.0}, "plant_uptake": 0.5, "name": "Compound -2379309276790315325", "model_specific_data": {}, "metabolites": []}}]}}