{"gap": {"type": "relative", "arguments": {"name": "GAP -296091488377847865", "modelCrop": "WC", "rate": 250.0, "apply_every_n_years": 1, "number_of_applications": 2, "interval": 14, "model_specific_data": {}, "bbch": 31, "season": 0}}, "compound": {"molarMass": 300.0, "water_solubility": 0.13193831691276123, "vapor_pressure": 2.6223641839822525e-05, "reference_temperature": 20.0, "koc": 3462.051606642636, "freundlich": 0.8276265177040596, "dt50": {"system": 6.0, "soil": 169.65436213464156, "surfaceWater": 6.0, "sediment": 6.0}, "plant_uptake": 0.0, "name": "Compound 1826016395272043685", "model_specific_data": {}, "metabolites": [{"formation_fraction": 0.2, "metabolite": {"molarMass": 300.0, "water_solubility": 0.03126865157051717, "vapor_pressure": 0.0003238971381693012, "reference_temperature": 20.0, "koc": 2971.211017413323, "freundlich": 0.8055261688912345, "dt50": {"system": 6.0, "soil": 177.59978363993488, "surfaceWater": 6.0, "sediment": 6.0}, "plant_uptake": 0.5, "name": "Compound -8877058633371040374", "model_specific_data": {}, "metabolites": []}}]}}