{"gap": {"type": "relative", "arguments": {"name": "GAP -296091488377847865", "modelCrop": "WC", "rate": 250.0, "apply_every_n_years": 1, "number_of_applications": 2, "interval": 14, "model_specific_data": {}, "bbch": 31, "season": 0}}, "compound": {"molarMass": 300.0, "water_solubility": 0.0021264592472542447, "vapor_pressure": 2.030626669074291e-05, "reference_temperature": 20.0, "koc": 758.8499826940863, "freundlich": 1.076560223548653, "dt50": {"system": 6.0, "soil": 182.95248677250657, "surfaceWater": 6.0, "sediment": 6.0}, "plant_uptake": 0.0, "name": "Compound -5260845144281093840", "model_specific_data": {}, "metabolites": [{"formation_fraction": 0.2, "metabolite": {"molarMass": 300.0, "water_solubility": 0.001881974064121092, "vapor_pressure": 8.519043399813431e-05, "reference_temperature": 20.0, "koc": 23.584608580448677, "freundlich": 1.1670647262072218, "dt50": {"system": 6.0, "soil": 68.57640230390905, "surfaceWater": 6.0, "sediment": 6.0}, "plant_uptake": 0.5, "name": "Compound 4000764254739578539", "model_specific_data": {}, "metabolites": []}}]}}