{"gap": {"type": "relative", "arguments": {"name": "GAP -296091488377847865", "modelCrop": "WC", "rate": 250.0, "apply_every_n_years": 1, "number_of_applications": 2, "interval": 14, "model_specific_data": {}, "bbch": 31, "season": 0}}, "compound": {"molarMass": 300.0, "water_solubility": 0.03099251345965238, "vapor_pressure": 6.89898568291698e-07, "reference_temperature": 20.0, "koc": 42.578799335863515, "freundlich": 0.7112205957462041, "dt50": {"system": 6.0, "soil": 133.42445395824913, "surfaceWater": 6.0, "sediment": 6.0}, "plant_uptake": 0.0, "name": "Compound -7885212064777494736", "model_specific_data": {}, "metabolites": [{"formation_fraction": 0.2, "metabolite": {"molarMass": 300.0, "water_solubility": 0.421844122298511, "vapor_pressure": 1.1484609204310321e-07, "reference_temperature": 20.0, "koc": 1025.2888935133187, "freundlich": 0.89423266282596, "dt50": {"system": 6.0, "soil": 285.24914723493873, "surfaceWater": 6.0, "sediment": 6.0}, "plant_uptake": 0.5, "name": "Compound 1879734540236488584", "model_specific_data": {}, "metabolites": []}}]}}