{"gap": {"type": "relative", "arguments": {"name": "GAP -296091488377847865", "modelCrop": "WC", "rate": 250.0, "apply_every_n_years": 1, "number_of_applications": 2, "interval": 14, "model_specific_data": {}, "bbch": 31, "season": 0}}, "compound": {"molarMass": 300.0, "water_solubility": 0.3113625456876786, "vapor_pressure": 8.801917310799145e-07, "reference_temperature": 20.0, "koc": 25.475252174877674, "freundlich": 1.1775368178540029, "dt50": {"system": 6.0, "soil": 276.33046249019816, "surfaceWater": 6.0, "sediment": 6.0}, "plant_uptake": 0.0, "name": "Compound -6504977289530237248", "model_specific_data": {}, "metabolites": [{"formation_fraction": 0.2, "metabolite": {"molarMass": 300.0, "water_solubility": 0.027300332407092554, "vapor_pressure": 3.701904856024355e-10, "reference_temperature": 20.0, "koc": 3149.9309781846014, "freundlich": 0.7478055384732174, "dt50": {"system": 6.0, "soil": 193.33128400867588, "surfaceWater": 6.0, "sediment": 6.0}, "plant_uptake": 0.5, "name": "Compound 1215558268367915246", "model_specific_data": {}, "metabolites": []}}]}}