{"gap": {"type": "relative", "arguments": {"name": "GAP -296091488377847865", "modelCrop": "WC", "rate": 250.0, "apply_every_n_years": 1, "number_of_applications": 2, "interval": 14, "model_specific_data": {}, "bbch": 31, "season": 0}}, "compound": {"molarMass": 300.0, "water_solubility": 0.012034628425779898, "vapor_pressure": 9.41267384829749e-08, "reference_temperature": 20.0, "koc": 3431.5544836646973, "freundlich": 1.0842318190039586, "dt50": {"system": 6.0, "soil": 213.40201377879126, "surfaceWater": 6.0, "sediment": 6.0}, "plant_uptake": 0.0, "name": "Compound -739125972461808100", "model_specific_data": {}, "metabolites": [{"formation_fraction": 0.2, "metabolite": {"molarMass": 300.0, "water_solubility": 0.021380783906632294, "vapor_pressure": 3.796943040969565e-05, "reference_temperature": 20.0, "koc": 91.05709226498806, "freundlich": 0.930698692808236, "dt50": {"system": 6.0, "soil": 228.19938888992047, "surfaceWater": 6.0, "sediment": 6.0}, "plant_uptake": 0.5, "name": "Compound -8382698378800763588", "model_specific_data": {}, "metabolites": []}}]}}