{"gap": {"type": "relative", "arguments": {"name": "GAP -296091488377847865", "modelCrop": "WC", "rate": 250.0, "apply_every_n_years": 1, "number_of_applications": 2, "interval": 14, "model_specific_data": {}, "bbch": 31, "season": 0}}, "compound": {"molarMass": 300.0, "water_solubility": 3.963702551118647e-05, "vapor_pressure": 2.8579551301804917e-07, "reference_temperature": 20.0, "koc": 57.87018776263711, "freundlich": 1.0503622649509323, "dt50": {"system": 6.0, "soil": 135.23668832541276, "surfaceWater": 6.0, "sediment": 6.0}, "plant_uptake": 0.0, "name": "Compound -5000845473806516614", "model_specific_data": {}, "metabolites": [{"formation_fraction": 0.2, "metabolite": {"molarMass": 300.0, "water_solubility": 0.0022026158060961527, "vapor_pressure": 1.9396730465569814e-06, "reference_temperature": 20.0, "koc": 312.6204211277619, "freundlich": 0.9165943549299688, "dt50": {"system": 6.0, "soil": 49.400939605420504, "surfaceWater": 6.0, "sediment": 6.0}, "plant_uptake": 0.5, "name": "Compound -709239381984845090", "model_specific_data": {}, "metabolites": []}}]}}