{"gap": {"type": "relative", "arguments": {"name": "GAP -296091488377847865", "modelCrop": "WC", "rate": 250.0, "apply_every_n_years": 1, "number_of_applications": 2, "interval": 14, "model_specific_data": {}, "bbch": 31, "season": 0}}, "compound": {"molarMass": 300.0, "water_solubility": 0.0006904843504410698, "vapor_pressure": 0.08428120809979968, "reference_temperature": 20.0, "koc": 18.67538224382357, "freundlich": 0.7792534994658518, "dt50": {"system": 6.0, "soil": 45.61538423004949, "surfaceWater": 6.0, "sediment": 6.0}, "plant_uptake": 0.0, "name": "Compound 7770406197273120575", "model_specific_data": {}, "metabolites": [{"formation_fraction": 0.2, "metabolite": {"molarMass": 300.0, "water_solubility": 0.01018270145731594, "vapor_pressure": 3.94924488548462e-05, "reference_temperature": 20.0, "koc": 52.511485478866256, "freundlich": 0.8210897803963015, "dt50": {"system": 6.0, "soil": 112.82870645589291, "surfaceWater": 6.0, "sediment": 6.0}, "plant_uptake": 0.5, "name": "Compound -1283144965185392399", "model_specific_data": {}, "metabolites": []}}]}}