{"gap": {"type": "relative", "arguments": {"name": "GAP -296091488377847865", "modelCrop": "WC", "rate": 250.0, "apply_every_n_years": 1, "number_of_applications": 2, "interval": 14, "model_specific_data": {}, "bbch": 31, "season": 0}}, "compound": {"molarMass": 300.0, "water_solubility": 0.07691571413298191, "vapor_pressure": 0.00978006325832823, "reference_temperature": 20.0, "koc": 1485.2371512698792, "freundlich": 1.110688098238132, "dt50": {"system": 6.0, "soil": 109.77019546568552, "surfaceWater": 6.0, "sediment": 6.0}, "plant_uptake": 0.0, "name": "Compound 4458413168508473904", "model_specific_data": {}, "metabolites": [{"formation_fraction": 0.2, "metabolite": {"molarMass": 300.0, "water_solubility": 0.006767229047624788, "vapor_pressure": 0.03147407967604348, "reference_temperature": 20.0, "koc": 104.15986086669086, "freundlich": 0.7766247380384328, "dt50": {"system": 6.0, "soil": 264.5162197498126, "surfaceWater": 6.0, "sediment": 6.0}, "plant_uptake": 0.5, "name": "Compound -472107241696538465", "model_specific_data": {}, "metabolites": []}}]}}