{"gap": {"type": "relative", "arguments": {"name": "GAP -296091488377847865", "modelCrop": "WC", "rate": 250.0, "apply_every_n_years": 1, "number_of_applications": 2, "interval": 14, "model_specific_data": {}, "bbch": 31, "season": 0}}, "compound": {"molarMass": 300.0, "water_solubility": 0.721517910483952, "vapor_pressure": 0.0019805117724926184, "reference_temperature": 20.0, "koc": 145.34097444082164, "freundlich": 1.0006045977329006, "dt50": {"system": 6.0, "soil": 86.62710932342824, "surfaceWater": 6.0, "sediment": 6.0}, "plant_uptake": 0.0, "name": "Compound -8131898615730065420", "model_specific_data": {}, "metabolites": [{"formation_fraction": 0.2, "metabolite": {"molarMass": 300.0, "water_solubility": 0.008060735132774497, "vapor_pressure": 1.420193442980326e-06, "reference_temperature": 20.0, "koc": 354.11681648997353, "freundlich": 1.162659607830285, "dt50": {"system": 6.0, "soil": 231.9040210769083, "surfaceWater": 6.0, "sediment": 6.0}, "plant_uptake": 0.5, "name": "Compound 5457968980622817372", "model_specific_data": {}, "metabolites": []}}]}}