{"gap": {"type": "relative", "arguments": {"name": "GAP -296091488377847865", "modelCrop": "WC", "rate": 250.0, "apply_every_n_years": 1, "number_of_applications": 2, "interval": 14, "model_specific_data": {}, "bbch": 31, "season": 0}}, "compound": {"molarMass": 300.0, "water_solubility": 0.00199439393361564, "vapor_pressure": 2.2980789919645638e-05, "reference_temperature": 20.0, "koc": 24.29350933432581, "freundlich": 0.7456205341138011, "dt50": {"system": 6.0, "soil": 79.6842635257538, "surfaceWater": 6.0, "sediment": 6.0}, "plant_uptake": 0.0, "name": "Compound 7601881899476068886", "model_specific_data": {}, "metabolites": [{"formation_fraction": 0.2, "metabolite": {"molarMass": 300.0, "water_solubility": 0.05836309070256349, "vapor_pressure": 0.015642329053867057, "reference_temperature": 20.0, "koc": 243.82539827270088, "freundlich": 0.8749549901567966, "dt50": {"system": 6.0, "soil": 54.33442214828293, "surfaceWater": 6.0, "sediment": 6.0}, "plant_uptake": 0.5, "name": "Compound 2110067631153032048", "model_specific_data": {}, "metabolites": []}}]}}