{"gap": {"type": "relative", "arguments": {"name": "GAP -296091488377847865", "modelCrop": "WC", "rate": 250.0, "apply_every_n_years": 1, "number_of_applications": 2, "interval": 14, "model_specific_data": {}, "bbch": 31, "season": 0}}, "compound": {"molarMass": 300.0, "water_solubility": 0.058986258476869426, "vapor_pressure": 9.499827277839934e-05, "reference_temperature": 20.0, "koc": 2609.1382580373966, "freundlich": 0.7135001175304425, "dt50": {"system": 6.0, "soil": 36.433940689372015, "surfaceWater": 6.0, "sediment": 6.0}, "plant_uptake": 0.0, "name": "Compound -1970339376337019500", "model_specific_data": {}, "metabolites": [{"formation_fraction": 0.2, "metabolite": {"molarMass": 300.0, "water_solubility": 0.9415199874704789, "vapor_pressure": 9.714282672289297e-06, "reference_temperature": 20.0, "koc": 75.27222482726789, "freundlich": 0.7139003431128713, "dt50": {"system": 6.0, "soil": 117.62382888070546, "surfaceWater": 6.0, "sediment": 6.0}, "plant_uptake": 0.5, "name": "Compound 7327721085417319660", "model_specific_data": {}, "metabolites": []}}]}}