{"gap": {"type": "relative", "arguments": {"name": "GAP -296091488377847865", "modelCrop": "WC", "rate": 250.0, "apply_every_n_years": 1, "number_of_applications": 2, "interval": 14, "model_specific_data": {}, "bbch": 31, "season": 0}}, "compound": {"molarMass": 300.0, "water_solubility": 0.0006867903854204452, "vapor_pressure": 1.5091011941364504e-06, "reference_temperature": 20.0, "koc": 420.15108122024833, "freundlich": 1.1951529652262325, "dt50": {"system": 6.0, "soil": 129.7328155046297, "surfaceWater": 6.0, "sediment": 6.0}, "plant_uptake": 0.0, "name": "Compound 7866654642876167832", "model_specific_data": {}, "metabolites": [{"formation_fraction": 0.2, "metabolite": {"molarMass": 300.0, "water_solubility": 0.002818446402918633, "vapor_pressure": 4.3792581068531585e-05, "reference_temperature": 20.0, "koc": 119.27501297331688, "freundlich": 0.8089691701506074, "dt50": {"system": 6.0, "soil": 250.38416847809546, "surfaceWater": 6.0, "sediment": 6.0}, "plant_uptake": 0.5, "name": "Compound 3093719944504204929", "model_specific_data": {}, "metabolites": []}}]}}