{"gap": {"type": "relative", "arguments": {"name": "GAP -296091488377847865", "modelCrop": "WC", "rate": 250.0, "apply_every_n_years": 1, "number_of_applications": 2, "interval": 14, "model_specific_data": {}, "bbch": 31, "season": 0}}, "compound": {"molarMass": 300.0, "water_solubility": 0.011879521339375731, "vapor_pressure": 0.0001643403175727797, "reference_temperature": 20.0, "koc": 3924.6141425300157, "freundlich": 0.9902939262067744, "dt50": {"system": 6.0, "soil": 106.16786829960645, "surfaceWater": 6.0, "sediment": 6.0}, "plant_uptake": 0.0, "name": "Compound 917521309728929115", "model_specific_data": {}, "metabolites": [{"formation_fraction": 0.2, "metabolite": {"molarMass": 300.0, "water_solubility": 0.001518950327858797, "vapor_pressure": 0.0007134105303143134, "reference_temperature": 20.0, "koc": 2368.181394392412, "freundlich": 1.0640879961834606, "dt50": {"system": 6.0, "soil": 187.1547717561324, "surfaceWater": 6.0, "sediment": 6.0}, "plant_uptake": 0.5, "name": "Compound 133451026849873413", "model_specific_data": {}, "metabolites": []}}]}}