{"gap": {"type": "relative", "arguments": {"name": "GAP -296091488377847865", "modelCrop": "WC", "rate": 250.0, "apply_every_n_years": 1, "number_of_applications": 2, "interval": 14, "model_specific_data": {}, "bbch": 31, "season": 0}}, "compound": {"molarMass": 300.0, "water_solubility": 0.009930990624598004, "vapor_pressure": 3.280027425499603e-06, "reference_temperature": 20.0, "koc": 20.160483603735006, "freundlich": 0.7740206378772572, "dt50": {"system": 6.0, "soil": 113.29566840617159, "surfaceWater": 6.0, "sediment": 6.0}, "plant_uptake": 0.0, "name": "Compound -1471239826188676241", "model_specific_data": {}, "metabolites": [{"formation_fraction": 0.2, "metabolite": {"molarMass": 300.0, "water_solubility": 0.018057644745495188, "vapor_pressure": 1.8522244381963918e-05, "reference_temperature": 20.0, "koc": 23.33136705355654, "freundlich": 0.9463551468003186, "dt50": {"system": 6.0, "soil": 74.98932411092693, "surfaceWater": 6.0, "sediment": 6.0}, "plant_uptake": 0.5, "name": "Compound -880430564189747785", "model_specific_data": {}, "metabolites": []}}]}}