{"gap": {"type": "relative", "arguments": {"name": "GAP -296091488377847865", "modelCrop": "WC", "rate": 250.0, "apply_every_n_years": 1, "number_of_applications": 2, "interval": 14, "model_specific_data": {}, "bbch": 31, "season": 0}}, "compound": {"molarMass": 300.0, "water_solubility": 0.000750464343185136, "vapor_pressure": 8.322806816145883e-07, "reference_temperature": 20.0, "koc": 290.08223843972405, "freundlich": 1.1865497263947016, "dt50": {"system": 6.0, "soil": 44.702324736240044, "surfaceWater": 6.0, "sediment": 6.0}, "plant_uptake": 0.0, "name": "Compound 4688018162460615887", "model_specific_data": {}, "metabolites": [{"formation_fraction": 0.2, "metabolite": {"molarMass": 300.0, "water_solubility": 0.0003347377495632725, "vapor_pressure": 8.489127179210978e-05, "reference_temperature": 20.0, "koc": 14.533136194146483, "freundlich": 1.1217226318011542, "dt50": {"system": 6.0, "soil": 260.5760913593343, "surfaceWater": 6.0, "sediment": 6.0}, "plant_uptake": 0.5, "name": "Compound -8451698243024588040", "model_specific_data": {}, "metabolites": []}}]}}