{"gap": {"type": "relative", "arguments": {"name": "GAP -296091488377847865", "modelCrop": "WC", "rate": 250.0, "apply_every_n_years": 1, "number_of_applications": 2, "interval": 14, "model_specific_data": {}, "bbch": 31, "season": 0}}, "compound": {"molarMass": 300.0, "water_solubility": 0.00761717834707599, "vapor_pressure": 3.3302666781278005e-06, "reference_temperature": 20.0, "koc": 180.4127205372835, "freundlich": 1.0897166850898166, "dt50": {"system": 6.0, "soil": 200.0390583942982, "surfaceWater": 6.0, "sediment": 6.0}, "plant_uptake": 0.0, "name": "Compound -8093356396416562981", "model_specific_data": {}, "metabolites": [{"formation_fraction": 0.2, "metabolite": {"molarMass": 300.0, "water_solubility": 0.1841584833729934, "vapor_pressure": 2.1686146391581907e-06, "reference_temperature": 20.0, "koc": 128.18903734482197, "freundlich": 0.858890201488514, "dt50": {"system": 6.0, "soil": 248.54461486736741, "surfaceWater": 6.0, "sediment": 6.0}, "plant_uptake": 0.5, "name": "Compound 3736068260445402844", "model_specific_data": {}, "metabolites": []}}]}}