{"gap": {"type": "relative", "arguments": {"name": "GAP -296091488377847865", "modelCrop": "WC", "rate": 250.0, "apply_every_n_years": 1, "number_of_applications": 2, "interval": 14, "model_specific_data": {}, "bbch": 31, "season": 0}}, "compound": {"molarMass": 300.0, "water_solubility": 0.05127514814706581, "vapor_pressure": 2.0311986310956965e-05, "reference_temperature": 20.0, "koc": 2110.851948548995, "freundlich": 0.9364789117732415, "dt50": {"system": 6.0, "soil": 198.4190368775852, "surfaceWater": 6.0, "sediment": 6.0}, "plant_uptake": 0.0, "name": "Compound 5112497698155711083", "model_specific_data": {}, "metabolites": [{"formation_fraction": 0.2, "metabolite": {"molarMass": 300.0, "water_solubility": 0.01041143849065829, "vapor_pressure": 3.1960137962614804e-07, "reference_temperature": 20.0, "koc": 20.943309182688576, "freundlich": 0.7647138806804696, "dt50": {"system": 6.0, "soil": 256.8401280996212, "surfaceWater": 6.0, "sediment": 6.0}, "plant_uptake": 0.5, "name": "Compound 858559722039447755", "model_specific_data": {}, "metabolites": []}}]}}