{"gap": {"type": "relative", "arguments": {"name": "GAP -296091488377847865", "modelCrop": "WC", "rate": 250.0, "apply_every_n_years": 1, "number_of_applications": 2, "interval": 14, "model_specific_data": {}, "bbch": 31, "season": 0}}, "compound": {"molarMass": 300.0, "water_solubility": 0.0006977608005060483, "vapor_pressure": 3.07457362009681e-07, "reference_temperature": 20.0, "koc": 570.6748096864087, "freundlich": 0.9264135171242089, "dt50": {"system": 6.0, "soil": 94.83941293566056, "surfaceWater": 6.0, "sediment": 6.0}, "plant_uptake": 0.0, "name": "Compound 1478043129346291012", "model_specific_data": {}, "metabolites": [{"formation_fraction": 0.2, "metabolite": {"molarMass": 300.0, "water_solubility": 0.026566447136623043, "vapor_pressure": 1.0535939577224842e-07, "reference_temperature": 20.0, "koc": 185.63330893845972, "freundlich": 0.9394420850076046, "dt50": {"system": 6.0, "soil": 219.59101666338483, "surfaceWater": 6.0, "sediment": 6.0}, "plant_uptake": 0.5, "name": "Compound 6029130170165408719", "model_specific_data": {}, "metabolites": []}}]}}