{"gap": {"type": "relative", "arguments": {"name": "GAP -296091488377847865", "modelCrop": "WC", "rate": 250.0, "apply_every_n_years": 1, "number_of_applications": 2, "interval": 14, "model_specific_data": {}, "bbch": 31, "season": 0}}, "compound": {"molarMass": 300.0, "water_solubility": 0.01519348455951282, "vapor_pressure": 7.676374543569516e-05, "reference_temperature": 20.0, "koc": 4596.599549195383, "freundlich": 1.0348781658282553, "dt50": {"system": 6.0, "soil": 69.42423363223507, "surfaceWater": 6.0, "sediment": 6.0}, "plant_uptake": 0.0, "name": "Compound 2499991733407096069", "model_specific_data": {}, "metabolites": [{"formation_fraction": 0.2, "metabolite": {"molarMass": 300.0, "water_solubility": 0.02009711381365881, "vapor_pressure": 1.0364550406091875e-06, "reference_temperature": 20.0, "koc": 41.348082522002926, "freundlich": 1.0743148454640177, "dt50": {"system": 6.0, "soil": 203.95578403150506, "surfaceWater": 6.0, "sediment": 6.0}, "plant_uptake": 0.5, "name": "Compound -2115255907527547896", "model_specific_data": {}, "metabolites": []}}]}}