{"gap": {"type": "relative", "arguments": {"name": "GAP -296091488377847865", "modelCrop": "WC", "rate": 250.0, "apply_every_n_years": 1, "number_of_applications": 2, "interval": 14, "model_specific_data": {}, "bbch": 31, "season": 0}}, "compound": {"molarMass": 300.0, "water_solubility": 0.050639624395648605, "vapor_pressure": 1.631364567903166e-05, "reference_temperature": 20.0, "koc": 4364.231545167073, "freundlich": 1.1471439023528076, "dt50": {"system": 6.0, "soil": 45.630346972587645, "surfaceWater": 6.0, "sediment": 6.0}, "plant_uptake": 0.0, "name": "Compound -5807672458898550778", "model_specific_data": {}, "metabolites": [{"formation_fraction": 0.2, "metabolite": {"molarMass": 300.0, "water_solubility": 0.0011617306925885708, "vapor_pressure": 5.377937018659686e-09, "reference_temperature": 20.0, "koc": 90.47273487054211, "freundlich": 1.0016889034254657, "dt50": {"system": 6.0, "soil": 253.10086036506786, "surfaceWater": 6.0, "sediment": 6.0}, "plant_uptake": 0.5, "name": "Compound -6904474120662573778", "model_specific_data": {}, "metabolites": []}}]}}