{"gap": {"type": "relative", "arguments": {"name": "GAP -296091488377847865", "modelCrop": "WC", "rate": 250.0, "apply_every_n_years": 1, "number_of_applications": 2, "interval": 14, "model_specific_data": {}, "bbch": 31, "season": 0}}, "compound": {"molarMass": 300.0, "water_solubility": 0.0253648989752836, "vapor_pressure": 0.0017096713870407094, "reference_temperature": 20.0, "koc": 382.28473042036205, "freundlich": 0.8758731832578461, "dt50": {"system": 6.0, "soil": 81.52115452164465, "surfaceWater": 6.0, "sediment": 6.0}, "plant_uptake": 0.0, "name": "Compound -4098377405590107936", "model_specific_data": {}, "metabolites": [{"formation_fraction": 0.2, "metabolite": {"molarMass": 300.0, "water_solubility": 0.0010514469694512662, "vapor_pressure": 8.733921177064648e-09, "reference_temperature": 20.0, "koc": 189.23671547961348, "freundlich": 0.8952862394700651, "dt50": {"system": 6.0, "soil": 141.57066468593285, "surfaceWater": 6.0, "sediment": 6.0}, "plant_uptake": 0.5, "name": "Compound 7870060367258905718", "model_specific_data": {}, "metabolites": []}}]}}