{"gap": {"type": "relative", "arguments": {"name": "GAP -296091488377847865", "modelCrop": "WC", "rate": 250.0, "apply_every_n_years": 1, "number_of_applications": 2, "interval": 14, "model_specific_data": {}, "bbch": 31, "season": 0}}, "compound": {"molarMass": 300.0, "water_solubility": 0.0014114268111570377, "vapor_pressure": 3.0388905876594668e-05, "reference_temperature": 20.0, "koc": 3786.811166338832, "freundlich": 0.8561726722085363, "dt50": {"system": 6.0, "soil": 43.99410243575528, "surfaceWater": 6.0, "sediment": 6.0}, "plant_uptake": 0.0, "name": "Compound 3965697828830838768", "model_specific_data": {}, "metabolites": [{"formation_fraction": 0.2, "metabolite": {"molarMass": 300.0, "water_solubility": 0.0002709723721687628, "vapor_pressure": 0.07729127798029424, "reference_temperature": 20.0, "koc": 2137.1547944966856, "freundlich": 1.0410392601152432, "dt50": {"system": 6.0, "soil": 227.32562986955094, "surfaceWater": 6.0, "sediment": 6.0}, "plant_uptake": 0.5, "name": "Compound 5823403390649301575", "model_specific_data": {}, "metabolites": []}}]}}