{"gap": {"type": "relative", "arguments": {"name": "GAP -296091488377847865", "modelCrop": "WC", "rate": 250.0, "apply_every_n_years": 1, "number_of_applications": 2, "interval": 14, "model_specific_data": {}, "bbch": 31, "season": 0}}, "compound": {"molarMass": 300.0, "water_solubility": 0.17139655923631167, "vapor_pressure": 0.00030030086779678987, "reference_temperature": 20.0, "koc": 585.5542783940615, "freundlich": 0.7706028835465607, "dt50": {"system": 6.0, "soil": 264.2164790472329, "surfaceWater": 6.0, "sediment": 6.0}, "plant_uptake": 0.0, "name": "Compound -8731077321800142069", "model_specific_data": {}, "metabolites": [{"formation_fraction": 0.2, "metabolite": {"molarMass": 300.0, "water_solubility": 0.0012119257446678922, "vapor_pressure": 1.2155709011914304e-06, "reference_temperature": 20.0, "koc": 3495.7159485670936, "freundlich": 0.818893980740775, "dt50": {"system": 6.0, "soil": 235.16234456419832, "surfaceWater": 6.0, "sediment": 6.0}, "plant_uptake": 0.5, "name": "Compound 8645787993711116139", "model_specific_data": {}, "metabolites": []}}]}}