{"gap": {"type": "relative", "arguments": {"name": "GAP -296091488377847865", "modelCrop": "WC", "rate": 250.0, "apply_every_n_years": 1, "number_of_applications": 2, "interval": 14, "model_specific_data": {}, "bbch": 31, "season": 0}}, "compound": {"molarMass": 300.0, "water_solubility": 0.008866408792886585, "vapor_pressure": 5.429004434190503e-07, "reference_temperature": 20.0, "koc": 2284.2737762506513, "freundlich": 0.9700513816523809, "dt50": {"system": 6.0, "soil": 35.62696381050648, "surfaceWater": 6.0, "sediment": 6.0}, "plant_uptake": 0.0, "name": "Compound -6764754155768468358", "model_specific_data": {}, "metabolites": [{"formation_fraction": 0.2, "metabolite": {"molarMass": 300.0, "water_solubility": 0.03744039821674946, "vapor_pressure": 0.0017288502726051582, "reference_temperature": 20.0, "koc": 40.13497784714576, "freundlich": 0.8795306734492389, "dt50": {"system": 6.0, "soil": 165.22491172692276, "surfaceWater": 6.0, "sediment": 6.0}, "plant_uptake": 0.5, "name": "Compound -8691295809911234239", "model_specific_data": {}, "metabolites": []}}]}}