{"gap": {"type": "relative", "arguments": {"name": "GAP -296091488377847865", "modelCrop": "WC", "rate": 250.0, "apply_every_n_years": 1, "number_of_applications": 2, "interval": 14, "model_specific_data": {}, "bbch": 31, "season": 0}}, "compound": {"molarMass": 300.0, "water_solubility": 0.0011112098552705837, "vapor_pressure": 1.4666688338113608e-07, "reference_temperature": 20.0, "koc": 1105.0129294856888, "freundlich": 1.198279384877537, "dt50": {"system": 6.0, "soil": 28.951322057498018, "surfaceWater": 6.0, "sediment": 6.0}, "plant_uptake": 0.0, "name": "Compound 7791054944425620638", "model_specific_data": {}, "metabolites": [{"formation_fraction": 0.2, "metabolite": {"molarMass": 300.0, "water_solubility": 0.2337568502621291, "vapor_pressure": 2.329770413532586e-05, "reference_temperature": 20.0, "koc": 283.7709023010789, "freundlich": 1.1294908508656831, "dt50": {"system": 6.0, "soil": 12.20162135888372, "surfaceWater": 6.0, "sediment": 6.0}, "plant_uptake": 0.5, "name": "Compound 4062412099264908307", "model_specific_data": {}, "metabolites": []}}]}}