{"gap": {"type": "relative", "arguments": {"name": "GAP -296091488377847865", "modelCrop": "WC", "rate": 250.0, "apply_every_n_years": 1, "number_of_applications": 2, "interval": 14, "model_specific_data": {}, "bbch": 31, "season": 0}}, "compound": {"molarMass": 300.0, "water_solubility": 0.0011966125789305538, "vapor_pressure": 6.292476530056907e-07, "reference_temperature": 20.0, "koc": 268.6415696752352, "freundlich": 0.8603898709929, "dt50": {"system": 6.0, "soil": 166.57726257072113, "surfaceWater": 6.0, "sediment": 6.0}, "plant_uptake": 0.0, "name": "Compound 4649092754568612454", "model_specific_data": {}, "metabolites": [{"formation_fraction": 0.2, "metabolite": {"molarMass": 300.0, "water_solubility": 0.005296184853528128, "vapor_pressure": 1.9088352542354083e-06, "reference_temperature": 20.0, "koc": 191.2670938024703, "freundlich": 0.9907267827040669, "dt50": {"system": 6.0, "soil": 183.37235959370997, "surfaceWater": 6.0, "sediment": 6.0}, "plant_uptake": 0.5, "name": "Compound -676897080466870256", "model_specific_data": {}, "metabolites": []}}]}}