{"gap": {"type": "relative", "arguments": {"name": "GAP -296091488377847865", "modelCrop": "WC", "rate": 250.0, "apply_every_n_years": 1, "number_of_applications": 2, "interval": 14, "model_specific_data": {}, "bbch": 31, "season": 0}}, "compound": {"molarMass": 300.0, "water_solubility": 0.0005385015527856222, "vapor_pressure": 0.0002254717542817627, "reference_temperature": 20.0, "koc": 494.4399781799872, "freundlich": 0.7629259149366965, "dt50": {"system": 6.0, "soil": 20.892515912830714, "surfaceWater": 6.0, "sediment": 6.0}, "plant_uptake": 0.0, "name": "Compound -2005773541214372165", "model_specific_data": {}, "metabolites": [{"formation_fraction": 0.2, "metabolite": {"molarMass": 300.0, "water_solubility": 0.015177189756117935, "vapor_pressure": 1.4785025126946391e-06, "reference_temperature": 20.0, "koc": 14.541234503392365, "freundlich": 1.0093852899378744, "dt50": {"system": 6.0, "soil": 60.99382564134158, "surfaceWater": 6.0, "sediment": 6.0}, "plant_uptake": 0.5, "name": "Compound 2177479325177677993", "model_specific_data": {}, "metabolites": []}}]}}