{"gap": {"type": "relative", "arguments": {"name": "GAP -296091488377847865", "modelCrop": "WC", "rate": 250.0, "apply_every_n_years": 1, "number_of_applications": 2, "interval": 14, "model_specific_data": {}, "bbch": 31, "season": 0}}, "compound": {"molarMass": 300.0, "water_solubility": 0.09403821764994136, "vapor_pressure": 1.0246339816108664e-06, "reference_temperature": 20.0, "koc": 10.08898356193717, "freundlich": 0.8504702127163483, "dt50": {"system": 6.0, "soil": 162.37362810263213, "surfaceWater": 6.0, "sediment": 6.0}, "plant_uptake": 0.0, "name": "Compound 2154732592081387455", "model_specific_data": {}, "metabolites": [{"formation_fraction": 0.2, "metabolite": {"molarMass": 300.0, "water_solubility": 0.000817624966341207, "vapor_pressure": 1.0963699250241468e-07, "reference_temperature": 20.0, "koc": 46.806660729069684, "freundlich": 1.0079137721135871, "dt50": {"system": 6.0, "soil": 21.88225014429108, "surfaceWater": 6.0, "sediment": 6.0}, "plant_uptake": 0.5, "name": "Compound -3610165710913259145", "model_specific_data": {}, "metabolites": []}}]}}