{"gap": {"type": "relative", "arguments": {"name": "GAP -296091488377847865", "modelCrop": "WC", "rate": 250.0, "apply_every_n_years": 1, "number_of_applications": 2, "interval": 14, "model_specific_data": {}, "bbch": 31, "season": 0}}, "compound": {"molarMass": 300.0, "water_solubility": 0.004253435375968731, "vapor_pressure": 7.1038304439957755e-09, "reference_temperature": 20.0, "koc": 53.69691382892457, "freundlich": 1.0930202152630955, "dt50": {"system": 6.0, "soil": 158.9453063350846, "surfaceWater": 6.0, "sediment": 6.0}, "plant_uptake": 0.0, "name": "Compound -6556588389824320092", "model_specific_data": {}, "metabolites": [{"formation_fraction": 0.2, "metabolite": {"molarMass": 300.0, "water_solubility": 8.926032533893846e-05, "vapor_pressure": 4.341086438729968e-07, "reference_temperature": 20.0, "koc": 2472.1025037916447, "freundlich": 0.9682459041600391, "dt50": {"system": 6.0, "soil": 96.0293249627538, "surfaceWater": 6.0, "sediment": 6.0}, "plant_uptake": 0.5, "name": "Compound -1073382767877532603", "model_specific_data": {}, "metabolites": []}}]}}