{"gap": {"type": "relative", "arguments": {"name": "GAP -296091488377847865", "modelCrop": "WC", "rate": 250.0, "apply_every_n_years": 1, "number_of_applications": 2, "interval": 14, "model_specific_data": {}, "bbch": 31, "season": 0}}, "compound": {"molarMass": 300.0, "water_solubility": 0.09194906732235558, "vapor_pressure": 1.0451399210512272e-05, "reference_temperature": 20.0, "koc": 345.4158604218608, "freundlich": 0.8241186885194083, "dt50": {"system": 6.0, "soil": 275.1548807363417, "surfaceWater": 6.0, "sediment": 6.0}, "plant_uptake": 0.0, "name": "Compound 8436566900392753989", "model_specific_data": {}, "metabolites": [{"formation_fraction": 0.2, "metabolite": {"molarMass": 300.0, "water_solubility": 0.0009553795883891887, "vapor_pressure": 5.2010692710128835e-06, "reference_temperature": 20.0, "koc": 10.045214468135672, "freundlich": 0.9732806825243687, "dt50": {"system": 6.0, "soil": 295.5329470410376, "surfaceWater": 6.0, "sediment": 6.0}, "plant_uptake": 0.5, "name": "Compound 381221088925261292", "model_specific_data": {}, "metabolites": []}}]}}