{"gap": {"type": "relative", "arguments": {"name": "GAP -296091488377847865", "modelCrop": "WC", "rate": 250.0, "apply_every_n_years": 1, "number_of_applications": 2, "interval": 14, "model_specific_data": {}, "bbch": 31, "season": 0}}, "compound": {"molarMass": 300.0, "water_solubility": 0.002769016558359234, "vapor_pressure": 1.1781275109122198e-05, "reference_temperature": 20.0, "koc": 33.404674764495255, "freundlich": 1.1905556816741987, "dt50": {"system": 6.0, "soil": 163.08788574931745, "surfaceWater": 6.0, "sediment": 6.0}, "plant_uptake": 0.0, "name": "Compound -1409001153531873334", "model_specific_data": {}, "metabolites": [{"formation_fraction": 0.2, "metabolite": {"molarMass": 300.0, "water_solubility": 0.0009419326307197793, "vapor_pressure": 0.00012260370237838543, "reference_temperature": 20.0, "koc": 43.57784058982284, "freundlich": 0.9289165322932609, "dt50": {"system": 6.0, "soil": 102.62247344829348, "surfaceWater": 6.0, "sediment": 6.0}, "plant_uptake": 0.5, "name": "Compound -7354420231750967247", "model_specific_data": {}, "metabolites": []}}]}}