{"gap": {"type": "relative", "arguments": {"name": "GAP -296091488377847865", "modelCrop": "WC", "rate": 250.0, "apply_every_n_years": 1, "number_of_applications": 2, "interval": 14, "model_specific_data": {}, "bbch": 31, "season": 0}}, "compound": {"molarMass": 300.0, "water_solubility": 0.00019286592157417276, "vapor_pressure": 7.679178577608945e-06, "reference_temperature": 20.0, "koc": 2335.265426200728, "freundlich": 1.0951525805336886, "dt50": {"system": 6.0, "soil": 121.72255810800182, "surfaceWater": 6.0, "sediment": 6.0}, "plant_uptake": 0.0, "name": "Compound -4134598204306106639", "model_specific_data": {}, "metabolites": [{"formation_fraction": 0.2, "metabolite": {"molarMass": 300.0, "water_solubility": 0.009613755649568767, "vapor_pressure": 2.2490952323419112e-07, "reference_temperature": 20.0, "koc": 1021.4038545888102, "freundlich": 1.0839841434453164, "dt50": {"system": 6.0, "soil": 285.0956581668393, "surfaceWater": 6.0, "sediment": 6.0}, "plant_uptake": 0.5, "name": "Compound 4248780971844949381", "model_specific_data": {}, "metabolites": []}}]}}