{"gap": {"type": "relative", "arguments": {"name": "GAP -296091488377847865", "modelCrop": "WC", "rate": 250.0, "apply_every_n_years": 1, "number_of_applications": 2, "interval": 14, "model_specific_data": {}, "bbch": 31, "season": 0}}, "compound": {"molarMass": 300.0, "water_solubility": 0.0003374141764422301, "vapor_pressure": 1.8667293709544084e-06, "reference_temperature": 20.0, "koc": 469.57437589690727, "freundlich": 0.8006467236262731, "dt50": {"system": 6.0, "soil": 236.27885357890648, "surfaceWater": 6.0, "sediment": 6.0}, "plant_uptake": 0.0, "name": "Compound 866094541909246212", "model_specific_data": {}, "metabolites": [{"formation_fraction": 0.2, "metabolite": {"molarMass": 300.0, "water_solubility": 0.07367079400790678, "vapor_pressure": 0.00040695994847746034, "reference_temperature": 20.0, "koc": 155.32875787198086, "freundlich": 0.9788524663601966, "dt50": {"system": 6.0, "soil": 125.40785105805871, "surfaceWater": 6.0, "sediment": 6.0}, "plant_uptake": 0.5, "name": "Compound 6674711625439461166", "model_specific_data": {}, "metabolites": []}}]}}