{"gap": {"type": "relative", "arguments": {"name": "GAP -296091488377847865", "modelCrop": "WC", "rate": 250.0, "apply_every_n_years": 1, "number_of_applications": 2, "interval": 14, "model_specific_data": {}, "bbch": 31, "season": 0}}, "compound": {"molarMass": 300.0, "water_solubility": 0.008588577148331198, "vapor_pressure": 1.999527398487742e-06, "reference_temperature": 20.0, "koc": 20.90423096064164, "freundlich": 1.039454773698335, "dt50": {"system": 6.0, "soil": 193.1459422579636, "surfaceWater": 6.0, "sediment": 6.0}, "plant_uptake": 0.0, "name": "Compound -5266842394817258807", "model_specific_data": {}, "metabolites": [{"formation_fraction": 0.2, "metabolite": {"molarMass": 300.0, "water_solubility": 0.007197766204357753, "vapor_pressure": 0.00013217249489090488, "reference_temperature": 20.0, "koc": 94.72647890006522, "freundlich": 0.775635509464504, "dt50": {"system": 6.0, "soil": 269.656822679689, "surfaceWater": 6.0, "sediment": 6.0}, "plant_uptake": 0.5, "name": "Compound 4282701209701131985", "model_specific_data": {}, "metabolites": []}}]}}