{"gap": {"type": "relative", "arguments": {"name": "GAP -296091488377847865", "modelCrop": "WC", "rate": 250.0, "apply_every_n_years": 1, "number_of_applications": 2, "interval": 14, "model_specific_data": {}, "bbch": 31, "season": 0}}, "compound": {"molarMass": 300.0, "water_solubility": 1.0363438991963623, "vapor_pressure": 3.8015211421101102e-06, "reference_temperature": 20.0, "koc": 28.93427694842562, "freundlich": 1.0752285962836408, "dt50": {"system": 6.0, "soil": 182.33292255546215, "surfaceWater": 6.0, "sediment": 6.0}, "plant_uptake": 0.0, "name": "Compound -3950996765427479024", "model_specific_data": {}, "metabolites": [{"formation_fraction": 0.2, "metabolite": {"molarMass": 300.0, "water_solubility": 0.009926493918841692, "vapor_pressure": 0.00045166912015377075, "reference_temperature": 20.0, "koc": 2690.486042951961, "freundlich": 1.0997361200346083, "dt50": {"system": 6.0, "soil": 224.6548695124068, "surfaceWater": 6.0, "sediment": 6.0}, "plant_uptake": 0.5, "name": "Compound 6726367251145671012", "model_specific_data": {}, "metabolites": []}}]}}