{"gap": {"type": "relative", "arguments": {"name": "GAP -296091488377847865", "modelCrop": "WC", "rate": 250.0, "apply_every_n_years": 1, "number_of_applications": 2, "interval": 14, "model_specific_data": {}, "bbch": 31, "season": 0}}, "compound": {"molarMass": 300.0, "water_solubility": 0.3279411679272285, "vapor_pressure": 2.2996019596615957e-05, "reference_temperature": 20.0, "koc": 16.519290557535076, "freundlich": 0.965170952392997, "dt50": {"system": 6.0, "soil": 135.44822803078821, "surfaceWater": 6.0, "sediment": 6.0}, "plant_uptake": 0.0, "name": "Compound -9212740276803901323", "model_specific_data": {}, "metabolites": [{"formation_fraction": 0.2, "metabolite": {"molarMass": 300.0, "water_solubility": 0.00029839377660979805, "vapor_pressure": 0.0003453650337777226, "reference_temperature": 20.0, "koc": 4390.312199165368, "freundlich": 1.1797752320178838, "dt50": {"system": 6.0, "soil": 71.83188142679907, "surfaceWater": 6.0, "sediment": 6.0}, "plant_uptake": 0.5, "name": "Compound 70067309187891666", "model_specific_data": {}, "metabolites": []}}]}}