{"gap": {"type": "relative", "arguments": {"name": "GAP -296091488377847865", "modelCrop": "WC", "rate": 250.0, "apply_every_n_years": 1, "number_of_applications": 2, "interval": 14, "model_specific_data": {}, "bbch": 31, "season": 0}}, "compound": {"molarMass": 300.0, "water_solubility": 0.010350693601465406, "vapor_pressure": 1.487335272480377e-06, "reference_temperature": 20.0, "koc": 25.180593381474637, "freundlich": 0.7311291176536414, "dt50": {"system": 6.0, "soil": 84.03531445088181, "surfaceWater": 6.0, "sediment": 6.0}, "plant_uptake": 0.0, "name": "Compound 5596140202099309997", "model_specific_data": {}, "metabolites": [{"formation_fraction": 0.2, "metabolite": {"molarMass": 300.0, "water_solubility": 0.0001020336157787577, "vapor_pressure": 0.00016040385163041307, "reference_temperature": 20.0, "koc": 65.28525018169663, "freundlich": 1.0787250124855285, "dt50": {"system": 6.0, "soil": 264.8296000463681, "surfaceWater": 6.0, "sediment": 6.0}, "plant_uptake": 0.5, "name": "Compound -4428259420657597571", "model_specific_data": {}, "metabolites": []}}]}}