{"gap": {"type": "relative", "arguments": {"name": "GAP -296091488377847865", "modelCrop": "WC", "rate": 250.0, "apply_every_n_years": 1, "number_of_applications": 2, "interval": 14, "model_specific_data": {}, "bbch": 31, "season": 0}}, "compound": {"molarMass": 300.0, "water_solubility": 0.05960266884955507, "vapor_pressure": 1.528981396451116e-06, "reference_temperature": 20.0, "koc": 45.45956908224431, "freundlich": 1.144051714598593, "dt50": {"system": 6.0, "soil": 115.20145609211711, "surfaceWater": 6.0, "sediment": 6.0}, "plant_uptake": 0.0, "name": "Compound 4552399619574701385", "model_specific_data": {}, "metabolites": [{"formation_fraction": 0.2, "metabolite": {"molarMass": 300.0, "water_solubility": 0.01726480519646396, "vapor_pressure": 1.576510582268118e-06, "reference_temperature": 20.0, "koc": 659.4493667267734, "freundlich": 1.0422043681444406, "dt50": {"system": 6.0, "soil": 9.970121025809807, "surfaceWater": 6.0, "sediment": 6.0}, "plant_uptake": 0.5, "name": "Compound 4684754057517227850", "model_specific_data": {}, "metabolites": []}}]}}