{"gap": {"type": "relative", "arguments": {"name": "GAP -296091488377847865", "modelCrop": "WC", "rate": 250.0, "apply_every_n_years": 1, "number_of_applications": 2, "interval": 14, "model_specific_data": {}, "bbch": 31, "season": 0}}, "compound": {"molarMass": 300.0, "water_solubility": 0.005664126862294409, "vapor_pressure": 0.0008724862238075332, "reference_temperature": 20.0, "koc": 2224.205512735188, "freundlich": 0.8843771273874239, "dt50": {"system": 6.0, "soil": 161.5247173536544, "surfaceWater": 6.0, "sediment": 6.0}, "plant_uptake": 0.0, "name": "Compound -4255977656828028393", "model_specific_data": {}, "metabolites": [{"formation_fraction": 0.2, "metabolite": {"molarMass": 300.0, "water_solubility": 0.0949184409357468, "vapor_pressure": 1.1060455519408717e-05, "reference_temperature": 20.0, "koc": 126.14648051805024, "freundlich": 1.1690013144728477, "dt50": {"system": 6.0, "soil": 295.60352952247126, "surfaceWater": 6.0, "sediment": 6.0}, "plant_uptake": 0.5, "name": "Compound -3862065139316451412", "model_specific_data": {}, "metabolites": []}}]}}