{"gap": {"type": "relative", "arguments": {"name": "GAP -296091488377847865", "modelCrop": "WC", "rate": 250.0, "apply_every_n_years": 1, "number_of_applications": 2, "interval": 14, "model_specific_data": {}, "bbch": 31, "season": 0}}, "compound": {"molarMass": 300.0, "water_solubility": 0.0013883391466158375, "vapor_pressure": 0.001717487481297766, "reference_temperature": 20.0, "koc": 46.597452922769776, "freundlich": 0.742117101956145, "dt50": {"system": 6.0, "soil": 264.76889868924906, "surfaceWater": 6.0, "sediment": 6.0}, "plant_uptake": 0.0, "name": "Compound -2899454958690838696", "model_specific_data": {}, "metabolites": [{"formation_fraction": 0.2, "metabolite": {"molarMass": 300.0, "water_solubility": 0.0018915990548089626, "vapor_pressure": 1.0505486558564377e-06, "reference_temperature": 20.0, "koc": 2171.961908146659, "freundlich": 1.042958643549467, "dt50": {"system": 6.0, "soil": 93.34434467810654, "surfaceWater": 6.0, "sediment": 6.0}, "plant_uptake": 0.5, "name": "Compound -7568512632419754038", "model_specific_data": {}, "metabolites": []}}]}}