{"gap": {"type": "relative", "arguments": {"name": "GAP -296091488377847865", "modelCrop": "WC", "rate": 250.0, "apply_every_n_years": 1, "number_of_applications": 2, "interval": 14, "model_specific_data": {}, "bbch": 31, "season": 0}}, "compound": {"molarMass": 300.0, "water_solubility": 0.08430737472285117, "vapor_pressure": 2.033123079024855e-06, "reference_temperature": 20.0, "koc": 296.2302622093213, "freundlich": 0.9015801436144179, "dt50": {"system": 6.0, "soil": 298.53511334759446, "surfaceWater": 6.0, "sediment": 6.0}, "plant_uptake": 0.0, "name": "Compound 1933526697831688573", "model_specific_data": {}, "metabolites": [{"formation_fraction": 0.2, "metabolite": {"molarMass": 300.0, "water_solubility": 0.00867284014158247, "vapor_pressure": 1.6861769920768293e-06, "reference_temperature": 20.0, "koc": 10.648438430043939, "freundlich": 0.8464568813245905, "dt50": {"system": 6.0, "soil": 125.33102154344563, "surfaceWater": 6.0, "sediment": 6.0}, "plant_uptake": 0.5, "name": "Compound -5655761824278101373", "model_specific_data": {}, "metabolites": []}}]}}