{"gap": {"type": "relative", "arguments": {"name": "GAP -296091488377847865", "modelCrop": "WC", "rate": 250.0, "apply_every_n_years": 1, "number_of_applications": 2, "interval": 14, "model_specific_data": {}, "bbch": 31, "season": 0}}, "compound": {"molarMass": 300.0, "water_solubility": 0.001623778877727135, "vapor_pressure": 4.086775844494576e-07, "reference_temperature": 20.0, "koc": 3435.2529874538677, "freundlich": 1.1068111032561196, "dt50": {"system": 6.0, "soil": 107.25450886200454, "surfaceWater": 6.0, "sediment": 6.0}, "plant_uptake": 0.0, "name": "Compound -2179569734233028083", "model_specific_data": {}, "metabolites": [{"formation_fraction": 0.2, "metabolite": {"molarMass": 300.0, "water_solubility": 1.997043164573287e-05, "vapor_pressure": 2.899323692727787e-06, "reference_temperature": 20.0, "koc": 145.7697849673844, "freundlich": 1.1002508872538117, "dt50": {"system": 6.0, "soil": 15.239790108537361, "surfaceWater": 6.0, "sediment": 6.0}, "plant_uptake": 0.5, "name": "Compound -188238902661870621", "model_specific_data": {}, "metabolites": []}}]}}