{"gap": {"type": "relative", "arguments": {"name": "GAP -296091488377847865", "modelCrop": "WC", "rate": 250.0, "apply_every_n_years": 1, "number_of_applications": 2, "interval": 14, "model_specific_data": {}, "bbch": 31, "season": 0}}, "compound": {"molarMass": 300.0, "water_solubility": 0.008987378067661353, "vapor_pressure": 6.085467758579649e-07, "reference_temperature": 20.0, "koc": 120.22933346801653, "freundlich": 0.9385476660414231, "dt50": {"system": 6.0, "soil": 296.4478939333037, "surfaceWater": 6.0, "sediment": 6.0}, "plant_uptake": 0.0, "name": "Compound 2948863823705977174", "model_specific_data": {}, "metabolites": [{"formation_fraction": 0.2, "metabolite": {"molarMass": 300.0, "water_solubility": 0.0005601109023129485, "vapor_pressure": 0.00024939245102373575, "reference_temperature": 20.0, "koc": 105.5808863575974, "freundlich": 0.8633743050910028, "dt50": {"system": 6.0, "soil": 218.02420784822425, "surfaceWater": 6.0, "sediment": 6.0}, "plant_uptake": 0.5, "name": "Compound 2798806125833844021", "model_specific_data": {}, "metabolites": []}}]}}