{"gap": {"type": "relative", "arguments": {"name": "GAP -296091488377847865", "modelCrop": "WC", "rate": 250.0, "apply_every_n_years": 1, "number_of_applications": 2, "interval": 14, "model_specific_data": {}, "bbch": 31, "season": 0}}, "compound": {"molarMass": 300.0, "water_solubility": 0.02224359182029712, "vapor_pressure": 5.910623776479702e-08, "reference_temperature": 20.0, "koc": 1514.571579994896, "freundlich": 0.758333427367728, "dt50": {"system": 6.0, "soil": 42.07622194704273, "surfaceWater": 6.0, "sediment": 6.0}, "plant_uptake": 0.0, "name": "Compound 7739331438774958414", "model_specific_data": {}, "metabolites": [{"formation_fraction": 0.2, "metabolite": {"molarMass": 300.0, "water_solubility": 0.06619848915174534, "vapor_pressure": 0.00015328825646561506, "reference_temperature": 20.0, "koc": 3283.242631540148, "freundlich": 0.9619613766864564, "dt50": {"system": 6.0, "soil": 150.97154872220108, "surfaceWater": 6.0, "sediment": 6.0}, "plant_uptake": 0.5, "name": "Compound 3492303867917891058", "model_specific_data": {}, "metabolites": []}}]}}