{"gap": {"type": "relative", "arguments": {"name": "GAP -296091488377847865", "modelCrop": "WC", "rate": 250.0, "apply_every_n_years": 1, "number_of_applications": 2, "interval": 14, "model_specific_data": {}, "bbch": 31, "season": 0}}, "compound": {"molarMass": 300.0, "water_solubility": 0.0011798969316969634, "vapor_pressure": 4.987507095138354e-05, "reference_temperature": 20.0, "koc": 645.7653222495793, "freundlich": 1.0140691919095395, "dt50": {"system": 6.0, "soil": 188.59150234572417, "surfaceWater": 6.0, "sediment": 6.0}, "plant_uptake": 0.0, "name": "Compound 7816505025018803735", "model_specific_data": {}, "metabolites": [{"formation_fraction": 0.2, "metabolite": {"molarMass": 300.0, "water_solubility": 0.000608984966338024, "vapor_pressure": 4.880682825756326e-06, "reference_temperature": 20.0, "koc": 661.3550852545073, "freundlich": 1.0059340008961137, "dt50": {"system": 6.0, "soil": 168.73126594856743, "surfaceWater": 6.0, "sediment": 6.0}, "plant_uptake": 0.5, "name": "Compound 3164405458754949911", "model_specific_data": {}, "metabolites": []}}]}}