{"gap": {"type": "relative", "arguments": {"name": "GAP -296091488377847865", "modelCrop": "WC", "rate": 250.0, "apply_every_n_years": 1, "number_of_applications": 2, "interval": 14, "model_specific_data": {}, "bbch": 31, "season": 0}}, "compound": {"molarMass": 300.0, "water_solubility": 0.0006231029999444424, "vapor_pressure": 6.795569566781491e-05, "reference_temperature": 20.0, "koc": 442.07331523061123, "freundlich": 1.0712605085550193, "dt50": {"system": 6.0, "soil": 235.74938810367584, "surfaceWater": 6.0, "sediment": 6.0}, "plant_uptake": 0.0, "name": "Compound -3360138953617715531", "model_specific_data": {}, "metabolites": [{"formation_fraction": 0.2, "metabolite": {"molarMass": 300.0, "water_solubility": 0.11403496392211683, "vapor_pressure": 5.275471646265399e-06, "reference_temperature": 20.0, "koc": 49.51852969297649, "freundlich": 0.7790759062398926, "dt50": {"system": 6.0, "soil": 148.90560665649093, "surfaceWater": 6.0, "sediment": 6.0}, "plant_uptake": 0.5, "name": "Compound 8952290066487372462", "model_specific_data": {}, "metabolites": []}}]}}