{"gap": {"type": "relative", "arguments": {"name": "GAP -296091488377847865", "modelCrop": "WC", "rate": 250.0, "apply_every_n_years": 1, "number_of_applications": 2, "interval": 14, "model_specific_data": {}, "bbch": 31, "season": 0}}, "compound": {"molarMass": 300.0, "water_solubility": 0.16468472301418982, "vapor_pressure": 0.01697269483943576, "reference_temperature": 20.0, "koc": 52.49067305311197, "freundlich": 0.8677975590278575, "dt50": {"system": 6.0, "soil": 137.44093097363245, "surfaceWater": 6.0, "sediment": 6.0}, "plant_uptake": 0.0, "name": "Compound 633342734017657626", "model_specific_data": {}, "metabolites": [{"formation_fraction": 0.2, "metabolite": {"molarMass": 300.0, "water_solubility": 0.019261113690697565, "vapor_pressure": 5.569235121596972e-06, "reference_temperature": 20.0, "koc": 73.6303379560474, "freundlich": 1.0356319202156536, "dt50": {"system": 6.0, "soil": 237.89836238251652, "surfaceWater": 6.0, "sediment": 6.0}, "plant_uptake": 0.5, "name": "Compound 1780545018332598623", "model_specific_data": {}, "metabolites": []}}]}}