{"gap": {"type": "relative", "arguments": {"name": "GAP -296091488377847865", "modelCrop": "WC", "rate": 250.0, "apply_every_n_years": 1, "number_of_applications": 2, "interval": 14, "model_specific_data": {}, "bbch": 31, "season": 0}}, "compound": {"molarMass": 300.0, "water_solubility": 0.00042490891201305155, "vapor_pressure": 0.04299801623347332, "reference_temperature": 20.0, "koc": 79.27041045331775, "freundlich": 1.152495012502994, "dt50": {"system": 6.0, "soil": 220.36524458931447, "surfaceWater": 6.0, "sediment": 6.0}, "plant_uptake": 0.0, "name": "Compound 6753919297803757955", "model_specific_data": {}, "metabolites": [{"formation_fraction": 0.2, "metabolite": {"molarMass": 300.0, "water_solubility": 0.01750057246089145, "vapor_pressure": 2.267739531799524e-06, "reference_temperature": 20.0, "koc": 313.008667641857, "freundlich": 0.8128198737938418, "dt50": {"system": 6.0, "soil": 185.24637421591393, "surfaceWater": 6.0, "sediment": 6.0}, "plant_uptake": 0.5, "name": "Compound -5896425683290643888", "model_specific_data": {}, "metabolites": []}}]}}