{"gap": {"type": "relative", "arguments": {"name": "GAP -296091488377847865", "modelCrop": "WC", "rate": 250.0, "apply_every_n_years": 1, "number_of_applications": 2, "interval": 14, "model_specific_data": {}, "bbch": 31, "season": 0}}, "compound": {"molarMass": 300.0, "water_solubility": 0.0003525933043134465, "vapor_pressure": 0.00010733880994261514, "reference_temperature": 20.0, "koc": 891.3750527952885, "freundlich": 0.75153187882968, "dt50": {"system": 6.0, "soil": 137.3233337605171, "surfaceWater": 6.0, "sediment": 6.0}, "plant_uptake": 0.0, "name": "Compound 4745405088681094764", "model_specific_data": {}, "metabolites": [{"formation_fraction": 0.2, "metabolite": {"molarMass": 300.0, "water_solubility": 0.264213263149945, "vapor_pressure": 5.630202037209307e-06, "reference_temperature": 20.0, "koc": 11.590697276031275, "freundlich": 1.0782818818632085, "dt50": {"system": 6.0, "soil": 195.73689264284224, "surfaceWater": 6.0, "sediment": 6.0}, "plant_uptake": 0.5, "name": "Compound 1119454983605460941", "model_specific_data": {}, "metabolites": []}}]}}