{"gap": {"type": "relative", "arguments": {"name": "GAP -296091488377847865", "modelCrop": "WC", "rate": 250.0, "apply_every_n_years": 1, "number_of_applications": 2, "interval": 14, "model_specific_data": {}, "bbch": 31, "season": 0}}, "compound": {"molarMass": 300.0, "water_solubility": 0.03587722120076028, "vapor_pressure": 8.473786092204212e-06, "reference_temperature": 20.0, "koc": 432.6172423381626, "freundlich": 1.1750398688927297, "dt50": {"system": 6.0, "soil": 62.13958421339074, "surfaceWater": 6.0, "sediment": 6.0}, "plant_uptake": 0.0, "name": "Compound -2981028058315998970", "model_specific_data": {}, "metabolites": [{"formation_fraction": 0.2, "metabolite": {"molarMass": 300.0, "water_solubility": 0.005431499703549588, "vapor_pressure": 1.582790441793642e-06, "reference_temperature": 20.0, "koc": 249.25560315919873, "freundlich": 0.8622593019160321, "dt50": {"system": 6.0, "soil": 108.2567147789911, "surfaceWater": 6.0, "sediment": 6.0}, "plant_uptake": 0.5, "name": "Compound 8285343559181339248", "model_specific_data": {}, "metabolites": []}}]}}