{"gap": {"type": "relative", "arguments": {"name": "GAP -296091488377847865", "modelCrop": "WC", "rate": 250.0, "apply_every_n_years": 1, "number_of_applications": 2, "interval": 14, "model_specific_data": {}, "bbch": 31, "season": 0}}, "compound": {"molarMass": 300.0, "water_solubility": 0.18162279996512798, "vapor_pressure": 3.2366943082544e-06, "reference_temperature": 20.0, "koc": 279.4579159560724, "freundlich": 1.1547663219939313, "dt50": {"system": 6.0, "soil": 242.8364211658046, "surfaceWater": 6.0, "sediment": 6.0}, "plant_uptake": 0.0, "name": "Compound -7789598841615337643", "model_specific_data": {}, "metabolites": [{"formation_fraction": 0.2, "metabolite": {"molarMass": 300.0, "water_solubility": 0.05919596496072234, "vapor_pressure": 0.00025900290353342916, "reference_temperature": 20.0, "koc": 51.391669214318725, "freundlich": 1.0580150931709675, "dt50": {"system": 6.0, "soil": 166.08215397873923, "surfaceWater": 6.0, "sediment": 6.0}, "plant_uptake": 0.5, "name": "Compound -3622879540148356443", "model_specific_data": {}, "metabolites": []}}]}}