{"gap": {"type": "relative", "arguments": {"name": "GAP -296091488377847865", "modelCrop": "WC", "rate": 250.0, "apply_every_n_years": 1, "number_of_applications": 2, "interval": 14, "model_specific_data": {}, "bbch": 31, "season": 0}}, "compound": {"molarMass": 300.0, "water_solubility": 0.00038204823903707075, "vapor_pressure": 0.002745717183716043, "reference_temperature": 20.0, "koc": 15.820497372246026, "freundlich": 1.068596933253147, "dt50": {"system": 6.0, "soil": 279.00232293794323, "surfaceWater": 6.0, "sediment": 6.0}, "plant_uptake": 0.0, "name": "Compound 4212192202233707350", "model_specific_data": {}, "metabolites": [{"formation_fraction": 0.2, "metabolite": {"molarMass": 300.0, "water_solubility": 0.08159660393725687, "vapor_pressure": 0.00014691262429273778, "reference_temperature": 20.0, "koc": 85.57991348544728, "freundlich": 1.0561554439223717, "dt50": {"system": 6.0, "soil": 60.51581578234986, "surfaceWater": 6.0, "sediment": 6.0}, "plant_uptake": 0.5, "name": "Compound -2957969781244402764", "model_specific_data": {}, "metabolites": []}}]}}