{"gap": {"type": "relative", "arguments": {"name": "GAP -296091488377847865", "modelCrop": "WC", "rate": 250.0, "apply_every_n_years": 1, "number_of_applications": 2, "interval": 14, "model_specific_data": {}, "bbch": 31, "season": 0}}, "compound": {"molarMass": 300.0, "water_solubility": 0.05846975495674189, "vapor_pressure": 0.0014788788486659616, "reference_temperature": 20.0, "koc": 672.9497395091532, "freundlich": 1.059935597754159, "dt50": {"system": 6.0, "soil": 102.2303436278968, "surfaceWater": 6.0, "sediment": 6.0}, "plant_uptake": 0.0, "name": "Compound 3877236928453168500", "model_specific_data": {}, "metabolites": [{"formation_fraction": 0.2, "metabolite": {"molarMass": 300.0, "water_solubility": 0.01756997288754691, "vapor_pressure": 6.459678912147406e-05, "reference_temperature": 20.0, "koc": 39.27262028801736, "freundlich": 1.0591538144513533, "dt50": {"system": 6.0, "soil": 6.218259313625486, "surfaceWater": 6.0, "sediment": 6.0}, "plant_uptake": 0.5, "name": "Compound 3338287153641270413", "model_specific_data": {}, "metabolites": []}}]}}