{"gap": {"type": "relative", "arguments": {"name": "GAP -296091488377847865", "modelCrop": "WC", "rate": 250.0, "apply_every_n_years": 1, "number_of_applications": 2, "interval": 14, "model_specific_data": {}, "bbch": 31, "season": 0}}, "compound": {"molarMass": 300.0, "water_solubility": 0.49814765563088464, "vapor_pressure": 0.0001878303114752726, "reference_temperature": 20.0, "koc": 175.53893922403836, "freundlich": 0.9893853497452096, "dt50": {"system": 6.0, "soil": 283.3287297898322, "surfaceWater": 6.0, "sediment": 6.0}, "plant_uptake": 0.0, "name": "Compound -4067150168312053922", "model_specific_data": {}, "metabolites": [{"formation_fraction": 0.2, "metabolite": {"molarMass": 300.0, "water_solubility": 0.015871338521431202, "vapor_pressure": 7.653145004956808e-05, "reference_temperature": 20.0, "koc": 513.509554255055, "freundlich": 1.0467358614961397, "dt50": {"system": 6.0, "soil": 252.67215368195068, "surfaceWater": 6.0, "sediment": 6.0}, "plant_uptake": 0.5, "name": "Compound -148171324597981440", "model_specific_data": {}, "metabolites": []}}]}}