{"gap": {"type": "relative", "arguments": {"name": "GAP -296091488377847865", "modelCrop": "WC", "rate": 250.0, "apply_every_n_years": 1, "number_of_applications": 2, "interval": 14, "model_specific_data": {}, "bbch": 31, "season": 0}}, "compound": {"molarMass": 300.0, "water_solubility": 0.7068284807762059, "vapor_pressure": 0.00038979364417698035, "reference_temperature": 20.0, "koc": 3925.9907077798543, "freundlich": 0.7287558485093435, "dt50": {"system": 6.0, "soil": 241.3893956543068, "surfaceWater": 6.0, "sediment": 6.0}, "plant_uptake": 0.0, "name": "Compound 2731629081317209864", "model_specific_data": {}, "metabolites": [{"formation_fraction": 0.2, "metabolite": {"molarMass": 300.0, "water_solubility": 0.021472537935493387, "vapor_pressure": 5.439404703721088e-06, "reference_temperature": 20.0, "koc": 33.10068729155503, "freundlich": 0.7196197529284429, "dt50": {"system": 6.0, "soil": 53.98511765539005, "surfaceWater": 6.0, "sediment": 6.0}, "plant_uptake": 0.5, "name": "Compound 1891878414288915270", "model_specific_data": {}, "metabolites": []}}]}}