{"gap": {"type": "relative", "arguments": {"name": "GAP -296091488377847865", "modelCrop": "WC", "rate": 250.0, "apply_every_n_years": 1, "number_of_applications": 2, "interval": 14, "model_specific_data": {}, "bbch": 31, "season": 0}}, "compound": {"molarMass": 300.0, "water_solubility": 0.03097738660534469, "vapor_pressure": 1.3037900612407083e-06, "reference_temperature": 20.0, "koc": 797.1999481872434, "freundlich": 0.7711022360508721, "dt50": {"system": 6.0, "soil": 115.46789100656646, "surfaceWater": 6.0, "sediment": 6.0}, "plant_uptake": 0.0, "name": "Compound -5539513793905400846", "model_specific_data": {}, "metabolites": [{"formation_fraction": 0.2, "metabolite": {"molarMass": 300.0, "water_solubility": 0.029003158815450323, "vapor_pressure": 1.9302548908726604e-07, "reference_temperature": 20.0, "koc": 378.49819392824503, "freundlich": 0.9939613842182367, "dt50": {"system": 6.0, "soil": 180.1487121790087, "surfaceWater": 6.0, "sediment": 6.0}, "plant_uptake": 0.5, "name": "Compound 8486307506263661884", "model_specific_data": {}, "metabolites": []}}]}}