{"gap": {"type": "relative", "arguments": {"name": "GAP -296091488377847865", "modelCrop": "WC", "rate": 250.0, "apply_every_n_years": 1, "number_of_applications": 2, "interval": 14, "model_specific_data": {}, "bbch": 31, "season": 0}}, "compound": {"molarMass": 300.0, "water_solubility": 0.0038642654269680186, "vapor_pressure": 0.000536986929511825, "reference_temperature": 20.0, "koc": 299.56159822796695, "freundlich": 1.149045636171492, "dt50": {"system": 6.0, "soil": 44.27594081590805, "surfaceWater": 6.0, "sediment": 6.0}, "plant_uptake": 0.0, "name": "Compound -2730927678608298017", "model_specific_data": {}, "metabolites": [{"formation_fraction": 0.2, "metabolite": {"molarMass": 300.0, "water_solubility": 1.220810360383491, "vapor_pressure": 7.243419808272302e-06, "reference_temperature": 20.0, "koc": 25.604054486489044, "freundlich": 1.1578136041340328, "dt50": {"system": 6.0, "soil": 207.35118788369368, "surfaceWater": 6.0, "sediment": 6.0}, "plant_uptake": 0.5, "name": "Compound 1784756298819710307", "model_specific_data": {}, "metabolites": []}}]}}