{"gap": {"type": "relative", "arguments": {"name": "GAP -296091488377847865", "modelCrop": "WC", "rate": 250.0, "apply_every_n_years": 1, "number_of_applications": 2, "interval": 14, "model_specific_data": {}, "bbch": 31, "season": 0}}, "compound": {"molarMass": 300.0, "water_solubility": 0.0473659564845765, "vapor_pressure": 3.639421510739015e-09, "reference_temperature": 20.0, "koc": 19.812770025472503, "freundlich": 1.05542915267519, "dt50": {"system": 6.0, "soil": 270.0072927671767, "surfaceWater": 6.0, "sediment": 6.0}, "plant_uptake": 0.0, "name": "Compound 572599996974356566", "model_specific_data": {}, "metabolites": [{"formation_fraction": 0.2, "metabolite": {"molarMass": 300.0, "water_solubility": 0.004237328886102436, "vapor_pressure": 1.6191144998900869e-06, "reference_temperature": 20.0, "koc": 998.6296791860025, "freundlich": 0.9305811195804417, "dt50": {"system": 6.0, "soil": 3.854938735047995, "surfaceWater": 6.0, "sediment": 6.0}, "plant_uptake": 0.5, "name": "Compound 2591357573931546150", "model_specific_data": {}, "metabolites": []}}]}}