{"gap": {"type": "relative", "arguments": {"name": "GAP -296091488377847865", "modelCrop": "WC", "rate": 250.0, "apply_every_n_years": 1, "number_of_applications": 2, "interval": 14, "model_specific_data": {}, "bbch": 31, "season": 0}}, "compound": {"molarMass": 300.0, "water_solubility": 0.122637145207269, "vapor_pressure": 7.179504133208753e-05, "reference_temperature": 20.0, "koc": 4123.648709081868, "freundlich": 1.067784698612842, "dt50": {"system": 6.0, "soil": 118.32204500661638, "surfaceWater": 6.0, "sediment": 6.0}, "plant_uptake": 0.0, "name": "Compound 7408886677199943078", "model_specific_data": {}, "metabolites": [{"formation_fraction": 0.2, "metabolite": {"molarMass": 300.0, "water_solubility": 0.7484040007384606, "vapor_pressure": 0.009556931458154444, "reference_temperature": 20.0, "koc": 24.709860327515404, "freundlich": 0.8102872738975957, "dt50": {"system": 6.0, "soil": 209.70640346389715, "surfaceWater": 6.0, "sediment": 6.0}, "plant_uptake": 0.5, "name": "Compound -6146394163853666828", "model_specific_data": {}, "metabolites": []}}]}}