{"gap": {"type": "relative", "arguments": {"name": "GAP -296091488377847865", "modelCrop": "WC", "rate": 250.0, "apply_every_n_years": 1, "number_of_applications": 2, "interval": 14, "model_specific_data": {}, "bbch": 31, "season": 0}}, "compound": {"molarMass": 300.0, "water_solubility": 0.0009980794459969005, "vapor_pressure": 9.861688153360238e-06, "reference_temperature": 20.0, "koc": 1997.2850608954307, "freundlich": 0.99663192042479, "dt50": {"system": 6.0, "soil": 124.87878462335725, "surfaceWater": 6.0, "sediment": 6.0}, "plant_uptake": 0.0, "name": "Compound -3524972740842792974", "model_specific_data": {}, "metabolites": [{"formation_fraction": 0.2, "metabolite": {"molarMass": 300.0, "water_solubility": 5.6715858574452204e-05, "vapor_pressure": 0.00013775466527955459, "reference_temperature": 20.0, "koc": 98.55883392364873, "freundlich": 1.180217632424245, "dt50": {"system": 6.0, "soil": 101.60370945105278, "surfaceWater": 6.0, "sediment": 6.0}, "plant_uptake": 0.5, "name": "Compound 307766568106141663", "model_specific_data": {}, "metabolites": []}}]}}