{"gap": {"type": "relative", "arguments": {"name": "GAP -296091488377847865", "modelCrop": "WC", "rate": 250.0, "apply_every_n_years": 1, "number_of_applications": 2, "interval": 14, "model_specific_data": {}, "bbch": 31, "season": 0}}, "compound": {"molarMass": 300.0, "water_solubility": 0.056361563782534124, "vapor_pressure": 6.09736527891774e-06, "reference_temperature": 20.0, "koc": 46.29402985975514, "freundlich": 0.9216133727013163, "dt50": {"system": 6.0, "soil": 68.78594175008138, "surfaceWater": 6.0, "sediment": 6.0}, "plant_uptake": 0.0, "name": "Compound 2625185615508788620", "model_specific_data": {}, "metabolites": [{"formation_fraction": 0.2, "metabolite": {"molarMass": 300.0, "water_solubility": 0.11878460528995165, "vapor_pressure": 0.0017614349167722294, "reference_temperature": 20.0, "koc": 42.24522495588286, "freundlich": 1.0958875116185631, "dt50": {"system": 6.0, "soil": 52.146828279887714, "surfaceWater": 6.0, "sediment": 6.0}, "plant_uptake": 0.5, "name": "Compound 702582928719547882", "model_specific_data": {}, "metabolites": []}}]}}