{"gap": {"type": "relative", "arguments": {"name": "GAP -296091488377847865", "modelCrop": "WC", "rate": 250.0, "apply_every_n_years": 1, "number_of_applications": 2, "interval": 14, "model_specific_data": {}, "bbch": 31, "season": 0}}, "compound": {"molarMass": 300.0, "water_solubility": 0.0340306679308785, "vapor_pressure": 0.0020382023251452326, "reference_temperature": 20.0, "koc": 2222.9881616715193, "freundlich": 1.1996310624594608, "dt50": {"system": 6.0, "soil": 15.006138291939195, "surfaceWater": 6.0, "sediment": 6.0}, "plant_uptake": 0.0, "name": "Compound 3585519382505462933", "model_specific_data": {}, "metabolites": [{"formation_fraction": 0.2, "metabolite": {"molarMass": 300.0, "water_solubility": 0.007951665707976402, "vapor_pressure": 8.579259641587791e-07, "reference_temperature": 20.0, "koc": 157.10785682164845, "freundlich": 0.8831263499218205, "dt50": {"system": 6.0, "soil": 72.70975025205087, "surfaceWater": 6.0, "sediment": 6.0}, "plant_uptake": 0.5, "name": "Compound -5309231466924800470", "model_specific_data": {}, "metabolites": []}}]}}