{"gap": {"type": "relative", "arguments": {"name": "GAP -296091488377847865", "modelCrop": "WC", "rate": 250.0, "apply_every_n_years": 1, "number_of_applications": 2, "interval": 14, "model_specific_data": {}, "bbch": 31, "season": 0}}, "compound": {"molarMass": 300.0, "water_solubility": 0.03458646747027265, "vapor_pressure": 3.2109650498082964e-07, "reference_temperature": 20.0, "koc": 2038.8377493111288, "freundlich": 0.8234240116443319, "dt50": {"system": 6.0, "soil": 8.561909926376114, "surfaceWater": 6.0, "sediment": 6.0}, "plant_uptake": 0.0, "name": "Compound -7169642146746672490", "model_specific_data": {}, "metabolites": [{"formation_fraction": 0.2, "metabolite": {"molarMass": 300.0, "water_solubility": 0.5459872974519548, "vapor_pressure": 1.975038225331614e-06, "reference_temperature": 20.0, "koc": 22.90596814123933, "freundlich": 0.9385996002230854, "dt50": {"system": 6.0, "soil": 155.9891968435749, "surfaceWater": 6.0, "sediment": 6.0}, "plant_uptake": 0.5, "name": "Compound 2721443102722778638", "model_specific_data": {}, "metabolites": []}}]}}