{"gap": {"type": "relative", "arguments": {"name": "GAP -296091488377847865", "modelCrop": "WC", "rate": 250.0, "apply_every_n_years": 1, "number_of_applications": 2, "interval": 14, "model_specific_data": {}, "bbch": 31, "season": 0}}, "compound": {"molarMass": 300.0, "water_solubility": 0.027319087726792323, "vapor_pressure": 0.00022419897858717684, "reference_temperature": 20.0, "koc": 22.665072671023147, "freundlich": 0.7504415211787023, "dt50": {"system": 6.0, "soil": 181.9920093517897, "surfaceWater": 6.0, "sediment": 6.0}, "plant_uptake": 0.0, "name": "Compound -8085642203657505597", "model_specific_data": {}, "metabolites": [{"formation_fraction": 0.2, "metabolite": {"molarMass": 300.0, "water_solubility": 0.0004158410652352649, "vapor_pressure": 7.036090590873404e-07, "reference_temperature": 20.0, "koc": 41.661496129856374, "freundlich": 0.8440026115144216, "dt50": {"system": 6.0, "soil": 280.39280138492137, "surfaceWater": 6.0, "sediment": 6.0}, "plant_uptake": 0.5, "name": "Compound -4714139159494612998", "model_specific_data": {}, "metabolites": []}}]}}