{"gap": {"type": "relative", "arguments": {"name": "GAP -296091488377847865", "modelCrop": "WC", "rate": 250.0, "apply_every_n_years": 1, "number_of_applications": 2, "interval": 14, "model_specific_data": {}, "bbch": 31, "season": 0}}, "compound": {"molarMass": 300.0, "water_solubility": 0.04053845423637185, "vapor_pressure": 2.4024820588351565e-06, "reference_temperature": 20.0, "koc": 84.3145526757087, "freundlich": 0.8065510595772464, "dt50": {"system": 6.0, "soil": 57.96900504138581, "surfaceWater": 6.0, "sediment": 6.0}, "plant_uptake": 0.0, "name": "Compound 4563836986318139722", "model_specific_data": {}, "metabolites": [{"formation_fraction": 0.2, "metabolite": {"molarMass": 300.0, "water_solubility": 0.02905472300836139, "vapor_pressure": 8.738743733801477e-06, "reference_temperature": 20.0, "koc": 2019.3777154902418, "freundlich": 1.1330460017199764, "dt50": {"system": 6.0, "soil": 8.549428889441481, "surfaceWater": 6.0, "sediment": 6.0}, "plant_uptake": 0.5, "name": "Compound -8282184370303235863", "model_specific_data": {}, "metabolites": []}}]}}