{"gap": {"type": "relative", "arguments": {"name": "GAP -296091488377847865", "modelCrop": "WC", "rate": 250.0, "apply_every_n_years": 1, "number_of_applications": 2, "interval": 14, "model_specific_data": {}, "bbch": 31, "season": 0}}, "compound": {"molarMass": 300.0, "water_solubility": 0.01649013459323772, "vapor_pressure": 3.9995275962004784e-06, "reference_temperature": 20.0, "koc": 1897.279674940917, "freundlich": 0.7734795442917661, "dt50": {"system": 6.0, "soil": 26.42374309826303, "surfaceWater": 6.0, "sediment": 6.0}, "plant_uptake": 0.0, "name": "Compound -2390598599219107144", "model_specific_data": {}, "metabolites": [{"formation_fraction": 0.2, "metabolite": {"molarMass": 300.0, "water_solubility": 0.771567254162002, "vapor_pressure": 3.0738345373579515e-07, "reference_temperature": 20.0, "koc": 125.01217043305017, "freundlich": 1.0563292511732867, "dt50": {"system": 6.0, "soil": 244.25045154755813, "surfaceWater": 6.0, "sediment": 6.0}, "plant_uptake": 0.5, "name": "Compound -1910656826387925825", "model_specific_data": {}, "metabolites": []}}]}}