{"gap": {"type": "relative", "arguments": {"name": "GAP -296091488377847865", "modelCrop": "WC", "rate": 250.0, "apply_every_n_years": 1, "number_of_applications": 2, "interval": 14, "model_specific_data": {}, "bbch": 31, "season": 0}}, "compound": {"molarMass": 300.0, "water_solubility": 6.347784688667429e-05, "vapor_pressure": 8.569101812387071e-05, "reference_temperature": 20.0, "koc": 358.6740749525268, "freundlich": 1.0169366708228496, "dt50": {"system": 6.0, "soil": 163.328939813591, "surfaceWater": 6.0, "sediment": 6.0}, "plant_uptake": 0.0, "name": "Compound -8845612846803027109", "model_specific_data": {}, "metabolites": [{"formation_fraction": 0.2, "metabolite": {"molarMass": 300.0, "water_solubility": 2.810266303603365, "vapor_pressure": 6.63294769962974e-05, "reference_temperature": 20.0, "koc": 1711.8309224233851, "freundlich": 0.902666623752297, "dt50": {"system": 6.0, "soil": 135.7040522970438, "surfaceWater": 6.0, "sediment": 6.0}, "plant_uptake": 0.5, "name": "Compound 4334477203594269495", "model_specific_data": {}, "metabolites": []}}]}}