{"gap": {"type": "relative", "arguments": {"name": "GAP -296091488377847865", "modelCrop": "WC", "rate": 250.0, "apply_every_n_years": 1, "number_of_applications": 2, "interval": 14, "model_specific_data": {}, "bbch": 31, "season": 0}}, "compound": {"molarMass": 300.0, "water_solubility": 0.014500550400821727, "vapor_pressure": 3.1117966512731286e-06, "reference_temperature": 20.0, "koc": 1036.4786826748261, "freundlich": 1.1433969130992683, "dt50": {"system": 6.0, "soil": 181.6751470081461, "surfaceWater": 6.0, "sediment": 6.0}, "plant_uptake": 0.0, "name": "Compound -4444356814883585455", "model_specific_data": {}, "metabolites": [{"formation_fraction": 0.2, "metabolite": {"molarMass": 300.0, "water_solubility": 0.23421043250338747, "vapor_pressure": 1.6592629780818311e-06, "reference_temperature": 20.0, "koc": 135.42774070234745, "freundlich": 0.8068565598607096, "dt50": {"system": 6.0, "soil": 264.4944148353078, "surfaceWater": 6.0, "sediment": 6.0}, "plant_uptake": 0.5, "name": "Compound -6448800340456641729", "model_specific_data": {}, "metabolites": []}}]}}