{"gap": {"type": "relative", "arguments": {"name": "GAP -296091488377847865", "modelCrop": "WC", "rate": 250.0, "apply_every_n_years": 1, "number_of_applications": 2, "interval": 14, "model_specific_data": {}, "bbch": 31, "season": 0}}, "compound": {"molarMass": 300.0, "water_solubility": 0.2864730969321296, "vapor_pressure": 1.4677250116608585e-07, "reference_temperature": 20.0, "koc": 21.93682512534629, "freundlich": 1.0575744341778395, "dt50": {"system": 6.0, "soil": 5.5007938930356115, "surfaceWater": 6.0, "sediment": 6.0}, "plant_uptake": 0.0, "name": "Compound -8360459093263811527", "model_specific_data": {}, "metabolites": [{"formation_fraction": 0.2, "metabolite": {"molarMass": 300.0, "water_solubility": 0.007816795847425, "vapor_pressure": 5.02804572428152e-07, "reference_temperature": 20.0, "koc": 15.606680220221909, "freundlich": 0.7414823164371485, "dt50": {"system": 6.0, "soil": 26.834676334644044, "surfaceWater": 6.0, "sediment": 6.0}, "plant_uptake": 0.5, "name": "Compound 7915520691641424630", "model_specific_data": {}, "metabolites": []}}]}}