{"gap": {"type": "relative", "arguments": {"name": "GAP -296091488377847865", "modelCrop": "WC", "rate": 250.0, "apply_every_n_years": 1, "number_of_applications": 2, "interval": 14, "model_specific_data": {}, "bbch": 31, "season": 0}}, "compound": {"molarMass": 300.0, "water_solubility": 0.397597001241927, "vapor_pressure": 0.014131645790833435, "reference_temperature": 20.0, "koc": 25.175547968210964, "freundlich": 1.012053857946165, "dt50": {"system": 6.0, "soil": 134.68295103812736, "surfaceWater": 6.0, "sediment": 6.0}, "plant_uptake": 0.0, "name": "Compound -1429746863322327203", "model_specific_data": {}, "metabolites": [{"formation_fraction": 0.2, "metabolite": {"molarMass": 300.0, "water_solubility": 0.00011842750069133783, "vapor_pressure": 1.5905641303727341e-09, "reference_temperature": 20.0, "koc": 459.1536550177284, "freundlich": 0.9068194834703023, "dt50": {"system": 6.0, "soil": 10.379313314952629, "surfaceWater": 6.0, "sediment": 6.0}, "plant_uptake": 0.5, "name": "Compound 6142708531881385101", "model_specific_data": {}, "metabolites": []}}]}}