{"gap": {"type": "relative", "arguments": {"name": "GAP -296091488377847865", "modelCrop": "WC", "rate": 250.0, "apply_every_n_years": 1, "number_of_applications": 2, "interval": 14, "model_specific_data": {}, "bbch": 31, "season": 0}}, "compound": {"molarMass": 300.0, "water_solubility": 0.0052244217794007244, "vapor_pressure": 1.0860916894790178e-05, "reference_temperature": 20.0, "koc": 975.0421694369401, "freundlich": 1.1842082040175346, "dt50": {"system": 6.0, "soil": 248.7501736697638, "surfaceWater": 6.0, "sediment": 6.0}, "plant_uptake": 0.0, "name": "Compound -4216799266785730538", "model_specific_data": {}, "metabolites": [{"formation_fraction": 0.2, "metabolite": {"molarMass": 300.0, "water_solubility": 0.08927771941594219, "vapor_pressure": 6.829556024206209e-05, "reference_temperature": 20.0, "koc": 35.98717018953798, "freundlich": 0.8012430527201837, "dt50": {"system": 6.0, "soil": 3.0605817435363805, "surfaceWater": 6.0, "sediment": 6.0}, "plant_uptake": 0.5, "name": "Compound 7759419750659559030", "model_specific_data": {}, "metabolites": []}}]}}