{"gap": {"type": "relative", "arguments": {"name": "GAP -296091488377847865", "modelCrop": "WC", "rate": 250.0, "apply_every_n_years": 1, "number_of_applications": 2, "interval": 14, "model_specific_data": {}, "bbch": 31, "season": 0}}, "compound": {"molarMass": 300.0, "water_solubility": 0.0009605109480251202, "vapor_pressure": 8.200399238809654e-07, "reference_temperature": 20.0, "koc": 24.903315871208918, "freundlich": 1.1400179718277057, "dt50": {"system": 6.0, "soil": 201.66917294482798, "surfaceWater": 6.0, "sediment": 6.0}, "plant_uptake": 0.0, "name": "Compound 1387618142358527408", "model_specific_data": {}, "metabolites": [{"formation_fraction": 0.2, "metabolite": {"molarMass": 300.0, "water_solubility": 0.011697822305542917, "vapor_pressure": 2.333673979128671e-07, "reference_temperature": 20.0, "koc": 13.159181191929363, "freundlich": 0.8452236122034229, "dt50": {"system": 6.0, "soil": 241.04925573344812, "surfaceWater": 6.0, "sediment": 6.0}, "plant_uptake": 0.5, "name": "Compound -3328541301299094090", "model_specific_data": {}, "metabolites": []}}]}}