{"gap": {"type": "relative", "arguments": {"name": "GAP -296091488377847865", "modelCrop": "WC", "rate": 250.0, "apply_every_n_years": 1, "number_of_applications": 2, "interval": 14, "model_specific_data": {}, "bbch": 31, "season": 0}}, "compound": {"molarMass": 300.0, "water_solubility": 0.0005410001567893595, "vapor_pressure": 1.0653688482980884e-08, "reference_temperature": 20.0, "koc": 782.4869576313571, "freundlich": 0.8763368326468555, "dt50": {"system": 6.0, "soil": 104.4976157056493, "surfaceWater": 6.0, "sediment": 6.0}, "plant_uptake": 0.0, "name": "Compound 8370024030883486236", "model_specific_data": {}, "metabolites": [{"formation_fraction": 0.2, "metabolite": {"molarMass": 300.0, "water_solubility": 0.015962763529641717, "vapor_pressure": 9.35480106136002e-09, "reference_temperature": 20.0, "koc": 71.7355192514592, "freundlich": 1.0255391867198798, "dt50": {"system": 6.0, "soil": 195.32555308908138, "surfaceWater": 6.0, "sediment": 6.0}, "plant_uptake": 0.5, "name": "Compound 549086799343508039", "model_specific_data": {}, "metabolites": []}}]}}