{"gap": {"type": "relative", "arguments": {"name": "GAP -296091488377847865", "modelCrop": "WC", "rate": 250.0, "apply_every_n_years": 1, "number_of_applications": 2, "interval": 14, "model_specific_data": {}, "bbch": 31, "season": 0}}, "compound": {"molarMass": 300.0, "water_solubility": 0.00016167536368304832, "vapor_pressure": 2.170809042325124e-06, "reference_temperature": 20.0, "koc": 23.599483139436355, "freundlich": 1.07726835855062, "dt50": {"system": 6.0, "soil": 200.1988060530632, "surfaceWater": 6.0, "sediment": 6.0}, "plant_uptake": 0.0, "name": "Compound -2855291826294381141", "model_specific_data": {}, "metabolites": [{"formation_fraction": 0.2, "metabolite": {"molarMass": 300.0, "water_solubility": 0.010284540796880515, "vapor_pressure": 3.676292869633711e-07, "reference_temperature": 20.0, "koc": 12.141950297334045, "freundlich": 0.9080170287800517, "dt50": {"system": 6.0, "soil": 59.92238054819824, "surfaceWater": 6.0, "sediment": 6.0}, "plant_uptake": 0.5, "name": "Compound -6728407518127847136", "model_specific_data": {}, "metabolites": []}}]}}