{"gap": {"type": "relative", "arguments": {"name": "GAP -296091488377847865", "modelCrop": "WC", "rate": 250.0, "apply_every_n_years": 1, "number_of_applications": 2, "interval": 14, "model_specific_data": {}, "bbch": 31, "season": 0}}, "compound": {"molarMass": 300.0, "water_solubility": 0.19255812501752667, "vapor_pressure": 0.0001156958071536823, "reference_temperature": 20.0, "koc": 45.13374795723184, "freundlich": 0.7101111219452316, "dt50": {"system": 6.0, "soil": 213.51313527964098, "surfaceWater": 6.0, "sediment": 6.0}, "plant_uptake": 0.0, "name": "Compound -2281218081778141712", "model_specific_data": {}, "metabolites": [{"formation_fraction": 0.2, "metabolite": {"molarMass": 300.0, "water_solubility": 0.05327266958936244, "vapor_pressure": 4.665927426235952e-05, "reference_temperature": 20.0, "koc": 55.95978042766684, "freundlich": 0.7277075237059389, "dt50": {"system": 6.0, "soil": 56.39271976137222, "surfaceWater": 6.0, "sediment": 6.0}, "plant_uptake": 0.5, "name": "Compound -4292880453965135148", "model_specific_data": {}, "metabolites": []}}]}}