{"gap": {"type": "relative", "arguments": {"name": "GAP -296091488377847865", "modelCrop": "WC", "rate": 250.0, "apply_every_n_years": 1, "number_of_applications": 2, "interval": 14, "model_specific_data": {}, "bbch": 31, "season": 0}}, "compound": {"molarMass": 300.0, "water_solubility": 0.0006509474076055861, "vapor_pressure": 7.692417187241477e-06, "reference_temperature": 20.0, "koc": 51.383313155416026, "freundlich": 1.1039363046632813, "dt50": {"system": 6.0, "soil": 56.73540350921016, "surfaceWater": 6.0, "sediment": 6.0}, "plant_uptake": 0.0, "name": "Compound 1144666230515214659", "model_specific_data": {}, "metabolites": [{"formation_fraction": 0.2, "metabolite": {"molarMass": 300.0, "water_solubility": 0.041028267677336965, "vapor_pressure": 1.7637764424587242e-05, "reference_temperature": 20.0, "koc": 25.333862300954376, "freundlich": 1.0781250302044292, "dt50": {"system": 6.0, "soil": 113.48350565992085, "surfaceWater": 6.0, "sediment": 6.0}, "plant_uptake": 0.5, "name": "Compound -5950245270699001158", "model_specific_data": {}, "metabolites": []}}]}}