{"gap": {"type": "relative", "arguments": {"name": "GAP -296091488377847865", "modelCrop": "WC", "rate": 250.0, "apply_every_n_years": 1, "number_of_applications": 2, "interval": 14, "model_specific_data": {}, "bbch": 31, "season": 0}}, "compound": {"molarMass": 300.0, "water_solubility": 0.011896911494703545, "vapor_pressure": 7.043707836602021e-06, "reference_temperature": 20.0, "koc": 251.9494254292277, "freundlich": 0.8698667546851129, "dt50": {"system": 6.0, "soil": 258.6885422030374, "surfaceWater": 6.0, "sediment": 6.0}, "plant_uptake": 0.0, "name": "Compound 4245965017222116234", "model_specific_data": {}, "metabolites": [{"formation_fraction": 0.2, "metabolite": {"molarMass": 300.0, "water_solubility": 0.04660077679370249, "vapor_pressure": 9.040701168512502e-07, "reference_temperature": 20.0, "koc": 168.5614632962298, "freundlich": 0.8248436632378955, "dt50": {"system": 6.0, "soil": 170.6707091030593, "surfaceWater": 6.0, "sediment": 6.0}, "plant_uptake": 0.5, "name": "Compound -6588501595920670325", "model_specific_data": {}, "metabolites": []}}]}}