{"gap": {"type": "relative", "arguments": {"name": "GAP -296091488377847865", "modelCrop": "WC", "rate": 250.0, "apply_every_n_years": 1, "number_of_applications": 2, "interval": 14, "model_specific_data": {}, "bbch": 31, "season": 0}}, "compound": {"molarMass": 300.0, "water_solubility": 4.316523306113039e-05, "vapor_pressure": 3.4264209938833596e-07, "reference_temperature": 20.0, "koc": 264.01287864692426, "freundlich": 0.8443761650183108, "dt50": {"system": 6.0, "soil": 47.46998767042511, "surfaceWater": 6.0, "sediment": 6.0}, "plant_uptake": 0.0, "name": "Compound -6398521823724459205", "model_specific_data": {}, "metabolites": [{"formation_fraction": 0.2, "metabolite": {"molarMass": 300.0, "water_solubility": 0.0022161853452316123, "vapor_pressure": 1.8247136187698019e-06, "reference_temperature": 20.0, "koc": 1260.7127015916467, "freundlich": 0.7257048505509138, "dt50": {"system": 6.0, "soil": 247.29000466286027, "surfaceWater": 6.0, "sediment": 6.0}, "plant_uptake": 0.5, "name": "Compound 2349635036794392517", "model_specific_data": {}, "metabolites": []}}]}}