{"gap": {"type": "relative", "arguments": {"name": "GAP -296091488377847865", "modelCrop": "WC", "rate": 250.0, "apply_every_n_years": 1, "number_of_applications": 2, "interval": 14, "model_specific_data": {}, "bbch": 31, "season": 0}}, "compound": {"molarMass": 300.0, "water_solubility": 6.170437562254547e-05, "vapor_pressure": 8.003197560353438e-07, "reference_temperature": 20.0, "koc": 222.35087556622543, "freundlich": 0.8165559988121791, "dt50": {"system": 6.0, "soil": 257.66649636917543, "surfaceWater": 6.0, "sediment": 6.0}, "plant_uptake": 0.0, "name": "Compound -9123258856799151609", "model_specific_data": {}, "metabolites": [{"formation_fraction": 0.2, "metabolite": {"molarMass": 300.0, "water_solubility": 0.0013336835448430995, "vapor_pressure": 4.374205535661507e-05, "reference_temperature": 20.0, "koc": 400.9061342890539, "freundlich": 0.8409337091698379, "dt50": {"system": 6.0, "soil": 146.10979008053846, "surfaceWater": 6.0, "sediment": 6.0}, "plant_uptake": 0.5, "name": "Compound -1706516124902948741", "model_specific_data": {}, "metabolites": []}}]}}