{"gap": {"type": "relative", "arguments": {"name": "GAP -296091488377847865", "modelCrop": "WC", "rate": 250.0, "apply_every_n_years": 1, "number_of_applications": 2, "interval": 14, "model_specific_data": {}, "bbch": 31, "season": 0}}, "compound": {"molarMass": 300.0, "water_solubility": 0.033048389961321936, "vapor_pressure": 0.00014442733706203175, "reference_temperature": 20.0, "koc": 11.492984013765023, "freundlich": 1.184252664428237, "dt50": {"system": 6.0, "soil": 226.64330254268816, "surfaceWater": 6.0, "sediment": 6.0}, "plant_uptake": 0.0, "name": "Compound -4450073721852064970", "model_specific_data": {}, "metabolites": [{"formation_fraction": 0.2, "metabolite": {"molarMass": 300.0, "water_solubility": 0.015326483877035158, "vapor_pressure": 3.365416119285448e-07, "reference_temperature": 20.0, "koc": 691.7322020788441, "freundlich": 1.122080447681288, "dt50": {"system": 6.0, "soil": 248.34927049495064, "surfaceWater": 6.0, "sediment": 6.0}, "plant_uptake": 0.5, "name": "Compound 5604662690022316315", "model_specific_data": {}, "metabolites": []}}]}}