{"gap": {"type": "relative", "arguments": {"name": "GAP -296091488377847865", "modelCrop": "WC", "rate": 250.0, "apply_every_n_years": 1, "number_of_applications": 2, "interval": 14, "model_specific_data": {}, "bbch": 31, "season": 0}}, "compound": {"molarMass": 300.0, "water_solubility": 0.05443972011099152, "vapor_pressure": 2.019309015968702e-05, "reference_temperature": 20.0, "koc": 400.302902875239, "freundlich": 1.07251010324703, "dt50": {"system": 6.0, "soil": 192.51218455915676, "surfaceWater": 6.0, "sediment": 6.0}, "plant_uptake": 0.0, "name": "Compound 1463164658582740152", "model_specific_data": {}, "metabolites": [{"formation_fraction": 0.2, "metabolite": {"molarMass": 300.0, "water_solubility": 0.010780087855821102, "vapor_pressure": 2.3136790819699498e-08, "reference_temperature": 20.0, "koc": 377.2975522088415, "freundlich": 1.0896857768279284, "dt50": {"system": 6.0, "soil": 187.64692900345983, "surfaceWater": 6.0, "sediment": 6.0}, "plant_uptake": 0.5, "name": "Compound 3339522615023317275", "model_specific_data": {}, "metabolites": []}}]}}