{"gap": {"type": "relative", "arguments": {"name": "GAP -296091488377847865", "modelCrop": "WC", "rate": 250.0, "apply_every_n_years": 1, "number_of_applications": 2, "interval": 14, "model_specific_data": {}, "bbch": 31, "season": 0}}, "compound": {"molarMass": 300.0, "water_solubility": 0.1834103672427831, "vapor_pressure": 3.433417932469782e-05, "reference_temperature": 20.0, "koc": 287.68465497099027, "freundlich": 0.9517023959824107, "dt50": {"system": 6.0, "soil": 81.43633312326321, "surfaceWater": 6.0, "sediment": 6.0}, "plant_uptake": 0.0, "name": "Compound 8759068931182996863", "model_specific_data": {}, "metabolites": [{"formation_fraction": 0.2, "metabolite": {"molarMass": 300.0, "water_solubility": 0.0021451999668728296, "vapor_pressure": 1.753932330633404e-05, "reference_temperature": 20.0, "koc": 1653.9654418606522, "freundlich": 0.9534841426012695, "dt50": {"system": 6.0, "soil": 255.44563223538646, "surfaceWater": 6.0, "sediment": 6.0}, "plant_uptake": 0.5, "name": "Compound 4084467773705959056", "model_specific_data": {}, "metabolites": []}}]}}