{"gap": {"type": "relative", "arguments": {"name": "GAP -296091488377847865", "modelCrop": "WC", "rate": 250.0, "apply_every_n_years": 1, "number_of_applications": 2, "interval": 14, "model_specific_data": {}, "bbch": 31, "season": 0}}, "compound": {"molarMass": 300.0, "water_solubility": 0.16417406376628435, "vapor_pressure": 8.217402009926454e-05, "reference_temperature": 20.0, "koc": 128.3385891056564, "freundlich": 1.0267356048608847, "dt50": {"system": 6.0, "soil": 13.242663467306146, "surfaceWater": 6.0, "sediment": 6.0}, "plant_uptake": 0.0, "name": "Compound 1154835566838729926", "model_specific_data": {}, "metabolites": [{"formation_fraction": 0.2, "metabolite": {"molarMass": 300.0, "water_solubility": 8.073150838186639e-05, "vapor_pressure": 3.722647705703052e-05, "reference_temperature": 20.0, "koc": 4711.778925889189, "freundlich": 0.9958666809506904, "dt50": {"system": 6.0, "soil": 164.63181011384015, "surfaceWater": 6.0, "sediment": 6.0}, "plant_uptake": 0.5, "name": "Compound 9150331793348024312", "model_specific_data": {}, "metabolites": []}}]}}