{"gap": {"type": "relative", "arguments": {"name": "GAP -296091488377847865", "modelCrop": "WC", "rate": 250.0, "apply_every_n_years": 1, "number_of_applications": 2, "interval": 14, "model_specific_data": {}, "bbch": 31, "season": 0}}, "compound": {"molarMass": 300.0, "water_solubility": 0.1383704452012259, "vapor_pressure": 3.7113184195656966e-05, "reference_temperature": 20.0, "koc": 160.61057129759848, "freundlich": 0.9346483992590777, "dt50": {"system": 6.0, "soil": 34.56258771078353, "surfaceWater": 6.0, "sediment": 6.0}, "plant_uptake": 0.0, "name": "Compound -3517028253866295338", "model_specific_data": {}, "metabolites": [{"formation_fraction": 0.2, "metabolite": {"molarMass": 300.0, "water_solubility": 0.006573033230348187, "vapor_pressure": 0.0002702385594849924, "reference_temperature": 20.0, "koc": 73.58426932191907, "freundlich": 0.7906145142158015, "dt50": {"system": 6.0, "soil": 275.594554035337, "surfaceWater": 6.0, "sediment": 6.0}, "plant_uptake": 0.5, "name": "Compound -3675002055768791245", "model_specific_data": {}, "metabolites": []}}]}}