{"gap": {"type": "relative", "arguments": {"name": "GAP -296091488377847865", "modelCrop": "WC", "rate": 250.0, "apply_every_n_years": 1, "number_of_applications": 2, "interval": 14, "model_specific_data": {}, "bbch": 31, "season": 0}}, "compound": {"molarMass": 300.0, "water_solubility": 0.2513027717346656, "vapor_pressure": 1.39059501838283e-06, "reference_temperature": 20.0, "koc": 246.32544072260723, "freundlich": 0.730032403004888, "dt50": {"system": 6.0, "soil": 79.74791497180075, "surfaceWater": 6.0, "sediment": 6.0}, "plant_uptake": 0.0, "name": "Compound 1787102171837388792", "model_specific_data": {}, "metabolites": [{"formation_fraction": 0.2, "metabolite": {"molarMass": 300.0, "water_solubility": 0.021926006944045926, "vapor_pressure": 2.159497747504371e-08, "reference_temperature": 20.0, "koc": 44.12737305772572, "freundlich": 0.7380695768512953, "dt50": {"system": 6.0, "soil": 131.44350916349978, "surfaceWater": 6.0, "sediment": 6.0}, "plant_uptake": 0.5, "name": "Compound -5232946831077068494", "model_specific_data": {}, "metabolites": []}}]}}