{"gap": {"type": "relative", "arguments": {"name": "GAP -296091488377847865", "modelCrop": "WC", "rate": 250.0, "apply_every_n_years": 1, "number_of_applications": 2, "interval": 14, "model_specific_data": {}, "bbch": 31, "season": 0}}, "compound": {"molarMass": 300.0, "water_solubility": 0.0014465521924529221, "vapor_pressure": 7.586371858849374e-06, "reference_temperature": 20.0, "koc": 1858.380061553148, "freundlich": 0.8476362800101038, "dt50": {"system": 6.0, "soil": 183.78735440463598, "surfaceWater": 6.0, "sediment": 6.0}, "plant_uptake": 0.0, "name": "Compound -1186682313784052504", "model_specific_data": {}, "metabolites": [{"formation_fraction": 0.2, "metabolite": {"molarMass": 300.0, "water_solubility": 0.02384839807649571, "vapor_pressure": 5.226190058258285e-07, "reference_temperature": 20.0, "koc": 1088.4075059719887, "freundlich": 0.7253775485689484, "dt50": {"system": 6.0, "soil": 4.905256082838333, "surfaceWater": 6.0, "sediment": 6.0}, "plant_uptake": 0.5, "name": "Compound 6863788079299959956", "model_specific_data": {}, "metabolites": []}}]}}