{"gap": {"type": "relative", "arguments": {"name": "GAP -296091488377847865", "modelCrop": "WC", "rate": 250.0, "apply_every_n_years": 1, "number_of_applications": 2, "interval": 14, "model_specific_data": {}, "bbch": 31, "season": 0}}, "compound": {"molarMass": 300.0, "water_solubility": 6.328769750459124e-05, "vapor_pressure": 2.8963010255829115e-05, "reference_temperature": 20.0, "koc": 2651.47465778952, "freundlich": 0.7154258173233529, "dt50": {"system": 6.0, "soil": 171.67050044275663, "surfaceWater": 6.0, "sediment": 6.0}, "plant_uptake": 0.0, "name": "Compound 3373130640695249056", "model_specific_data": {}, "metabolites": [{"formation_fraction": 0.2, "metabolite": {"molarMass": 300.0, "water_solubility": 0.0011734567821094165, "vapor_pressure": 7.321843308336273e-05, "reference_temperature": 20.0, "koc": 10.603795504066175, "freundlich": 1.1049747763240005, "dt50": {"system": 6.0, "soil": 255.27700949073522, "surfaceWater": 6.0, "sediment": 6.0}, "plant_uptake": 0.5, "name": "Compound 3250988148249046098", "model_specific_data": {}, "metabolites": []}}]}}