{"gap": {"type": "relative", "arguments": {"name": "GAP -296091488377847865", "modelCrop": "WC", "rate": 250.0, "apply_every_n_years": 1, "number_of_applications": 2, "interval": 14, "model_specific_data": {}, "bbch": 31, "season": 0}}, "compound": {"molarMass": 300.0, "water_solubility": 0.0007091309538627529, "vapor_pressure": 5.006389651570945e-07, "reference_temperature": 20.0, "koc": 2168.294838714496, "freundlich": 1.1681410028604464, "dt50": {"system": 6.0, "soil": 165.41014663240952, "surfaceWater": 6.0, "sediment": 6.0}, "plant_uptake": 0.0, "name": "Compound 7523290297402768744", "model_specific_data": {}, "metabolites": [{"formation_fraction": 0.2, "metabolite": {"molarMass": 300.0, "water_solubility": 0.013672685249426596, "vapor_pressure": 7.574553618800503e-05, "reference_temperature": 20.0, "koc": 1970.4279353246163, "freundlich": 0.8124556089031773, "dt50": {"system": 6.0, "soil": 43.976302141599874, "surfaceWater": 6.0, "sediment": 6.0}, "plant_uptake": 0.5, "name": "Compound 1862965843396451826", "model_specific_data": {}, "metabolites": []}}]}}