{"gap": {"type": "relative", "arguments": {"name": "GAP -296091488377847865", "modelCrop": "WC", "rate": 250.0, "apply_every_n_years": 1, "number_of_applications": 2, "interval": 14, "model_specific_data": {}, "bbch": 31, "season": 0}}, "compound": {"molarMass": 300.0, "water_solubility": 0.01389639125321087, "vapor_pressure": 7.050999860541371e-07, "reference_temperature": 20.0, "koc": 155.9585365520389, "freundlich": 0.9050724927495603, "dt50": {"system": 6.0, "soil": 166.79444056921687, "surfaceWater": 6.0, "sediment": 6.0}, "plant_uptake": 0.0, "name": "Compound 7228652140567618644", "model_specific_data": {}, "metabolites": [{"formation_fraction": 0.2, "metabolite": {"molarMass": 300.0, "water_solubility": 0.01359789132406158, "vapor_pressure": 0.0012433237211276439, "reference_temperature": 20.0, "koc": 145.73150855150686, "freundlich": 1.1773786622564084, "dt50": {"system": 6.0, "soil": 69.15274068166751, "surfaceWater": 6.0, "sediment": 6.0}, "plant_uptake": 0.5, "name": "Compound 946881232231721228", "model_specific_data": {}, "metabolites": []}}]}}