{"gap": {"type": "relative", "arguments": {"name": "GAP -296091488377847865", "modelCrop": "WC", "rate": 250.0, "apply_every_n_years": 1, "number_of_applications": 2, "interval": 14, "model_specific_data": {}, "bbch": 31, "season": 0}}, "compound": {"molarMass": 300.0, "water_solubility": 0.1700286664463668, "vapor_pressure": 2.0201499060736287e-06, "reference_temperature": 20.0, "koc": 2974.4004367832486, "freundlich": 0.9653820858305616, "dt50": {"system": 6.0, "soil": 139.104588411302, "surfaceWater": 6.0, "sediment": 6.0}, "plant_uptake": 0.0, "name": "Compound -6462308993417410346", "model_specific_data": {}, "metabolites": [{"formation_fraction": 0.2, "metabolite": {"molarMass": 300.0, "water_solubility": 0.4361271163745622, "vapor_pressure": 6.844234446071984e-07, "reference_temperature": 20.0, "koc": 2298.288562867709, "freundlich": 0.7158571745828247, "dt50": {"system": 6.0, "soil": 8.80097599362244, "surfaceWater": 6.0, "sediment": 6.0}, "plant_uptake": 0.5, "name": "Compound 7893805826203007706", "model_specific_data": {}, "metabolites": []}}]}}