{"gap": {"type": "relative", "arguments": {"name": "GAP -296091488377847865", "modelCrop": "WC", "rate": 250.0, "apply_every_n_years": 1, "number_of_applications": 2, "interval": 14, "model_specific_data": {}, "bbch": 31, "season": 0}}, "compound": {"molarMass": 300.0, "water_solubility": 0.04514489939863183, "vapor_pressure": 2.4565470879112244e-06, "reference_temperature": 20.0, "koc": 11.893131601314659, "freundlich": 0.8473585674405479, "dt50": {"system": 6.0, "soil": 83.04237908984294, "surfaceWater": 6.0, "sediment": 6.0}, "plant_uptake": 0.0, "name": "Compound 7037291176564685608", "model_specific_data": {}, "metabolites": [{"formation_fraction": 0.2, "metabolite": {"molarMass": 300.0, "water_solubility": 0.008672237316565358, "vapor_pressure": 1.898499624211871e-06, "reference_temperature": 20.0, "koc": 296.2348871024047, "freundlich": 0.973765649744413, "dt50": {"system": 6.0, "soil": 40.2382949351708, "surfaceWater": 6.0, "sediment": 6.0}, "plant_uptake": 0.5, "name": "Compound -3387253037902018666", "model_specific_data": {}, "metabolites": []}}]}}