{"gap": {"type": "relative", "arguments": {"name": "GAP -296091488377847865", "modelCrop": "WC", "rate": 250.0, "apply_every_n_years": 1, "number_of_applications": 2, "interval": 14, "model_specific_data": {}, "bbch": 31, "season": 0}}, "compound": {"molarMass": 300.0, "water_solubility": 0.019071411851819785, "vapor_pressure": 7.046350514807163e-07, "reference_temperature": 20.0, "koc": 29.540276885541196, "freundlich": 1.147337769495747, "dt50": {"system": 6.0, "soil": 172.14887423849908, "surfaceWater": 6.0, "sediment": 6.0}, "plant_uptake": 0.0, "name": "Compound 9094494308652296508", "model_specific_data": {}, "metabolites": [{"formation_fraction": 0.2, "metabolite": {"molarMass": 300.0, "water_solubility": 0.024469541869222913, "vapor_pressure": 5.72365961294645e-06, "reference_temperature": 20.0, "koc": 1895.6825823769068, "freundlich": 0.7209263765554412, "dt50": {"system": 6.0, "soil": 40.839505854906434, "surfaceWater": 6.0, "sediment": 6.0}, "plant_uptake": 0.5, "name": "Compound 3698858262837323097", "model_specific_data": {}, "metabolites": []}}]}}