{"gap": {"type": "relative", "arguments": {"name": "GAP -296091488377847865", "modelCrop": "WC", "rate": 250.0, "apply_every_n_years": 1, "number_of_applications": 2, "interval": 14, "model_specific_data": {}, "bbch": 31, "season": 0}}, "compound": {"molarMass": 300.0, "water_solubility": 0.6491393629496164, "vapor_pressure": 1.9199067746388313e-05, "reference_temperature": 20.0, "koc": 15.0162266787705, "freundlich": 1.0733863599624258, "dt50": {"system": 6.0, "soil": 172.2963740734819, "surfaceWater": 6.0, "sediment": 6.0}, "plant_uptake": 0.0, "name": "Compound 2281644816725473337", "model_specific_data": {}, "metabolites": [{"formation_fraction": 0.2, "metabolite": {"molarMass": 300.0, "water_solubility": 0.027134975652526934, "vapor_pressure": 0.0015889125128225492, "reference_temperature": 20.0, "koc": 102.19732728439436, "freundlich": 1.1441820398793383, "dt50": {"system": 6.0, "soil": 261.5922738814191, "surfaceWater": 6.0, "sediment": 6.0}, "plant_uptake": 0.5, "name": "Compound -5873288560113327950", "model_specific_data": {}, "metabolites": []}}]}}