{"gap": {"type": "relative", "arguments": {"name": "GAP -296091488377847865", "modelCrop": "WC", "rate": 250.0, "apply_every_n_years": 1, "number_of_applications": 2, "interval": 14, "model_specific_data": {}, "bbch": 31, "season": 0}}, "compound": {"molarMass": 300.0, "water_solubility": 0.009047383917229604, "vapor_pressure": 0.017029910221296705, "reference_temperature": 20.0, "koc": 31.3453489321972, "freundlich": 0.968452216499055, "dt50": {"system": 6.0, "soil": 31.04731868703204, "surfaceWater": 6.0, "sediment": 6.0}, "plant_uptake": 0.0, "name": "Compound -4607563849268456045", "model_specific_data": {}, "metabolites": [{"formation_fraction": 0.2, "metabolite": {"molarMass": 300.0, "water_solubility": 0.03686903338034195, "vapor_pressure": 1.9130758361437417e-05, "reference_temperature": 20.0, "koc": 111.1402540016416, "freundlich": 1.0294907530158803, "dt50": {"system": 6.0, "soil": 58.486018462565234, "surfaceWater": 6.0, "sediment": 6.0}, "plant_uptake": 0.5, "name": "Compound 8046314367348873195", "model_specific_data": {}, "metabolites": []}}]}}