{"gap": {"type": "relative", "arguments": {"name": "GAP -296091488377847865", "modelCrop": "WC", "rate": 250.0, "apply_every_n_years": 1, "number_of_applications": 2, "interval": 14, "model_specific_data": {}, "bbch": 31, "season": 0}}, "compound": {"molarMass": 300.0, "water_solubility": 0.048163169340028046, "vapor_pressure": 9.478918604304663e-05, "reference_temperature": 20.0, "koc": 2554.509554523779, "freundlich": 1.145629108746347, "dt50": {"system": 6.0, "soil": 279.7365408256262, "surfaceWater": 6.0, "sediment": 6.0}, "plant_uptake": 0.0, "name": "Compound 2050852626065150993", "model_specific_data": {}, "metabolites": [{"formation_fraction": 0.2, "metabolite": {"molarMass": 300.0, "water_solubility": 0.020357537911705678, "vapor_pressure": 4.591088426512094e-06, "reference_temperature": 20.0, "koc": 12.180481825630272, "freundlich": 1.1735065005967218, "dt50": {"system": 6.0, "soil": 298.8837030803287, "surfaceWater": 6.0, "sediment": 6.0}, "plant_uptake": 0.5, "name": "Compound -2849701222190541238", "model_specific_data": {}, "metabolites": []}}]}}