{"gap": {"type": "relative", "arguments": {"name": "GAP -296091488377847865", "modelCrop": "WC", "rate": 250.0, "apply_every_n_years": 1, "number_of_applications": 2, "interval": 14, "model_specific_data": {}, "bbch": 31, "season": 0}}, "compound": {"molarMass": 300.0, "water_solubility": 0.0008929261640858259, "vapor_pressure": 0.0006497708008034417, "reference_temperature": 20.0, "koc": 45.313808737958965, "freundlich": 1.0140179983890139, "dt50": {"system": 6.0, "soil": 158.64241024930647, "surfaceWater": 6.0, "sediment": 6.0}, "plant_uptake": 0.0, "name": "Compound -4643081995840792099", "model_specific_data": {}, "metabolites": [{"formation_fraction": 0.2, "metabolite": {"molarMass": 300.0, "water_solubility": 0.04598166544089024, "vapor_pressure": 1.3159667973845423e-05, "reference_temperature": 20.0, "koc": 52.88585526387317, "freundlich": 0.8035860215145054, "dt50": {"system": 6.0, "soil": 72.4506637437635, "surfaceWater": 6.0, "sediment": 6.0}, "plant_uptake": 0.5, "name": "Compound 2306733325981029673", "model_specific_data": {}, "metabolites": []}}]}}