{"gap": {"type": "relative", "arguments": {"name": "GAP -296091488377847865", "modelCrop": "WC", "rate": 250.0, "apply_every_n_years": 1, "number_of_applications": 2, "interval": 14, "model_specific_data": {}, "bbch": 31, "season": 0}}, "compound": {"molarMass": 300.0, "water_solubility": 6.706540711403845e-05, "vapor_pressure": 7.350129301075192e-05, "reference_temperature": 20.0, "koc": 50.558320159104206, "freundlich": 0.9153550668012322, "dt50": {"system": 6.0, "soil": 215.3670463307891, "surfaceWater": 6.0, "sediment": 6.0}, "plant_uptake": 0.0, "name": "Compound 6589981095880409326", "model_specific_data": {}, "metabolites": [{"formation_fraction": 0.2, "metabolite": {"molarMass": 300.0, "water_solubility": 0.013860408875155012, "vapor_pressure": 0.00015718060152617532, "reference_temperature": 20.0, "koc": 4888.59258794126, "freundlich": 0.7438600602167033, "dt50": {"system": 6.0, "soil": 52.235098680726935, "surfaceWater": 6.0, "sediment": 6.0}, "plant_uptake": 0.5, "name": "Compound 5802692603088639255", "model_specific_data": {}, "metabolites": []}}]}}