{"gap": {"type": "relative", "arguments": {"name": "GAP -296091488377847865", "modelCrop": "WC", "rate": 250.0, "apply_every_n_years": 1, "number_of_applications": 2, "interval": 14, "model_specific_data": {}, "bbch": 31, "season": 0}}, "compound": {"molarMass": 300.0, "water_solubility": 0.0001419724008560484, "vapor_pressure": 7.200647738728895e-07, "reference_temperature": 20.0, "koc": 3876.292189354146, "freundlich": 1.0928056442815648, "dt50": {"system": 6.0, "soil": 167.36380712562348, "surfaceWater": 6.0, "sediment": 6.0}, "plant_uptake": 0.0, "name": "Compound -5902882380274629179", "model_specific_data": {}, "metabolites": [{"formation_fraction": 0.2, "metabolite": {"molarMass": 300.0, "water_solubility": 0.03400435704931832, "vapor_pressure": 5.054574763096404e-05, "reference_temperature": 20.0, "koc": 78.08475568047055, "freundlich": 0.7984848757096443, "dt50": {"system": 6.0, "soil": 26.363073167321488, "surfaceWater": 6.0, "sediment": 6.0}, "plant_uptake": 0.5, "name": "Compound -8676177484802432357", "model_specific_data": {}, "metabolites": []}}]}}