{"gap": {"type": "relative", "arguments": {"name": "GAP -296091488377847865", "modelCrop": "WC", "rate": 250.0, "apply_every_n_years": 1, "number_of_applications": 2, "interval": 14, "model_specific_data": {}, "bbch": 31, "season": 0}}, "compound": {"molarMass": 300.0, "water_solubility": 0.04663398630416581, "vapor_pressure": 2.056242281021192e-05, "reference_temperature": 20.0, "koc": 1428.6421622538526, "freundlich": 0.8534096934643003, "dt50": {"system": 6.0, "soil": 48.34153955540711, "surfaceWater": 6.0, "sediment": 6.0}, "plant_uptake": 0.0, "name": "Compound -2721992353244603219", "model_specific_data": {}, "metabolites": [{"formation_fraction": 0.2, "metabolite": {"molarMass": 300.0, "water_solubility": 0.003226673923866142, "vapor_pressure": 5.733396715056215e-06, "reference_temperature": 20.0, "koc": 1787.0747116167252, "freundlich": 0.9501324447965789, "dt50": {"system": 6.0, "soil": 149.1336550020956, "surfaceWater": 6.0, "sediment": 6.0}, "plant_uptake": 0.5, "name": "Compound -5657823770508220772", "model_specific_data": {}, "metabolites": []}}]}}