{"gap": {"type": "relative", "arguments": {"name": "GAP -296091488377847865", "modelCrop": "WC", "rate": 250.0, "apply_every_n_years": 1, "number_of_applications": 2, "interval": 14, "model_specific_data": {}, "bbch": 31, "season": 0}}, "compound": {"molarMass": 300.0, "water_solubility": 0.028422495689684413, "vapor_pressure": 5.066427580026557e-05, "reference_temperature": 20.0, "koc": 26.939651164201997, "freundlich": 1.177577456374027, "dt50": {"system": 6.0, "soil": 241.060954936272, "surfaceWater": 6.0, "sediment": 6.0}, "plant_uptake": 0.0, "name": "Compound -7301940664927288287", "model_specific_data": {}, "metabolites": [{"formation_fraction": 0.2, "metabolite": {"molarMass": 300.0, "water_solubility": 0.008225881072913282, "vapor_pressure": 0.002134093679941967, "reference_temperature": 20.0, "koc": 173.50655866395581, "freundlich": 1.1691932551230493, "dt50": {"system": 6.0, "soil": 21.187265579039362, "surfaceWater": 6.0, "sediment": 6.0}, "plant_uptake": 0.5, "name": "Compound -7802886015089929299", "model_specific_data": {}, "metabolites": []}}]}}