{"gap": {"type": "relative", "arguments": {"name": "GAP -296091488377847865", "modelCrop": "WC", "rate": 250.0, "apply_every_n_years": 1, "number_of_applications": 2, "interval": 14, "model_specific_data": {}, "bbch": 31, "season": 0}}, "compound": {"molarMass": 300.0, "water_solubility": 0.014908957047055131, "vapor_pressure": 4.077253470675318e-06, "reference_temperature": 20.0, "koc": 1838.8986821293247, "freundlich": 0.904370677647431, "dt50": {"system": 6.0, "soil": 97.18216537347479, "surfaceWater": 6.0, "sediment": 6.0}, "plant_uptake": 0.0, "name": "Compound 7275977161127855817", "model_specific_data": {}, "metabolites": [{"formation_fraction": 0.2, "metabolite": {"molarMass": 300.0, "water_solubility": 0.03166948023879036, "vapor_pressure": 1.1353682573777805e-07, "reference_temperature": 20.0, "koc": 193.77978198400857, "freundlich": 1.122770605986582, "dt50": {"system": 6.0, "soil": 64.56056996344043, "surfaceWater": 6.0, "sediment": 6.0}, "plant_uptake": 0.5, "name": "Compound -3135640761092562336", "model_specific_data": {}, "metabolites": []}}]}}