{"gap": {"type": "relative", "arguments": {"name": "GAP -296091488377847865", "modelCrop": "WC", "rate": 250.0, "apply_every_n_years": 1, "number_of_applications": 2, "interval": 14, "model_specific_data": {}, "bbch": 31, "season": 0}}, "compound": {"molarMass": 300.0, "water_solubility": 0.07414511523354297, "vapor_pressure": 4.390228627113909e-05, "reference_temperature": 20.0, "koc": 4958.3061385266365, "freundlich": 0.992716265912188, "dt50": {"system": 6.0, "soil": 169.00449379055644, "surfaceWater": 6.0, "sediment": 6.0}, "plant_uptake": 0.0, "name": "Compound 213047996049206270", "model_specific_data": {}, "metabolites": [{"formation_fraction": 0.2, "metabolite": {"molarMass": 300.0, "water_solubility": 0.030552853538685823, "vapor_pressure": 4.560779093145278e-06, "reference_temperature": 20.0, "koc": 2843.3194030221057, "freundlich": 0.9453865305563185, "dt50": {"system": 6.0, "soil": 238.99049858654692, "surfaceWater": 6.0, "sediment": 6.0}, "plant_uptake": 0.5, "name": "Compound 8841580848685227373", "model_specific_data": {}, "metabolites": []}}]}}