{"gap": {"type": "relative", "arguments": {"name": "GAP -296091488377847865", "modelCrop": "WC", "rate": 250.0, "apply_every_n_years": 1, "number_of_applications": 2, "interval": 14, "model_specific_data": {}, "bbch": 31, "season": 0}}, "compound": {"molarMass": 300.0, "water_solubility": 0.06924279966977856, "vapor_pressure": 0.025621961723794783, "reference_temperature": 20.0, "koc": 4286.131513758899, "freundlich": 0.8780913450738494, "dt50": {"system": 6.0, "soil": 176.63621089114915, "surfaceWater": 6.0, "sediment": 6.0}, "plant_uptake": 0.0, "name": "Compound 1902453429542629424", "model_specific_data": {}, "metabolites": [{"formation_fraction": 0.2, "metabolite": {"molarMass": 300.0, "water_solubility": 0.010922426894018154, "vapor_pressure": 1.5839746133913493e-06, "reference_temperature": 20.0, "koc": 113.10974866773071, "freundlich": 0.8983586880557333, "dt50": {"system": 6.0, "soil": 208.82301870673402, "surfaceWater": 6.0, "sediment": 6.0}, "plant_uptake": 0.5, "name": "Compound 1724916540274811200", "model_specific_data": {}, "metabolites": []}}]}}