{"gap": {"type": "relative", "arguments": {"name": "GAP -296091488377847865", "modelCrop": "WC", "rate": 250.0, "apply_every_n_years": 1, "number_of_applications": 2, "interval": 14, "model_specific_data": {}, "bbch": 31, "season": 0}}, "compound": {"molarMass": 300.0, "water_solubility": 0.001016172563579734, "vapor_pressure": 0.00011299159096359746, "reference_temperature": 20.0, "koc": 38.77691552044384, "freundlich": 0.9506420117284481, "dt50": {"system": 6.0, "soil": 102.18752543754901, "surfaceWater": 6.0, "sediment": 6.0}, "plant_uptake": 0.0, "name": "Compound 6645411454153464967", "model_specific_data": {}, "metabolites": [{"formation_fraction": 0.2, "metabolite": {"molarMass": 300.0, "water_solubility": 0.008864022030495102, "vapor_pressure": 6.771208682218536e-05, "reference_temperature": 20.0, "koc": 106.50266143125825, "freundlich": 0.7453266667931717, "dt50": {"system": 6.0, "soil": 173.2090139148311, "surfaceWater": 6.0, "sediment": 6.0}, "plant_uptake": 0.5, "name": "Compound 1167980488118579328", "model_specific_data": {}, "metabolites": []}}]}}