{"gap": {"type": "relative", "arguments": {"name": "GAP -296091488377847865", "modelCrop": "WC", "rate": 250.0, "apply_every_n_years": 1, "number_of_applications": 2, "interval": 14, "model_specific_data": {}, "bbch": 31, "season": 0}}, "compound": {"molarMass": 300.0, "water_solubility": 0.001715255404722624, "vapor_pressure": 4.7330052045164635e-05, "reference_temperature": 20.0, "koc": 801.7717506733774, "freundlich": 0.7549431939812064, "dt50": {"system": 6.0, "soil": 255.43730431407283, "surfaceWater": 6.0, "sediment": 6.0}, "plant_uptake": 0.0, "name": "Compound -6485569633696986535", "model_specific_data": {}, "metabolites": [{"formation_fraction": 0.2, "metabolite": {"molarMass": 300.0, "water_solubility": 0.04365433057286801, "vapor_pressure": 6.04475395732294e-07, "reference_temperature": 20.0, "koc": 1075.406395462888, "freundlich": 0.8571917602356008, "dt50": {"system": 6.0, "soil": 170.32961958888635, "surfaceWater": 6.0, "sediment": 6.0}, "plant_uptake": 0.5, "name": "Compound -2937692794453935338", "model_specific_data": {}, "metabolites": []}}]}}