{"gap": {"type": "relative", "arguments": {"name": "GAP -296091488377847865", "modelCrop": "WC", "rate": 250.0, "apply_every_n_years": 1, "number_of_applications": 2, "interval": 14, "model_specific_data": {}, "bbch": 31, "season": 0}}, "compound": {"molarMass": 300.0, "water_solubility": 0.018670586813552405, "vapor_pressure": 1.5875150857476708e-05, "reference_temperature": 20.0, "koc": 117.5781605437687, "freundlich": 0.9106892591144927, "dt50": {"system": 6.0, "soil": 41.761160420709636, "surfaceWater": 6.0, "sediment": 6.0}, "plant_uptake": 0.0, "name": "Compound -1670874280890163285", "model_specific_data": {}, "metabolites": [{"formation_fraction": 0.2, "metabolite": {"molarMass": 300.0, "water_solubility": 0.011118741228067056, "vapor_pressure": 0.0008942419692235833, "reference_temperature": 20.0, "koc": 948.2009585576883, "freundlich": 0.7511839031110743, "dt50": {"system": 6.0, "soil": 111.19349738657795, "surfaceWater": 6.0, "sediment": 6.0}, "plant_uptake": 0.5, "name": "Compound 2023819480544576684", "model_specific_data": {}, "metabolites": []}}]}}