{"gap": {"type": "relative", "arguments": {"name": "GAP -296091488377847865", "modelCrop": "WC", "rate": 250.0, "apply_every_n_years": 1, "number_of_applications": 2, "interval": 14, "model_specific_data": {}, "bbch": 31, "season": 0}}, "compound": {"molarMass": 300.0, "water_solubility": 0.004658858270681048, "vapor_pressure": 1.609531371483459e-05, "reference_temperature": 20.0, "koc": 34.013488374784394, "freundlich": 1.1357106367719032, "dt50": {"system": 6.0, "soil": 245.3282801703386, "surfaceWater": 6.0, "sediment": 6.0}, "plant_uptake": 0.0, "name": "Compound -2078390783788984010", "model_specific_data": {}, "metabolites": [{"formation_fraction": 0.2, "metabolite": {"molarMass": 300.0, "water_solubility": 0.04119678288777289, "vapor_pressure": 5.6558791422039285e-06, "reference_temperature": 20.0, "koc": 375.51456591514363, "freundlich": 1.1634886153432595, "dt50": {"system": 6.0, "soil": 95.16253919684043, "surfaceWater": 6.0, "sediment": 6.0}, "plant_uptake": 0.5, "name": "Compound 921825399834109918", "model_specific_data": {}, "metabolites": []}}]}}