{"gap": {"type": "relative", "arguments": {"name": "GAP -296091488377847865", "modelCrop": "WC", "rate": 250.0, "apply_every_n_years": 1, "number_of_applications": 2, "interval": 14, "model_specific_data": {}, "bbch": 31, "season": 0}}, "compound": {"molarMass": 300.0, "water_solubility": 0.0031215129946207034, "vapor_pressure": 0.0003708183367323618, "reference_temperature": 20.0, "koc": 1340.3181051848085, "freundlich": 0.8123133539211218, "dt50": {"system": 6.0, "soil": 296.7797011159961, "surfaceWater": 6.0, "sediment": 6.0}, "plant_uptake": 0.0, "name": "Compound -5047700023533583021", "model_specific_data": {}, "metabolites": [{"formation_fraction": 0.2, "metabolite": {"molarMass": 300.0, "water_solubility": 0.009158657853761352, "vapor_pressure": 0.00033728458912748045, "reference_temperature": 20.0, "koc": 2076.511533245072, "freundlich": 0.7091875786686588, "dt50": {"system": 6.0, "soil": 245.61161500838142, "surfaceWater": 6.0, "sediment": 6.0}, "plant_uptake": 0.5, "name": "Compound 4946651155769155089", "model_specific_data": {}, "metabolites": []}}]}}