{"gap": {"type": "relative", "arguments": {"name": "GAP -296091488377847865", "modelCrop": "WC", "rate": 250.0, "apply_every_n_years": 1, "number_of_applications": 2, "interval": 14, "model_specific_data": {}, "bbch": 31, "season": 0}}, "compound": {"molarMass": 300.0, "water_solubility": 0.001887869111916946, "vapor_pressure": 0.0009384322385520708, "reference_temperature": 20.0, "koc": 4859.504321886426, "freundlich": 1.0936086578814443, "dt50": {"system": 6.0, "soil": 73.26063362370702, "surfaceWater": 6.0, "sediment": 6.0}, "plant_uptake": 0.0, "name": "Compound -6352665797583183030", "model_specific_data": {}, "metabolites": [{"formation_fraction": 0.2, "metabolite": {"molarMass": 300.0, "water_solubility": 0.020150114250752683, "vapor_pressure": 0.003808495878300536, "reference_temperature": 20.0, "koc": 20.222568046828698, "freundlich": 1.001803261255486, "dt50": {"system": 6.0, "soil": 127.97548710788125, "surfaceWater": 6.0, "sediment": 6.0}, "plant_uptake": 0.5, "name": "Compound 2269298310528888107", "model_specific_data": {}, "metabolites": []}}]}}