{"gap": {"type": "relative", "arguments": {"name": "GAP -296091488377847865", "modelCrop": "WC", "rate": 250.0, "apply_every_n_years": 1, "number_of_applications": 2, "interval": 14, "model_specific_data": {}, "bbch": 31, "season": 0}}, "compound": {"molarMass": 300.0, "water_solubility": 0.13649874911247162, "vapor_pressure": 0.19298574473695038, "reference_temperature": 20.0, "koc": 269.1096557909338, "freundlich": 1.0032626910290083, "dt50": {"system": 6.0, "soil": 293.28990337061816, "surfaceWater": 6.0, "sediment": 6.0}, "plant_uptake": 0.0, "name": "Compound -1677347432236192205", "model_specific_data": {}, "metabolites": [{"formation_fraction": 0.2, "metabolite": {"molarMass": 300.0, "water_solubility": 0.012451371382183826, "vapor_pressure": 1.0844987489003469e-05, "reference_temperature": 20.0, "koc": 10.248425733352054, "freundlich": 1.15980568601484, "dt50": {"system": 6.0, "soil": 186.79419255885267, "surfaceWater": 6.0, "sediment": 6.0}, "plant_uptake": 0.5, "name": "Compound 5858706724577380694", "model_specific_data": {}, "metabolites": []}}]}}