{"gap": {"type": "relative", "arguments": {"name": "GAP -296091488377847865", "modelCrop": "WC", "rate": 250.0, "apply_every_n_years": 1, "number_of_applications": 2, "interval": 14, "model_specific_data": {}, "bbch": 31, "season": 0}}, "compound": {"molarMass": 300.0, "water_solubility": 0.013524794555297924, "vapor_pressure": 1.030581767651336e-05, "reference_temperature": 20.0, "koc": 39.71147535428305, "freundlich": 0.990108678759082, "dt50": {"system": 6.0, "soil": 63.720511783196045, "surfaceWater": 6.0, "sediment": 6.0}, "plant_uptake": 0.0, "name": "Compound 1774433795952101858", "model_specific_data": {}, "metabolites": [{"formation_fraction": 0.2, "metabolite": {"molarMass": 300.0, "water_solubility": 0.0003143414811717735, "vapor_pressure": 1.1048854463594308e-05, "reference_temperature": 20.0, "koc": 44.07045261521934, "freundlich": 0.9147905873075939, "dt50": {"system": 6.0, "soil": 195.0061119099157, "surfaceWater": 6.0, "sediment": 6.0}, "plant_uptake": 0.5, "name": "Compound -512744987713631479", "model_specific_data": {}, "metabolites": []}}]}}