{"gap": {"type": "relative", "arguments": {"name": "GAP -296091488377847865", "modelCrop": "WC", "rate": 250.0, "apply_every_n_years": 1, "number_of_applications": 2, "interval": 14, "model_specific_data": {}, "bbch": 31, "season": 0}}, "compound": {"molarMass": 300.0, "water_solubility": 0.0009318003609056533, "vapor_pressure": 1.698041241155208e-07, "reference_temperature": 20.0, "koc": 38.21530964058124, "freundlich": 0.7202615538377599, "dt50": {"system": 6.0, "soil": 23.459722129535248, "surfaceWater": 6.0, "sediment": 6.0}, "plant_uptake": 0.0, "name": "Compound -3923696370224566879", "model_specific_data": {}, "metabolites": [{"formation_fraction": 0.2, "metabolite": {"molarMass": 300.0, "water_solubility": 0.1524393205703052, "vapor_pressure": 5.245353222747542e-05, "reference_temperature": 20.0, "koc": 55.337753849989305, "freundlich": 0.7699434481067631, "dt50": {"system": 6.0, "soil": 217.9333018783721, "surfaceWater": 6.0, "sediment": 6.0}, "plant_uptake": 0.5, "name": "Compound 238467816414316874", "model_specific_data": {}, "metabolites": []}}]}}