{"gap": {"type": "relative", "arguments": {"name": "GAP -296091488377847865", "modelCrop": "WC", "rate": 250.0, "apply_every_n_years": 1, "number_of_applications": 2, "interval": 14, "model_specific_data": {}, "bbch": 31, "season": 0}}, "compound": {"molarMass": 300.0, "water_solubility": 0.017308454021366482, "vapor_pressure": 0.003984102370941012, "reference_temperature": 20.0, "koc": 2788.370476828321, "freundlich": 0.876516513510421, "dt50": {"system": 6.0, "soil": 119.68291861400195, "surfaceWater": 6.0, "sediment": 6.0}, "plant_uptake": 0.0, "name": "Compound -1149351519412366395", "model_specific_data": {}, "metabolites": [{"formation_fraction": 0.2, "metabolite": {"molarMass": 300.0, "water_solubility": 0.00010660660914145962, "vapor_pressure": 2.323129739273155e-06, "reference_temperature": 20.0, "koc": 855.5625173460925, "freundlich": 0.7607768903137998, "dt50": {"system": 6.0, "soil": 36.949165929410846, "surfaceWater": 6.0, "sediment": 6.0}, "plant_uptake": 0.5, "name": "Compound 1055172090025257256", "model_specific_data": {}, "metabolites": []}}]}}