{"gap": {"type": "relative", "arguments": {"name": "GAP -296091488377847865", "modelCrop": "WC", "rate": 250.0, "apply_every_n_years": 1, "number_of_applications": 2, "interval": 14, "model_specific_data": {}, "bbch": 31, "season": 0}}, "compound": {"molarMass": 300.0, "water_solubility": 0.06430002310164819, "vapor_pressure": 7.002468338694554e-05, "reference_temperature": 20.0, "koc": 3148.180907166847, "freundlich": 0.978690867595762, "dt50": {"system": 6.0, "soil": 201.26428084640023, "surfaceWater": 6.0, "sediment": 6.0}, "plant_uptake": 0.0, "name": "Compound -1323664936020345170", "model_specific_data": {}, "metabolites": [{"formation_fraction": 0.2, "metabolite": {"molarMass": 300.0, "water_solubility": 0.004404692005344103, "vapor_pressure": 1.3118538631013835e-07, "reference_temperature": 20.0, "koc": 360.5132073275305, "freundlich": 1.0802110912269565, "dt50": {"system": 6.0, "soil": 243.69071853066404, "surfaceWater": 6.0, "sediment": 6.0}, "plant_uptake": 0.5, "name": "Compound -1006605452960029379", "model_specific_data": {}, "metabolites": []}}]}}