{"gap": {"type": "relative", "arguments": {"name": "GAP -296091488377847865", "modelCrop": "WC", "rate": 250.0, "apply_every_n_years": 1, "number_of_applications": 2, "interval": 14, "model_specific_data": {}, "bbch": 31, "season": 0}}, "compound": {"molarMass": 300.0, "water_solubility": 0.006151437458832164, "vapor_pressure": 0.00031871677316582295, "reference_temperature": 20.0, "koc": 93.01255078733831, "freundlich": 1.141005928426214, "dt50": {"system": 6.0, "soil": 130.51984065359957, "surfaceWater": 6.0, "sediment": 6.0}, "plant_uptake": 0.0, "name": "Compound 5283565370766976618", "model_specific_data": {}, "metabolites": [{"formation_fraction": 0.2, "metabolite": {"molarMass": 300.0, "water_solubility": 0.062211017590796204, "vapor_pressure": 0.0045311790949934165, "reference_temperature": 20.0, "koc": 2429.832150415474, "freundlich": 1.140836007732878, "dt50": {"system": 6.0, "soil": 16.957279422218882, "surfaceWater": 6.0, "sediment": 6.0}, "plant_uptake": 0.5, "name": "Compound 8542008512951545509", "model_specific_data": {}, "metabolites": []}}]}}