{"gap": {"type": "relative", "arguments": {"name": "GAP -296091488377847865", "modelCrop": "WC", "rate": 250.0, "apply_every_n_years": 1, "number_of_applications": 2, "interval": 14, "model_specific_data": {}, "bbch": 31, "season": 0}}, "compound": {"molarMass": 300.0, "water_solubility": 0.037955960128574606, "vapor_pressure": 4.887761912511138e-06, "reference_temperature": 20.0, "koc": 82.15466582076958, "freundlich": 0.9948027198984053, "dt50": {"system": 6.0, "soil": 208.55593094069843, "surfaceWater": 6.0, "sediment": 6.0}, "plant_uptake": 0.0, "name": "Compound -798553539860582660", "model_specific_data": {}, "metabolites": [{"formation_fraction": 0.2, "metabolite": {"molarMass": 300.0, "water_solubility": 0.006149958745590352, "vapor_pressure": 0.0001314531980357292, "reference_temperature": 20.0, "koc": 1710.6481513757642, "freundlich": 0.8570582938514546, "dt50": {"system": 6.0, "soil": 30.480016153198843, "surfaceWater": 6.0, "sediment": 6.0}, "plant_uptake": 0.5, "name": "Compound -5417291552231125752", "model_specific_data": {}, "metabolites": []}}]}}