{"gap": {"type": "relative", "arguments": {"name": "GAP -296091488377847865", "modelCrop": "WC", "rate": 250.0, "apply_every_n_years": 1, "number_of_applications": 2, "interval": 14, "model_specific_data": {}, "bbch": 31, "season": 0}}, "compound": {"molarMass": 300.0, "water_solubility": 0.0004275049535229368, "vapor_pressure": 0.0006350314663284882, "reference_temperature": 20.0, "koc": 191.66904146739438, "freundlich": 1.1896665404148097, "dt50": {"system": 6.0, "soil": 124.70439051613309, "surfaceWater": 6.0, "sediment": 6.0}, "plant_uptake": 0.0, "name": "Compound -4941008927444311631", "model_specific_data": {}, "metabolites": [{"formation_fraction": 0.2, "metabolite": {"molarMass": 300.0, "water_solubility": 1.4577064964565887, "vapor_pressure": 5.803333221658589e-05, "reference_temperature": 20.0, "koc": 738.5418478806566, "freundlich": 0.7124306665278969, "dt50": {"system": 6.0, "soil": 141.3029857786414, "surfaceWater": 6.0, "sediment": 6.0}, "plant_uptake": 0.5, "name": "Compound -4528571054508908113", "model_specific_data": {}, "metabolites": []}}]}}