{"gap": {"type": "relative", "arguments": {"name": "GAP -296091488377847865", "modelCrop": "WC", "rate": 250.0, "apply_every_n_years": 1, "number_of_applications": 2, "interval": 14, "model_specific_data": {}, "bbch": 31, "season": 0}}, "compound": {"molarMass": 300.0, "water_solubility": 0.023350723577877607, "vapor_pressure": 0.001538270636578464, "reference_temperature": 20.0, "koc": 363.48331913084945, "freundlich": 0.8852709277972324, "dt50": {"system": 6.0, "soil": 39.80858299665186, "surfaceWater": 6.0, "sediment": 6.0}, "plant_uptake": 0.0, "name": "Compound -6859819082148313534", "model_specific_data": {}, "metabolites": [{"formation_fraction": 0.2, "metabolite": {"molarMass": 300.0, "water_solubility": 0.07312978499022416, "vapor_pressure": 1.709987476025033e-11, "reference_temperature": 20.0, "koc": 4224.862642540367, "freundlich": 0.8911516222657211, "dt50": {"system": 6.0, "soil": 261.23638924509606, "surfaceWater": 6.0, "sediment": 6.0}, "plant_uptake": 0.5, "name": "Compound -448863080344245442", "model_specific_data": {}, "metabolites": []}}]}}