{"gap": {"type": "relative", "arguments": {"name": "GAP -296091488377847865", "modelCrop": "WC", "rate": 250.0, "apply_every_n_years": 1, "number_of_applications": 2, "interval": 14, "model_specific_data": {}, "bbch": 31, "season": 0}}, "compound": {"molarMass": 300.0, "water_solubility": 0.7735967749106936, "vapor_pressure": 0.009691066853660094, "reference_temperature": 20.0, "koc": 1067.473003238562, "freundlich": 0.9323870727090178, "dt50": {"system": 6.0, "soil": 242.4364610573162, "surfaceWater": 6.0, "sediment": 6.0}, "plant_uptake": 0.0, "name": "Compound 7864553355761838922", "model_specific_data": {}, "metabolites": [{"formation_fraction": 0.2, "metabolite": {"molarMass": 300.0, "water_solubility": 0.0008767646816555715, "vapor_pressure": 3.3910238557269706e-07, "reference_temperature": 20.0, "koc": 59.65739368662056, "freundlich": 1.1076628716331847, "dt50": {"system": 6.0, "soil": 165.027853296888, "surfaceWater": 6.0, "sediment": 6.0}, "plant_uptake": 0.5, "name": "Compound -7360974521756100805", "model_specific_data": {}, "metabolites": []}}]}}