{"gap": {"type": "relative", "arguments": {"name": "GAP -296091488377847865", "modelCrop": "WC", "rate": 250.0, "apply_every_n_years": 1, "number_of_applications": 2, "interval": 14, "model_specific_data": {}, "bbch": 31, "season": 0}}, "compound": {"molarMass": 300.0, "water_solubility": 0.00022276428174967488, "vapor_pressure": 0.00013796412653569294, "reference_temperature": 20.0, "koc": 184.0659850336896, "freundlich": 0.958888944261687, "dt50": {"system": 6.0, "soil": 72.57006688491037, "surfaceWater": 6.0, "sediment": 6.0}, "plant_uptake": 0.0, "name": "Compound -3471449297058741472", "model_specific_data": {}, "metabolites": [{"formation_fraction": 0.2, "metabolite": {"molarMass": 300.0, "water_solubility": 0.01129905550600176, "vapor_pressure": 8.409192448798177e-05, "reference_temperature": 20.0, "koc": 818.9612590259833, "freundlich": 1.1004230337474643, "dt50": {"system": 6.0, "soil": 34.475221395472325, "surfaceWater": 6.0, "sediment": 6.0}, "plant_uptake": 0.5, "name": "Compound -6498856171602374496", "model_specific_data": {}, "metabolites": []}}]}}