{"gap": {"type": "relative", "arguments": {"name": "GAP -296091488377847865", "modelCrop": "WC", "rate": 250.0, "apply_every_n_years": 1, "number_of_applications": 2, "interval": 14, "model_specific_data": {}, "bbch": 31, "season": 0}}, "compound": {"molarMass": 300.0, "water_solubility": 0.0064808642000097815, "vapor_pressure": 1.9019725070871435e-06, "reference_temperature": 20.0, "koc": 1304.0604543183254, "freundlich": 1.1872873567467213, "dt50": {"system": 6.0, "soil": 221.22084199984016, "surfaceWater": 6.0, "sediment": 6.0}, "plant_uptake": 0.0, "name": "Compound -4523254042296903648", "model_specific_data": {}, "metabolites": [{"formation_fraction": 0.2, "metabolite": {"molarMass": 300.0, "water_solubility": 0.00985307101581194, "vapor_pressure": 2.263669267325503e-05, "reference_temperature": 20.0, "koc": 17.29896821848033, "freundlich": 1.0561877197644252, "dt50": {"system": 6.0, "soil": 255.6796885674593, "surfaceWater": 6.0, "sediment": 6.0}, "plant_uptake": 0.5, "name": "Compound -8129091024216806761", "model_specific_data": {}, "metabolites": []}}]}}