{"gap": {"type": "relative", "arguments": {"name": "GAP -296091488377847865", "modelCrop": "WC", "rate": 250.0, "apply_every_n_years": 1, "number_of_applications": 2, "interval": 14, "model_specific_data": {}, "bbch": 31, "season": 0}}, "compound": {"molarMass": 300.0, "water_solubility": 0.006664435921797874, "vapor_pressure": 6.924535812380893e-05, "reference_temperature": 20.0, "koc": 24.413628465539578, "freundlich": 1.1632432732522804, "dt50": {"system": 6.0, "soil": 19.546432173869462, "surfaceWater": 6.0, "sediment": 6.0}, "plant_uptake": 0.0, "name": "Compound 846858793121174336", "model_specific_data": {}, "metabolites": [{"formation_fraction": 0.2, "metabolite": {"molarMass": 300.0, "water_solubility": 0.09056092777494987, "vapor_pressure": 3.472186735785922e-07, "reference_temperature": 20.0, "koc": 3120.616638640357, "freundlich": 1.0301303777387232, "dt50": {"system": 6.0, "soil": 14.510745070062555, "surfaceWater": 6.0, "sediment": 6.0}, "plant_uptake": 0.5, "name": "Compound 2006915776144522075", "model_specific_data": {}, "metabolites": []}}]}}