{"gap": {"type": "relative", "arguments": {"name": "GAP -296091488377847865", "modelCrop": "WC", "rate": 250.0, "apply_every_n_years": 1, "number_of_applications": 2, "interval": 14, "model_specific_data": {}, "bbch": 31, "season": 0}}, "compound": {"molarMass": 300.0, "water_solubility": 0.011505728430525561, "vapor_pressure": 3.2710405328600026e-08, "reference_temperature": 20.0, "koc": 2106.0630787169384, "freundlich": 1.0531008433609124, "dt50": {"system": 6.0, "soil": 48.96790710188483, "surfaceWater": 6.0, "sediment": 6.0}, "plant_uptake": 0.0, "name": "Compound 3802706848340788793", "model_specific_data": {}, "metabolites": [{"formation_fraction": 0.2, "metabolite": {"molarMass": 300.0, "water_solubility": 0.0036739050477631523, "vapor_pressure": 0.00015949203153017182, "reference_temperature": 20.0, "koc": 15.066432613153422, "freundlich": 0.8325297080399956, "dt50": {"system": 6.0, "soil": 184.12695340025198, "surfaceWater": 6.0, "sediment": 6.0}, "plant_uptake": 0.5, "name": "Compound -3549120735952922637", "model_specific_data": {}, "metabolites": []}}]}}