{"gap": {"type": "relative", "arguments": {"name": "GAP -296091488377847865", "modelCrop": "WC", "rate": 250.0, "apply_every_n_years": 1, "number_of_applications": 2, "interval": 14, "model_specific_data": {}, "bbch": 31, "season": 0}}, "compound": {"molarMass": 300.0, "water_solubility": 0.001049250388550306, "vapor_pressure": 0.0017438314276324192, "reference_temperature": 20.0, "koc": 83.96333847092406, "freundlich": 0.9480811104401493, "dt50": {"system": 6.0, "soil": 102.71216175221609, "surfaceWater": 6.0, "sediment": 6.0}, "plant_uptake": 0.0, "name": "Compound -7821378292203892288", "model_specific_data": {}, "metabolites": [{"formation_fraction": 0.2, "metabolite": {"molarMass": 300.0, "water_solubility": 0.011835591480913208, "vapor_pressure": 1.7457596435471993e-06, "reference_temperature": 20.0, "koc": 216.51533298189878, "freundlich": 1.1512302446016913, "dt50": {"system": 6.0, "soil": 115.9005650256251, "surfaceWater": 6.0, "sediment": 6.0}, "plant_uptake": 0.5, "name": "Compound 4491858462804866181", "model_specific_data": {}, "metabolites": []}}]}}