{"gap": {"type": "relative", "arguments": {"name": "GAP -296091488377847865", "modelCrop": "WC", "rate": 250.0, "apply_every_n_years": 1, "number_of_applications": 2, "interval": 14, "model_specific_data": {}, "bbch": 31, "season": 0}}, "compound": {"molarMass": 300.0, "water_solubility": 0.006483353704406942, "vapor_pressure": 0.0004630511773187183, "reference_temperature": 20.0, "koc": 4802.924449806071, "freundlich": 0.9218684124471637, "dt50": {"system": 6.0, "soil": 248.0386684681564, "surfaceWater": 6.0, "sediment": 6.0}, "plant_uptake": 0.0, "name": "Compound 6671306000323112073", "model_specific_data": {}, "metabolites": [{"formation_fraction": 0.2, "metabolite": {"molarMass": 300.0, "water_solubility": 0.10677048069828948, "vapor_pressure": 4.1771148738729956e-07, "reference_temperature": 20.0, "koc": 68.60039134060413, "freundlich": 0.7631128320577667, "dt50": {"system": 6.0, "soil": 159.85138470714526, "surfaceWater": 6.0, "sediment": 6.0}, "plant_uptake": 0.5, "name": "Compound 1257967702386526910", "model_specific_data": {}, "metabolites": []}}]}}