{"gap": {"type": "relative", "arguments": {"name": "GAP -296091488377847865", "modelCrop": "WC", "rate": 250.0, "apply_every_n_years": 1, "number_of_applications": 2, "interval": 14, "model_specific_data": {}, "bbch": 31, "season": 0}}, "compound": {"molarMass": 300.0, "water_solubility": 0.0038251500894277914, "vapor_pressure": 3.6977866457980066e-07, "reference_temperature": 20.0, "koc": 38.59832931353539, "freundlich": 0.922406586144753, "dt50": {"system": 6.0, "soil": 287.3570014045414, "surfaceWater": 6.0, "sediment": 6.0}, "plant_uptake": 0.0, "name": "Compound -4695497339280948362", "model_specific_data": {}, "metabolites": [{"formation_fraction": 0.2, "metabolite": {"molarMass": 300.0, "water_solubility": 0.000435261893670665, "vapor_pressure": 5.602442428689473e-06, "reference_temperature": 20.0, "koc": 18.88606558581247, "freundlich": 0.826660726335757, "dt50": {"system": 6.0, "soil": 246.98947672946963, "surfaceWater": 6.0, "sediment": 6.0}, "plant_uptake": 0.5, "name": "Compound -3505080924964456519", "model_specific_data": {}, "metabolites": []}}]}}