{"gap": {"type": "relative", "arguments": {"name": "GAP -296091488377847865", "modelCrop": "WC", "rate": 250.0, "apply_every_n_years": 1, "number_of_applications": 2, "interval": 14, "model_specific_data": {}, "bbch": 31, "season": 0}}, "compound": {"molarMass": 300.0, "water_solubility": 0.01490420551364675, "vapor_pressure": 0.0024580389230260333, "reference_temperature": 20.0, "koc": 1753.3999320242847, "freundlich": 1.0703599556286185, "dt50": {"system": 6.0, "soil": 178.04988943069696, "surfaceWater": 6.0, "sediment": 6.0}, "plant_uptake": 0.0, "name": "Compound -66461705981761229", "model_specific_data": {}, "metabolites": [{"formation_fraction": 0.2, "metabolite": {"molarMass": 300.0, "water_solubility": 0.07330109018265023, "vapor_pressure": 8.915493531228285e-06, "reference_temperature": 20.0, "koc": 619.3079797709289, "freundlich": 1.1376085930281556, "dt50": {"system": 6.0, "soil": 126.11637649977645, "surfaceWater": 6.0, "sediment": 6.0}, "plant_uptake": 0.5, "name": "Compound 7913270237314530743", "model_specific_data": {}, "metabolites": []}}]}}