{"gap": {"type": "relative", "arguments": {"name": "GAP -296091488377847865", "modelCrop": "WC", "rate": 250.0, "apply_every_n_years": 1, "number_of_applications": 2, "interval": 14, "model_specific_data": {}, "bbch": 31, "season": 0}}, "compound": {"molarMass": 300.0, "water_solubility": 0.027106897172175293, "vapor_pressure": 5.668851512865825e-06, "reference_temperature": 20.0, "koc": 56.09871376966087, "freundlich": 1.0661669916870382, "dt50": {"system": 6.0, "soil": 144.71487090221055, "surfaceWater": 6.0, "sediment": 6.0}, "plant_uptake": 0.0, "name": "Compound 4705155923288600046", "model_specific_data": {}, "metabolites": [{"formation_fraction": 0.2, "metabolite": {"molarMass": 300.0, "water_solubility": 0.002646293648276507, "vapor_pressure": 3.9559719563267896e-05, "reference_temperature": 20.0, "koc": 12.45207646624607, "freundlich": 0.8775789452607302, "dt50": {"system": 6.0, "soil": 73.83178022394098, "surfaceWater": 6.0, "sediment": 6.0}, "plant_uptake": 0.5, "name": "Compound 6569481660744529977", "model_specific_data": {}, "metabolites": []}}]}}