{"gap": {"type": "relative", "arguments": {"name": "GAP -296091488377847865", "modelCrop": "WC", "rate": 250.0, "apply_every_n_years": 1, "number_of_applications": 2, "interval": 14, "model_specific_data": {}, "bbch": 31, "season": 0}}, "compound": {"molarMass": 300.0, "water_solubility": 0.00017821859345055937, "vapor_pressure": 4.966779471783732e-06, "reference_temperature": 20.0, "koc": 739.1680344805513, "freundlich": 0.9197064983080354, "dt50": {"system": 6.0, "soil": 97.96793265232814, "surfaceWater": 6.0, "sediment": 6.0}, "plant_uptake": 0.0, "name": "Compound -314479317969297855", "model_specific_data": {}, "metabolites": [{"formation_fraction": 0.2, "metabolite": {"molarMass": 300.0, "water_solubility": 0.010762909852017485, "vapor_pressure": 1.0858685823896151e-05, "reference_temperature": 20.0, "koc": 748.0023393691271, "freundlich": 1.169499597099287, "dt50": {"system": 6.0, "soil": 104.31787349163413, "surfaceWater": 6.0, "sediment": 6.0}, "plant_uptake": 0.5, "name": "Compound 103914542191228124", "model_specific_data": {}, "metabolites": []}}]}}