{"gap": {"type": "relative", "arguments": {"name": "GAP -296091488377847865", "modelCrop": "WC", "rate": 250.0, "apply_every_n_years": 1, "number_of_applications": 2, "interval": 14, "model_specific_data": {}, "bbch": 31, "season": 0}}, "compound": {"molarMass": 300.0, "water_solubility": 0.10800628598979536, "vapor_pressure": 0.0013513186707098238, "reference_temperature": 20.0, "koc": 2177.1597520317437, "freundlich": 0.8803274127827565, "dt50": {"system": 6.0, "soil": 130.509012136632, "surfaceWater": 6.0, "sediment": 6.0}, "plant_uptake": 0.0, "name": "Compound -8818942929480630760", "model_specific_data": {}, "metabolites": [{"formation_fraction": 0.2, "metabolite": {"molarMass": 300.0, "water_solubility": 0.0034265764310881216, "vapor_pressure": 1.8116192363156224e-05, "reference_temperature": 20.0, "koc": 420.4768294854549, "freundlich": 0.844394650867658, "dt50": {"system": 6.0, "soil": 93.7466025283743, "surfaceWater": 6.0, "sediment": 6.0}, "plant_uptake": 0.5, "name": "Compound 7998763569860170028", "model_specific_data": {}, "metabolites": []}}]}}