{"gap": {"type": "relative", "arguments": {"name": "GAP -296091488377847865", "modelCrop": "WC", "rate": 250.0, "apply_every_n_years": 1, "number_of_applications": 2, "interval": 14, "model_specific_data": {}, "bbch": 31, "season": 0}}, "compound": {"molarMass": 300.0, "water_solubility": 0.05115821711824689, "vapor_pressure": 1.3577690687704285e-06, "reference_temperature": 20.0, "koc": 47.21403139357071, "freundlich": 0.8896135001397183, "dt50": {"system": 6.0, "soil": 175.0076657832852, "surfaceWater": 6.0, "sediment": 6.0}, "plant_uptake": 0.0, "name": "Compound -6298804948338854197", "model_specific_data": {}, "metabolites": [{"formation_fraction": 0.2, "metabolite": {"molarMass": 300.0, "water_solubility": 0.005013583812392955, "vapor_pressure": 3.732026974999635e-09, "reference_temperature": 20.0, "koc": 722.3768156083764, "freundlich": 0.7656427992634457, "dt50": {"system": 6.0, "soil": 120.18799817214766, "surfaceWater": 6.0, "sediment": 6.0}, "plant_uptake": 0.5, "name": "Compound 2122283109401373317", "model_specific_data": {}, "metabolites": []}}]}}