{"gap": {"type": "relative", "arguments": {"name": "GAP -296091488377847865", "modelCrop": "WC", "rate": 250.0, "apply_every_n_years": 1, "number_of_applications": 2, "interval": 14, "model_specific_data": {}, "bbch": 31, "season": 0}}, "compound": {"molarMass": 300.0, "water_solubility": 0.0059217870393803145, "vapor_pressure": 0.00024764326284147767, "reference_temperature": 20.0, "koc": 74.24991818269639, "freundlich": 0.8407533579302247, "dt50": {"system": 6.0, "soil": 116.60854627187689, "surfaceWater": 6.0, "sediment": 6.0}, "plant_uptake": 0.0, "name": "Compound 8820381614260146536", "model_specific_data": {}, "metabolites": [{"formation_fraction": 0.2, "metabolite": {"molarMass": 300.0, "water_solubility": 0.0842691870422303, "vapor_pressure": 8.864908674436988e-05, "reference_temperature": 20.0, "koc": 4179.940145260782, "freundlich": 1.1963788998349139, "dt50": {"system": 6.0, "soil": 172.08103918266633, "surfaceWater": 6.0, "sediment": 6.0}, "plant_uptake": 0.5, "name": "Compound -267067400368935918", "model_specific_data": {}, "metabolites": []}}]}}