{"gap": {"type": "relative", "arguments": {"name": "GAP -296091488377847865", "modelCrop": "WC", "rate": 250.0, "apply_every_n_years": 1, "number_of_applications": 2, "interval": 14, "model_specific_data": {}, "bbch": 31, "season": 0}}, "compound": {"molarMass": 300.0, "water_solubility": 0.011271347748204558, "vapor_pressure": 1.3264042265003177e-05, "reference_temperature": 20.0, "koc": 285.0697184319264, "freundlich": 0.7267337021820188, "dt50": {"system": 6.0, "soil": 99.11926933912444, "surfaceWater": 6.0, "sediment": 6.0}, "plant_uptake": 0.0, "name": "Compound 5321260000002406522", "model_specific_data": {}, "metabolites": [{"formation_fraction": 0.2, "metabolite": {"molarMass": 300.0, "water_solubility": 0.0006268706820021751, "vapor_pressure": 2.681815297960521e-05, "reference_temperature": 20.0, "koc": 14.850589625452677, "freundlich": 1.144506141776306, "dt50": {"system": 6.0, "soil": 264.59036081492536, "surfaceWater": 6.0, "sediment": 6.0}, "plant_uptake": 0.5, "name": "Compound -6795326925923597486", "model_specific_data": {}, "metabolites": []}}]}}