{"gap": {"type": "relative", "arguments": {"name": "GAP -296091488377847865", "modelCrop": "WC", "rate": 250.0, "apply_every_n_years": 1, "number_of_applications": 2, "interval": 14, "model_specific_data": {}, "bbch": 31, "season": 0}}, "compound": {"molarMass": 300.0, "water_solubility": 0.0031274158598487084, "vapor_pressure": 1.2952340862838906e-05, "reference_temperature": 20.0, "koc": 13.987573650729953, "freundlich": 0.8321936935553063, "dt50": {"system": 6.0, "soil": 12.863415590109852, "surfaceWater": 6.0, "sediment": 6.0}, "plant_uptake": 0.0, "name": "Compound 8299867395579297276", "model_specific_data": {}, "metabolites": [{"formation_fraction": 0.2, "metabolite": {"molarMass": 300.0, "water_solubility": 0.003098159472309603, "vapor_pressure": 3.67229352480469e-08, "reference_temperature": 20.0, "koc": 1502.9165993520733, "freundlich": 0.9462915400905045, "dt50": {"system": 6.0, "soil": 231.58615691084051, "surfaceWater": 6.0, "sediment": 6.0}, "plant_uptake": 0.5, "name": "Compound -1131947738279213688", "model_specific_data": {}, "metabolites": []}}]}}