{"gap": {"type": "relative", "arguments": {"name": "GAP -296091488377847865", "modelCrop": "WC", "rate": 250.0, "apply_every_n_years": 1, "number_of_applications": 2, "interval": 14, "model_specific_data": {}, "bbch": 31, "season": 0}}, "compound": {"molarMass": 300.0, "water_solubility": 0.0034945510505072436, "vapor_pressure": 1.2833778096998231e-05, "reference_temperature": 20.0, "koc": 1280.2729607683657, "freundlich": 1.1720106761530376, "dt50": {"system": 6.0, "soil": 18.576190421499046, "surfaceWater": 6.0, "sediment": 6.0}, "plant_uptake": 0.0, "name": "Compound 3210781618206667776", "model_specific_data": {}, "metabolites": [{"formation_fraction": 0.2, "metabolite": {"molarMass": 300.0, "water_solubility": 0.03114804228050094, "vapor_pressure": 0.00021791177489940226, "reference_temperature": 20.0, "koc": 87.02521566067449, "freundlich": 1.0748031759734105, "dt50": {"system": 6.0, "soil": 241.98804971274143, "surfaceWater": 6.0, "sediment": 6.0}, "plant_uptake": 0.5, "name": "Compound -4910403625556196998", "model_specific_data": {}, "metabolites": []}}]}}