{"gap": {"type": "relative", "arguments": {"name": "GAP -296091488377847865", "modelCrop": "WC", "rate": 250.0, "apply_every_n_years": 1, "number_of_applications": 2, "interval": 14, "model_specific_data": {}, "bbch": 31, "season": 0}}, "compound": {"molarMass": 300.0, "water_solubility": 0.11173832930775693, "vapor_pressure": 6.349702396670999e-08, "reference_temperature": 20.0, "koc": 4412.133513343845, "freundlich": 0.8971337595110951, "dt50": {"system": 6.0, "soil": 206.93277349867813, "surfaceWater": 6.0, "sediment": 6.0}, "plant_uptake": 0.0, "name": "Compound 7159932022700155070", "model_specific_data": {}, "metabolites": [{"formation_fraction": 0.2, "metabolite": {"molarMass": 300.0, "water_solubility": 0.1411945531611492, "vapor_pressure": 0.0003252086220937467, "reference_temperature": 20.0, "koc": 108.39772884657594, "freundlich": 1.1677424487754537, "dt50": {"system": 6.0, "soil": 14.293501930371121, "surfaceWater": 6.0, "sediment": 6.0}, "plant_uptake": 0.5, "name": "Compound -5079060477894806817", "model_specific_data": {}, "metabolites": []}}]}}