{"gap": {"type": "relative", "arguments": {"name": "GAP -296091488377847865", "modelCrop": "WC", "rate": 250.0, "apply_every_n_years": 1, "number_of_applications": 2, "interval": 14, "model_specific_data": {}, "bbch": 31, "season": 0}}, "compound": {"molarMass": 300.0, "water_solubility": 0.004071506057620009, "vapor_pressure": 9.586039645302646e-05, "reference_temperature": 20.0, "koc": 228.9684489711016, "freundlich": 0.8966217794997856, "dt50": {"system": 6.0, "soil": 71.81687092431764, "surfaceWater": 6.0, "sediment": 6.0}, "plant_uptake": 0.0, "name": "Compound 5087961237529155062", "model_specific_data": {}, "metabolites": [{"formation_fraction": 0.2, "metabolite": {"molarMass": 300.0, "water_solubility": 0.05965223458854559, "vapor_pressure": 1.4236553649703281e-05, "reference_temperature": 20.0, "koc": 1126.059537392285, "freundlich": 0.7682127685307585, "dt50": {"system": 6.0, "soil": 176.43700274669624, "surfaceWater": 6.0, "sediment": 6.0}, "plant_uptake": 0.5, "name": "Compound 7258714309220605083", "model_specific_data": {}, "metabolites": []}}]}}