{"gap": {"type": "relative", "arguments": {"name": "GAP -296091488377847865", "modelCrop": "WC", "rate": 250.0, "apply_every_n_years": 1, "number_of_applications": 2, "interval": 14, "model_specific_data": {}, "bbch": 31, "season": 0}}, "compound": {"molarMass": 300.0, "water_solubility": 0.13022429572322458, "vapor_pressure": 0.00010193673984525894, "reference_temperature": 20.0, "koc": 233.6881023674651, "freundlich": 1.152182032805228, "dt50": {"system": 6.0, "soil": 89.55993094220231, "surfaceWater": 6.0, "sediment": 6.0}, "plant_uptake": 0.0, "name": "Compound 8403095198599071789", "model_specific_data": {}, "metabolites": [{"formation_fraction": 0.2, "metabolite": {"molarMass": 300.0, "water_solubility": 0.0014037278938443044, "vapor_pressure": 3.279697044171367e-06, "reference_temperature": 20.0, "koc": 562.3562547244013, "freundlich": 0.8183984897913363, "dt50": {"system": 6.0, "soil": 172.03213653005645, "surfaceWater": 6.0, "sediment": 6.0}, "plant_uptake": 0.5, "name": "Compound -4710227862998333513", "model_specific_data": {}, "metabolites": []}}]}}