{"gap": {"type": "relative", "arguments": {"name": "GAP -296091488377847865", "modelCrop": "WC", "rate": 250.0, "apply_every_n_years": 1, "number_of_applications": 2, "interval": 14, "model_specific_data": {}, "bbch": 31, "season": 0}}, "compound": {"molarMass": 300.0, "water_solubility": 0.026516382907550675, "vapor_pressure": 1.1488675474648673e-08, "reference_temperature": 20.0, "koc": 225.32234923402797, "freundlich": 0.9602878592630351, "dt50": {"system": 6.0, "soil": 294.88028769924216, "surfaceWater": 6.0, "sediment": 6.0}, "plant_uptake": 0.0, "name": "Compound 4869743623760708345", "model_specific_data": {}, "metabolites": [{"formation_fraction": 0.2, "metabolite": {"molarMass": 300.0, "water_solubility": 0.05260192110504022, "vapor_pressure": 5.7165292236481285e-06, "reference_temperature": 20.0, "koc": 1088.9987929559877, "freundlich": 0.8202376096108259, "dt50": {"system": 6.0, "soil": 215.34722296135257, "surfaceWater": 6.0, "sediment": 6.0}, "plant_uptake": 0.5, "name": "Compound 7312296070240774156", "model_specific_data": {}, "metabolites": []}}]}}