{"gap": {"type": "relative", "arguments": {"name": "GAP -296091488377847865", "modelCrop": "WC", "rate": 250.0, "apply_every_n_years": 1, "number_of_applications": 2, "interval": 14, "model_specific_data": {}, "bbch": 31, "season": 0}}, "compound": {"molarMass": 300.0, "water_solubility": 0.005688807391149543, "vapor_pressure": 4.159942174692892e-06, "reference_temperature": 20.0, "koc": 612.3742186151684, "freundlich": 0.8827757770695928, "dt50": {"system": 6.0, "soil": 214.94268426176194, "surfaceWater": 6.0, "sediment": 6.0}, "plant_uptake": 0.0, "name": "Compound -2774728353994970747", "model_specific_data": {}, "metabolites": [{"formation_fraction": 0.2, "metabolite": {"molarMass": 300.0, "water_solubility": 0.22213376210168634, "vapor_pressure": 3.6593222919583177e-06, "reference_temperature": 20.0, "koc": 246.70168156474554, "freundlich": 0.7515465630014283, "dt50": {"system": 6.0, "soil": 169.51830332098507, "surfaceWater": 6.0, "sediment": 6.0}, "plant_uptake": 0.5, "name": "Compound 1549755387141531825", "model_specific_data": {}, "metabolites": []}}]}}