{"gap": {"type": "relative", "arguments": {"name": "GAP -296091488377847865", "modelCrop": "WC", "rate": 250.0, "apply_every_n_years": 1, "number_of_applications": 2, "interval": 14, "model_specific_data": {}, "bbch": 31, "season": 0}}, "compound": {"molarMass": 300.0, "water_solubility": 0.028543961216150843, "vapor_pressure": 0.0018458019834462214, "reference_temperature": 20.0, "koc": 128.67740762248113, "freundlich": 0.9741562465154293, "dt50": {"system": 6.0, "soil": 53.0789767506297, "surfaceWater": 6.0, "sediment": 6.0}, "plant_uptake": 0.0, "name": "Compound -8678613147055144029", "model_specific_data": {}, "metabolites": [{"formation_fraction": 0.2, "metabolite": {"molarMass": 300.0, "water_solubility": 0.0007372670366871137, "vapor_pressure": 3.1549365127492136e-07, "reference_temperature": 20.0, "koc": 378.4874583157431, "freundlich": 0.9888559076165802, "dt50": {"system": 6.0, "soil": 211.23657892578365, "surfaceWater": 6.0, "sediment": 6.0}, "plant_uptake": 0.5, "name": "Compound -6487842098504832932", "model_specific_data": {}, "metabolites": []}}]}}