{"gap": {"type": "relative", "arguments": {"name": "GAP -296091488377847865", "modelCrop": "WC", "rate": 250.0, "apply_every_n_years": 1, "number_of_applications": 2, "interval": 14, "model_specific_data": {}, "bbch": 31, "season": 0}}, "compound": {"molarMass": 300.0, "water_solubility": 0.0029882363165349398, "vapor_pressure": 2.2795777354834627e-07, "reference_temperature": 20.0, "koc": 42.54507456191826, "freundlich": 1.1966169084115106, "dt50": {"system": 6.0, "soil": 229.03349897578823, "surfaceWater": 6.0, "sediment": 6.0}, "plant_uptake": 0.0, "name": "Compound -6742242955986338876", "model_specific_data": {}, "metabolites": [{"formation_fraction": 0.2, "metabolite": {"molarMass": 300.0, "water_solubility": 0.029514445479814314, "vapor_pressure": 4.507807089658415e-05, "reference_temperature": 20.0, "koc": 377.6102428393823, "freundlich": 0.9186750467257346, "dt50": {"system": 6.0, "soil": 103.73684785857185, "surfaceWater": 6.0, "sediment": 6.0}, "plant_uptake": 0.5, "name": "Compound -8638547207308283996", "model_specific_data": {}, "metabolites": []}}]}}