{"gap": {"type": "relative", "arguments": {"name": "GAP -296091488377847865", "modelCrop": "WC", "rate": 250.0, "apply_every_n_years": 1, "number_of_applications": 2, "interval": 14, "model_specific_data": {}, "bbch": 31, "season": 0}}, "compound": {"molarMass": 300.0, "water_solubility": 1.1030738727052665, "vapor_pressure": 2.0631041856707468e-06, "reference_temperature": 20.0, "koc": 4372.431679839547, "freundlich": 0.8179225408805104, "dt50": {"system": 6.0, "soil": 248.44669258029379, "surfaceWater": 6.0, "sediment": 6.0}, "plant_uptake": 0.0, "name": "Compound -8879419696200427681", "model_specific_data": {}, "metabolites": [{"formation_fraction": 0.2, "metabolite": {"molarMass": 300.0, "water_solubility": 0.06057907063236485, "vapor_pressure": 1.6331534482359013e-05, "reference_temperature": 20.0, "koc": 43.9809537128184, "freundlich": 1.000731236213035, "dt50": {"system": 6.0, "soil": 52.58887795926517, "surfaceWater": 6.0, "sediment": 6.0}, "plant_uptake": 0.5, "name": "Compound 3263009380140376958", "model_specific_data": {}, "metabolites": []}}]}}