{"gap": {"type": "relative", "arguments": {"name": "GAP -296091488377847865", "modelCrop": "WC", "rate": 250.0, "apply_every_n_years": 1, "number_of_applications": 2, "interval": 14, "model_specific_data": {}, "bbch": 31, "season": 0}}, "compound": {"molarMass": 300.0, "water_solubility": 0.00038377724233137656, "vapor_pressure": 1.574223572769431e-09, "reference_temperature": 20.0, "koc": 3779.928826997443, "freundlich": 1.1650607390474166, "dt50": {"system": 6.0, "soil": 115.07857273793088, "surfaceWater": 6.0, "sediment": 6.0}, "plant_uptake": 0.0, "name": "Compound 7514022514416215093", "model_specific_data": {}, "metabolites": [{"formation_fraction": 0.2, "metabolite": {"molarMass": 300.0, "water_solubility": 0.0011059691294443008, "vapor_pressure": 0.004933678903126624, "reference_temperature": 20.0, "koc": 31.132773245496463, "freundlich": 0.7946121448176685, "dt50": {"system": 6.0, "soil": 108.86063867113022, "surfaceWater": 6.0, "sediment": 6.0}, "plant_uptake": 0.5, "name": "Compound -7173220576321284582", "model_specific_data": {}, "metabolites": []}}]}}