{"gap": {"type": "relative", "arguments": {"name": "GAP -296091488377847865", "modelCrop": "WC", "rate": 250.0, "apply_every_n_years": 1, "number_of_applications": 2, "interval": 14, "model_specific_data": {}, "bbch": 31, "season": 0}}, "compound": {"molarMass": 300.0, "water_solubility": 0.001591250240960069, "vapor_pressure": 0.00013913789366979784, "reference_temperature": 20.0, "koc": 394.20887561258735, "freundlich": 0.9346843117040582, "dt50": {"system": 6.0, "soil": 265.302470693399, "surfaceWater": 6.0, "sediment": 6.0}, "plant_uptake": 0.0, "name": "Compound -2790826751326270285", "model_specific_data": {}, "metabolites": [{"formation_fraction": 0.2, "metabolite": {"molarMass": 300.0, "water_solubility": 0.16668469615643738, "vapor_pressure": 0.0001403895105965511, "reference_temperature": 20.0, "koc": 84.36774786514974, "freundlich": 1.1578423139754537, "dt50": {"system": 6.0, "soil": 143.69669327521163, "surfaceWater": 6.0, "sediment": 6.0}, "plant_uptake": 0.5, "name": "Compound 3293653852943340744", "model_specific_data": {}, "metabolites": []}}]}}