{"gap": {"type": "relative", "arguments": {"name": "GAP -296091488377847865", "modelCrop": "WC", "rate": 250.0, "apply_every_n_years": 1, "number_of_applications": 2, "interval": 14, "model_specific_data": {}, "bbch": 31, "season": 0}}, "compound": {"molarMass": 300.0, "water_solubility": 0.01788634265305735, "vapor_pressure": 3.5968651574142893e-07, "reference_temperature": 20.0, "koc": 81.70600211926936, "freundlich": 0.9553386446616827, "dt50": {"system": 6.0, "soil": 270.0259653522432, "surfaceWater": 6.0, "sediment": 6.0}, "plant_uptake": 0.0, "name": "Compound -3524191270440830778", "model_specific_data": {}, "metabolites": [{"formation_fraction": 0.2, "metabolite": {"molarMass": 300.0, "water_solubility": 0.004663246590109646, "vapor_pressure": 0.0001505388007934124, "reference_temperature": 20.0, "koc": 4903.997929831044, "freundlich": 0.8666765939296459, "dt50": {"system": 6.0, "soil": 103.48271643369868, "surfaceWater": 6.0, "sediment": 6.0}, "plant_uptake": 0.5, "name": "Compound 8634354825734984259", "model_specific_data": {}, "metabolites": []}}]}}