{"gap": {"type": "relative", "arguments": {"name": "GAP -296091488377847865", "modelCrop": "WC", "rate": 250.0, "apply_every_n_years": 1, "number_of_applications": 2, "interval": 14, "model_specific_data": {}, "bbch": 31, "season": 0}}, "compound": {"molarMass": 300.0, "water_solubility": 0.00395311185991824, "vapor_pressure": 2.9737453533649133e-06, "reference_temperature": 20.0, "koc": 594.8935149744017, "freundlich": 1.1279813016313005, "dt50": {"system": 6.0, "soil": 251.4613601792189, "surfaceWater": 6.0, "sediment": 6.0}, "plant_uptake": 0.0, "name": "Compound 1536125958270151939", "model_specific_data": {}, "metabolites": [{"formation_fraction": 0.2, "metabolite": {"molarMass": 300.0, "water_solubility": 0.00017104277023991752, "vapor_pressure": 2.58534131711924e-05, "reference_temperature": 20.0, "koc": 824.9070206550566, "freundlich": 0.7239293274001538, "dt50": {"system": 6.0, "soil": 220.0305821433269, "surfaceWater": 6.0, "sediment": 6.0}, "plant_uptake": 0.5, "name": "Compound 6207776533048796857", "model_specific_data": {}, "metabolites": []}}]}}