{"gap": {"type": "relative", "arguments": {"name": "GAP -296091488377847865", "modelCrop": "WC", "rate": 250.0, "apply_every_n_years": 1, "number_of_applications": 2, "interval": 14, "model_specific_data": {}, "bbch": 31, "season": 0}}, "compound": {"molarMass": 300.0, "water_solubility": 0.06669810897477778, "vapor_pressure": 2.3335235362198396e-07, "reference_temperature": 20.0, "koc": 204.79530202521636, "freundlich": 0.9576355800877303, "dt50": {"system": 6.0, "soil": 251.86914892806163, "surfaceWater": 6.0, "sediment": 6.0}, "plant_uptake": 0.0, "name": "Compound -2049555118953397714", "model_specific_data": {}, "metabolites": [{"formation_fraction": 0.2, "metabolite": {"molarMass": 300.0, "water_solubility": 0.001010991185796402, "vapor_pressure": 1.4200465373436718e-05, "reference_temperature": 20.0, "koc": 11.123676500364873, "freundlich": 1.1461171756261226, "dt50": {"system": 6.0, "soil": 162.95377745662262, "surfaceWater": 6.0, "sediment": 6.0}, "plant_uptake": 0.5, "name": "Compound -2397095684676549013", "model_specific_data": {}, "metabolites": []}}]}}