{"gap": {"type": "relative", "arguments": {"name": "GAP -296091488377847865", "modelCrop": "WC", "rate": 250.0, "apply_every_n_years": 1, "number_of_applications": 2, "interval": 14, "model_specific_data": {}, "bbch": 31, "season": 0}}, "compound": {"molarMass": 300.0, "water_solubility": 0.036206168270322144, "vapor_pressure": 3.65607041587472e-07, "reference_temperature": 20.0, "koc": 82.15888091841398, "freundlich": 0.728489723695262, "dt50": {"system": 6.0, "soil": 88.3416314924122, "surfaceWater": 6.0, "sediment": 6.0}, "plant_uptake": 0.0, "name": "Compound -7805694503281168012", "model_specific_data": {}, "metabolites": [{"formation_fraction": 0.2, "metabolite": {"molarMass": 300.0, "water_solubility": 0.03051885032868965, "vapor_pressure": 5.498834804750348e-09, "reference_temperature": 20.0, "koc": 104.53855473832432, "freundlich": 0.8217994866289845, "dt50": {"system": 6.0, "soil": 169.45524010623004, "surfaceWater": 6.0, "sediment": 6.0}, "plant_uptake": 0.5, "name": "Compound 8746770544930620549", "model_specific_data": {}, "metabolites": []}}]}}