{"gap": {"type": "relative", "arguments": {"name": "GAP -296091488377847865", "modelCrop": "WC", "rate": 250.0, "apply_every_n_years": 1, "number_of_applications": 2, "interval": 14, "model_specific_data": {}, "bbch": 31, "season": 0}}, "compound": {"molarMass": 300.0, "water_solubility": 0.1539390849268603, "vapor_pressure": 6.364276243295644e-06, "reference_temperature": 20.0, "koc": 100.70149075012446, "freundlich": 0.8141895142797357, "dt50": {"system": 6.0, "soil": 2.6631774522475484, "surfaceWater": 6.0, "sediment": 6.0}, "plant_uptake": 0.0, "name": "Compound 4322948482902142440", "model_specific_data": {}, "metabolites": [{"formation_fraction": 0.2, "metabolite": {"molarMass": 300.0, "water_solubility": 0.0012464957033548286, "vapor_pressure": 5.373708301631007e-07, "reference_temperature": 20.0, "koc": 962.509431830279, "freundlich": 1.1601676026524474, "dt50": {"system": 6.0, "soil": 76.1633602433805, "surfaceWater": 6.0, "sediment": 6.0}, "plant_uptake": 0.5, "name": "Compound -789344227962421204", "model_specific_data": {}, "metabolites": []}}]}}