{"gap": {"type": "relative", "arguments": {"name": "GAP -296091488377847865", "modelCrop": "WC", "rate": 250.0, "apply_every_n_years": 1, "number_of_applications": 2, "interval": 14, "model_specific_data": {}, "bbch": 31, "season": 0}}, "compound": {"molarMass": 300.0, "water_solubility": 0.0005490072441524798, "vapor_pressure": 1.0091033028334715e-05, "reference_temperature": 20.0, "koc": 2793.055178030199, "freundlich": 0.9168968997342716, "dt50": {"system": 6.0, "soil": 196.36074719306865, "surfaceWater": 6.0, "sediment": 6.0}, "plant_uptake": 0.0, "name": "Compound 5117203633788914642", "model_specific_data": {}, "metabolites": [{"formation_fraction": 0.2, "metabolite": {"molarMass": 300.0, "water_solubility": 0.00011850049114548151, "vapor_pressure": 4.854228725749989e-08, "reference_temperature": 20.0, "koc": 725.4403302338826, "freundlich": 0.9354418065201426, "dt50": {"system": 6.0, "soil": 10.366750660262346, "surfaceWater": 6.0, "sediment": 6.0}, "plant_uptake": 0.5, "name": "Compound -2092339358094956250", "model_specific_data": {}, "metabolites": []}}]}}