{"gap": {"type": "relative", "arguments": {"name": "GAP -296091488377847865", "modelCrop": "WC", "rate": 250.0, "apply_every_n_years": 1, "number_of_applications": 2, "interval": 14, "model_specific_data": {}, "bbch": 31, "season": 0}}, "compound": {"molarMass": 300.0, "water_solubility": 0.32954978918631184, "vapor_pressure": 3.261020582602074e-07, "reference_temperature": 20.0, "koc": 80.02662093471665, "freundlich": 1.076530624461728, "dt50": {"system": 6.0, "soil": 117.84569040308972, "surfaceWater": 6.0, "sediment": 6.0}, "plant_uptake": 0.0, "name": "Compound -4863099272592524220", "model_specific_data": {}, "metabolites": [{"formation_fraction": 0.2, "metabolite": {"molarMass": 300.0, "water_solubility": 0.015350807838259747, "vapor_pressure": 0.0002871606936264567, "reference_temperature": 20.0, "koc": 461.2183472868603, "freundlich": 0.8947008122296214, "dt50": {"system": 6.0, "soil": 203.20892098047878, "surfaceWater": 6.0, "sediment": 6.0}, "plant_uptake": 0.5, "name": "Compound 3054326697827001895", "model_specific_data": {}, "metabolites": []}}]}}