{"gap": {"type": "relative", "arguments": {"name": "GAP -296091488377847865", "modelCrop": "WC", "rate": 250.0, "apply_every_n_years": 1, "number_of_applications": 2, "interval": 14, "model_specific_data": {}, "bbch": 31, "season": 0}}, "compound": {"molarMass": 300.0, "water_solubility": 0.5895674365568052, "vapor_pressure": 3.291273989515062e-05, "reference_temperature": 20.0, "koc": 394.77492068484037, "freundlich": 0.7779009682984455, "dt50": {"system": 6.0, "soil": 191.39284190264905, "surfaceWater": 6.0, "sediment": 6.0}, "plant_uptake": 0.0, "name": "Compound 1310062959766075906", "model_specific_data": {}, "metabolites": [{"formation_fraction": 0.2, "metabolite": {"molarMass": 300.0, "water_solubility": 0.40714482233274263, "vapor_pressure": 2.1951726125994625e-06, "reference_temperature": 20.0, "koc": 30.931231633719783, "freundlich": 1.1382020542029179, "dt50": {"system": 6.0, "soil": 111.16923184762112, "surfaceWater": 6.0, "sediment": 6.0}, "plant_uptake": 0.5, "name": "Compound -6328553167668856756", "model_specific_data": {}, "metabolites": []}}]}}