{"gap": {"type": "relative", "arguments": {"name": "GAP -296091488377847865", "modelCrop": "WC", "rate": 250.0, "apply_every_n_years": 1, "number_of_applications": 2, "interval": 14, "model_specific_data": {}, "bbch": 31, "season": 0}}, "compound": {"molarMass": 300.0, "water_solubility": 0.0007477300713533556, "vapor_pressure": 0.012629039907904307, "reference_temperature": 20.0, "koc": 52.21811627181178, "freundlich": 0.8302727001088162, "dt50": {"system": 6.0, "soil": 180.02333331766835, "surfaceWater": 6.0, "sediment": 6.0}, "plant_uptake": 0.0, "name": "Compound 200305424420002150", "model_specific_data": {}, "metabolites": [{"formation_fraction": 0.2, "metabolite": {"molarMass": 300.0, "water_solubility": 0.000837350321264612, "vapor_pressure": 1.384279779489574e-06, "reference_temperature": 20.0, "koc": 59.089327502656076, "freundlich": 0.975192250274692, "dt50": {"system": 6.0, "soil": 268.7265397291952, "surfaceWater": 6.0, "sediment": 6.0}, "plant_uptake": 0.5, "name": "Compound 2298355171726704879", "model_specific_data": {}, "metabolites": []}}]}}