{"gap": {"type": "relative", "arguments": {"name": "GAP -296091488377847865", "modelCrop": "WC", "rate": 250.0, "apply_every_n_years": 1, "number_of_applications": 2, "interval": 14, "model_specific_data": {}, "bbch": 31, "season": 0}}, "compound": {"molarMass": 300.0, "water_solubility": 0.025044407749412315, "vapor_pressure": 2.2467513307558012e-06, "reference_temperature": 20.0, "koc": 555.4112514739916, "freundlich": 1.0159187960474263, "dt50": {"system": 6.0, "soil": 57.544214366209225, "surfaceWater": 6.0, "sediment": 6.0}, "plant_uptake": 0.0, "name": "Compound 7782079034473582357", "model_specific_data": {}, "metabolites": [{"formation_fraction": 0.2, "metabolite": {"molarMass": 300.0, "water_solubility": 0.0008805300609747135, "vapor_pressure": 0.00014360082272817928, "reference_temperature": 20.0, "koc": 86.30021131634658, "freundlich": 0.7016096111992829, "dt50": {"system": 6.0, "soil": 116.47372545174795, "surfaceWater": 6.0, "sediment": 6.0}, "plant_uptake": 0.5, "name": "Compound 1120926800936126190", "model_specific_data": {}, "metabolites": []}}]}}