{"gap": {"type": "relative", "arguments": {"name": "GAP -296091488377847865", "modelCrop": "WC", "rate": 250.0, "apply_every_n_years": 1, "number_of_applications": 2, "interval": 14, "model_specific_data": {}, "bbch": 31, "season": 0}}, "compound": {"molarMass": 300.0, "water_solubility": 0.0854560135230047, "vapor_pressure": 4.975291202181105e-07, "reference_temperature": 20.0, "koc": 23.43649785414282, "freundlich": 0.8866271715011185, "dt50": {"system": 6.0, "soil": 229.97477921224575, "surfaceWater": 6.0, "sediment": 6.0}, "plant_uptake": 0.0, "name": "Compound -142770538733128882", "model_specific_data": {}, "metabolites": [{"formation_fraction": 0.2, "metabolite": {"molarMass": 300.0, "water_solubility": 0.0005931993217418674, "vapor_pressure": 1.0671136310917965e-07, "reference_temperature": 20.0, "koc": 4185.897948855356, "freundlich": 0.9327782140667951, "dt50": {"system": 6.0, "soil": 292.39259503108445, "surfaceWater": 6.0, "sediment": 6.0}, "plant_uptake": 0.5, "name": "Compound 974607755993898535", "model_specific_data": {}, "metabolites": []}}]}}