{"gap": {"type": "relative", "arguments": {"name": "GAP -296091488377847865", "modelCrop": "WC", "rate": 250.0, "apply_every_n_years": 1, "number_of_applications": 2, "interval": 14, "model_specific_data": {}, "bbch": 31, "season": 0}}, "compound": {"molarMass": 300.0, "water_solubility": 0.1901684039697101, "vapor_pressure": 5.965823746133548e-07, "reference_temperature": 20.0, "koc": 957.9980205367499, "freundlich": 0.7484798487657406, "dt50": {"system": 6.0, "soil": 28.240566077494883, "surfaceWater": 6.0, "sediment": 6.0}, "plant_uptake": 0.0, "name": "Compound -5850970206001978288", "model_specific_data": {}, "metabolites": [{"formation_fraction": 0.2, "metabolite": {"molarMass": 300.0, "water_solubility": 1.03600768551193, "vapor_pressure": 3.9875325683623015e-07, "reference_temperature": 20.0, "koc": 3214.953090951733, "freundlich": 0.7150731055252197, "dt50": {"system": 6.0, "soil": 122.7660552277127, "surfaceWater": 6.0, "sediment": 6.0}, "plant_uptake": 0.5, "name": "Compound 1441562620458987311", "model_specific_data": {}, "metabolites": []}}]}}