{"gap": {"type": "relative", "arguments": {"name": "GAP -296091488377847865", "modelCrop": "WC", "rate": 250.0, "apply_every_n_years": 1, "number_of_applications": 2, "interval": 14, "model_specific_data": {}, "bbch": 31, "season": 0}}, "compound": {"molarMass": 300.0, "water_solubility": 0.062239495269050524, "vapor_pressure": 4.950701720631694e-06, "reference_temperature": 20.0, "koc": 186.9020443971032, "freundlich": 0.9849101278810946, "dt50": {"system": 6.0, "soil": 6.826096711456892, "surfaceWater": 6.0, "sediment": 6.0}, "plant_uptake": 0.0, "name": "Compound 1957462213965317419", "model_specific_data": {}, "metabolites": [{"formation_fraction": 0.2, "metabolite": {"molarMass": 300.0, "water_solubility": 1.2795022620364411, "vapor_pressure": 8.267157092208877e-06, "reference_temperature": 20.0, "koc": 128.2413087861486, "freundlich": 0.7810019214689234, "dt50": {"system": 6.0, "soil": 260.5024587221997, "surfaceWater": 6.0, "sediment": 6.0}, "plant_uptake": 0.5, "name": "Compound 5713976626521097031", "model_specific_data": {}, "metabolites": []}}]}}