{"gap": {"type": "relative", "arguments": {"name": "GAP -296091488377847865", "modelCrop": "WC", "rate": 250.0, "apply_every_n_years": 1, "number_of_applications": 2, "interval": 14, "model_specific_data": {}, "bbch": 31, "season": 0}}, "compound": {"molarMass": 300.0, "water_solubility": 0.0129879191550169, "vapor_pressure": 5.1123629097189294e-08, "reference_temperature": 20.0, "koc": 4601.460653758015, "freundlich": 1.12093024516277, "dt50": {"system": 6.0, "soil": 288.3886702957275, "surfaceWater": 6.0, "sediment": 6.0}, "plant_uptake": 0.0, "name": "Compound 6896817278593745901", "model_specific_data": {}, "metabolites": [{"formation_fraction": 0.2, "metabolite": {"molarMass": 300.0, "water_solubility": 0.004471210354285283, "vapor_pressure": 3.6063188315998744e-09, "reference_temperature": 20.0, "koc": 60.731945762491335, "freundlich": 0.7036197120312147, "dt50": {"system": 6.0, "soil": 61.34115100682141, "surfaceWater": 6.0, "sediment": 6.0}, "plant_uptake": 0.5, "name": "Compound 2204585337611542702", "model_specific_data": {}, "metabolites": []}}]}}