{"gap": {"type": "relative", "arguments": {"name": "GAP -296091488377847865", "modelCrop": "WC", "rate": 250.0, "apply_every_n_years": 1, "number_of_applications": 2, "interval": 14, "model_specific_data": {}, "bbch": 31, "season": 0}}, "compound": {"molarMass": 300.0, "water_solubility": 0.24050551181264843, "vapor_pressure": 1.278335502835599e-05, "reference_temperature": 20.0, "koc": 235.3566886697439, "freundlich": 0.7797483109542196, "dt50": {"system": 6.0, "soil": 203.20901990738076, "surfaceWater": 6.0, "sediment": 6.0}, "plant_uptake": 0.0, "name": "Compound 2692536364966971413", "model_specific_data": {}, "metabolites": [{"formation_fraction": 0.2, "metabolite": {"molarMass": 300.0, "water_solubility": 0.17170279807620073, "vapor_pressure": 0.00020402763964835034, "reference_temperature": 20.0, "koc": 26.183363105232768, "freundlich": 0.7610013728444844, "dt50": {"system": 6.0, "soil": 240.93755539684622, "surfaceWater": 6.0, "sediment": 6.0}, "plant_uptake": 0.5, "name": "Compound 9030645781800476348", "model_specific_data": {}, "metabolites": []}}]}}