{"gap": {"type": "relative", "arguments": {"name": "GAP -296091488377847865", "modelCrop": "WC", "rate": 250.0, "apply_every_n_years": 1, "number_of_applications": 2, "interval": 14, "model_specific_data": {}, "bbch": 31, "season": 0}}, "compound": {"molarMass": 300.0, "water_solubility": 0.004173114979933208, "vapor_pressure": 3.652750273699534e-08, "reference_temperature": 20.0, "koc": 10.909610866353015, "freundlich": 0.9827869271125171, "dt50": {"system": 6.0, "soil": 195.63580452431506, "surfaceWater": 6.0, "sediment": 6.0}, "plant_uptake": 0.0, "name": "Compound -7937851140105024614", "model_specific_data": {}, "metabolites": [{"formation_fraction": 0.2, "metabolite": {"molarMass": 300.0, "water_solubility": 0.3467208485733413, "vapor_pressure": 1.9479369710588005e-07, "reference_temperature": 20.0, "koc": 1878.2657803640575, "freundlich": 0.9176482264785779, "dt50": {"system": 6.0, "soil": 220.25148155944223, "surfaceWater": 6.0, "sediment": 6.0}, "plant_uptake": 0.5, "name": "Compound -8838221325501178783", "model_specific_data": {}, "metabolites": []}}]}}