{"gap": {"type": "relative", "arguments": {"name": "GAP -296091488377847865", "modelCrop": "WC", "rate": 250.0, "apply_every_n_years": 1, "number_of_applications": 2, "interval": 14, "model_specific_data": {}, "bbch": 31, "season": 0}}, "compound": {"molarMass": 300.0, "water_solubility": 0.0018445973052807821, "vapor_pressure": 6.456645535184154e-05, "reference_temperature": 20.0, "koc": 1774.9118761556724, "freundlich": 1.1978536745197899, "dt50": {"system": 6.0, "soil": 124.50607527389283, "surfaceWater": 6.0, "sediment": 6.0}, "plant_uptake": 0.0, "name": "Compound -5065026834030771818", "model_specific_data": {}, "metabolites": [{"formation_fraction": 0.2, "metabolite": {"molarMass": 300.0, "water_solubility": 8.402656878573907, "vapor_pressure": 7.511898512710614e-07, "reference_temperature": 20.0, "koc": 937.1283315215941, "freundlich": 0.7894734274135737, "dt50": {"system": 6.0, "soil": 74.78923981104644, "surfaceWater": 6.0, "sediment": 6.0}, "plant_uptake": 0.5, "name": "Compound 3177409067090785059", "model_specific_data": {}, "metabolites": []}}]}}