{"gap": {"type": "relative", "arguments": {"name": "GAP -296091488377847865", "modelCrop": "WC", "rate": 250.0, "apply_every_n_years": 1, "number_of_applications": 2, "interval": 14, "model_specific_data": {}, "bbch": 31, "season": 0}}, "compound": {"molarMass": 300.0, "water_solubility": 0.017384674148150554, "vapor_pressure": 1.2828696051866664e-05, "reference_temperature": 20.0, "koc": 313.0769609922235, "freundlich": 1.0406407617971005, "dt50": {"system": 6.0, "soil": 200.27754947935674, "surfaceWater": 6.0, "sediment": 6.0}, "plant_uptake": 0.0, "name": "Compound 1237541365165768873", "model_specific_data": {}, "metabolites": [{"formation_fraction": 0.2, "metabolite": {"molarMass": 300.0, "water_solubility": 0.0007737461696320514, "vapor_pressure": 1.8911538453469077e-08, "reference_temperature": 20.0, "koc": 10.43208303768924, "freundlich": 0.909738287323018, "dt50": {"system": 6.0, "soil": 266.3121543373832, "surfaceWater": 6.0, "sediment": 6.0}, "plant_uptake": 0.5, "name": "Compound 8887173998046000739", "model_specific_data": {}, "metabolites": []}}]}}