{"gap": {"type": "relative", "arguments": {"name": "GAP -296091488377847865", "modelCrop": "WC", "rate": 250.0, "apply_every_n_years": 1, "number_of_applications": 2, "interval": 14, "model_specific_data": {}, "bbch": 31, "season": 0}}, "compound": {"molarMass": 300.0, "water_solubility": 0.00252736520704449, "vapor_pressure": 3.074937089990101e-05, "reference_temperature": 20.0, "koc": 1709.7662018613064, "freundlich": 0.9532812332946511, "dt50": {"system": 6.0, "soil": 295.28661402316175, "surfaceWater": 6.0, "sediment": 6.0}, "plant_uptake": 0.0, "name": "Compound 2981497673518583027", "model_specific_data": {}, "metabolites": [{"formation_fraction": 0.2, "metabolite": {"molarMass": 300.0, "water_solubility": 0.3032243282509996, "vapor_pressure": 2.2975646541092245e-07, "reference_temperature": 20.0, "koc": 4846.4642096514335, "freundlich": 0.9127545418302714, "dt50": {"system": 6.0, "soil": 163.54109695208228, "surfaceWater": 6.0, "sediment": 6.0}, "plant_uptake": 0.5, "name": "Compound -8836319837913354363", "model_specific_data": {}, "metabolites": []}}]}}