{"gap": {"type": "relative", "arguments": {"name": "GAP -296091488377847865", "modelCrop": "WC", "rate": 250.0, "apply_every_n_years": 1, "number_of_applications": 2, "interval": 14, "model_specific_data": {}, "bbch": 31, "season": 0}}, "compound": {"molarMass": 300.0, "water_solubility": 0.012309701729284864, "vapor_pressure": 9.14048283817572e-06, "reference_temperature": 20.0, "koc": 1655.649985870036, "freundlich": 1.0922105411893879, "dt50": {"system": 6.0, "soil": 60.757247570220244, "surfaceWater": 6.0, "sediment": 6.0}, "plant_uptake": 0.0, "name": "Compound 3422154281201065793", "model_specific_data": {}, "metabolites": [{"formation_fraction": 0.2, "metabolite": {"molarMass": 300.0, "water_solubility": 0.01797540660960227, "vapor_pressure": 7.123864542650405e-06, "reference_temperature": 20.0, "koc": 152.4528332998111, "freundlich": 0.8587430224166919, "dt50": {"system": 6.0, "soil": 220.48245703602856, "surfaceWater": 6.0, "sediment": 6.0}, "plant_uptake": 0.5, "name": "Compound 5841251862598635210", "model_specific_data": {}, "metabolites": []}}]}}