{"gap": {"type": "relative", "arguments": {"name": "GAP -296091488377847865", "modelCrop": "WC", "rate": 250.0, "apply_every_n_years": 1, "number_of_applications": 2, "interval": 14, "model_specific_data": {}, "bbch": 31, "season": 0}}, "compound": {"molarMass": 300.0, "water_solubility": 0.00046734753791980083, "vapor_pressure": 1.5533505379296293e-07, "reference_temperature": 20.0, "koc": 439.7489380115689, "freundlich": 0.7653283441013541, "dt50": {"system": 6.0, "soil": 178.22041941474475, "surfaceWater": 6.0, "sediment": 6.0}, "plant_uptake": 0.0, "name": "Compound 9176638419320885620", "model_specific_data": {}, "metabolites": [{"formation_fraction": 0.2, "metabolite": {"molarMass": 300.0, "water_solubility": 0.5024952110669597, "vapor_pressure": 2.46923465976009e-06, "reference_temperature": 20.0, "koc": 1327.8837988369742, "freundlich": 0.8040455294912314, "dt50": {"system": 6.0, "soil": 174.49379445443114, "surfaceWater": 6.0, "sediment": 6.0}, "plant_uptake": 0.5, "name": "Compound -4786868902425228613", "model_specific_data": {}, "metabolites": []}}]}}