{"gap": {"type": "relative", "arguments": {"name": "GAP -296091488377847865", "modelCrop": "WC", "rate": 250.0, "apply_every_n_years": 1, "number_of_applications": 2, "interval": 14, "model_specific_data": {}, "bbch": 31, "season": 0}}, "compound": {"molarMass": 300.0, "water_solubility": 0.009948781671026995, "vapor_pressure": 1.2536034156553928e-07, "reference_temperature": 20.0, "koc": 810.4920647149173, "freundlich": 1.1875827448519387, "dt50": {"system": 6.0, "soil": 191.88349949282357, "surfaceWater": 6.0, "sediment": 6.0}, "plant_uptake": 0.0, "name": "Compound 796000923792415242", "model_specific_data": {}, "metabolites": [{"formation_fraction": 0.2, "metabolite": {"molarMass": 300.0, "water_solubility": 0.000804445180933639, "vapor_pressure": 1.861854691863279e-06, "reference_temperature": 20.0, "koc": 1617.5343252890366, "freundlich": 0.9637366746588746, "dt50": {"system": 6.0, "soil": 271.3085810493179, "surfaceWater": 6.0, "sediment": 6.0}, "plant_uptake": 0.5, "name": "Compound -6745819334369326833", "model_specific_data": {}, "metabolites": []}}]}}