{"gap": {"type": "relative", "arguments": {"name": "GAP -296091488377847865", "modelCrop": "WC", "rate": 250.0, "apply_every_n_years": 1, "number_of_applications": 2, "interval": 14, "model_specific_data": {}, "bbch": 31, "season": 0}}, "compound": {"molarMass": 300.0, "water_solubility": 0.0013668530895506893, "vapor_pressure": 1.066708893071787e-05, "reference_temperature": 20.0, "koc": 191.10720519573235, "freundlich": 0.885615319113393, "dt50": {"system": 6.0, "soil": 199.27068766810575, "surfaceWater": 6.0, "sediment": 6.0}, "plant_uptake": 0.0, "name": "Compound 1543709452511030080", "model_specific_data": {}, "metabolites": [{"formation_fraction": 0.2, "metabolite": {"molarMass": 300.0, "water_solubility": 0.007751508636491372, "vapor_pressure": 0.016592609383039032, "reference_temperature": 20.0, "koc": 64.7358185878481, "freundlich": 0.8746178388601648, "dt50": {"system": 6.0, "soil": 81.82948654360514, "surfaceWater": 6.0, "sediment": 6.0}, "plant_uptake": 0.5, "name": "Compound -2889178653428894306", "model_specific_data": {}, "metabolites": []}}]}}