{"gap": {"type": "relative", "arguments": {"name": "GAP -296091488377847865", "modelCrop": "WC", "rate": 250.0, "apply_every_n_years": 1, "number_of_applications": 2, "interval": 14, "model_specific_data": {}, "bbch": 31, "season": 0}}, "compound": {"molarMass": 300.0, "water_solubility": 0.41372588719272035, "vapor_pressure": 2.5846501867996772e-05, "reference_temperature": 20.0, "koc": 40.50898305259015, "freundlich": 0.717182122975993, "dt50": {"system": 6.0, "soil": 57.54815213393442, "surfaceWater": 6.0, "sediment": 6.0}, "plant_uptake": 0.0, "name": "Compound -4340510080913455325", "model_specific_data": {}, "metabolites": [{"formation_fraction": 0.2, "metabolite": {"molarMass": 300.0, "water_solubility": 0.037027004913754165, "vapor_pressure": 1.1174183522413378e-07, "reference_temperature": 20.0, "koc": 12.561096353629718, "freundlich": 0.8364247366888542, "dt50": {"system": 6.0, "soil": 206.24147042910604, "surfaceWater": 6.0, "sediment": 6.0}, "plant_uptake": 0.5, "name": "Compound 6989142910853299419", "model_specific_data": {}, "metabolites": []}}]}}