{"gap": {"type": "relative", "arguments": {"name": "GAP -296091488377847865", "modelCrop": "WC", "rate": 250.0, "apply_every_n_years": 1, "number_of_applications": 2, "interval": 14, "model_specific_data": {}, "bbch": 31, "season": 0}}, "compound": {"molarMass": 300.0, "water_solubility": 0.004359053253304971, "vapor_pressure": 2.3309418100077447e-06, "reference_temperature": 20.0, "koc": 105.96329994256111, "freundlich": 0.701749890400359, "dt50": {"system": 6.0, "soil": 56.57175547946254, "surfaceWater": 6.0, "sediment": 6.0}, "plant_uptake": 0.0, "name": "Compound 6860111453336099594", "model_specific_data": {}, "metabolites": [{"formation_fraction": 0.2, "metabolite": {"molarMass": 300.0, "water_solubility": 0.013450159163843864, "vapor_pressure": 5.9944902590086704e-05, "reference_temperature": 20.0, "koc": 125.30899544159045, "freundlich": 1.021789848026092, "dt50": {"system": 6.0, "soil": 253.2294761408805, "surfaceWater": 6.0, "sediment": 6.0}, "plant_uptake": 0.5, "name": "Compound 6764325307297073345", "model_specific_data": {}, "metabolites": []}}]}}