{"gap": {"type": "relative", "arguments": {"name": "GAP -296091488377847865", "modelCrop": "WC", "rate": 250.0, "apply_every_n_years": 1, "number_of_applications": 2, "interval": 14, "model_specific_data": {}, "bbch": 31, "season": 0}}, "compound": {"molarMass": 300.0, "water_solubility": 0.007516008731286233, "vapor_pressure": 1.668178435748005e-06, "reference_temperature": 20.0, "koc": 1524.9544152511498, "freundlich": 0.932528616105895, "dt50": {"system": 6.0, "soil": 130.42158431439495, "surfaceWater": 6.0, "sediment": 6.0}, "plant_uptake": 0.0, "name": "Compound -5484725760970804855", "model_specific_data": {}, "metabolites": [{"formation_fraction": 0.2, "metabolite": {"molarMass": 300.0, "water_solubility": 0.0005878118003696586, "vapor_pressure": 0.0001820299072458266, "reference_temperature": 20.0, "koc": 13.398394970678536, "freundlich": 1.0195219166001208, "dt50": {"system": 6.0, "soil": 186.77035567963, "surfaceWater": 6.0, "sediment": 6.0}, "plant_uptake": 0.5, "name": "Compound 5695287116963252999", "model_specific_data": {}, "metabolites": []}}]}}