{"gap": {"type": "relative", "arguments": {"name": "GAP -296091488377847865", "modelCrop": "WC", "rate": 250.0, "apply_every_n_years": 1, "number_of_applications": 2, "interval": 14, "model_specific_data": {}, "bbch": 31, "season": 0}}, "compound": {"molarMass": 300.0, "water_solubility": 0.00016678813009263842, "vapor_pressure": 0.0026262854232667757, "reference_temperature": 20.0, "koc": 1393.1222423564511, "freundlich": 0.7041525814612184, "dt50": {"system": 6.0, "soil": 136.2291108603013, "surfaceWater": 6.0, "sediment": 6.0}, "plant_uptake": 0.0, "name": "Compound -601608912314844630", "model_specific_data": {}, "metabolites": [{"formation_fraction": 0.2, "metabolite": {"molarMass": 300.0, "water_solubility": 0.011397918844959066, "vapor_pressure": 0.0006140221896769215, "reference_temperature": 20.0, "koc": 114.5244907972774, "freundlich": 1.0054221050938756, "dt50": {"system": 6.0, "soil": 265.8920301417307, "surfaceWater": 6.0, "sediment": 6.0}, "plant_uptake": 0.5, "name": "Compound 234809956317156367", "model_specific_data": {}, "metabolites": []}}]}}