{"gap": {"type": "relative", "arguments": {"name": "GAP -296091488377847865", "modelCrop": "WC", "rate": 250.0, "apply_every_n_years": 1, "number_of_applications": 2, "interval": 14, "model_specific_data": {}, "bbch": 31, "season": 0}}, "compound": {"molarMass": 300.0, "water_solubility": 0.014430045476693708, "vapor_pressure": 2.0389785696860805e-08, "reference_temperature": 20.0, "koc": 2979.253602964574, "freundlich": 0.9652390283795655, "dt50": {"system": 6.0, "soil": 170.66685863392752, "surfaceWater": 6.0, "sediment": 6.0}, "plant_uptake": 0.0, "name": "Compound 2297918850215997877", "model_specific_data": {}, "metabolites": [{"formation_fraction": 0.2, "metabolite": {"molarMass": 300.0, "water_solubility": 0.2202682123276589, "vapor_pressure": 4.373384557840386e-06, "reference_temperature": 20.0, "koc": 19.262266490357398, "freundlich": 1.072620912969255, "dt50": {"system": 6.0, "soil": 120.86244701630314, "surfaceWater": 6.0, "sediment": 6.0}, "plant_uptake": 0.5, "name": "Compound 491099220232276950", "model_specific_data": {}, "metabolites": []}}]}}