{"gap": {"type": "relative", "arguments": {"name": "GAP -296091488377847865", "modelCrop": "WC", "rate": 250.0, "apply_every_n_years": 1, "number_of_applications": 2, "interval": 14, "model_specific_data": {}, "bbch": 31, "season": 0}}, "compound": {"molarMass": 300.0, "water_solubility": 0.010756387743773604, "vapor_pressure": 0.03050534295343346, "reference_temperature": 20.0, "koc": 2750.8500571683517, "freundlich": 1.0838342371715715, "dt50": {"system": 6.0, "soil": 88.93681526566955, "surfaceWater": 6.0, "sediment": 6.0}, "plant_uptake": 0.0, "name": "Compound 6161898411599443666", "model_specific_data": {}, "metabolites": [{"formation_fraction": 0.2, "metabolite": {"molarMass": 300.0, "water_solubility": 0.29374987256543533, "vapor_pressure": 3.800838193898877e-05, "reference_temperature": 20.0, "koc": 167.91396229294403, "freundlich": 1.0037446758647866, "dt50": {"system": 6.0, "soil": 199.48494604893932, "surfaceWater": 6.0, "sediment": 6.0}, "plant_uptake": 0.5, "name": "Compound 8413225587438738931", "model_specific_data": {}, "metabolites": []}}]}}