{"gap": {"type": "relative", "arguments": {"name": "GAP -296091488377847865", "modelCrop": "WC", "rate": 250.0, "apply_every_n_years": 1, "number_of_applications": 2, "interval": 14, "model_specific_data": {}, "bbch": 31, "season": 0}}, "compound": {"molarMass": 300.0, "water_solubility": 0.00882409988681114, "vapor_pressure": 2.5806294516465296e-05, "reference_temperature": 20.0, "koc": 18.823058661472345, "freundlich": 0.8517196586888045, "dt50": {"system": 6.0, "soil": 280.4564022019225, "surfaceWater": 6.0, "sediment": 6.0}, "plant_uptake": 0.0, "name": "Compound -3159740373829120894", "model_specific_data": {}, "metabolites": [{"formation_fraction": 0.2, "metabolite": {"molarMass": 300.0, "water_solubility": 0.027110947279277868, "vapor_pressure": 6.998442460253499e-06, "reference_temperature": 20.0, "koc": 197.22794812028613, "freundlich": 1.000737879239038, "dt50": {"system": 6.0, "soil": 177.46335575683645, "surfaceWater": 6.0, "sediment": 6.0}, "plant_uptake": 0.5, "name": "Compound -2652935561997551755", "model_specific_data": {}, "metabolites": []}}]}}