{"gap": {"type": "relative", "arguments": {"name": "GAP -296091488377847865", "modelCrop": "WC", "rate": 250.0, "apply_every_n_years": 1, "number_of_applications": 2, "interval": 14, "model_specific_data": {}, "bbch": 31, "season": 0}}, "compound": {"molarMass": 300.0, "water_solubility": 0.012048970486743981, "vapor_pressure": 1.079496501768549e-06, "reference_temperature": 20.0, "koc": 2208.4098499959523, "freundlich": 0.8049575012634719, "dt50": {"system": 6.0, "soil": 4.864289850590721, "surfaceWater": 6.0, "sediment": 6.0}, "plant_uptake": 0.0, "name": "Compound -2319924231396752553", "model_specific_data": {}, "metabolites": [{"formation_fraction": 0.2, "metabolite": {"molarMass": 300.0, "water_solubility": 0.000260441526172912, "vapor_pressure": 1.7833676826629387e-05, "reference_temperature": 20.0, "koc": 14.492634705902613, "freundlich": 1.0648884427954393, "dt50": {"system": 6.0, "soil": 105.11997032350627, "surfaceWater": 6.0, "sediment": 6.0}, "plant_uptake": 0.5, "name": "Compound 7052095846278758432", "model_specific_data": {}, "metabolites": []}}]}}