{"gap": {"type": "relative", "arguments": {"name": "GAP -296091488377847865", "modelCrop": "WC", "rate": 250.0, "apply_every_n_years": 1, "number_of_applications": 2, "interval": 14, "model_specific_data": {}, "bbch": 31, "season": 0}}, "compound": {"molarMass": 300.0, "water_solubility": 0.0027497413666867383, "vapor_pressure": 3.6716139588737307e-06, "reference_temperature": 20.0, "koc": 114.66813946339802, "freundlich": 1.109788134718203, "dt50": {"system": 6.0, "soil": 126.17070948814575, "surfaceWater": 6.0, "sediment": 6.0}, "plant_uptake": 0.0, "name": "Compound 5609168281122431119", "model_specific_data": {}, "metabolites": [{"formation_fraction": 0.2, "metabolite": {"molarMass": 300.0, "water_solubility": 0.04627856976319782, "vapor_pressure": 0.005710754660080602, "reference_temperature": 20.0, "koc": 335.04371030598065, "freundlich": 0.9353945643271766, "dt50": {"system": 6.0, "soil": 10.870537786280694, "surfaceWater": 6.0, "sediment": 6.0}, "plant_uptake": 0.5, "name": "Compound -8489040471014251394", "model_specific_data": {}, "metabolites": []}}]}}