{"gap": {"type": "relative", "arguments": {"name": "GAP -296091488377847865", "modelCrop": "WC", "rate": 250.0, "apply_every_n_years": 1, "number_of_applications": 2, "interval": 14, "model_specific_data": {}, "bbch": 31, "season": 0}}, "compound": {"molarMass": 300.0, "water_solubility": 0.0018132251461833383, "vapor_pressure": 2.240612922626886e-05, "reference_temperature": 20.0, "koc": 185.06919630496887, "freundlich": 1.0703152189429304, "dt50": {"system": 6.0, "soil": 79.50889297360348, "surfaceWater": 6.0, "sediment": 6.0}, "plant_uptake": 0.0, "name": "Compound -4333823062047016256", "model_specific_data": {}, "metabolites": [{"formation_fraction": 0.2, "metabolite": {"molarMass": 300.0, "water_solubility": 2.5100693289162265e-05, "vapor_pressure": 1.3050209212972956e-07, "reference_temperature": 20.0, "koc": 15.684075459910858, "freundlich": 0.7287416921657659, "dt50": {"system": 6.0, "soil": 260.9870099695771, "surfaceWater": 6.0, "sediment": 6.0}, "plant_uptake": 0.5, "name": "Compound -2577741246161354718", "model_specific_data": {}, "metabolites": []}}]}}