{"gap": {"type": "relative", "arguments": {"name": "GAP -296091488377847865", "modelCrop": "WC", "rate": 250.0, "apply_every_n_years": 1, "number_of_applications": 2, "interval": 14, "model_specific_data": {}, "bbch": 31, "season": 0}}, "compound": {"molarMass": 300.0, "water_solubility": 0.00020296219538271294, "vapor_pressure": 1.7996756137483151e-06, "reference_temperature": 20.0, "koc": 26.43857043290139, "freundlich": 0.8858560878301931, "dt50": {"system": 6.0, "soil": 117.92499798075505, "surfaceWater": 6.0, "sediment": 6.0}, "plant_uptake": 0.0, "name": "Compound -3910616417005339633", "model_specific_data": {}, "metabolites": [{"formation_fraction": 0.2, "metabolite": {"molarMass": 300.0, "water_solubility": 1.0793700787969414, "vapor_pressure": 1.6646129045879474e-05, "reference_temperature": 20.0, "koc": 255.57190958893375, "freundlich": 0.7677829224802284, "dt50": {"system": 6.0, "soil": 294.29827959878384, "surfaceWater": 6.0, "sediment": 6.0}, "plant_uptake": 0.5, "name": "Compound -8824299284229712739", "model_specific_data": {}, "metabolites": []}}]}}