{"gap": {"type": "relative", "arguments": {"name": "GAP -296091488377847865", "modelCrop": "WC", "rate": 250.0, "apply_every_n_years": 1, "number_of_applications": 2, "interval": 14, "model_specific_data": {}, "bbch": 31, "season": 0}}, "compound": {"molarMass": 300.0, "water_solubility": 0.004488264346098525, "vapor_pressure": 2.870296391084917e-05, "reference_temperature": 20.0, "koc": 10.815690781694594, "freundlich": 0.9626595296198486, "dt50": {"system": 6.0, "soil": 15.02737858652602, "surfaceWater": 6.0, "sediment": 6.0}, "plant_uptake": 0.0, "name": "Compound 4608727445074395707", "model_specific_data": {}, "metabolites": [{"formation_fraction": 0.2, "metabolite": {"molarMass": 300.0, "water_solubility": 0.018291221422485234, "vapor_pressure": 2.2960130373791407e-05, "reference_temperature": 20.0, "koc": 10.25053698580267, "freundlich": 0.7895450800237912, "dt50": {"system": 6.0, "soil": 146.21380834361963, "surfaceWater": 6.0, "sediment": 6.0}, "plant_uptake": 0.5, "name": "Compound -6716843232233999216", "model_specific_data": {}, "metabolites": []}}]}}