{"gap": {"type": "relative", "arguments": {"name": "GAP -296091488377847865", "modelCrop": "WC", "rate": 250.0, "apply_every_n_years": 1, "number_of_applications": 2, "interval": 14, "model_specific_data": {}, "bbch": 31, "season": 0}}, "compound": {"molarMass": 300.0, "water_solubility": 0.01605774992515084, "vapor_pressure": 3.761518760404495e-07, "reference_temperature": 20.0, "koc": 209.7997749443144, "freundlich": 0.9383080167621767, "dt50": {"system": 6.0, "soil": 253.61853229523737, "surfaceWater": 6.0, "sediment": 6.0}, "plant_uptake": 0.0, "name": "Compound -4287215449604688651", "model_specific_data": {}, "metabolites": [{"formation_fraction": 0.2, "metabolite": {"molarMass": 300.0, "water_solubility": 0.058674332932491725, "vapor_pressure": 2.3003176361049986e-07, "reference_temperature": 20.0, "koc": 2739.0039937650236, "freundlich": 0.8823741462841703, "dt50": {"system": 6.0, "soil": 291.1531193291363, "surfaceWater": 6.0, "sediment": 6.0}, "plant_uptake": 0.5, "name": "Compound -3281989498562811333", "model_specific_data": {}, "metabolites": []}}]}}