{"gap": {"type": "relative", "arguments": {"name": "GAP -296091488377847865", "modelCrop": "WC", "rate": 250.0, "apply_every_n_years": 1, "number_of_applications": 2, "interval": 14, "model_specific_data": {}, "bbch": 31, "season": 0}}, "compound": {"molarMass": 300.0, "water_solubility": 3.0465659628924254e-05, "vapor_pressure": 3.071848050626858e-05, "reference_temperature": 20.0, "koc": 148.2116905077045, "freundlich": 0.8849506370977749, "dt50": {"system": 6.0, "soil": 168.8348178282178, "surfaceWater": 6.0, "sediment": 6.0}, "plant_uptake": 0.0, "name": "Compound 3106505525557680938", "model_specific_data": {}, "metabolites": [{"formation_fraction": 0.2, "metabolite": {"molarMass": 300.0, "water_solubility": 0.046279131582697204, "vapor_pressure": 0.0008163455179826175, "reference_temperature": 20.0, "koc": 1562.1754521660255, "freundlich": 0.7165060766311262, "dt50": {"system": 6.0, "soil": 241.5904361443123, "surfaceWater": 6.0, "sediment": 6.0}, "plant_uptake": 0.5, "name": "Compound -4972285233799034108", "model_specific_data": {}, "metabolites": []}}]}}