{"gap": {"type": "relative", "arguments": {"name": "GAP -296091488377847865", "modelCrop": "WC", "rate": 250.0, "apply_every_n_years": 1, "number_of_applications": 2, "interval": 14, "model_specific_data": {}, "bbch": 31, "season": 0}}, "compound": {"molarMass": 300.0, "water_solubility": 0.0019187317190307032, "vapor_pressure": 2.20837472986718e-05, "reference_temperature": 20.0, "koc": 2344.6120803705244, "freundlich": 0.8448459716233625, "dt50": {"system": 6.0, "soil": 148.3172589633203, "surfaceWater": 6.0, "sediment": 6.0}, "plant_uptake": 0.0, "name": "Compound -6903416226445045428", "model_specific_data": {}, "metabolites": [{"formation_fraction": 0.2, "metabolite": {"molarMass": 300.0, "water_solubility": 0.0007149476300925529, "vapor_pressure": 3.562776048678348e-07, "reference_temperature": 20.0, "koc": 2174.24288290424, "freundlich": 1.1247834490522648, "dt50": {"system": 6.0, "soil": 216.0938130804523, "surfaceWater": 6.0, "sediment": 6.0}, "plant_uptake": 0.5, "name": "Compound 6530152993528761038", "model_specific_data": {}, "metabolites": []}}]}}