{"gap": {"type": "relative", "arguments": {"name": "GAP -296091488377847865", "modelCrop": "WC", "rate": 250.0, "apply_every_n_years": 1, "number_of_applications": 2, "interval": 14, "model_specific_data": {}, "bbch": 31, "season": 0}}, "compound": {"molarMass": 300.0, "water_solubility": 0.00927994665392025, "vapor_pressure": 0.05972421553995213, "reference_temperature": 20.0, "koc": 2091.2702023336115, "freundlich": 0.8249322844692081, "dt50": {"system": 6.0, "soil": 99.69418398381666, "surfaceWater": 6.0, "sediment": 6.0}, "plant_uptake": 0.0, "name": "Compound 5563811166305724796", "model_specific_data": {}, "metabolites": [{"formation_fraction": 0.2, "metabolite": {"molarMass": 300.0, "water_solubility": 0.0029985166695978573, "vapor_pressure": 3.4379138385311356e-07, "reference_temperature": 20.0, "koc": 115.68175204124522, "freundlich": 0.9091648776745673, "dt50": {"system": 6.0, "soil": 276.5544622631511, "surfaceWater": 6.0, "sediment": 6.0}, "plant_uptake": 0.5, "name": "Compound 7156611521588995118", "model_specific_data": {}, "metabolites": []}}]}}