{"gap": {"type": "relative", "arguments": {"name": "GAP -296091488377847865", "modelCrop": "WC", "rate": 250.0, "apply_every_n_years": 1, "number_of_applications": 2, "interval": 14, "model_specific_data": {}, "bbch": 31, "season": 0}}, "compound": {"molarMass": 300.0, "water_solubility": 0.009818973934897874, "vapor_pressure": 3.5060528258227757e-06, "reference_temperature": 20.0, "koc": 117.35711807332537, "freundlich": 0.8834896735128464, "dt50": {"system": 6.0, "soil": 181.2781332075197, "surfaceWater": 6.0, "sediment": 6.0}, "plant_uptake": 0.0, "name": "Compound 1264235401777617401", "model_specific_data": {}, "metabolites": [{"formation_fraction": 0.2, "metabolite": {"molarMass": 300.0, "water_solubility": 0.0001962047161599967, "vapor_pressure": 1.5209866615473788e-07, "reference_temperature": 20.0, "koc": 343.8827652027813, "freundlich": 1.145461769020661, "dt50": {"system": 6.0, "soil": 163.45519425344622, "surfaceWater": 6.0, "sediment": 6.0}, "plant_uptake": 0.5, "name": "Compound -4384226013397129854", "model_specific_data": {}, "metabolites": []}}]}}