{"gap": {"type": "relative", "arguments": {"name": "GAP -296091488377847865", "modelCrop": "WC", "rate": 250.0, "apply_every_n_years": 1, "number_of_applications": 2, "interval": 14, "model_specific_data": {}, "bbch": 31, "season": 0}}, "compound": {"molarMass": 300.0, "water_solubility": 0.5024516339034963, "vapor_pressure": 4.133995899284644e-06, "reference_temperature": 20.0, "koc": 4660.732110494099, "freundlich": 0.8545904422717892, "dt50": {"system": 6.0, "soil": 39.54546261406385, "surfaceWater": 6.0, "sediment": 6.0}, "plant_uptake": 0.0, "name": "Compound 9032323876075681342", "model_specific_data": {}, "metabolites": [{"formation_fraction": 0.2, "metabolite": {"molarMass": 300.0, "water_solubility": 0.009742769398814105, "vapor_pressure": 1.4451661250043174e-07, "reference_temperature": 20.0, "koc": 1098.7784870288046, "freundlich": 0.7853238065018258, "dt50": {"system": 6.0, "soil": 98.2156000528251, "surfaceWater": 6.0, "sediment": 6.0}, "plant_uptake": 0.5, "name": "Compound -2421179963422735872", "model_specific_data": {}, "metabolites": []}}]}}