{"gap": {"type": "relative", "arguments": {"name": "GAP -296091488377847865", "modelCrop": "WC", "rate": 250.0, "apply_every_n_years": 1, "number_of_applications": 2, "interval": 14, "model_specific_data": {}, "bbch": 31, "season": 0}}, "compound": {"molarMass": 300.0, "water_solubility": 0.04483126893610697, "vapor_pressure": 0.0005947927842455906, "reference_temperature": 20.0, "koc": 22.106750459173483, "freundlich": 0.8534830012727357, "dt50": {"system": 6.0, "soil": 295.3553521834666, "surfaceWater": 6.0, "sediment": 6.0}, "plant_uptake": 0.0, "name": "Compound -4361087258039788697", "model_specific_data": {}, "metabolites": [{"formation_fraction": 0.2, "metabolite": {"molarMass": 300.0, "water_solubility": 0.020003642745476585, "vapor_pressure": 0.0024319306647220145, "reference_temperature": 20.0, "koc": 73.84987902807214, "freundlich": 0.8932648117019635, "dt50": {"system": 6.0, "soil": 233.89696259485598, "surfaceWater": 6.0, "sediment": 6.0}, "plant_uptake": 0.5, "name": "Compound -5923397244953803776", "model_specific_data": {}, "metabolites": []}}]}}