{"gap": {"type": "relative", "arguments": {"name": "GAP -296091488377847865", "modelCrop": "WC", "rate": 250.0, "apply_every_n_years": 1, "number_of_applications": 2, "interval": 14, "model_specific_data": {}, "bbch": 31, "season": 0}}, "compound": {"molarMass": 300.0, "water_solubility": 0.00039348503918771666, "vapor_pressure": 1.883694636128907e-06, "reference_temperature": 20.0, "koc": 4872.27405501555, "freundlich": 1.1872775712240236, "dt50": {"system": 6.0, "soil": 31.019001127068307, "surfaceWater": 6.0, "sediment": 6.0}, "plant_uptake": 0.0, "name": "Compound 3009688506499147618", "model_specific_data": {}, "metabolites": [{"formation_fraction": 0.2, "metabolite": {"molarMass": 300.0, "water_solubility": 0.11564212877147474, "vapor_pressure": 0.0015982789764408287, "reference_temperature": 20.0, "koc": 12.58120559086378, "freundlich": 1.141314731005251, "dt50": {"system": 6.0, "soil": 268.86047998879707, "surfaceWater": 6.0, "sediment": 6.0}, "plant_uptake": 0.5, "name": "Compound 9134984649735891633", "model_specific_data": {}, "metabolites": []}}]}}