{"gap": {"type": "relative", "arguments": {"name": "GAP -296091488377847865", "modelCrop": "WC", "rate": 250.0, "apply_every_n_years": 1, "number_of_applications": 2, "interval": 14, "model_specific_data": {}, "bbch": 31, "season": 0}}, "compound": {"molarMass": 300.0, "water_solubility": 0.015215052732510283, "vapor_pressure": 3.308279951879021e-07, "reference_temperature": 20.0, "koc": 1076.7001719896623, "freundlich": 0.7068036420873527, "dt50": {"system": 6.0, "soil": 139.0926942267904, "surfaceWater": 6.0, "sediment": 6.0}, "plant_uptake": 0.0, "name": "Compound 4758971800062496517", "model_specific_data": {}, "metabolites": [{"formation_fraction": 0.2, "metabolite": {"molarMass": 300.0, "water_solubility": 0.00035806594839535896, "vapor_pressure": 0.08371099475198325, "reference_temperature": 20.0, "koc": 405.4789650646359, "freundlich": 1.0330648699033347, "dt50": {"system": 6.0, "soil": 280.7541286512501, "surfaceWater": 6.0, "sediment": 6.0}, "plant_uptake": 0.5, "name": "Compound 7004581404712429024", "model_specific_data": {}, "metabolites": []}}]}}