{"gap": {"type": "relative", "arguments": {"name": "GAP -296091488377847865", "modelCrop": "WC", "rate": 250.0, "apply_every_n_years": 1, "number_of_applications": 2, "interval": 14, "model_specific_data": {}, "bbch": 31, "season": 0}}, "compound": {"molarMass": 300.0, "water_solubility": 0.003350622643061364, "vapor_pressure": 1.088204335163823e-08, "reference_temperature": 20.0, "koc": 1643.9677939941864, "freundlich": 1.0328805980630242, "dt50": {"system": 6.0, "soil": 238.69897637774406, "surfaceWater": 6.0, "sediment": 6.0}, "plant_uptake": 0.0, "name": "Compound 4059877393339632844", "model_specific_data": {}, "metabolites": [{"formation_fraction": 0.2, "metabolite": {"molarMass": 300.0, "water_solubility": 0.24325442741644218, "vapor_pressure": 2.706273584920168e-05, "reference_temperature": 20.0, "koc": 133.00615323520736, "freundlich": 0.7847949475053515, "dt50": {"system": 6.0, "soil": 262.7168368705539, "surfaceWater": 6.0, "sediment": 6.0}, "plant_uptake": 0.5, "name": "Compound 6690282406141819160", "model_specific_data": {}, "metabolites": []}}]}}