{"gap": {"type": "relative", "arguments": {"name": "GAP -296091488377847865", "modelCrop": "WC", "rate": 250.0, "apply_every_n_years": 1, "number_of_applications": 2, "interval": 14, "model_specific_data": {}, "bbch": 31, "season": 0}}, "compound": {"molarMass": 300.0, "water_solubility": 0.008949008528672244, "vapor_pressure": 3.743364803241495e-09, "reference_temperature": 20.0, "koc": 143.554121101069, "freundlich": 0.9950394617582545, "dt50": {"system": 6.0, "soil": 185.70512334076838, "surfaceWater": 6.0, "sediment": 6.0}, "plant_uptake": 0.0, "name": "Compound -7767730382370888762", "model_specific_data": {}, "metabolites": [{"formation_fraction": 0.2, "metabolite": {"molarMass": 300.0, "water_solubility": 0.02072539637766156, "vapor_pressure": 6.273651555098378e-05, "reference_temperature": 20.0, "koc": 634.5040265869955, "freundlich": 1.1426209980629989, "dt50": {"system": 6.0, "soil": 250.1764886563715, "surfaceWater": 6.0, "sediment": 6.0}, "plant_uptake": 0.5, "name": "Compound 56868324198012708", "model_specific_data": {}, "metabolites": []}}]}}