{"gap": {"type": "relative", "arguments": {"name": "GAP -296091488377847865", "modelCrop": "WC", "rate": 250.0, "apply_every_n_years": 1, "number_of_applications": 2, "interval": 14, "model_specific_data": {}, "bbch": 31, "season": 0}}, "compound": {"molarMass": 300.0, "water_solubility": 0.0331059919522931, "vapor_pressure": 0.0007496884452472299, "reference_temperature": 20.0, "koc": 1815.9913573609429, "freundlich": 1.0604954776200466, "dt50": {"system": 6.0, "soil": 28.013713113581986, "surfaceWater": 6.0, "sediment": 6.0}, "plant_uptake": 0.0, "name": "Compound -6777246485405868523", "model_specific_data": {}, "metabolites": [{"formation_fraction": 0.2, "metabolite": {"molarMass": 300.0, "water_solubility": 0.020694948218994955, "vapor_pressure": 1.4020030907615399e-07, "reference_temperature": 20.0, "koc": 56.28731390246628, "freundlich": 0.7526077022433015, "dt50": {"system": 6.0, "soil": 76.20260037489865, "surfaceWater": 6.0, "sediment": 6.0}, "plant_uptake": 0.5, "name": "Compound 4248337416554450805", "model_specific_data": {}, "metabolites": []}}]}}