{"gap": {"type": "relative", "arguments": {"name": "GAP -296091488377847865", "modelCrop": "WC", "rate": 250.0, "apply_every_n_years": 1, "number_of_applications": 2, "interval": 14, "model_specific_data": {}, "bbch": 31, "season": 0}}, "compound": {"molarMass": 300.0, "water_solubility": 0.01649827059193687, "vapor_pressure": 0.0006691095024424526, "reference_temperature": 20.0, "koc": 121.46758333843889, "freundlich": 0.7614326741197841, "dt50": {"system": 6.0, "soil": 57.72409138547964, "surfaceWater": 6.0, "sediment": 6.0}, "plant_uptake": 0.0, "name": "Compound 9149324359752528078", "model_specific_data": {}, "metabolites": [{"formation_fraction": 0.2, "metabolite": {"molarMass": 300.0, "water_solubility": 0.05922712393642199, "vapor_pressure": 4.920373402143271e-07, "reference_temperature": 20.0, "koc": 19.43077117995294, "freundlich": 1.1860853670330853, "dt50": {"system": 6.0, "soil": 74.00359240165264, "surfaceWater": 6.0, "sediment": 6.0}, "plant_uptake": 0.5, "name": "Compound -6393660520201231938", "model_specific_data": {}, "metabolites": []}}]}}