{"gap": {"type": "relative", "arguments": {"name": "GAP -296091488377847865", "modelCrop": "WC", "rate": 250.0, "apply_every_n_years": 1, "number_of_applications": 2, "interval": 14, "model_specific_data": {}, "bbch": 31, "season": 0}}, "compound": {"molarMass": 300.0, "water_solubility": 0.0201352896869417, "vapor_pressure": 0.00022770652898627906, "reference_temperature": 20.0, "koc": 165.45255857987533, "freundlich": 0.8699075695777572, "dt50": {"system": 6.0, "soil": 195.2077246047405, "surfaceWater": 6.0, "sediment": 6.0}, "plant_uptake": 0.0, "name": "Compound -71775145281105466", "model_specific_data": {}, "metabolites": [{"formation_fraction": 0.2, "metabolite": {"molarMass": 300.0, "water_solubility": 0.11190794981334119, "vapor_pressure": 3.957283080411326e-05, "reference_temperature": 20.0, "koc": 829.4854187132632, "freundlich": 1.1301172665996253, "dt50": {"system": 6.0, "soil": 183.61242362026243, "surfaceWater": 6.0, "sediment": 6.0}, "plant_uptake": 0.5, "name": "Compound -8948889223499320340", "model_specific_data": {}, "metabolites": []}}]}}