{"gap": {"type": "relative", "arguments": {"name": "GAP -296091488377847865", "modelCrop": "WC", "rate": 250.0, "apply_every_n_years": 1, "number_of_applications": 2, "interval": 14, "model_specific_data": {}, "bbch": 31, "season": 0}}, "compound": {"molarMass": 300.0, "water_solubility": 0.0009526143314161665, "vapor_pressure": 0.00014869522724169235, "reference_temperature": 20.0, "koc": 43.43763500712223, "freundlich": 1.1490406774825943, "dt50": {"system": 6.0, "soil": 278.95385627359474, "surfaceWater": 6.0, "sediment": 6.0}, "plant_uptake": 0.0, "name": "Compound 7093965576346426026", "model_specific_data": {}, "metabolites": [{"formation_fraction": 0.2, "metabolite": {"molarMass": 300.0, "water_solubility": 0.007852068717399114, "vapor_pressure": 4.2866180979359746e-05, "reference_temperature": 20.0, "koc": 735.0088358527629, "freundlich": 0.8779322199485906, "dt50": {"system": 6.0, "soil": 22.671367775794327, "surfaceWater": 6.0, "sediment": 6.0}, "plant_uptake": 0.5, "name": "Compound 8471085414268685549", "model_specific_data": {}, "metabolites": []}}]}}