{"gap": {"type": "relative", "arguments": {"name": "GAP -296091488377847865", "modelCrop": "WC", "rate": 250.0, "apply_every_n_years": 1, "number_of_applications": 2, "interval": 14, "model_specific_data": {}, "bbch": 31, "season": 0}}, "compound": {"molarMass": 300.0, "water_solubility": 0.00030473664101546033, "vapor_pressure": 1.2480389193453927e-06, "reference_temperature": 20.0, "koc": 408.55240668290435, "freundlich": 0.8396774808221565, "dt50": {"system": 6.0, "soil": 46.85351037154427, "surfaceWater": 6.0, "sediment": 6.0}, "plant_uptake": 0.0, "name": "Compound -8442979110339066343", "model_specific_data": {}, "metabolites": [{"formation_fraction": 0.2, "metabolite": {"molarMass": 300.0, "water_solubility": 0.012149777747047145, "vapor_pressure": 9.992692005480885e-07, "reference_temperature": 20.0, "koc": 1437.8046346202696, "freundlich": 0.8650705417360874, "dt50": {"system": 6.0, "soil": 278.66423054039615, "surfaceWater": 6.0, "sediment": 6.0}, "plant_uptake": 0.5, "name": "Compound 3465400785912051324", "model_specific_data": {}, "metabolites": []}}]}}