{"gap": {"type": "relative", "arguments": {"name": "GAP -296091488377847865", "modelCrop": "WC", "rate": 250.0, "apply_every_n_years": 1, "number_of_applications": 2, "interval": 14, "model_specific_data": {}, "bbch": 31, "season": 0}}, "compound": {"molarMass": 300.0, "water_solubility": 0.00011312120598762645, "vapor_pressure": 1.859108454582332e-05, "reference_temperature": 20.0, "koc": 2226.4944304568216, "freundlich": 1.0914406875630773, "dt50": {"system": 6.0, "soil": 189.79849083065892, "surfaceWater": 6.0, "sediment": 6.0}, "plant_uptake": 0.0, "name": "Compound -8995712069695959341", "model_specific_data": {}, "metabolites": [{"formation_fraction": 0.2, "metabolite": {"molarMass": 300.0, "water_solubility": 0.0188914816614935, "vapor_pressure": 0.0018243914866262756, "reference_temperature": 20.0, "koc": 11.850987142352357, "freundlich": 1.0585570294009619, "dt50": {"system": 6.0, "soil": 61.69454565797362, "surfaceWater": 6.0, "sediment": 6.0}, "plant_uptake": 0.5, "name": "Compound 97821879361758080", "model_specific_data": {}, "metabolites": []}}]}}