{"gap": {"type": "relative", "arguments": {"name": "GAP -296091488377847865", "modelCrop": "WC", "rate": 250.0, "apply_every_n_years": 1, "number_of_applications": 2, "interval": 14, "model_specific_data": {}, "bbch": 31, "season": 0}}, "compound": {"molarMass": 300.0, "water_solubility": 0.6964471065351228, "vapor_pressure": 3.457692421144785e-05, "reference_temperature": 20.0, "koc": 2909.787636052314, "freundlich": 0.868808540220218, "dt50": {"system": 6.0, "soil": 50.5466739456942, "surfaceWater": 6.0, "sediment": 6.0}, "plant_uptake": 0.0, "name": "Compound -7825686637449858717", "model_specific_data": {}, "metabolites": [{"formation_fraction": 0.2, "metabolite": {"molarMass": 300.0, "water_solubility": 0.0026568585828091874, "vapor_pressure": 0.00010210296861782221, "reference_temperature": 20.0, "koc": 2001.6983709626115, "freundlich": 1.1813591120270703, "dt50": {"system": 6.0, "soil": 240.99139346129712, "surfaceWater": 6.0, "sediment": 6.0}, "plant_uptake": 0.5, "name": "Compound -864138298712127332", "model_specific_data": {}, "metabolites": []}}]}}