{"gap": {"type": "relative", "arguments": {"name": "GAP -296091488377847865", "modelCrop": "WC", "rate": 250.0, "apply_every_n_years": 1, "number_of_applications": 2, "interval": 14, "model_specific_data": {}, "bbch": 31, "season": 0}}, "compound": {"molarMass": 300.0, "water_solubility": 0.013405547592013355, "vapor_pressure": 0.0012119916540917555, "reference_temperature": 20.0, "koc": 2253.0954960254207, "freundlich": 0.710572031516388, "dt50": {"system": 6.0, "soil": 272.7112366822941, "surfaceWater": 6.0, "sediment": 6.0}, "plant_uptake": 0.0, "name": "Compound -5235839471939678959", "model_specific_data": {}, "metabolites": [{"formation_fraction": 0.2, "metabolite": {"molarMass": 300.0, "water_solubility": 0.0005738832699173486, "vapor_pressure": 3.7064780041318343e-07, "reference_temperature": 20.0, "koc": 30.260332413834007, "freundlich": 0.7982640339589095, "dt50": {"system": 6.0, "soil": 57.542353460598434, "surfaceWater": 6.0, "sediment": 6.0}, "plant_uptake": 0.5, "name": "Compound -5916064859293607002", "model_specific_data": {}, "metabolites": []}}]}}