{"gap": {"type": "relative", "arguments": {"name": "GAP -296091488377847865", "modelCrop": "WC", "rate": 250.0, "apply_every_n_years": 1, "number_of_applications": 2, "interval": 14, "model_specific_data": {}, "bbch": 31, "season": 0}}, "compound": {"molarMass": 300.0, "water_solubility": 0.11295071220149214, "vapor_pressure": 7.630107791778286e-07, "reference_temperature": 20.0, "koc": 534.6220120247034, "freundlich": 1.0028732924861008, "dt50": {"system": 6.0, "soil": 53.855406145708976, "surfaceWater": 6.0, "sediment": 6.0}, "plant_uptake": 0.0, "name": "Compound 3875523516017692850", "model_specific_data": {}, "metabolites": [{"formation_fraction": 0.2, "metabolite": {"molarMass": 300.0, "water_solubility": 0.00373200042226194, "vapor_pressure": 6.3484552968334575e-06, "reference_temperature": 20.0, "koc": 10.160662751867132, "freundlich": 0.7777992654072523, "dt50": {"system": 6.0, "soil": 241.11374425192096, "surfaceWater": 6.0, "sediment": 6.0}, "plant_uptake": 0.5, "name": "Compound -2269001973793273509", "model_specific_data": {}, "metabolites": []}}]}}