{"gap": {"type": "relative", "arguments": {"name": "GAP -296091488377847865", "modelCrop": "WC", "rate": 250.0, "apply_every_n_years": 1, "number_of_applications": 2, "interval": 14, "model_specific_data": {}, "bbch": 31, "season": 0}}, "compound": {"molarMass": 300.0, "water_solubility": 0.11438729759003333, "vapor_pressure": 3.0434094607554345e-05, "reference_temperature": 20.0, "koc": 51.78585907244617, "freundlich": 1.0480260577279288, "dt50": {"system": 6.0, "soil": 127.91361831465261, "surfaceWater": 6.0, "sediment": 6.0}, "plant_uptake": 0.0, "name": "Compound 4221322984578718708", "model_specific_data": {}, "metabolites": [{"formation_fraction": 0.2, "metabolite": {"molarMass": 300.0, "water_solubility": 0.015271845205683374, "vapor_pressure": 0.00016559513683571227, "reference_temperature": 20.0, "koc": 55.98880032934182, "freundlich": 0.8222021393367168, "dt50": {"system": 6.0, "soil": 150.84939123120114, "surfaceWater": 6.0, "sediment": 6.0}, "plant_uptake": 0.5, "name": "Compound -8131188312048121236", "model_specific_data": {}, "metabolites": []}}]}}