{"gap": {"type": "relative", "arguments": {"name": "GAP -296091488377847865", "modelCrop": "WC", "rate": 250.0, "apply_every_n_years": 1, "number_of_applications": 2, "interval": 14, "model_specific_data": {}, "bbch": 31, "season": 0}}, "compound": {"molarMass": 300.0, "water_solubility": 0.010487501595767276, "vapor_pressure": 1.1679387666098602e-05, "reference_temperature": 20.0, "koc": 115.53987753487563, "freundlich": 1.1079350452451586, "dt50": {"system": 6.0, "soil": 30.50527152523567, "surfaceWater": 6.0, "sediment": 6.0}, "plant_uptake": 0.0, "name": "Compound -1305900206697346929", "model_specific_data": {}, "metabolites": [{"formation_fraction": 0.2, "metabolite": {"molarMass": 300.0, "water_solubility": 0.006457398652732328, "vapor_pressure": 2.231343227026056e-06, "reference_temperature": 20.0, "koc": 23.809039163047792, "freundlich": 0.9356303835174801, "dt50": {"system": 6.0, "soil": 263.5601627111649, "surfaceWater": 6.0, "sediment": 6.0}, "plant_uptake": 0.5, "name": "Compound 4753120387370791191", "model_specific_data": {}, "metabolites": []}}]}}