{"gap": {"type": "relative", "arguments": {"name": "GAP -296091488377847865", "modelCrop": "WC", "rate": 250.0, "apply_every_n_years": 1, "number_of_applications": 2, "interval": 14, "model_specific_data": {}, "bbch": 31, "season": 0}}, "compound": {"molarMass": 300.0, "water_solubility": 0.005323238849089217, "vapor_pressure": 1.627007115700004e-07, "reference_temperature": 20.0, "koc": 271.487468687678, "freundlich": 1.0070546128384512, "dt50": {"system": 6.0, "soil": 136.879092298094, "surfaceWater": 6.0, "sediment": 6.0}, "plant_uptake": 0.0, "name": "Compound 3952126480204103125", "model_specific_data": {}, "metabolites": [{"formation_fraction": 0.2, "metabolite": {"molarMass": 300.0, "water_solubility": 0.0019012370818467946, "vapor_pressure": 9.832720632877878e-05, "reference_temperature": 20.0, "koc": 1313.0552476677792, "freundlich": 1.139028424126967, "dt50": {"system": 6.0, "soil": 233.11967188104106, "surfaceWater": 6.0, "sediment": 6.0}, "plant_uptake": 0.5, "name": "Compound 8664240990535606296", "model_specific_data": {}, "metabolites": []}}]}}