{"gap": {"type": "relative", "arguments": {"name": "GAP -296091488377847865", "modelCrop": "WC", "rate": 250.0, "apply_every_n_years": 1, "number_of_applications": 2, "interval": 14, "model_specific_data": {}, "bbch": 31, "season": 0}}, "compound": {"molarMass": 300.0, "water_solubility": 3.2531350777137626e-05, "vapor_pressure": 8.987958329035738e-06, "reference_temperature": 20.0, "koc": 103.49852238646231, "freundlich": 1.0586861172413637, "dt50": {"system": 6.0, "soil": 131.9079353527972, "surfaceWater": 6.0, "sediment": 6.0}, "plant_uptake": 0.0, "name": "Compound 1728771204259111289", "model_specific_data": {}, "metabolites": [{"formation_fraction": 0.2, "metabolite": {"molarMass": 300.0, "water_solubility": 0.012927656871526486, "vapor_pressure": 5.3934590858229255e-05, "reference_temperature": 20.0, "koc": 134.40066065510123, "freundlich": 1.049968756725822, "dt50": {"system": 6.0, "soil": 288.1533423018784, "surfaceWater": 6.0, "sediment": 6.0}, "plant_uptake": 0.5, "name": "Compound -5323076021586452272", "model_specific_data": {}, "metabolites": []}}]}}