{"gap": {"type": "relative", "arguments": {"name": "GAP -296091488377847865", "modelCrop": "WC", "rate": 250.0, "apply_every_n_years": 1, "number_of_applications": 2, "interval": 14, "model_specific_data": {}, "bbch": 31, "season": 0}}, "compound": {"molarMass": 300.0, "water_solubility": 0.0005349088191937591, "vapor_pressure": 0.00022239406156599593, "reference_temperature": 20.0, "koc": 4576.129919890533, "freundlich": 0.7931128758650464, "dt50": {"system": 6.0, "soil": 1.220714561919828, "surfaceWater": 6.0, "sediment": 6.0}, "plant_uptake": 0.0, "name": "Compound 8832006792655793053", "model_specific_data": {}, "metabolites": [{"formation_fraction": 0.2, "metabolite": {"molarMass": 300.0, "water_solubility": 0.02280946441738827, "vapor_pressure": 3.5395251895738732e-06, "reference_temperature": 20.0, "koc": 178.40352758867235, "freundlich": 0.8882866552488197, "dt50": {"system": 6.0, "soil": 63.114548564857195, "surfaceWater": 6.0, "sediment": 6.0}, "plant_uptake": 0.5, "name": "Compound 8265267248813172382", "model_specific_data": {}, "metabolites": []}}]}}