{"gap": {"type": "relative", "arguments": {"name": "GAP -296091488377847865", "modelCrop": "WC", "rate": 250.0, "apply_every_n_years": 1, "number_of_applications": 2, "interval": 14, "model_specific_data": {}, "bbch": 31, "season": 0}}, "compound": {"molarMass": 300.0, "water_solubility": 0.005788123532267504, "vapor_pressure": 0.0002586918088188328, "reference_temperature": 20.0, "koc": 10.660915889483544, "freundlich": 1.0832050336532293, "dt50": {"system": 6.0, "soil": 35.802872034616115, "surfaceWater": 6.0, "sediment": 6.0}, "plant_uptake": 0.0, "name": "Compound 5053773273547997845", "model_specific_data": {}, "metabolites": [{"formation_fraction": 0.2, "metabolite": {"molarMass": 300.0, "water_solubility": 0.2831423021189669, "vapor_pressure": 1.5368864156473562e-07, "reference_temperature": 20.0, "koc": 153.5886244481009, "freundlich": 0.9662782047369004, "dt50": {"system": 6.0, "soil": 267.6228072363785, "surfaceWater": 6.0, "sediment": 6.0}, "plant_uptake": 0.5, "name": "Compound -2194414628965566708", "model_specific_data": {}, "metabolites": []}}]}}