{"gap": {"type": "relative", "arguments": {"name": "GAP -296091488377847865", "modelCrop": "WC", "rate": 250.0, "apply_every_n_years": 1, "number_of_applications": 2, "interval": 14, "model_specific_data": {}, "bbch": 31, "season": 0}}, "compound": {"molarMass": 300.0, "water_solubility": 0.0012275330952305214, "vapor_pressure": 0.0002766585284755982, "reference_temperature": 20.0, "koc": 2183.630302887579, "freundlich": 1.0113568354450944, "dt50": {"system": 6.0, "soil": 267.05131244922205, "surfaceWater": 6.0, "sediment": 6.0}, "plant_uptake": 0.0, "name": "Compound 1193223472858991034", "model_specific_data": {}, "metabolites": [{"formation_fraction": 0.2, "metabolite": {"molarMass": 300.0, "water_solubility": 0.003025942155175679, "vapor_pressure": 2.893541032017349e-09, "reference_temperature": 20.0, "koc": 2428.6394777224523, "freundlich": 1.1730511934086623, "dt50": {"system": 6.0, "soil": 251.54526615119087, "surfaceWater": 6.0, "sediment": 6.0}, "plant_uptake": 0.5, "name": "Compound -7044624208648176125", "model_specific_data": {}, "metabolites": []}}]}}