{"gap": {"type": "relative", "arguments": {"name": "GAP -296091488377847865", "modelCrop": "WC", "rate": 250.0, "apply_every_n_years": 1, "number_of_applications": 2, "interval": 14, "model_specific_data": {}, "bbch": 31, "season": 0}}, "compound": {"molarMass": 300.0, "water_solubility": 0.00032830104079855006, "vapor_pressure": 1.1008056878944412e-08, "reference_temperature": 20.0, "koc": 24.557583412800373, "freundlich": 1.0375453620611546, "dt50": {"system": 6.0, "soil": 104.04720480539206, "surfaceWater": 6.0, "sediment": 6.0}, "plant_uptake": 0.0, "name": "Compound 3514469954916915834", "model_specific_data": {}, "metabolites": [{"formation_fraction": 0.2, "metabolite": {"molarMass": 300.0, "water_solubility": 0.09714241495895722, "vapor_pressure": 2.0259031261357456e-05, "reference_temperature": 20.0, "koc": 58.64193918726451, "freundlich": 0.7609994037979018, "dt50": {"system": 6.0, "soil": 77.59501049326346, "surfaceWater": 6.0, "sediment": 6.0}, "plant_uptake": 0.5, "name": "Compound -3462085216074292140", "model_specific_data": {}, "metabolites": []}}]}}