{"gap": {"type": "relative", "arguments": {"name": "GAP -296091488377847865", "modelCrop": "WC", "rate": 250.0, "apply_every_n_years": 1, "number_of_applications": 2, "interval": 14, "model_specific_data": {}, "bbch": 31, "season": 0}}, "compound": {"molarMass": 300.0, "water_solubility": 0.004678205208059255, "vapor_pressure": 3.139378846837376e-07, "reference_temperature": 20.0, "koc": 1263.529745613065, "freundlich": 0.9708508389340074, "dt50": {"system": 6.0, "soil": 230.8068142096854, "surfaceWater": 6.0, "sediment": 6.0}, "plant_uptake": 0.0, "name": "Compound -376135216114028551", "model_specific_data": {}, "metabolites": [{"formation_fraction": 0.2, "metabolite": {"molarMass": 300.0, "water_solubility": 0.022140586996341416, "vapor_pressure": 1.7561194850522302e-06, "reference_temperature": 20.0, "koc": 4936.055383511249, "freundlich": 0.9220007804632107, "dt50": {"system": 6.0, "soil": 135.28592457651962, "surfaceWater": 6.0, "sediment": 6.0}, "plant_uptake": 0.5, "name": "Compound 426766087571140677", "model_specific_data": {}, "metabolites": []}}]}}