{"gap": {"type": "relative", "arguments": {"name": "GAP -296091488377847865", "modelCrop": "WC", "rate": 250.0, "apply_every_n_years": 1, "number_of_applications": 2, "interval": 14, "model_specific_data": {}, "bbch": 31, "season": 0}}, "compound": {"molarMass": 300.0, "water_solubility": 0.1059055035559419, "vapor_pressure": 0.00229623938567236, "reference_temperature": 20.0, "koc": 79.93440743918552, "freundlich": 0.9064640623472703, "dt50": {"system": 6.0, "soil": 234.4603493487518, "surfaceWater": 6.0, "sediment": 6.0}, "plant_uptake": 0.0, "name": "Compound -217683579251852321", "model_specific_data": {}, "metabolites": [{"formation_fraction": 0.2, "metabolite": {"molarMass": 300.0, "water_solubility": 0.6054953988878119, "vapor_pressure": 3.7687705339509336e-07, "reference_temperature": 20.0, "koc": 2137.4952551528518, "freundlich": 1.1206353110178986, "dt50": {"system": 6.0, "soil": 218.47715327188195, "surfaceWater": 6.0, "sediment": 6.0}, "plant_uptake": 0.5, "name": "Compound 2918797552382685573", "model_specific_data": {}, "metabolites": []}}]}}