{"gap": {"type": "relative", "arguments": {"name": "GAP -296091488377847865", "modelCrop": "WC", "rate": 250.0, "apply_every_n_years": 1, "number_of_applications": 2, "interval": 14, "model_specific_data": {}, "bbch": 31, "season": 0}}, "compound": {"molarMass": 300.0, "water_solubility": 0.007869780083583315, "vapor_pressure": 0.0007980757254574555, "reference_temperature": 20.0, "koc": 715.3714037114112, "freundlich": 1.1722766701866312, "dt50": {"system": 6.0, "soil": 185.7071168329941, "surfaceWater": 6.0, "sediment": 6.0}, "plant_uptake": 0.0, "name": "Compound -730023217633202645", "model_specific_data": {}, "metabolites": [{"formation_fraction": 0.2, "metabolite": {"molarMass": 300.0, "water_solubility": 0.0009384576983401886, "vapor_pressure": 1.751728646732153e-05, "reference_temperature": 20.0, "koc": 684.8161348283929, "freundlich": 1.105177568075856, "dt50": {"system": 6.0, "soil": 176.90903655747013, "surfaceWater": 6.0, "sediment": 6.0}, "plant_uptake": 0.5, "name": "Compound -3691784430863121745", "model_specific_data": {}, "metabolites": []}}]}}