{"gap": {"type": "relative", "arguments": {"name": "GAP -296091488377847865", "modelCrop": "WC", "rate": 250.0, "apply_every_n_years": 1, "number_of_applications": 2, "interval": 14, "model_specific_data": {}, "bbch": 31, "season": 0}}, "compound": {"molarMass": 300.0, "water_solubility": 0.0026077421017134403, "vapor_pressure": 3.79004351019648e-07, "reference_temperature": 20.0, "koc": 10.39643939037844, "freundlich": 1.1871730045626008, "dt50": {"system": 6.0, "soil": 100.25942241243929, "surfaceWater": 6.0, "sediment": 6.0}, "plant_uptake": 0.0, "name": "Compound -7129336722115127175", "model_specific_data": {}, "metabolites": [{"formation_fraction": 0.2, "metabolite": {"molarMass": 300.0, "water_solubility": 0.44861281298982775, "vapor_pressure": 0.00014621785453301466, "reference_temperature": 20.0, "koc": 435.74245251776625, "freundlich": 0.9815597714505537, "dt50": {"system": 6.0, "soil": 154.18825522033922, "surfaceWater": 6.0, "sediment": 6.0}, "plant_uptake": 0.5, "name": "Compound -412018117693512892", "model_specific_data": {}, "metabolites": []}}]}}