{"gap": {"type": "relative", "arguments": {"name": "GAP -296091488377847865", "modelCrop": "WC", "rate": 250.0, "apply_every_n_years": 1, "number_of_applications": 2, "interval": 14, "model_specific_data": {}, "bbch": 31, "season": 0}}, "compound": {"molarMass": 300.0, "water_solubility": 0.0069420534112469385, "vapor_pressure": 0.012477095885153338, "reference_temperature": 20.0, "koc": 32.093073418930686, "freundlich": 1.1810247058809344, "dt50": {"system": 6.0, "soil": 157.50020889293432, "surfaceWater": 6.0, "sediment": 6.0}, "plant_uptake": 0.0, "name": "Compound 3553257530166581140", "model_specific_data": {}, "metabolites": [{"formation_fraction": 0.2, "metabolite": {"molarMass": 300.0, "water_solubility": 0.009120151093042417, "vapor_pressure": 3.0924758574525795e-08, "reference_temperature": 20.0, "koc": 492.16972182624323, "freundlich": 0.9987495760109537, "dt50": {"system": 6.0, "soil": 69.63602780161928, "surfaceWater": 6.0, "sediment": 6.0}, "plant_uptake": 0.5, "name": "Compound -734191471904283710", "model_specific_data": {}, "metabolites": []}}]}}