{"gap": {"type": "relative", "arguments": {"name": "GAP -296091488377847865", "modelCrop": "WC", "rate": 250.0, "apply_every_n_years": 1, "number_of_applications": 2, "interval": 14, "model_specific_data": {}, "bbch": 31, "season": 0}}, "compound": {"molarMass": 300.0, "water_solubility": 0.017220812938020653, "vapor_pressure": 0.00020327531151820776, "reference_temperature": 20.0, "koc": 26.82822187536842, "freundlich": 1.1270485952803155, "dt50": {"system": 6.0, "soil": 188.5524211809965, "surfaceWater": 6.0, "sediment": 6.0}, "plant_uptake": 0.0, "name": "Compound -2453701041371282990", "model_specific_data": {}, "metabolites": [{"formation_fraction": 0.2, "metabolite": {"molarMass": 300.0, "water_solubility": 0.0008147827190361955, "vapor_pressure": 2.903876493199233e-06, "reference_temperature": 20.0, "koc": 16.646940997757238, "freundlich": 0.7597046253148474, "dt50": {"system": 6.0, "soil": 276.33629255089494, "surfaceWater": 6.0, "sediment": 6.0}, "plant_uptake": 0.5, "name": "Compound -6753001203621219526", "model_specific_data": {}, "metabolites": []}}]}}