{"gap": {"type": "relative", "arguments": {"name": "GAP -296091488377847865", "modelCrop": "WC", "rate": 250.0, "apply_every_n_years": 1, "number_of_applications": 2, "interval": 14, "model_specific_data": {}, "bbch": 31, "season": 0}}, "compound": {"molarMass": 300.0, "water_solubility": 0.15837135626325563, "vapor_pressure": 2.7675969713390427e-07, "reference_temperature": 20.0, "koc": 2048.5490911272964, "freundlich": 1.194696880165964, "dt50": {"system": 6.0, "soil": 285.07809565642026, "surfaceWater": 6.0, "sediment": 6.0}, "plant_uptake": 0.0, "name": "Compound 1540030557852097224", "model_specific_data": {}, "metabolites": [{"formation_fraction": 0.2, "metabolite": {"molarMass": 300.0, "water_solubility": 0.05724385956283814, "vapor_pressure": 0.00011917522794212425, "reference_temperature": 20.0, "koc": 787.3022662059068, "freundlich": 1.1403672471900963, "dt50": {"system": 6.0, "soil": 274.96641578114674, "surfaceWater": 6.0, "sediment": 6.0}, "plant_uptake": 0.5, "name": "Compound 5191470924532140708", "model_specific_data": {}, "metabolites": []}}]}}