{"gap": {"type": "relative", "arguments": {"name": "GAP -296091488377847865", "modelCrop": "WC", "rate": 250.0, "apply_every_n_years": 1, "number_of_applications": 2, "interval": 14, "model_specific_data": {}, "bbch": 31, "season": 0}}, "compound": {"molarMass": 300.0, "water_solubility": 0.008398274309643345, "vapor_pressure": 4.557008139466385e-06, "reference_temperature": 20.0, "koc": 11.177692759153718, "freundlich": 0.9503550348422961, "dt50": {"system": 6.0, "soil": 106.22023072904832, "surfaceWater": 6.0, "sediment": 6.0}, "plant_uptake": 0.0, "name": "Compound -4595189394538168637", "model_specific_data": {}, "metabolites": [{"formation_fraction": 0.2, "metabolite": {"molarMass": 300.0, "water_solubility": 0.014605341314037564, "vapor_pressure": 5.676505599614687e-05, "reference_temperature": 20.0, "koc": 16.5834434025138, "freundlich": 1.0464264832248942, "dt50": {"system": 6.0, "soil": 35.82913016130303, "surfaceWater": 6.0, "sediment": 6.0}, "plant_uptake": 0.5, "name": "Compound 7405561723790380898", "model_specific_data": {}, "metabolites": []}}]}}