{"gap": {"type": "relative", "arguments": {"name": "GAP -296091488377847865", "modelCrop": "WC", "rate": 250.0, "apply_every_n_years": 1, "number_of_applications": 2, "interval": 14, "model_specific_data": {}, "bbch": 31, "season": 0}}, "compound": {"molarMass": 300.0, "water_solubility": 1.2152521726218688, "vapor_pressure": 1.0148236658598465e-05, "reference_temperature": 20.0, "koc": 93.03631166841143, "freundlich": 1.0891863244798603, "dt50": {"system": 6.0, "soil": 176.47981771614386, "surfaceWater": 6.0, "sediment": 6.0}, "plant_uptake": 0.0, "name": "Compound -837378186987753638", "model_specific_data": {}, "metabolites": [{"formation_fraction": 0.2, "metabolite": {"molarMass": 300.0, "water_solubility": 0.010682581044895272, "vapor_pressure": 0.00021662873973606042, "reference_temperature": 20.0, "koc": 749.8065572716135, "freundlich": 0.9536642093135248, "dt50": {"system": 6.0, "soil": 105.68522520986178, "surfaceWater": 6.0, "sediment": 6.0}, "plant_uptake": 0.5, "name": "Compound 7615454476114645142", "model_specific_data": {}, "metabolites": []}}]}}