{"gap": {"type": "relative", "arguments": {"name": "GAP -296091488377847865", "modelCrop": "WC", "rate": 250.0, "apply_every_n_years": 1, "number_of_applications": 2, "interval": 14, "model_specific_data": {}, "bbch": 31, "season": 0}}, "compound": {"molarMass": 300.0, "water_solubility": 0.0032895167158581515, "vapor_pressure": 1.4617914359815181e-07, "reference_temperature": 20.0, "koc": 136.8236671813637, "freundlich": 0.8216196770171162, "dt50": {"system": 6.0, "soil": 104.9198942355057, "surfaceWater": 6.0, "sediment": 6.0}, "plant_uptake": 0.0, "name": "Compound -6669513704411216443", "model_specific_data": {}, "metabolites": [{"formation_fraction": 0.2, "metabolite": {"molarMass": 300.0, "water_solubility": 0.0005258706783758048, "vapor_pressure": 0.0013912111151711533, "reference_temperature": 20.0, "koc": 405.4233371821524, "freundlich": 1.1827647462756943, "dt50": {"system": 6.0, "soil": 151.83297219316722, "surfaceWater": 6.0, "sediment": 6.0}, "plant_uptake": 0.5, "name": "Compound -4864159906221653789", "model_specific_data": {}, "metabolites": []}}]}}