{"gap": {"type": "relative", "arguments": {"name": "GAP -296091488377847865", "modelCrop": "WC", "rate": 250.0, "apply_every_n_years": 1, "number_of_applications": 2, "interval": 14, "model_specific_data": {}, "bbch": 31, "season": 0}}, "compound": {"molarMass": 300.0, "water_solubility": 0.0022488770794622985, "vapor_pressure": 0.00043315935301021087, "reference_temperature": 20.0, "koc": 3226.620277195185, "freundlich": 0.9304833387349727, "dt50": {"system": 6.0, "soil": 297.3325303878496, "surfaceWater": 6.0, "sediment": 6.0}, "plant_uptake": 0.0, "name": "Compound 3651103233464363985", "model_specific_data": {}, "metabolites": [{"formation_fraction": 0.2, "metabolite": {"molarMass": 300.0, "water_solubility": 0.0015745403065933752, "vapor_pressure": 6.14400716165187e-06, "reference_temperature": 20.0, "koc": 1316.4115216595478, "freundlich": 0.7278007085778142, "dt50": {"system": 6.0, "soil": 221.9418826125992, "surfaceWater": 6.0, "sediment": 6.0}, "plant_uptake": 0.5, "name": "Compound -2691154605105735919", "model_specific_data": {}, "metabolites": []}}]}}