{"gap": {"type": "relative", "arguments": {"name": "GAP -296091488377847865", "modelCrop": "WC", "rate": 250.0, "apply_every_n_years": 1, "number_of_applications": 2, "interval": 14, "model_specific_data": {}, "bbch": 31, "season": 0}}, "compound": {"molarMass": 300.0, "water_solubility": 4.673976430479945e-05, "vapor_pressure": 9.481867982858447e-06, "reference_temperature": 20.0, "koc": 685.1814482066611, "freundlich": 0.9664054807823218, "dt50": {"system": 6.0, "soil": 51.14355216821613, "surfaceWater": 6.0, "sediment": 6.0}, "plant_uptake": 0.0, "name": "Compound 6798548582532849871", "model_specific_data": {}, "metabolites": [{"formation_fraction": 0.2, "metabolite": {"molarMass": 300.0, "water_solubility": 0.005826057712559466, "vapor_pressure": 0.00029994245393697995, "reference_temperature": 20.0, "koc": 2795.684708057673, "freundlich": 0.7391437917684419, "dt50": {"system": 6.0, "soil": 298.9536208267119, "surfaceWater": 6.0, "sediment": 6.0}, "plant_uptake": 0.5, "name": "Compound -2869088018411704953", "model_specific_data": {}, "metabolites": []}}]}}