{"gap": {"type": "relative", "arguments": {"name": "GAP -296091488377847865", "modelCrop": "WC", "rate": 250.0, "apply_every_n_years": 1, "number_of_applications": 2, "interval": 14, "model_specific_data": {}, "bbch": 31, "season": 0}}, "compound": {"molarMass": 300.0, "water_solubility": 0.05395848245016068, "vapor_pressure": 0.0005589122156359895, "reference_temperature": 20.0, "koc": 799.2152026254595, "freundlich": 0.7325265556345008, "dt50": {"system": 6.0, "soil": 238.77534539766685, "surfaceWater": 6.0, "sediment": 6.0}, "plant_uptake": 0.0, "name": "Compound -972412719967788607", "model_specific_data": {}, "metabolites": [{"formation_fraction": 0.2, "metabolite": {"molarMass": 300.0, "water_solubility": 0.04964575142764758, "vapor_pressure": 0.00011818749441263006, "reference_temperature": 20.0, "koc": 95.20257140229204, "freundlich": 1.060063869173107, "dt50": {"system": 6.0, "soil": 259.40962637680536, "surfaceWater": 6.0, "sediment": 6.0}, "plant_uptake": 0.5, "name": "Compound 6013790412487809967", "model_specific_data": {}, "metabolites": []}}]}}