{"gap": {"type": "relative", "arguments": {"name": "GAP -296091488377847865", "modelCrop": "WC", "rate": 250.0, "apply_every_n_years": 1, "number_of_applications": 2, "interval": 14, "model_specific_data": {}, "bbch": 31, "season": 0}}, "compound": {"molarMass": 300.0, "water_solubility": 0.003992883892434559, "vapor_pressure": 3.610170788554788e-05, "reference_temperature": 20.0, "koc": 15.897313573986185, "freundlich": 0.9753830394036134, "dt50": {"system": 6.0, "soil": 202.0564099316186, "surfaceWater": 6.0, "sediment": 6.0}, "plant_uptake": 0.0, "name": "Compound 782043183377425747", "model_specific_data": {}, "metabolites": [{"formation_fraction": 0.2, "metabolite": {"molarMass": 300.0, "water_solubility": 0.022339008803506193, "vapor_pressure": 3.218396888052942e-05, "reference_temperature": 20.0, "koc": 23.545269246606175, "freundlich": 1.0209684140690847, "dt50": {"system": 6.0, "soil": 147.2925194283377, "surfaceWater": 6.0, "sediment": 6.0}, "plant_uptake": 0.5, "name": "Compound 3989098161883749585", "model_specific_data": {}, "metabolites": []}}]}}