{"gap": {"type": "relative", "arguments": {"name": "GAP -296091488377847865", "modelCrop": "WC", "rate": 250.0, "apply_every_n_years": 1, "number_of_applications": 2, "interval": 14, "model_specific_data": {}, "bbch": 31, "season": 0}}, "compound": {"molarMass": 300.0, "water_solubility": 0.006257763418697054, "vapor_pressure": 4.032003705717362e-05, "reference_temperature": 20.0, "koc": 11.420685923448653, "freundlich": 0.8047883719622563, "dt50": {"system": 6.0, "soil": 157.7523630565058, "surfaceWater": 6.0, "sediment": 6.0}, "plant_uptake": 0.0, "name": "Compound 2685000750236476552", "model_specific_data": {}, "metabolites": [{"formation_fraction": 0.2, "metabolite": {"molarMass": 300.0, "water_solubility": 0.0018446226440909815, "vapor_pressure": 4.940801683991645e-05, "reference_temperature": 20.0, "koc": 308.782204528856, "freundlich": 0.9248959557494658, "dt50": {"system": 6.0, "soil": 219.59056039229785, "surfaceWater": 6.0, "sediment": 6.0}, "plant_uptake": 0.5, "name": "Compound 8315860001809782504", "model_specific_data": {}, "metabolites": []}}]}}