{"gap": {"type": "relative", "arguments": {"name": "GAP -296091488377847865", "modelCrop": "WC", "rate": 250.0, "apply_every_n_years": 1, "number_of_applications": 2, "interval": 14, "model_specific_data": {}, "bbch": 31, "season": 0}}, "compound": {"molarMass": 300.0, "water_solubility": 0.02947862764120473, "vapor_pressure": 2.050297389967533e-05, "reference_temperature": 20.0, "koc": 4386.621257156882, "freundlich": 1.0760511708760971, "dt50": {"system": 6.0, "soil": 297.6092091588534, "surfaceWater": 6.0, "sediment": 6.0}, "plant_uptake": 0.0, "name": "Compound -6807116880212345653", "model_specific_data": {}, "metabolites": [{"formation_fraction": 0.2, "metabolite": {"molarMass": 300.0, "water_solubility": 0.011439708178657422, "vapor_pressure": 1.22523066607343e-05, "reference_temperature": 20.0, "koc": 16.831913118403737, "freundlich": 0.7893391463233201, "dt50": {"system": 6.0, "soil": 37.397266045067596, "surfaceWater": 6.0, "sediment": 6.0}, "plant_uptake": 0.5, "name": "Compound 5940306559596744960", "model_specific_data": {}, "metabolites": []}}]}}