{"gap": {"type": "relative", "arguments": {"name": "GAP -296091488377847865", "modelCrop": "WC", "rate": 250.0, "apply_every_n_years": 1, "number_of_applications": 2, "interval": 14, "model_specific_data": {}, "bbch": 31, "season": 0}}, "compound": {"molarMass": 300.0, "water_solubility": 0.013817232824105226, "vapor_pressure": 2.5088114464952756e-05, "reference_temperature": 20.0, "koc": 2306.4255808370685, "freundlich": 0.9017130214744121, "dt50": {"system": 6.0, "soil": 23.382588899844563, "surfaceWater": 6.0, "sediment": 6.0}, "plant_uptake": 0.0, "name": "Compound 8169725091998547423", "model_specific_data": {}, "metabolites": [{"formation_fraction": 0.2, "metabolite": {"molarMass": 300.0, "water_solubility": 0.0006025938008648608, "vapor_pressure": 5.8888829872345416e-09, "reference_temperature": 20.0, "koc": 1585.209556815796, "freundlich": 0.9713498602565176, "dt50": {"system": 6.0, "soil": 276.2749839302448, "surfaceWater": 6.0, "sediment": 6.0}, "plant_uptake": 0.5, "name": "Compound -6901696934177952616", "model_specific_data": {}, "metabolites": []}}]}}