{"gap": {"type": "relative", "arguments": {"name": "GAP -296091488377847865", "modelCrop": "WC", "rate": 250.0, "apply_every_n_years": 1, "number_of_applications": 2, "interval": 14, "model_specific_data": {}, "bbch": 31, "season": 0}}, "compound": {"molarMass": 300.0, "water_solubility": 0.014285904770907925, "vapor_pressure": 4.3042103359433194e-05, "reference_temperature": 20.0, "koc": 1957.2890398822035, "freundlich": 0.8481930470496273, "dt50": {"system": 6.0, "soil": 288.33281409614597, "surfaceWater": 6.0, "sediment": 6.0}, "plant_uptake": 0.0, "name": "Compound 5904057815169239588", "model_specific_data": {}, "metabolites": [{"formation_fraction": 0.2, "metabolite": {"molarMass": 300.0, "water_solubility": 0.0164854117197412, "vapor_pressure": 2.1885084753922764e-06, "reference_temperature": 20.0, "koc": 59.15640090273569, "freundlich": 1.162237245246934, "dt50": {"system": 6.0, "soil": 214.4050801954402, "surfaceWater": 6.0, "sediment": 6.0}, "plant_uptake": 0.5, "name": "Compound -1188580971291931389", "model_specific_data": {}, "metabolites": []}}]}}