{"gap": {"type": "relative", "arguments": {"name": "GAP -296091488377847865", "modelCrop": "WC", "rate": 250.0, "apply_every_n_years": 1, "number_of_applications": 2, "interval": 14, "model_specific_data": {}, "bbch": 31, "season": 0}}, "compound": {"molarMass": 300.0, "water_solubility": 0.1340402261821485, "vapor_pressure": 0.0006106418738518688, "reference_temperature": 20.0, "koc": 15.782814194005889, "freundlich": 0.843316769389328, "dt50": {"system": 6.0, "soil": 20.062655433845816, "surfaceWater": 6.0, "sediment": 6.0}, "plant_uptake": 0.0, "name": "Compound -2942112657837333861", "model_specific_data": {}, "metabolites": [{"formation_fraction": 0.2, "metabolite": {"molarMass": 300.0, "water_solubility": 0.03641712832419067, "vapor_pressure": 3.718251045322613e-08, "reference_temperature": 20.0, "koc": 4376.738760569556, "freundlich": 1.017325916582403, "dt50": {"system": 6.0, "soil": 83.24941672824605, "surfaceWater": 6.0, "sediment": 6.0}, "plant_uptake": 0.5, "name": "Compound 6453728049538327156", "model_specific_data": {}, "metabolites": []}}]}}