{"gap": {"type": "relative", "arguments": {"name": "GAP -296091488377847865", "modelCrop": "WC", "rate": 250.0, "apply_every_n_years": 1, "number_of_applications": 2, "interval": 14, "model_specific_data": {}, "bbch": 31, "season": 0}}, "compound": {"molarMass": 300.0, "water_solubility": 0.02054764241451895, "vapor_pressure": 0.0004727136755243761, "reference_temperature": 20.0, "koc": 546.21983061431, "freundlich": 1.1251544445236636, "dt50": {"system": 6.0, "soil": 240.54796645712918, "surfaceWater": 6.0, "sediment": 6.0}, "plant_uptake": 0.0, "name": "Compound -3509567343804208393", "model_specific_data": {}, "metabolites": [{"formation_fraction": 0.2, "metabolite": {"molarMass": 300.0, "water_solubility": 0.00072620814804646, "vapor_pressure": 2.4289395708895116e-05, "reference_temperature": 20.0, "koc": 15.36363500384182, "freundlich": 1.119578551093784, "dt50": {"system": 6.0, "soil": 25.224684400412556, "surfaceWater": 6.0, "sediment": 6.0}, "plant_uptake": 0.5, "name": "Compound 8388846312277482579", "model_specific_data": {}, "metabolites": []}}]}}