{"gap": {"type": "relative", "arguments": {"name": "GAP -296091488377847865", "modelCrop": "WC", "rate": 250.0, "apply_every_n_years": 1, "number_of_applications": 2, "interval": 14, "model_specific_data": {}, "bbch": 31, "season": 0}}, "compound": {"molarMass": 300.0, "water_solubility": 0.010384297380919415, "vapor_pressure": 6.531997375594383e-05, "reference_temperature": 20.0, "koc": 17.741088119374147, "freundlich": 0.8843894065737256, "dt50": {"system": 6.0, "soil": 177.72846599544673, "surfaceWater": 6.0, "sediment": 6.0}, "plant_uptake": 0.0, "name": "Compound 481645779182112013", "model_specific_data": {}, "metabolites": [{"formation_fraction": 0.2, "metabolite": {"molarMass": 300.0, "water_solubility": 0.013580070091628278, "vapor_pressure": 4.262704839546764e-06, "reference_temperature": 20.0, "koc": 1720.5477012338372, "freundlich": 0.9826239711738725, "dt50": {"system": 6.0, "soil": 217.42020578163965, "surfaceWater": 6.0, "sediment": 6.0}, "plant_uptake": 0.5, "name": "Compound -3599873029555878918", "model_specific_data": {}, "metabolites": []}}]}}