{"gap": {"type": "relative", "arguments": {"name": "GAP -296091488377847865", "modelCrop": "WC", "rate": 250.0, "apply_every_n_years": 1, "number_of_applications": 2, "interval": 14, "model_specific_data": {}, "bbch": 31, "season": 0}}, "compound": {"molarMass": 300.0, "water_solubility": 0.0013959742452303433, "vapor_pressure": 0.004031550745357983, "reference_temperature": 20.0, "koc": 98.56734173874199, "freundlich": 0.7300276955844407, "dt50": {"system": 6.0, "soil": 142.56167566943745, "surfaceWater": 6.0, "sediment": 6.0}, "plant_uptake": 0.0, "name": "Compound -1944785138928409555", "model_specific_data": {}, "metabolites": [{"formation_fraction": 0.2, "metabolite": {"molarMass": 300.0, "water_solubility": 0.08770067202730056, "vapor_pressure": 0.0014791838696495683, "reference_temperature": 20.0, "koc": 358.3031299971121, "freundlich": 0.944606915407644, "dt50": {"system": 6.0, "soil": 83.08158814858756, "surfaceWater": 6.0, "sediment": 6.0}, "plant_uptake": 0.5, "name": "Compound -1981518598555653675", "model_specific_data": {}, "metabolites": []}}]}}