{"gap": {"type": "relative", "arguments": {"name": "GAP -296091488377847865", "modelCrop": "WC", "rate": 250.0, "apply_every_n_years": 1, "number_of_applications": 2, "interval": 14, "model_specific_data": {}, "bbch": 31, "season": 0}}, "compound": {"molarMass": 300.0, "water_solubility": 0.00275912379878527, "vapor_pressure": 6.636434643813572e-05, "reference_temperature": 20.0, "koc": 412.3657366171902, "freundlich": 0.9274064357093212, "dt50": {"system": 6.0, "soil": 90.32273317965269, "surfaceWater": 6.0, "sediment": 6.0}, "plant_uptake": 0.0, "name": "Compound 4654612161455121714", "model_specific_data": {}, "metabolites": [{"formation_fraction": 0.2, "metabolite": {"molarMass": 300.0, "water_solubility": 0.0013863718157131972, "vapor_pressure": 0.004499389805217742, "reference_temperature": 20.0, "koc": 26.48689461274165, "freundlich": 0.9574380144659229, "dt50": {"system": 6.0, "soil": 102.64044238182133, "surfaceWater": 6.0, "sediment": 6.0}, "plant_uptake": 0.5, "name": "Compound -1187159685541880414", "model_specific_data": {}, "metabolites": []}}]}}