{"gap": {"type": "relative", "arguments": {"name": "GAP -296091488377847865", "modelCrop": "WC", "rate": 250.0, "apply_every_n_years": 1, "number_of_applications": 2, "interval": 14, "model_specific_data": {}, "bbch": 31, "season": 0}}, "compound": {"molarMass": 300.0, "water_solubility": 0.00548937199882616, "vapor_pressure": 0.007932415643215025, "reference_temperature": 20.0, "koc": 107.39932370802782, "freundlich": 0.9574811338202718, "dt50": {"system": 6.0, "soil": 72.1440053495271, "surfaceWater": 6.0, "sediment": 6.0}, "plant_uptake": 0.0, "name": "Compound -2997867382053815013", "model_specific_data": {}, "metabolites": [{"formation_fraction": 0.2, "metabolite": {"molarMass": 300.0, "water_solubility": 0.9014538931190619, "vapor_pressure": 3.529278712529505e-05, "reference_temperature": 20.0, "koc": 339.95145433792686, "freundlich": 0.9987238412141981, "dt50": {"system": 6.0, "soil": 298.962517592917, "surfaceWater": 6.0, "sediment": 6.0}, "plant_uptake": 0.5, "name": "Compound 9002313080864665628", "model_specific_data": {}, "metabolites": []}}]}}