{"gap": {"type": "relative", "arguments": {"name": "GAP -296091488377847865", "modelCrop": "WC", "rate": 250.0, "apply_every_n_years": 1, "number_of_applications": 2, "interval": 14, "model_specific_data": {}, "bbch": 31, "season": 0}}, "compound": {"molarMass": 300.0, "water_solubility": 0.040881307351008506, "vapor_pressure": 5.455374055636329e-08, "reference_temperature": 20.0, "koc": 352.7484118138308, "freundlich": 0.9276488035727992, "dt50": {"system": 6.0, "soil": 51.12773449174354, "surfaceWater": 6.0, "sediment": 6.0}, "plant_uptake": 0.0, "name": "Compound 6089307958090078655", "model_specific_data": {}, "metabolites": [{"formation_fraction": 0.2, "metabolite": {"molarMass": 300.0, "water_solubility": 0.15651062564317178, "vapor_pressure": 1.4092874928196919e-05, "reference_temperature": 20.0, "koc": 3417.1864090351805, "freundlich": 0.7414482430844982, "dt50": {"system": 6.0, "soil": 79.75229238090861, "surfaceWater": 6.0, "sediment": 6.0}, "plant_uptake": 0.5, "name": "Compound -862074707943790262", "model_specific_data": {}, "metabolites": []}}]}}