{"gap": {"type": "relative", "arguments": {"name": "GAP -296091488377847865", "modelCrop": "WC", "rate": 250.0, "apply_every_n_years": 1, "number_of_applications": 2, "interval": 14, "model_specific_data": {}, "bbch": 31, "season": 0}}, "compound": {"molarMass": 300.0, "water_solubility": 0.001805492628244353, "vapor_pressure": 2.402573780114806e-06, "reference_temperature": 20.0, "koc": 1001.1806068494022, "freundlich": 0.9481757681961271, "dt50": {"system": 6.0, "soil": 219.863484961548, "surfaceWater": 6.0, "sediment": 6.0}, "plant_uptake": 0.0, "name": "Compound 6432165054072015278", "model_specific_data": {}, "metabolites": [{"formation_fraction": 0.2, "metabolite": {"molarMass": 300.0, "water_solubility": 0.013163628308069872, "vapor_pressure": 6.49067131575814e-05, "reference_temperature": 20.0, "koc": 50.15182778090602, "freundlich": 1.0286661679247286, "dt50": {"system": 6.0, "soil": 54.067818237361045, "surfaceWater": 6.0, "sediment": 6.0}, "plant_uptake": 0.5, "name": "Compound 3577943680827742385", "model_specific_data": {}, "metabolites": []}}]}}