{"gap": {"type": "relative", "arguments": {"name": "GAP -296091488377847865", "modelCrop": "WC", "rate": 250.0, "apply_every_n_years": 1, "number_of_applications": 2, "interval": 14, "model_specific_data": {}, "bbch": 31, "season": 0}}, "compound": {"molarMass": 300.0, "water_solubility": 0.001006522226357859, "vapor_pressure": 2.9068588143471256e-05, "reference_temperature": 20.0, "koc": 1773.5290014981185, "freundlich": 1.159971258172047, "dt50": {"system": 6.0, "soil": 180.13051152636663, "surfaceWater": 6.0, "sediment": 6.0}, "plant_uptake": 0.0, "name": "Compound 6443033523697221930", "model_specific_data": {}, "metabolites": [{"formation_fraction": 0.2, "metabolite": {"molarMass": 300.0, "water_solubility": 0.0046169208436376554, "vapor_pressure": 4.4133116696049693e-05, "reference_temperature": 20.0, "koc": 424.53051178233085, "freundlich": 0.792234570695048, "dt50": {"system": 6.0, "soil": 190.02309366052796, "surfaceWater": 6.0, "sediment": 6.0}, "plant_uptake": 0.5, "name": "Compound 1726090762209537767", "model_specific_data": {}, "metabolites": []}}]}}