{"gap": {"type": "relative", "arguments": {"name": "GAP -296091488377847865", "modelCrop": "WC", "rate": 250.0, "apply_every_n_years": 1, "number_of_applications": 2, "interval": 14, "model_specific_data": {}, "bbch": 31, "season": 0}}, "compound": {"molarMass": 300.0, "water_solubility": 0.20678723320023298, "vapor_pressure": 1.1703840864008093e-06, "reference_temperature": 20.0, "koc": 25.11440420618796, "freundlich": 0.803487571728834, "dt50": {"system": 6.0, "soil": 220.1028456923024, "surfaceWater": 6.0, "sediment": 6.0}, "plant_uptake": 0.0, "name": "Compound -7292728060384524161", "model_specific_data": {}, "metabolites": [{"formation_fraction": 0.2, "metabolite": {"molarMass": 300.0, "water_solubility": 0.006252506939109153, "vapor_pressure": 1.4178569682490382e-07, "reference_temperature": 20.0, "koc": 690.1720493213446, "freundlich": 0.8302014256310093, "dt50": {"system": 6.0, "soil": 151.07091170206115, "surfaceWater": 6.0, "sediment": 6.0}, "plant_uptake": 0.5, "name": "Compound -7900703045377449646", "model_specific_data": {}, "metabolites": []}}]}}