{"gap": {"type": "relative", "arguments": {"name": "GAP -296091488377847865", "modelCrop": "WC", "rate": 250.0, "apply_every_n_years": 1, "number_of_applications": 2, "interval": 14, "model_specific_data": {}, "bbch": 31, "season": 0}}, "compound": {"molarMass": 300.0, "water_solubility": 0.0006059311307656646, "vapor_pressure": 0.00018754693647347683, "reference_temperature": 20.0, "koc": 362.17455050252005, "freundlich": 1.150192674174896, "dt50": {"system": 6.0, "soil": 211.54282074164968, "surfaceWater": 6.0, "sediment": 6.0}, "plant_uptake": 0.0, "name": "Compound 5603053787539000123", "model_specific_data": {}, "metabolites": [{"formation_fraction": 0.2, "metabolite": {"molarMass": 300.0, "water_solubility": 0.026831807339114902, "vapor_pressure": 8.551547206871914e-05, "reference_temperature": 20.0, "koc": 353.78584755468927, "freundlich": 0.9483912108850945, "dt50": {"system": 6.0, "soil": 236.3508702234637, "surfaceWater": 6.0, "sediment": 6.0}, "plant_uptake": 0.5, "name": "Compound -2694698316949527112", "model_specific_data": {}, "metabolites": []}}]}}