{"gap": {"type": "relative", "arguments": {"name": "GAP -296091488377847865", "modelCrop": "WC", "rate": 250.0, "apply_every_n_years": 1, "number_of_applications": 2, "interval": 14, "model_specific_data": {}, "bbch": 31, "season": 0}}, "compound": {"molarMass": 300.0, "water_solubility": 0.12397298674314464, "vapor_pressure": 4.473944488499804e-07, "reference_temperature": 20.0, "koc": 13.871001479283905, "freundlich": 1.1865176801668524, "dt50": {"system": 6.0, "soil": 97.58612828551658, "surfaceWater": 6.0, "sediment": 6.0}, "plant_uptake": 0.0, "name": "Compound 100488375923301083", "model_specific_data": {}, "metabolites": [{"formation_fraction": 0.2, "metabolite": {"molarMass": 300.0, "water_solubility": 0.00016149810479595527, "vapor_pressure": 2.9815233465978658e-05, "reference_temperature": 20.0, "koc": 1156.3200280664182, "freundlich": 1.0136626111794664, "dt50": {"system": 6.0, "soil": 228.30903377122385, "surfaceWater": 6.0, "sediment": 6.0}, "plant_uptake": 0.5, "name": "Compound -8323746513506852243", "model_specific_data": {}, "metabolites": []}}]}}