{"gap": {"type": "relative", "arguments": {"name": "GAP -296091488377847865", "modelCrop": "WC", "rate": 250.0, "apply_every_n_years": 1, "number_of_applications": 2, "interval": 14, "model_specific_data": {}, "bbch": 31, "season": 0}}, "compound": {"molarMass": 300.0, "water_solubility": 0.02793986536010227, "vapor_pressure": 0.0036742244761287807, "reference_temperature": 20.0, "koc": 56.49138102420707, "freundlich": 0.9930827448789912, "dt50": {"system": 6.0, "soil": 239.7610553753764, "surfaceWater": 6.0, "sediment": 6.0}, "plant_uptake": 0.0, "name": "Compound -4644048212670423886", "model_specific_data": {}, "metabolites": [{"formation_fraction": 0.2, "metabolite": {"molarMass": 300.0, "water_solubility": 0.0001586619161425925, "vapor_pressure": 0.000277874145922705, "reference_temperature": 20.0, "koc": 1051.7374367237837, "freundlich": 0.7701208822233028, "dt50": {"system": 6.0, "soil": 102.57071933988802, "surfaceWater": 6.0, "sediment": 6.0}, "plant_uptake": 0.5, "name": "Compound 2993745848310803841", "model_specific_data": {}, "metabolites": []}}]}}