{"gap": {"type": "relative", "arguments": {"name": "GAP -296091488377847865", "modelCrop": "WC", "rate": 250.0, "apply_every_n_years": 1, "number_of_applications": 2, "interval": 14, "model_specific_data": {}, "bbch": 31, "season": 0}}, "compound": {"molarMass": 300.0, "water_solubility": 0.0006764168365024468, "vapor_pressure": 7.342938512556484e-05, "reference_temperature": 20.0, "koc": 71.4040968507028, "freundlich": 0.8256144477643813, "dt50": {"system": 6.0, "soil": 103.21467377674627, "surfaceWater": 6.0, "sediment": 6.0}, "plant_uptake": 0.0, "name": "Compound 907800658574017889", "model_specific_data": {}, "metabolites": [{"formation_fraction": 0.2, "metabolite": {"molarMass": 300.0, "water_solubility": 0.0019369164465079523, "vapor_pressure": 8.502264774124013e-06, "reference_temperature": 20.0, "koc": 2076.655592712141, "freundlich": 0.9791361772116398, "dt50": {"system": 6.0, "soil": 276.9410617829272, "surfaceWater": 6.0, "sediment": 6.0}, "plant_uptake": 0.5, "name": "Compound -7821180467221836111", "model_specific_data": {}, "metabolites": []}}]}}