{"gap": {"type": "relative", "arguments": {"name": "GAP -296091488377847865", "modelCrop": "WC", "rate": 250.0, "apply_every_n_years": 1, "number_of_applications": 2, "interval": 14, "model_specific_data": {}, "bbch": 31, "season": 0}}, "compound": {"molarMass": 300.0, "water_solubility": 0.0028079902573611053, "vapor_pressure": 1.8936353184647994e-05, "reference_temperature": 20.0, "koc": 381.0316098889846, "freundlich": 0.9278686950101589, "dt50": {"system": 6.0, "soil": 231.42810714474214, "surfaceWater": 6.0, "sediment": 6.0}, "plant_uptake": 0.0, "name": "Compound 5567895581916350179", "model_specific_data": {}, "metabolites": [{"formation_fraction": 0.2, "metabolite": {"molarMass": 300.0, "water_solubility": 0.05737795984973685, "vapor_pressure": 3.356702126751192e-08, "reference_temperature": 20.0, "koc": 193.7665683081747, "freundlich": 0.8185785590095214, "dt50": {"system": 6.0, "soil": 160.5699263007555, "surfaceWater": 6.0, "sediment": 6.0}, "plant_uptake": 0.5, "name": "Compound -469332218159565655", "model_specific_data": {}, "metabolites": []}}]}}