{"gap": {"type": "relative", "arguments": {"name": "GAP -296091488377847865", "modelCrop": "WC", "rate": 250.0, "apply_every_n_years": 1, "number_of_applications": 2, "interval": 14, "model_specific_data": {}, "bbch": 31, "season": 0}}, "compound": {"molarMass": 300.0, "water_solubility": 0.2141011587557849, "vapor_pressure": 2.7516323425927728e-05, "reference_temperature": 20.0, "koc": 81.05731504657815, "freundlich": 1.067881643527703, "dt50": {"system": 6.0, "soil": 266.4664837478148, "surfaceWater": 6.0, "sediment": 6.0}, "plant_uptake": 0.0, "name": "Compound 1654291462037515860", "model_specific_data": {}, "metabolites": [{"formation_fraction": 0.2, "metabolite": {"molarMass": 300.0, "water_solubility": 0.0020482567228221936, "vapor_pressure": 0.0071471683034512535, "reference_temperature": 20.0, "koc": 15.496993809895715, "freundlich": 0.7962388949633923, "dt50": {"system": 6.0, "soil": 258.32255162029196, "surfaceWater": 6.0, "sediment": 6.0}, "plant_uptake": 0.5, "name": "Compound -4816664628304573844", "model_specific_data": {}, "metabolites": []}}]}}