{"gap": {"type": "relative", "arguments": {"name": "GAP -296091488377847865", "modelCrop": "WC", "rate": 250.0, "apply_every_n_years": 1, "number_of_applications": 2, "interval": 14, "model_specific_data": {}, "bbch": 31, "season": 0}}, "compound": {"molarMass": 300.0, "water_solubility": 0.004155647019537788, "vapor_pressure": 1.010986142169658e-07, "reference_temperature": 20.0, "koc": 266.6693955566799, "freundlich": 0.9741189424909489, "dt50": {"system": 6.0, "soil": 27.283174323026422, "surfaceWater": 6.0, "sediment": 6.0}, "plant_uptake": 0.0, "name": "Compound -7362901450373344734", "model_specific_data": {}, "metabolites": [{"formation_fraction": 0.2, "metabolite": {"molarMass": 300.0, "water_solubility": 0.001071358564407452, "vapor_pressure": 0.003279331798246512, "reference_temperature": 20.0, "koc": 3913.4603799237325, "freundlich": 0.7250748953512136, "dt50": {"system": 6.0, "soil": 258.225900916282, "surfaceWater": 6.0, "sediment": 6.0}, "plant_uptake": 0.5, "name": "Compound 4096475111056722584", "model_specific_data": {}, "metabolites": []}}]}}