{"gap": {"type": "relative", "arguments": {"name": "GAP -296091488377847865", "modelCrop": "WC", "rate": 250.0, "apply_every_n_years": 1, "number_of_applications": 2, "interval": 14, "model_specific_data": {}, "bbch": 31, "season": 0}}, "compound": {"molarMass": 300.0, "water_solubility": 0.1981393283994216, "vapor_pressure": 0.0011938479111619222, "reference_temperature": 20.0, "koc": 755.2065022060439, "freundlich": 1.1452026580992163, "dt50": {"system": 6.0, "soil": 118.11431646630754, "surfaceWater": 6.0, "sediment": 6.0}, "plant_uptake": 0.0, "name": "Compound 5466360055692419863", "model_specific_data": {}, "metabolites": [{"formation_fraction": 0.2, "metabolite": {"molarMass": 300.0, "water_solubility": 0.0007139186365328589, "vapor_pressure": 4.7793374777568755e-05, "reference_temperature": 20.0, "koc": 2338.3377187719598, "freundlich": 1.113188023327933, "dt50": {"system": 6.0, "soil": 81.64585929354759, "surfaceWater": 6.0, "sediment": 6.0}, "plant_uptake": 0.5, "name": "Compound -531813116616026810", "model_specific_data": {}, "metabolites": []}}]}}