{"gap": {"type": "relative", "arguments": {"name": "GAP -296091488377847865", "modelCrop": "WC", "rate": 250.0, "apply_every_n_years": 1, "number_of_applications": 2, "interval": 14, "model_specific_data": {}, "bbch": 31, "season": 0}}, "compound": {"molarMass": 300.0, "water_solubility": 0.00025816159848097097, "vapor_pressure": 0.016049988790926437, "reference_temperature": 20.0, "koc": 79.0188859564447, "freundlich": 0.9783456155621462, "dt50": {"system": 6.0, "soil": 226.40185134501763, "surfaceWater": 6.0, "sediment": 6.0}, "plant_uptake": 0.0, "name": "Compound 7597943713582305998", "model_specific_data": {}, "metabolites": [{"formation_fraction": 0.2, "metabolite": {"molarMass": 300.0, "water_solubility": 0.018908043434132677, "vapor_pressure": 5.597104166288937e-09, "reference_temperature": 20.0, "koc": 142.73428885544152, "freundlich": 1.1595448782642448, "dt50": {"system": 6.0, "soil": 37.01836215382158, "surfaceWater": 6.0, "sediment": 6.0}, "plant_uptake": 0.5, "name": "Compound -4438392109371353240", "model_specific_data": {}, "metabolites": []}}]}}