{"gap": {"type": "relative", "arguments": {"name": "GAP -296091488377847865", "modelCrop": "WC", "rate": 250.0, "apply_every_n_years": 1, "number_of_applications": 2, "interval": 14, "model_specific_data": {}, "bbch": 31, "season": 0}}, "compound": {"molarMass": 300.0, "water_solubility": 0.37657801505621713, "vapor_pressure": 1.759741771826757e-06, "reference_temperature": 20.0, "koc": 29.962188085901023, "freundlich": 0.9276182055230193, "dt50": {"system": 6.0, "soil": 80.91037219934735, "surfaceWater": 6.0, "sediment": 6.0}, "plant_uptake": 0.0, "name": "Compound 8801484467592258636", "model_specific_data": {}, "metabolites": [{"formation_fraction": 0.2, "metabolite": {"molarMass": 300.0, "water_solubility": 0.0002928673648804472, "vapor_pressure": 0.0006169576472277379, "reference_temperature": 20.0, "koc": 17.051105486265044, "freundlich": 0.7250276442062547, "dt50": {"system": 6.0, "soil": 259.46043505415867, "surfaceWater": 6.0, "sediment": 6.0}, "plant_uptake": 0.5, "name": "Compound 2249301940352001", "model_specific_data": {}, "metabolites": []}}]}}