{"gap": {"type": "relative", "arguments": {"name": "GAP -296091488377847865", "modelCrop": "WC", "rate": 250.0, "apply_every_n_years": 1, "number_of_applications": 2, "interval": 14, "model_specific_data": {}, "bbch": 31, "season": 0}}, "compound": {"molarMass": 300.0, "water_solubility": 0.027703138919106928, "vapor_pressure": 0.08038236278860143, "reference_temperature": 20.0, "koc": 22.648514596080386, "freundlich": 1.1648721823072268, "dt50": {"system": 6.0, "soil": 3.884243120431479, "surfaceWater": 6.0, "sediment": 6.0}, "plant_uptake": 0.0, "name": "Compound 6444457435020839481", "model_specific_data": {}, "metabolites": [{"formation_fraction": 0.2, "metabolite": {"molarMass": 300.0, "water_solubility": 0.6753282166567479, "vapor_pressure": 1.460628783111904e-07, "reference_temperature": 20.0, "koc": 613.3009185565652, "freundlich": 0.8574549442339475, "dt50": {"system": 6.0, "soil": 8.115643975664337, "surfaceWater": 6.0, "sediment": 6.0}, "plant_uptake": 0.5, "name": "Compound -106197157773492073", "model_specific_data": {}, "metabolites": []}}]}}