{"gap": {"type": "relative", "arguments": {"name": "GAP -296091488377847865", "modelCrop": "WC", "rate": 250.0, "apply_every_n_years": 1, "number_of_applications": 2, "interval": 14, "model_specific_data": {}, "bbch": 31, "season": 0}}, "compound": {"molarMass": 300.0, "water_solubility": 0.13294628013906207, "vapor_pressure": 6.404117772140285e-07, "reference_temperature": 20.0, "koc": 1839.4595291388616, "freundlich": 0.8961798417554349, "dt50": {"system": 6.0, "soil": 69.26054907838405, "surfaceWater": 6.0, "sediment": 6.0}, "plant_uptake": 0.0, "name": "Compound 1740974626132421432", "model_specific_data": {}, "metabolites": [{"formation_fraction": 0.2, "metabolite": {"molarMass": 300.0, "water_solubility": 0.0005553333077602642, "vapor_pressure": 1.874590670365868e-05, "reference_temperature": 20.0, "koc": 506.8735933190811, "freundlich": 0.9314647599179794, "dt50": {"system": 6.0, "soil": 191.08397524630942, "surfaceWater": 6.0, "sediment": 6.0}, "plant_uptake": 0.5, "name": "Compound -713827265957188851", "model_specific_data": {}, "metabolites": []}}]}}