{"gap": {"type": "relative", "arguments": {"name": "GAP -296091488377847865", "modelCrop": "WC", "rate": 250.0, "apply_every_n_years": 1, "number_of_applications": 2, "interval": 14, "model_specific_data": {}, "bbch": 31, "season": 0}}, "compound": {"molarMass": 300.0, "water_solubility": 0.0074595181111136695, "vapor_pressure": 2.123116271484255e-05, "reference_temperature": 20.0, "koc": 107.71796051434124, "freundlich": 1.112311682327217, "dt50": {"system": 6.0, "soil": 276.773519791953, "surfaceWater": 6.0, "sediment": 6.0}, "plant_uptake": 0.0, "name": "Compound 6276588503134723193", "model_specific_data": {}, "metabolites": [{"formation_fraction": 0.2, "metabolite": {"molarMass": 300.0, "water_solubility": 0.036576691046501464, "vapor_pressure": 1.4941874507934803e-07, "reference_temperature": 20.0, "koc": 1645.8765382955496, "freundlich": 0.8859505375923784, "dt50": {"system": 6.0, "soil": 111.49753042524542, "surfaceWater": 6.0, "sediment": 6.0}, "plant_uptake": 0.5, "name": "Compound -2701887047494666247", "model_specific_data": {}, "metabolites": []}}]}}