{"gap": {"type": "relative", "arguments": {"name": "GAP -296091488377847865", "modelCrop": "WC", "rate": 250.0, "apply_every_n_years": 1, "number_of_applications": 2, "interval": 14, "model_specific_data": {}, "bbch": 31, "season": 0}}, "compound": {"molarMass": 300.0, "water_solubility": 8.896446663124859e-05, "vapor_pressure": 4.746759233733012e-06, "reference_temperature": 20.0, "koc": 478.8825292396768, "freundlich": 1.1301820846487811, "dt50": {"system": 6.0, "soil": 74.45394285415371, "surfaceWater": 6.0, "sediment": 6.0}, "plant_uptake": 0.0, "name": "Compound 227115553475730503", "model_specific_data": {}, "metabolites": [{"formation_fraction": 0.2, "metabolite": {"molarMass": 300.0, "water_solubility": 0.006199457960820443, "vapor_pressure": 0.002885921902427483, "reference_temperature": 20.0, "koc": 33.82997443886374, "freundlich": 0.8075561706600829, "dt50": {"system": 6.0, "soil": 224.91270867602512, "surfaceWater": 6.0, "sediment": 6.0}, "plant_uptake": 0.5, "name": "Compound -1016008405826598094", "model_specific_data": {}, "metabolites": []}}]}}