{"gap": {"type": "relative", "arguments": {"name": "GAP -296091488377847865", "modelCrop": "WC", "rate": 250.0, "apply_every_n_years": 1, "number_of_applications": 2, "interval": 14, "model_specific_data": {}, "bbch": 31, "season": 0}}, "compound": {"molarMass": 300.0, "water_solubility": 1.5089827965837743, "vapor_pressure": 3.7643393479339667e-06, "reference_temperature": 20.0, "koc": 25.01262764171698, "freundlich": 0.7496953816026994, "dt50": {"system": 6.0, "soil": 211.48618404827457, "surfaceWater": 6.0, "sediment": 6.0}, "plant_uptake": 0.0, "name": "Compound -5484565082700291002", "model_specific_data": {}, "metabolites": [{"formation_fraction": 0.2, "metabolite": {"molarMass": 300.0, "water_solubility": 0.001835176174295875, "vapor_pressure": 1.1915782142859166e-07, "reference_temperature": 20.0, "koc": 11.681962871967066, "freundlich": 0.774440681637049, "dt50": {"system": 6.0, "soil": 177.76726908237507, "surfaceWater": 6.0, "sediment": 6.0}, "plant_uptake": 0.5, "name": "Compound 1309170901737248864", "model_specific_data": {}, "metabolites": []}}]}}