{"gap": {"type": "relative", "arguments": {"name": "GAP -296091488377847865", "modelCrop": "WC", "rate": 250.0, "apply_every_n_years": 1, "number_of_applications": 2, "interval": 14, "model_specific_data": {}, "bbch": 31, "season": 0}}, "compound": {"molarMass": 300.0, "water_solubility": 0.0008896719232653029, "vapor_pressure": 8.155976741032202e-08, "reference_temperature": 20.0, "koc": 52.91509473482978, "freundlich": 0.7865950632578241, "dt50": {"system": 6.0, "soil": 162.0355895507654, "surfaceWater": 6.0, "sediment": 6.0}, "plant_uptake": 0.0, "name": "Compound -2026323990185628730", "model_specific_data": {}, "metabolites": [{"formation_fraction": 0.2, "metabolite": {"molarMass": 300.0, "water_solubility": 0.6555050850187369, "vapor_pressure": 0.003077402828999994, "reference_temperature": 20.0, "koc": 175.69223703384466, "freundlich": 0.8325543809036513, "dt50": {"system": 6.0, "soil": 85.38496711880286, "surfaceWater": 6.0, "sediment": 6.0}, "plant_uptake": 0.5, "name": "Compound -2503369555465410666", "model_specific_data": {}, "metabolites": []}}]}}