{"gap": {"type": "relative", "arguments": {"name": "GAP -296091488377847865", "modelCrop": "WC", "rate": 250.0, "apply_every_n_years": 1, "number_of_applications": 2, "interval": 14, "model_specific_data": {}, "bbch": 31, "season": 0}}, "compound": {"molarMass": 300.0, "water_solubility": 0.00540523303908044, "vapor_pressure": 0.0005563025438260179, "reference_temperature": 20.0, "koc": 642.6605714347306, "freundlich": 1.0581198408814263, "dt50": {"system": 6.0, "soil": 217.93490310129337, "surfaceWater": 6.0, "sediment": 6.0}, "plant_uptake": 0.0, "name": "Compound -5961287784258243476", "model_specific_data": {}, "metabolites": [{"formation_fraction": 0.2, "metabolite": {"molarMass": 300.0, "water_solubility": 0.0023870257812202964, "vapor_pressure": 1.6835704205646907e-05, "reference_temperature": 20.0, "koc": 100.77961921831296, "freundlich": 0.9800220591164016, "dt50": {"system": 6.0, "soil": 16.301952489882414, "surfaceWater": 6.0, "sediment": 6.0}, "plant_uptake": 0.5, "name": "Compound -8722161226938629554", "model_specific_data": {}, "metabolites": []}}]}}