{"gap": {"type": "relative", "arguments": {"name": "GAP -296091488377847865", "modelCrop": "WC", "rate": 250.0, "apply_every_n_years": 1, "number_of_applications": 2, "interval": 14, "model_specific_data": {}, "bbch": 31, "season": 0}}, "compound": {"molarMass": 300.0, "water_solubility": 0.0019595906047378446, "vapor_pressure": 4.250103471251875e-06, "reference_temperature": 20.0, "koc": 99.66359854839156, "freundlich": 1.1508651189071684, "dt50": {"system": 6.0, "soil": 48.97582316947181, "surfaceWater": 6.0, "sediment": 6.0}, "plant_uptake": 0.0, "name": "Compound 2285409293179733746", "model_specific_data": {}, "metabolites": [{"formation_fraction": 0.2, "metabolite": {"molarMass": 300.0, "water_solubility": 0.01906669612822771, "vapor_pressure": 0.00014965973813489054, "reference_temperature": 20.0, "koc": 157.60136875165813, "freundlich": 1.1898462091685873, "dt50": {"system": 6.0, "soil": 136.7299816513802, "surfaceWater": 6.0, "sediment": 6.0}, "plant_uptake": 0.5, "name": "Compound -7081644867075111998", "model_specific_data": {}, "metabolites": []}}]}}