{"gap": {"type": "relative", "arguments": {"name": "GAP -296091488377847865", "modelCrop": "WC", "rate": 250.0, "apply_every_n_years": 1, "number_of_applications": 2, "interval": 14, "model_specific_data": {}, "bbch": 31, "season": 0}}, "compound": {"molarMass": 300.0, "water_solubility": 0.0022462662554588687, "vapor_pressure": 1.9146647499875246e-05, "reference_temperature": 20.0, "koc": 134.32178544583874, "freundlich": 0.8833535117119713, "dt50": {"system": 6.0, "soil": 184.5062339621189, "surfaceWater": 6.0, "sediment": 6.0}, "plant_uptake": 0.0, "name": "Compound -8982544381728679930", "model_specific_data": {}, "metabolites": [{"formation_fraction": 0.2, "metabolite": {"molarMass": 300.0, "water_solubility": 0.039977128920028505, "vapor_pressure": 7.870317880922567e-06, "reference_temperature": 20.0, "koc": 2136.158737608782, "freundlich": 1.1325992568188186, "dt50": {"system": 6.0, "soil": 290.6568556234335, "surfaceWater": 6.0, "sediment": 6.0}, "plant_uptake": 0.5, "name": "Compound 4185967747104518786", "model_specific_data": {}, "metabolites": []}}]}}