{"gap": {"type": "relative", "arguments": {"name": "GAP -296091488377847865", "modelCrop": "WC", "rate": 250.0, "apply_every_n_years": 1, "number_of_applications": 2, "interval": 14, "model_specific_data": {}, "bbch": 31, "season": 0}}, "compound": {"molarMass": 300.0, "water_solubility": 0.0020144807870175613, "vapor_pressure": 6.24971491751489e-06, "reference_temperature": 20.0, "koc": 26.398934350668267, "freundlich": 1.1898326845683633, "dt50": {"system": 6.0, "soil": 168.5149450665554, "surfaceWater": 6.0, "sediment": 6.0}, "plant_uptake": 0.0, "name": "Compound 8135220760652591277", "model_specific_data": {}, "metabolites": [{"formation_fraction": 0.2, "metabolite": {"molarMass": 300.0, "water_solubility": 0.2300724318798553, "vapor_pressure": 0.0009274095328287328, "reference_temperature": 20.0, "koc": 14.319372954856531, "freundlich": 1.0355709642594244, "dt50": {"system": 6.0, "soil": 43.68875608401575, "surfaceWater": 6.0, "sediment": 6.0}, "plant_uptake": 0.5, "name": "Compound -5759628316853798372", "model_specific_data": {}, "metabolites": []}}]}}