{"gap": {"type": "relative", "arguments": {"name": "GAP -296091488377847865", "modelCrop": "WC", "rate": 250.0, "apply_every_n_years": 1, "number_of_applications": 2, "interval": 14, "model_specific_data": {}, "bbch": 31, "season": 0}}, "compound": {"molarMass": 300.0, "water_solubility": 0.3760502574222685, "vapor_pressure": 4.774890471003866e-06, "reference_temperature": 20.0, "koc": 237.70875850625322, "freundlich": 1.0607919587090464, "dt50": {"system": 6.0, "soil": 36.78378766851014, "surfaceWater": 6.0, "sediment": 6.0}, "plant_uptake": 0.0, "name": "Compound 4339383748498528317", "model_specific_data": {}, "metabolites": [{"formation_fraction": 0.2, "metabolite": {"molarMass": 300.0, "water_solubility": 0.07321115493460369, "vapor_pressure": 5.372177192065286e-06, "reference_temperature": 20.0, "koc": 399.3695137550597, "freundlich": 0.7604049310796678, "dt50": {"system": 6.0, "soil": 106.5376724405614, "surfaceWater": 6.0, "sediment": 6.0}, "plant_uptake": 0.5, "name": "Compound -4829582849512879468", "model_specific_data": {}, "metabolites": []}}]}}