{"gap": {"type": "relative", "arguments": {"name": "GAP -296091488377847865", "modelCrop": "WC", "rate": 250.0, "apply_every_n_years": 1, "number_of_applications": 2, "interval": 14, "model_specific_data": {}, "bbch": 31, "season": 0}}, "compound": {"molarMass": 300.0, "water_solubility": 0.07168440392641577, "vapor_pressure": 0.00015319320105493123, "reference_temperature": 20.0, "koc": 16.852026568403986, "freundlich": 0.9700111499370114, "dt50": {"system": 6.0, "soil": 288.63190790105796, "surfaceWater": 6.0, "sediment": 6.0}, "plant_uptake": 0.0, "name": "Compound 5736323621387884608", "model_specific_data": {}, "metabolites": [{"formation_fraction": 0.2, "metabolite": {"molarMass": 300.0, "water_solubility": 0.296396622231326, "vapor_pressure": 0.0012783082361912893, "reference_temperature": 20.0, "koc": 15.672194178795449, "freundlich": 0.8587551010494792, "dt50": {"system": 6.0, "soil": 47.604153659836165, "surfaceWater": 6.0, "sediment": 6.0}, "plant_uptake": 0.5, "name": "Compound -5420425748058173531", "model_specific_data": {}, "metabolites": []}}]}}