{"gap": {"type": "relative", "arguments": {"name": "GAP -296091488377847865", "modelCrop": "WC", "rate": 250.0, "apply_every_n_years": 1, "number_of_applications": 2, "interval": 14, "model_specific_data": {}, "bbch": 31, "season": 0}}, "compound": {"molarMass": 300.0, "water_solubility": 0.07342777230323443, "vapor_pressure": 0.0007558481049593668, "reference_temperature": 20.0, "koc": 1937.7998264379953, "freundlich": 1.0928264146606914, "dt50": {"system": 6.0, "soil": 261.9927507124321, "surfaceWater": 6.0, "sediment": 6.0}, "plant_uptake": 0.0, "name": "Compound -9102840095751325694", "model_specific_data": {}, "metabolites": [{"formation_fraction": 0.2, "metabolite": {"molarMass": 300.0, "water_solubility": 0.0006689669467075906, "vapor_pressure": 1.0599235826779398e-06, "reference_temperature": 20.0, "koc": 182.38513358327538, "freundlich": 0.9854173870721245, "dt50": {"system": 6.0, "soil": 131.85889343193867, "surfaceWater": 6.0, "sediment": 6.0}, "plant_uptake": 0.5, "name": "Compound -4839299159723185833", "model_specific_data": {}, "metabolites": []}}]}}