{"gap": {"type": "relative", "arguments": {"name": "GAP -296091488377847865", "modelCrop": "WC", "rate": 250.0, "apply_every_n_years": 1, "number_of_applications": 2, "interval": 14, "model_specific_data": {}, "bbch": 31, "season": 0}}, "compound": {"molarMass": 300.0, "water_solubility": 0.003193662793247584, "vapor_pressure": 3.28795931450815e-06, "reference_temperature": 20.0, "koc": 3144.3420970674815, "freundlich": 0.7573314436117811, "dt50": {"system": 6.0, "soil": 288.81852119499734, "surfaceWater": 6.0, "sediment": 6.0}, "plant_uptake": 0.0, "name": "Compound -9005859427337428219", "model_specific_data": {}, "metabolites": [{"formation_fraction": 0.2, "metabolite": {"molarMass": 300.0, "water_solubility": 9.804164948716523e-06, "vapor_pressure": 9.585832843698846e-08, "reference_temperature": 20.0, "koc": 19.602493444195716, "freundlich": 0.8206457585649276, "dt50": {"system": 6.0, "soil": 128.09872810814488, "surfaceWater": 6.0, "sediment": 6.0}, "plant_uptake": 0.5, "name": "Compound 3396574534680010590", "model_specific_data": {}, "metabolites": []}}]}}