{"gap": {"type": "relative", "arguments": {"name": "GAP -296091488377847865", "modelCrop": "WC", "rate": 250.0, "apply_every_n_years": 1, "number_of_applications": 2, "interval": 14, "model_specific_data": {}, "bbch": 31, "season": 0}}, "compound": {"molarMass": 300.0, "water_solubility": 0.0032642667629671817, "vapor_pressure": 1.2692566785680953e-05, "reference_temperature": 20.0, "koc": 486.4735675118913, "freundlich": 1.1394281250803147, "dt50": {"system": 6.0, "soil": 91.1619897054528, "surfaceWater": 6.0, "sediment": 6.0}, "plant_uptake": 0.0, "name": "Compound -4622140834846906758", "model_specific_data": {}, "metabolites": [{"formation_fraction": 0.2, "metabolite": {"molarMass": 300.0, "water_solubility": 0.0005395652114500232, "vapor_pressure": 0.0008955853142701334, "reference_temperature": 20.0, "koc": 607.7647143253839, "freundlich": 1.0372713002757137, "dt50": {"system": 6.0, "soil": 181.9019958105073, "surfaceWater": 6.0, "sediment": 6.0}, "plant_uptake": 0.5, "name": "Compound 1324444896234786560", "model_specific_data": {}, "metabolites": []}}]}}