{"gap": {"type": "relative", "arguments": {"name": "GAP -296091488377847865", "modelCrop": "WC", "rate": 250.0, "apply_every_n_years": 1, "number_of_applications": 2, "interval": 14, "model_specific_data": {}, "bbch": 31, "season": 0}}, "compound": {"molarMass": 300.0, "water_solubility": 0.023448916912187714, "vapor_pressure": 1.9292572211018124e-08, "reference_temperature": 20.0, "koc": 100.66753395272377, "freundlich": 1.0296047740752337, "dt50": {"system": 6.0, "soil": 64.33911556504344, "surfaceWater": 6.0, "sediment": 6.0}, "plant_uptake": 0.0, "name": "Compound -6425603979361778404", "model_specific_data": {}, "metabolites": [{"formation_fraction": 0.2, "metabolite": {"molarMass": 300.0, "water_solubility": 0.012907028716919509, "vapor_pressure": 4.2200268141120265e-05, "reference_temperature": 20.0, "koc": 1853.5115710159007, "freundlich": 1.0250271350265707, "dt50": {"system": 6.0, "soil": 271.2823671960704, "surfaceWater": 6.0, "sediment": 6.0}, "plant_uptake": 0.5, "name": "Compound 2668941954279738277", "model_specific_data": {}, "metabolites": []}}]}}