{"gap": {"type": "relative", "arguments": {"name": "GAP -296091488377847865", "modelCrop": "WC", "rate": 250.0, "apply_every_n_years": 1, "number_of_applications": 2, "interval": 14, "model_specific_data": {}, "bbch": 31, "season": 0}}, "compound": {"molarMass": 300.0, "water_solubility": 0.004980378301006569, "vapor_pressure": 5.114203711221587e-06, "reference_temperature": 20.0, "koc": 162.25830743873823, "freundlich": 1.128347862042325, "dt50": {"system": 6.0, "soil": 188.89279620425307, "surfaceWater": 6.0, "sediment": 6.0}, "plant_uptake": 0.0, "name": "Compound -9042191152318186294", "model_specific_data": {}, "metabolites": [{"formation_fraction": 0.2, "metabolite": {"molarMass": 300.0, "water_solubility": 0.0008760692344824174, "vapor_pressure": 0.00035288740503128897, "reference_temperature": 20.0, "koc": 239.24762597764868, "freundlich": 0.7238113201165803, "dt50": {"system": 6.0, "soil": 209.3433209932166, "surfaceWater": 6.0, "sediment": 6.0}, "plant_uptake": 0.5, "name": "Compound -6459498363242967254", "model_specific_data": {}, "metabolites": []}}]}}