{"gap": {"type": "relative", "arguments": {"name": "GAP -296091488377847865", "modelCrop": "WC", "rate": 250.0, "apply_every_n_years": 1, "number_of_applications": 2, "interval": 14, "model_specific_data": {}, "bbch": 31, "season": 0}}, "compound": {"molarMass": 300.0, "water_solubility": 0.05614846279686028, "vapor_pressure": 0.0003558571291084288, "reference_temperature": 20.0, "koc": 375.52827065980284, "freundlich": 0.7044433239040491, "dt50": {"system": 6.0, "soil": 141.3981325327055, "surfaceWater": 6.0, "sediment": 6.0}, "plant_uptake": 0.0, "name": "Compound 6191253164297064928", "model_specific_data": {}, "metabolites": [{"formation_fraction": 0.2, "metabolite": {"molarMass": 300.0, "water_solubility": 0.000778939011096752, "vapor_pressure": 6.166253406994522e-06, "reference_temperature": 20.0, "koc": 4093.00869564226, "freundlich": 1.1629712498757245, "dt50": {"system": 6.0, "soil": 145.05144418186336, "surfaceWater": 6.0, "sediment": 6.0}, "plant_uptake": 0.5, "name": "Compound 6918771743390289459", "model_specific_data": {}, "metabolites": []}}]}}