{"gap": {"type": "relative", "arguments": {"name": "GAP -296091488377847865", "modelCrop": "WC", "rate": 250.0, "apply_every_n_years": 1, "number_of_applications": 2, "interval": 14, "model_specific_data": {}, "bbch": 31, "season": 0}}, "compound": {"molarMass": 300.0, "water_solubility": 2.365637370678363e-05, "vapor_pressure": 0.0012570143641793786, "reference_temperature": 20.0, "koc": 17.718555759906486, "freundlich": 0.924959644766536, "dt50": {"system": 6.0, "soil": 21.202653425536223, "surfaceWater": 6.0, "sediment": 6.0}, "plant_uptake": 0.0, "name": "Compound 5235323728838252968", "model_specific_data": {}, "metabolites": [{"formation_fraction": 0.2, "metabolite": {"molarMass": 300.0, "water_solubility": 0.23010156980742244, "vapor_pressure": 8.352079904218474e-05, "reference_temperature": 20.0, "koc": 60.41092029147011, "freundlich": 0.829249958564663, "dt50": {"system": 6.0, "soil": 125.51090502013693, "surfaceWater": 6.0, "sediment": 6.0}, "plant_uptake": 0.5, "name": "Compound -374696798927475449", "model_specific_data": {}, "metabolites": []}}]}}