{"gap": {"type": "relative", "arguments": {"name": "GAP -296091488377847865", "modelCrop": "WC", "rate": 250.0, "apply_every_n_years": 1, "number_of_applications": 2, "interval": 14, "model_specific_data": {}, "bbch": 31, "season": 0}}, "compound": {"molarMass": 300.0, "water_solubility": 0.036342508077271886, "vapor_pressure": 0.0002453727377571022, "reference_temperature": 20.0, "koc": 13.218319213802266, "freundlich": 1.0151513174810478, "dt50": {"system": 6.0, "soil": 119.70182739448029, "surfaceWater": 6.0, "sediment": 6.0}, "plant_uptake": 0.0, "name": "Compound 6894341237281977207", "model_specific_data": {}, "metabolites": [{"formation_fraction": 0.2, "metabolite": {"molarMass": 300.0, "water_solubility": 0.751935097994084, "vapor_pressure": 4.0465886995749364e-06, "reference_temperature": 20.0, "koc": 3333.59667930146, "freundlich": 1.0111344826127238, "dt50": {"system": 6.0, "soil": 204.96319831582204, "surfaceWater": 6.0, "sediment": 6.0}, "plant_uptake": 0.5, "name": "Compound 6349638113340808709", "model_specific_data": {}, "metabolites": []}}]}}