{"gap": {"type": "relative", "arguments": {"name": "GAP -296091488377847865", "modelCrop": "WC", "rate": 250.0, "apply_every_n_years": 1, "number_of_applications": 2, "interval": 14, "model_specific_data": {}, "bbch": 31, "season": 0}}, "compound": {"molarMass": 300.0, "water_solubility": 0.01182111406641949, "vapor_pressure": 3.838048408323392e-07, "reference_temperature": 20.0, "koc": 2181.0567075169065, "freundlich": 0.7088263464782991, "dt50": {"system": 6.0, "soil": 67.36642363324428, "surfaceWater": 6.0, "sediment": 6.0}, "plant_uptake": 0.0, "name": "Compound -739398099305921464", "model_specific_data": {}, "metabolites": [{"formation_fraction": 0.2, "metabolite": {"molarMass": 300.0, "water_solubility": 0.0007607031343467723, "vapor_pressure": 0.0001864301557643057, "reference_temperature": 20.0, "koc": 71.41663801187877, "freundlich": 1.0235124446893609, "dt50": {"system": 6.0, "soil": 134.99887937600639, "surfaceWater": 6.0, "sediment": 6.0}, "plant_uptake": 0.5, "name": "Compound -4797609777344767967", "model_specific_data": {}, "metabolites": []}}]}}