{"gap": {"type": "relative", "arguments": {"name": "GAP -296091488377847865", "modelCrop": "WC", "rate": 250.0, "apply_every_n_years": 1, "number_of_applications": 2, "interval": 14, "model_specific_data": {}, "bbch": 31, "season": 0}}, "compound": {"molarMass": 300.0, "water_solubility": 0.17482477816819858, "vapor_pressure": 0.005354632385610813, "reference_temperature": 20.0, "koc": 69.7717998380101, "freundlich": 0.9113020383507076, "dt50": {"system": 6.0, "soil": 33.02628111786126, "surfaceWater": 6.0, "sediment": 6.0}, "plant_uptake": 0.0, "name": "Compound 6926904371001379895", "model_specific_data": {}, "metabolites": [{"formation_fraction": 0.2, "metabolite": {"molarMass": 300.0, "water_solubility": 0.06562189073429293, "vapor_pressure": 1.0137176057905493e-05, "reference_temperature": 20.0, "koc": 178.76714162173897, "freundlich": 0.8352768145625882, "dt50": {"system": 6.0, "soil": 167.89524077978163, "surfaceWater": 6.0, "sediment": 6.0}, "plant_uptake": 0.5, "name": "Compound 4484820853197746737", "model_specific_data": {}, "metabolites": []}}]}}