{"gap": {"type": "relative", "arguments": {"name": "GAP -296091488377847865", "modelCrop": "WC", "rate": 250.0, "apply_every_n_years": 1, "number_of_applications": 2, "interval": 14, "model_specific_data": {}, "bbch": 31, "season": 0}}, "compound": {"molarMass": 300.0, "water_solubility": 0.05387378747103967, "vapor_pressure": 3.0575217088039833e-06, "reference_temperature": 20.0, "koc": 76.67548284434443, "freundlich": 1.1064972894091734, "dt50": {"system": 6.0, "soil": 93.17410925579681, "surfaceWater": 6.0, "sediment": 6.0}, "plant_uptake": 0.0, "name": "Compound -7868061721655046030", "model_specific_data": {}, "metabolites": [{"formation_fraction": 0.2, "metabolite": {"molarMass": 300.0, "water_solubility": 0.00010274578320481297, "vapor_pressure": 4.584041108731671e-07, "reference_temperature": 20.0, "koc": 977.8658788877044, "freundlich": 1.1439071782888712, "dt50": {"system": 6.0, "soil": 139.44753060175702, "surfaceWater": 6.0, "sediment": 6.0}, "plant_uptake": 0.5, "name": "Compound -6234158051924395626", "model_specific_data": {}, "metabolites": []}}]}}