{"gap": {"type": "relative", "arguments": {"name": "GAP -296091488377847865", "modelCrop": "WC", "rate": 250.0, "apply_every_n_years": 1, "number_of_applications": 2, "interval": 14, "model_specific_data": {}, "bbch": 31, "season": 0}}, "compound": {"molarMass": 300.0, "water_solubility": 0.03804270723304983, "vapor_pressure": 2.195543589222602e-05, "reference_temperature": 20.0, "koc": 4324.491153853791, "freundlich": 0.8146392031844842, "dt50": {"system": 6.0, "soil": 231.68443381624076, "surfaceWater": 6.0, "sediment": 6.0}, "plant_uptake": 0.0, "name": "Compound 8864324380670560294", "model_specific_data": {}, "metabolites": [{"formation_fraction": 0.2, "metabolite": {"molarMass": 300.0, "water_solubility": 0.01369352064678884, "vapor_pressure": 0.0012246472641487382, "reference_temperature": 20.0, "koc": 44.34169939253277, "freundlich": 0.8098137448190843, "dt50": {"system": 6.0, "soil": 44.22631533593962, "surfaceWater": 6.0, "sediment": 6.0}, "plant_uptake": 0.5, "name": "Compound -5834355117989444955", "model_specific_data": {}, "metabolites": []}}]}}