{"gap": {"type": "relative", "arguments": {"name": "GAP -296091488377847865", "modelCrop": "WC", "rate": 250.0, "apply_every_n_years": 1, "number_of_applications": 2, "interval": 14, "model_specific_data": {}, "bbch": 31, "season": 0}}, "compound": {"molarMass": 300.0, "water_solubility": 0.0067254993518793904, "vapor_pressure": 1.2878851840682232e-05, "reference_temperature": 20.0, "koc": 187.57975687872644, "freundlich": 1.112911958229329, "dt50": {"system": 6.0, "soil": 209.3761976561319, "surfaceWater": 6.0, "sediment": 6.0}, "plant_uptake": 0.0, "name": "Compound -9114488938038735787", "model_specific_data": {}, "metabolites": [{"formation_fraction": 0.2, "metabolite": {"molarMass": 300.0, "water_solubility": 0.020066270640809528, "vapor_pressure": 2.763209195492557e-05, "reference_temperature": 20.0, "koc": 23.056186245989238, "freundlich": 1.0198370403268764, "dt50": {"system": 6.0, "soil": 62.27447591976301, "surfaceWater": 6.0, "sediment": 6.0}, "plant_uptake": 0.5, "name": "Compound 6760519358469734952", "model_specific_data": {}, "metabolites": []}}]}}