{"gap": {"type": "relative", "arguments": {"name": "GAP -296091488377847865", "modelCrop": "WC", "rate": 250.0, "apply_every_n_years": 1, "number_of_applications": 2, "interval": 14, "model_specific_data": {}, "bbch": 31, "season": 0}}, "compound": {"molarMass": 300.0, "water_solubility": 0.0024096554423903203, "vapor_pressure": 0.00010175762157503012, "reference_temperature": 20.0, "koc": 95.58779060935441, "freundlich": 1.151657819928726, "dt50": {"system": 6.0, "soil": 42.825193069049895, "surfaceWater": 6.0, "sediment": 6.0}, "plant_uptake": 0.0, "name": "Compound 5989945682873470788", "model_specific_data": {}, "metabolites": [{"formation_fraction": 0.2, "metabolite": {"molarMass": 300.0, "water_solubility": 0.0009657269512164993, "vapor_pressure": 0.0010952139387646101, "reference_temperature": 20.0, "koc": 2783.960705417531, "freundlich": 1.0392870229667222, "dt50": {"system": 6.0, "soil": 45.85872155720887, "surfaceWater": 6.0, "sediment": 6.0}, "plant_uptake": 0.5, "name": "Compound -7276300721309088806", "model_specific_data": {}, "metabolites": []}}]}}