{"gap": {"type": "relative", "arguments": {"name": "GAP -296091488377847865", "modelCrop": "WC", "rate": 250.0, "apply_every_n_years": 1, "number_of_applications": 2, "interval": 14, "model_specific_data": {}, "bbch": 31, "season": 0}}, "compound": {"molarMass": 300.0, "water_solubility": 0.00036479967359307624, "vapor_pressure": 2.3469844394453858e-07, "reference_temperature": 20.0, "koc": 12.944881112460733, "freundlich": 1.1317191024075464, "dt50": {"system": 6.0, "soil": 141.88601028096943, "surfaceWater": 6.0, "sediment": 6.0}, "plant_uptake": 0.0, "name": "Compound 2421161837104784321", "model_specific_data": {}, "metabolites": [{"formation_fraction": 0.2, "metabolite": {"molarMass": 300.0, "water_solubility": 0.05774329147186285, "vapor_pressure": 2.927848687277382e-08, "reference_temperature": 20.0, "koc": 46.64098564342598, "freundlich": 0.8297638127403395, "dt50": {"system": 6.0, "soil": 241.98008339557262, "surfaceWater": 6.0, "sediment": 6.0}, "plant_uptake": 0.5, "name": "Compound 3233175749062794889", "model_specific_data": {}, "metabolites": []}}]}}