{"gap": {"type": "relative", "arguments": {"name": "GAP -296091488377847865", "modelCrop": "WC", "rate": 250.0, "apply_every_n_years": 1, "number_of_applications": 2, "interval": 14, "model_specific_data": {}, "bbch": 31, "season": 0}}, "compound": {"molarMass": 300.0, "water_solubility": 0.014526982808212852, "vapor_pressure": 4.181214672598085e-08, "reference_temperature": 20.0, "koc": 2399.3641784868946, "freundlich": 0.7514290331693461, "dt50": {"system": 6.0, "soil": 71.76226865500806, "surfaceWater": 6.0, "sediment": 6.0}, "plant_uptake": 0.0, "name": "Compound -9132335469066636200", "model_specific_data": {}, "metabolites": [{"formation_fraction": 0.2, "metabolite": {"molarMass": 300.0, "water_solubility": 0.025001824475848988, "vapor_pressure": 9.74363088535538e-07, "reference_temperature": 20.0, "koc": 222.30882883129854, "freundlich": 1.1139248208170038, "dt50": {"system": 6.0, "soil": 93.59316005711243, "surfaceWater": 6.0, "sediment": 6.0}, "plant_uptake": 0.5, "name": "Compound 626765627883199002", "model_specific_data": {}, "metabolites": []}}]}}