{"gap": {"type": "relative", "arguments": {"name": "GAP -296091488377847865", "modelCrop": "WC", "rate": 250.0, "apply_every_n_years": 1, "number_of_applications": 2, "interval": 14, "model_specific_data": {}, "bbch": 31, "season": 0}}, "compound": {"molarMass": 300.0, "water_solubility": 0.10187497383196212, "vapor_pressure": 1.0175440863779265e-06, "reference_temperature": 20.0, "koc": 1521.1402202919742, "freundlich": 0.9866719312811099, "dt50": {"system": 6.0, "soil": 193.65276926978711, "surfaceWater": 6.0, "sediment": 6.0}, "plant_uptake": 0.0, "name": "Compound -2605829177062135823", "model_specific_data": {}, "metabolites": [{"formation_fraction": 0.2, "metabolite": {"molarMass": 300.0, "water_solubility": 0.007753068664839878, "vapor_pressure": 9.233062993020823e-06, "reference_temperature": 20.0, "koc": 1865.545121897965, "freundlich": 0.7607106674019506, "dt50": {"system": 6.0, "soil": 8.210149379026472, "surfaceWater": 6.0, "sediment": 6.0}, "plant_uptake": 0.5, "name": "Compound 7446362483498885878", "model_specific_data": {}, "metabolites": []}}]}}