{"gap": {"type": "relative", "arguments": {"name": "GAP -296091488377847865", "modelCrop": "WC", "rate": 250.0, "apply_every_n_years": 1, "number_of_applications": 2, "interval": 14, "model_specific_data": {}, "bbch": 31, "season": 0}}, "compound": {"molarMass": 300.0, "water_solubility": 0.023654965996066375, "vapor_pressure": 9.695707757767428e-09, "reference_temperature": 20.0, "koc": 48.85080755081699, "freundlich": 1.0760506220299464, "dt50": {"system": 6.0, "soil": 260.1924670834127, "surfaceWater": 6.0, "sediment": 6.0}, "plant_uptake": 0.0, "name": "Compound -5922713402100973850", "model_specific_data": {}, "metabolites": [{"formation_fraction": 0.2, "metabolite": {"molarMass": 300.0, "water_solubility": 0.011327962781455094, "vapor_pressure": 8.879243927325759e-05, "reference_temperature": 20.0, "koc": 1410.2130009764664, "freundlich": 0.911048800866596, "dt50": {"system": 6.0, "soil": 82.9873324365324, "surfaceWater": 6.0, "sediment": 6.0}, "plant_uptake": 0.5, "name": "Compound 1200250131955896657", "model_specific_data": {}, "metabolites": []}}]}}