{"gap": {"type": "relative", "arguments": {"name": "GAP -296091488377847865", "modelCrop": "WC", "rate": 250.0, "apply_every_n_years": 1, "number_of_applications": 2, "interval": 14, "model_specific_data": {}, "bbch": 31, "season": 0}}, "compound": {"molarMass": 300.0, "water_solubility": 0.004179085645329101, "vapor_pressure": 6.093289834709383e-06, "reference_temperature": 20.0, "koc": 152.3897259162163, "freundlich": 1.0951203148908784, "dt50": {"system": 6.0, "soil": 224.28335530403356, "surfaceWater": 6.0, "sediment": 6.0}, "plant_uptake": 0.0, "name": "Compound 3923593299222097367", "model_specific_data": {}, "metabolites": [{"formation_fraction": 0.2, "metabolite": {"molarMass": 300.0, "water_solubility": 0.16972921009498512, "vapor_pressure": 0.005711727536485399, "reference_temperature": 20.0, "koc": 182.64122640134, "freundlich": 0.9247612700064146, "dt50": {"system": 6.0, "soil": 32.10931867024574, "surfaceWater": 6.0, "sediment": 6.0}, "plant_uptake": 0.5, "name": "Compound 8721933509037467055", "model_specific_data": {}, "metabolites": []}}]}}