{"gap": {"type": "relative", "arguments": {"name": "GAP -296091488377847865", "modelCrop": "WC", "rate": 250.0, "apply_every_n_years": 1, "number_of_applications": 2, "interval": 14, "model_specific_data": {}, "bbch": 31, "season": 0}}, "compound": {"molarMass": 300.0, "water_solubility": 0.0003335976853289464, "vapor_pressure": 0.0006008768542666597, "reference_temperature": 20.0, "koc": 24.418924776373444, "freundlich": 1.0052446573673284, "dt50": {"system": 6.0, "soil": 276.38379514357496, "surfaceWater": 6.0, "sediment": 6.0}, "plant_uptake": 0.0, "name": "Compound -5052061449097793421", "model_specific_data": {}, "metabolites": [{"formation_fraction": 0.2, "metabolite": {"molarMass": 300.0, "water_solubility": 0.05732700957128451, "vapor_pressure": 0.0006500290187906793, "reference_temperature": 20.0, "koc": 679.8047567793204, "freundlich": 0.949291467328393, "dt50": {"system": 6.0, "soil": 140.10689648215285, "surfaceWater": 6.0, "sediment": 6.0}, "plant_uptake": 0.5, "name": "Compound -7364377659164145118", "model_specific_data": {}, "metabolites": []}}]}}