{"gap": {"type": "relative", "arguments": {"name": "GAP -296091488377847865", "modelCrop": "WC", "rate": 250.0, "apply_every_n_years": 1, "number_of_applications": 2, "interval": 14, "model_specific_data": {}, "bbch": 31, "season": 0}}, "compound": {"molarMass": 300.0, "water_solubility": 0.008969783165486269, "vapor_pressure": 0.00025052133901802076, "reference_temperature": 20.0, "koc": 860.7327603769367, "freundlich": 1.0449702364202302, "dt50": {"system": 6.0, "soil": 83.37489067322487, "surfaceWater": 6.0, "sediment": 6.0}, "plant_uptake": 0.0, "name": "Compound 2669138936735847399", "model_specific_data": {}, "metabolites": [{"formation_fraction": 0.2, "metabolite": {"molarMass": 300.0, "water_solubility": 1.8153058355078173, "vapor_pressure": 1.4856623376813846e-05, "reference_temperature": 20.0, "koc": 2733.5981644258895, "freundlich": 0.96035322880515, "dt50": {"system": 6.0, "soil": 161.95109987020018, "surfaceWater": 6.0, "sediment": 6.0}, "plant_uptake": 0.5, "name": "Compound 6019555184101335424", "model_specific_data": {}, "metabolites": []}}]}}