{"gap": {"type": "relative", "arguments": {"name": "GAP -296091488377847865", "modelCrop": "WC", "rate": 250.0, "apply_every_n_years": 1, "number_of_applications": 2, "interval": 14, "model_specific_data": {}, "bbch": 31, "season": 0}}, "compound": {"molarMass": 300.0, "water_solubility": 0.0026257433364106015, "vapor_pressure": 1.1065793453816704e-06, "reference_temperature": 20.0, "koc": 150.86383829413424, "freundlich": 1.1642604155540588, "dt50": {"system": 6.0, "soil": 237.47871576214254, "surfaceWater": 6.0, "sediment": 6.0}, "plant_uptake": 0.0, "name": "Compound -2362716772601054742", "model_specific_data": {}, "metabolites": [{"formation_fraction": 0.2, "metabolite": {"molarMass": 300.0, "water_solubility": 0.019410377636913785, "vapor_pressure": 7.752032628235093e-06, "reference_temperature": 20.0, "koc": 19.0353243613736, "freundlich": 0.9433494089590448, "dt50": {"system": 6.0, "soil": 156.37085036361884, "surfaceWater": 6.0, "sediment": 6.0}, "plant_uptake": 0.5, "name": "Compound 3038965149403786990", "model_specific_data": {}, "metabolites": []}}]}}