{"gap": {"type": "relative", "arguments": {"name": "GAP -296091488377847865", "modelCrop": "WC", "rate": 250.0, "apply_every_n_years": 1, "number_of_applications": 2, "interval": 14, "model_specific_data": {}, "bbch": 31, "season": 0}}, "compound": {"molarMass": 300.0, "water_solubility": 0.010783555430938846, "vapor_pressure": 0.005573124909445585, "reference_temperature": 20.0, "koc": 643.4023112403911, "freundlich": 0.8875302687522855, "dt50": {"system": 6.0, "soil": 65.04631906425927, "surfaceWater": 6.0, "sediment": 6.0}, "plant_uptake": 0.0, "name": "Compound -5648884321465558894", "model_specific_data": {}, "metabolites": [{"formation_fraction": 0.2, "metabolite": {"molarMass": 300.0, "water_solubility": 0.00020726871991370795, "vapor_pressure": 1.4196148019253707e-06, "reference_temperature": 20.0, "koc": 29.977697351630596, "freundlich": 1.0291112033606984, "dt50": {"system": 6.0, "soil": 140.03525325243407, "surfaceWater": 6.0, "sediment": 6.0}, "plant_uptake": 0.5, "name": "Compound -4224196789448851778", "model_specific_data": {}, "metabolites": []}}]}}