{"gap": {"type": "relative", "arguments": {"name": "GAP -296091488377847865", "modelCrop": "WC", "rate": 250.0, "apply_every_n_years": 1, "number_of_applications": 2, "interval": 14, "model_specific_data": {}, "bbch": 31, "season": 0}}, "compound": {"molarMass": 300.0, "water_solubility": 0.006599799411970901, "vapor_pressure": 6.9482544156279965e-06, "reference_temperature": 20.0, "koc": 764.5282645305194, "freundlich": 0.951409526108812, "dt50": {"system": 6.0, "soil": 93.88532046483135, "surfaceWater": 6.0, "sediment": 6.0}, "plant_uptake": 0.0, "name": "Compound -4957372755557683357", "model_specific_data": {}, "metabolites": [{"formation_fraction": 0.2, "metabolite": {"molarMass": 300.0, "water_solubility": 0.028580474819754155, "vapor_pressure": 4.6132026928844156e-05, "reference_temperature": 20.0, "koc": 62.66539972379622, "freundlich": 1.1209462841655045, "dt50": {"system": 6.0, "soil": 152.95776709847024, "surfaceWater": 6.0, "sediment": 6.0}, "plant_uptake": 0.5, "name": "Compound 7553709361211939837", "model_specific_data": {}, "metabolites": []}}]}}