{"gap": {"type": "relative", "arguments": {"name": "GAP -296091488377847865", "modelCrop": "WC", "rate": 250.0, "apply_every_n_years": 1, "number_of_applications": 2, "interval": 14, "model_specific_data": {}, "bbch": 31, "season": 0}}, "compound": {"molarMass": 300.0, "water_solubility": 0.34626614144044976, "vapor_pressure": 1.3449895850144929e-05, "reference_temperature": 20.0, "koc": 11.218756209108513, "freundlich": 1.0298580179748904, "dt50": {"system": 6.0, "soil": 174.13816943252286, "surfaceWater": 6.0, "sediment": 6.0}, "plant_uptake": 0.0, "name": "Compound -250548786311175292", "model_specific_data": {}, "metabolites": [{"formation_fraction": 0.2, "metabolite": {"molarMass": 300.0, "water_solubility": 0.006801390024831465, "vapor_pressure": 0.0003864059013210392, "reference_temperature": 20.0, "koc": 473.57566531816263, "freundlich": 1.0056516179885242, "dt50": {"system": 6.0, "soil": 131.45785546824374, "surfaceWater": 6.0, "sediment": 6.0}, "plant_uptake": 0.5, "name": "Compound 1909080279124375364", "model_specific_data": {}, "metabolites": []}}]}}