{"gap": {"type": "relative", "arguments": {"name": "GAP -296091488377847865", "modelCrop": "WC", "rate": 250.0, "apply_every_n_years": 1, "number_of_applications": 2, "interval": 14, "model_specific_data": {}, "bbch": 31, "season": 0}}, "compound": {"molarMass": 300.0, "water_solubility": 0.002649144333625126, "vapor_pressure": 0.001053307449922447, "reference_temperature": 20.0, "koc": 15.5350231238979, "freundlich": 1.0847216471788381, "dt50": {"system": 6.0, "soil": 196.38788348036482, "surfaceWater": 6.0, "sediment": 6.0}, "plant_uptake": 0.0, "name": "Compound -3549647635535105757", "model_specific_data": {}, "metabolites": [{"formation_fraction": 0.2, "metabolite": {"molarMass": 300.0, "water_solubility": 0.0030443091680283623, "vapor_pressure": 2.1291559154357275e-06, "reference_temperature": 20.0, "koc": 11.71114027187196, "freundlich": 1.0831813187518982, "dt50": {"system": 6.0, "soil": 187.8000138557536, "surfaceWater": 6.0, "sediment": 6.0}, "plant_uptake": 0.5, "name": "Compound 8471325417743963511", "model_specific_data": {}, "metabolites": []}}]}}