{"gap": {"type": "relative", "arguments": {"name": "GAP -296091488377847865", "modelCrop": "WC", "rate": 250.0, "apply_every_n_years": 1, "number_of_applications": 2, "interval": 14, "model_specific_data": {}, "bbch": 31, "season": 0}}, "compound": {"molarMass": 300.0, "water_solubility": 0.0013320266485482375, "vapor_pressure": 2.9067175740897784e-09, "reference_temperature": 20.0, "koc": 381.94565252089245, "freundlich": 0.7743696622817833, "dt50": {"system": 6.0, "soil": 33.06299194107243, "surfaceWater": 6.0, "sediment": 6.0}, "plant_uptake": 0.0, "name": "Compound -5812004648061355986", "model_specific_data": {}, "metabolites": [{"formation_fraction": 0.2, "metabolite": {"molarMass": 300.0, "water_solubility": 0.002247498894836203, "vapor_pressure": 1.6939407922189498e-05, "reference_temperature": 20.0, "koc": 65.131169975742, "freundlich": 1.129860671553721, "dt50": {"system": 6.0, "soil": 10.893003544522195, "surfaceWater": 6.0, "sediment": 6.0}, "plant_uptake": 0.5, "name": "Compound 5494717628974002124", "model_specific_data": {}, "metabolites": []}}]}}