{"gap": {"type": "relative", "arguments": {"name": "GAP -296091488377847865", "modelCrop": "WC", "rate": 250.0, "apply_every_n_years": 1, "number_of_applications": 2, "interval": 14, "model_specific_data": {}, "bbch": 31, "season": 0}}, "compound": {"molarMass": 300.0, "water_solubility": 0.0025732686625966226, "vapor_pressure": 2.1472470246049046e-06, "reference_temperature": 20.0, "koc": 254.0873328186619, "freundlich": 1.131449090493472, "dt50": {"system": 6.0, "soil": 242.80739550366673, "surfaceWater": 6.0, "sediment": 6.0}, "plant_uptake": 0.0, "name": "Compound -257356458990845279", "model_specific_data": {}, "metabolites": [{"formation_fraction": 0.2, "metabolite": {"molarMass": 300.0, "water_solubility": 0.07787698133415197, "vapor_pressure": 0.11868292104649066, "reference_temperature": 20.0, "koc": 257.0361850737222, "freundlich": 0.7325889144609652, "dt50": {"system": 6.0, "soil": 210.35302775063093, "surfaceWater": 6.0, "sediment": 6.0}, "plant_uptake": 0.5, "name": "Compound 3548116176970279318", "model_specific_data": {}, "metabolites": []}}]}}