{"gap": {"type": "relative", "arguments": {"name": "GAP -296091488377847865", "modelCrop": "WC", "rate": 250.0, "apply_every_n_years": 1, "number_of_applications": 2, "interval": 14, "model_specific_data": {}, "bbch": 31, "season": 0}}, "compound": {"molarMass": 300.0, "water_solubility": 0.0015812926435947127, "vapor_pressure": 7.67976278686055e-07, "reference_temperature": 20.0, "koc": 445.094148639075, "freundlich": 0.9970454851901236, "dt50": {"system": 6.0, "soil": 67.8387022230043, "surfaceWater": 6.0, "sediment": 6.0}, "plant_uptake": 0.0, "name": "Compound 7365441874363663729", "model_specific_data": {}, "metabolites": [{"formation_fraction": 0.2, "metabolite": {"molarMass": 300.0, "water_solubility": 0.008460826107721113, "vapor_pressure": 0.0006616901779609224, "reference_temperature": 20.0, "koc": 1580.3161966815387, "freundlich": 1.158878959744694, "dt50": {"system": 6.0, "soil": 260.96084090730324, "surfaceWater": 6.0, "sediment": 6.0}, "plant_uptake": 0.5, "name": "Compound 5883027695611167236", "model_specific_data": {}, "metabolites": []}}]}}