{"gap": {"type": "relative", "arguments": {"name": "GAP -296091488377847865", "modelCrop": "WC", "rate": 250.0, "apply_every_n_years": 1, "number_of_applications": 2, "interval": 14, "model_specific_data": {}, "bbch": 31, "season": 0}}, "compound": {"molarMass": 300.0, "water_solubility": 0.0025226554527426684, "vapor_pressure": 5.8991319145463046e-05, "reference_temperature": 20.0, "koc": 209.13819620129726, "freundlich": 0.8172440543470298, "dt50": {"system": 6.0, "soil": 12.181352101729072, "surfaceWater": 6.0, "sediment": 6.0}, "plant_uptake": 0.0, "name": "Compound -1397188416962552370", "model_specific_data": {}, "metabolites": [{"formation_fraction": 0.2, "metabolite": {"molarMass": 300.0, "water_solubility": 0.037161944166053076, "vapor_pressure": 0.0007016225409100088, "reference_temperature": 20.0, "koc": 27.168993243142577, "freundlich": 1.1532916105446454, "dt50": {"system": 6.0, "soil": 15.14968586854292, "surfaceWater": 6.0, "sediment": 6.0}, "plant_uptake": 0.5, "name": "Compound 1396861897191264430", "model_specific_data": {}, "metabolites": []}}]}}