{"gap": {"type": "relative", "arguments": {"name": "GAP -296091488377847865", "modelCrop": "WC", "rate": 250.0, "apply_every_n_years": 1, "number_of_applications": 2, "interval": 14, "model_specific_data": {}, "bbch": 31, "season": 0}}, "compound": {"molarMass": 300.0, "water_solubility": 0.11598457277022786, "vapor_pressure": 4.657537394974352e-05, "reference_temperature": 20.0, "koc": 4606.227456808934, "freundlich": 0.9983768278515357, "dt50": {"system": 6.0, "soil": 266.2908580790077, "surfaceWater": 6.0, "sediment": 6.0}, "plant_uptake": 0.0, "name": "Compound -4772969079963709758", "model_specific_data": {}, "metabolites": [{"formation_fraction": 0.2, "metabolite": {"molarMass": 300.0, "water_solubility": 0.9070936720671192, "vapor_pressure": 7.717479646462383e-11, "reference_temperature": 20.0, "koc": 170.64551329815598, "freundlich": 1.0367389616794154, "dt50": {"system": 6.0, "soil": 139.59986512840823, "surfaceWater": 6.0, "sediment": 6.0}, "plant_uptake": 0.5, "name": "Compound 49763677119465455", "model_specific_data": {}, "metabolites": []}}]}}