{"gap": {"type": "relative", "arguments": {"name": "GAP -296091488377847865", "modelCrop": "WC", "rate": 250.0, "apply_every_n_years": 1, "number_of_applications": 2, "interval": 14, "model_specific_data": {}, "bbch": 31, "season": 0}}, "compound": {"molarMass": 300.0, "water_solubility": 0.004546421378331955, "vapor_pressure": 0.0009964097936895023, "reference_temperature": 20.0, "koc": 2336.4295747863507, "freundlich": 0.9040859795467742, "dt50": {"system": 6.0, "soil": 249.3941103902442, "surfaceWater": 6.0, "sediment": 6.0}, "plant_uptake": 0.0, "name": "Compound -1668391026130081176", "model_specific_data": {}, "metabolites": [{"formation_fraction": 0.2, "metabolite": {"molarMass": 300.0, "water_solubility": 0.005729247600973319, "vapor_pressure": 3.961264534718885e-06, "reference_temperature": 20.0, "koc": 42.249840418429976, "freundlich": 0.8318148212221634, "dt50": {"system": 6.0, "soil": 231.14211986465622, "surfaceWater": 6.0, "sediment": 6.0}, "plant_uptake": 0.5, "name": "Compound -3848992818923768119", "model_specific_data": {}, "metabolites": []}}]}}