{"gap": {"type": "relative", "arguments": {"name": "GAP -296091488377847865", "modelCrop": "WC", "rate": 250.0, "apply_every_n_years": 1, "number_of_applications": 2, "interval": 14, "model_specific_data": {}, "bbch": 31, "season": 0}}, "compound": {"molarMass": 300.0, "water_solubility": 0.020183666529744532, "vapor_pressure": 4.092889813673251e-05, "reference_temperature": 20.0, "koc": 185.34465835219942, "freundlich": 1.1488837076074552, "dt50": {"system": 6.0, "soil": 186.94490576783633, "surfaceWater": 6.0, "sediment": 6.0}, "plant_uptake": 0.0, "name": "Compound 738592088878810883", "model_specific_data": {}, "metabolites": [{"formation_fraction": 0.2, "metabolite": {"molarMass": 300.0, "water_solubility": 1.2618902399148143e-05, "vapor_pressure": 0.0003266082287785789, "reference_temperature": 20.0, "koc": 1148.1984904185229, "freundlich": 0.8069297793337332, "dt50": {"system": 6.0, "soil": 224.11772441040947, "surfaceWater": 6.0, "sediment": 6.0}, "plant_uptake": 0.5, "name": "Compound -6656327571467843469", "model_specific_data": {}, "metabolites": []}}]}}