{"gap": {"type": "relative", "arguments": {"name": "GAP -296091488377847865", "modelCrop": "WC", "rate": 250.0, "apply_every_n_years": 1, "number_of_applications": 2, "interval": 14, "model_specific_data": {}, "bbch": 31, "season": 0}}, "compound": {"molarMass": 300.0, "water_solubility": 0.010930983783659696, "vapor_pressure": 1.1917610305544958e-06, "reference_temperature": 20.0, "koc": 509.1584802269696, "freundlich": 1.052652948338678, "dt50": {"system": 6.0, "soil": 134.7982803760841, "surfaceWater": 6.0, "sediment": 6.0}, "plant_uptake": 0.0, "name": "Compound -7806461182919496707", "model_specific_data": {}, "metabolites": [{"formation_fraction": 0.2, "metabolite": {"molarMass": 300.0, "water_solubility": 0.7029341204620979, "vapor_pressure": 7.787490958791328e-05, "reference_temperature": 20.0, "koc": 186.20462798312752, "freundlich": 0.8466629043013777, "dt50": {"system": 6.0, "soil": 211.59977030509435, "surfaceWater": 6.0, "sediment": 6.0}, "plant_uptake": 0.5, "name": "Compound -1841226019637558218", "model_specific_data": {}, "metabolites": []}}]}}