{"gap": {"type": "relative", "arguments": {"name": "GAP -296091488377847865", "modelCrop": "WC", "rate": 250.0, "apply_every_n_years": 1, "number_of_applications": 2, "interval": 14, "model_specific_data": {}, "bbch": 31, "season": 0}}, "compound": {"molarMass": 300.0, "water_solubility": 2.1051246155677133e-05, "vapor_pressure": 0.0009851924834651147, "reference_temperature": 20.0, "koc": 780.3920854602793, "freundlich": 0.9676068579895378, "dt50": {"system": 6.0, "soil": 276.81426421572417, "surfaceWater": 6.0, "sediment": 6.0}, "plant_uptake": 0.0, "name": "Compound 1640084639275373871", "model_specific_data": {}, "metabolites": [{"formation_fraction": 0.2, "metabolite": {"molarMass": 300.0, "water_solubility": 0.0011815513651936148, "vapor_pressure": 2.5279401499824856e-06, "reference_temperature": 20.0, "koc": 402.45555180434155, "freundlich": 1.1356070972157022, "dt50": {"system": 6.0, "soil": 43.9005713579227, "surfaceWater": 6.0, "sediment": 6.0}, "plant_uptake": 0.5, "name": "Compound -7115939049834589413", "model_specific_data": {}, "metabolites": []}}]}}