{"gap": {"type": "relative", "arguments": {"name": "GAP -296091488377847865", "modelCrop": "WC", "rate": 250.0, "apply_every_n_years": 1, "number_of_applications": 2, "interval": 14, "model_specific_data": {}, "bbch": 31, "season": 0}}, "compound": {"molarMass": 300.0, "water_solubility": 0.6889498771936664, "vapor_pressure": 1.4450789699608728e-05, "reference_temperature": 20.0, "koc": 4720.529147043113, "freundlich": 1.0153880269659132, "dt50": {"system": 6.0, "soil": 216.54413381613864, "surfaceWater": 6.0, "sediment": 6.0}, "plant_uptake": 0.0, "name": "Compound -4279775430605061473", "model_specific_data": {}, "metabolites": [{"formation_fraction": 0.2, "metabolite": {"molarMass": 300.0, "water_solubility": 0.00294399605100432, "vapor_pressure": 0.0028968885425074745, "reference_temperature": 20.0, "koc": 274.4576209918546, "freundlich": 1.1368618694185217, "dt50": {"system": 6.0, "soil": 186.05274057608003, "surfaceWater": 6.0, "sediment": 6.0}, "plant_uptake": 0.5, "name": "Compound -166642696713386146", "model_specific_data": {}, "metabolites": []}}]}}